timestamp,open,high,low,close,volume
2019-06-28,0.0516,0.0938,0.0516,0.088901,43455413.09
2019-06-29,0.088901,0.090879,0.085001,0.090256,55201977.88
2019-06-30,0.090256,0.09111,0.083068,0.083113,63779032.56
2019-07-01,0.083113,0.086059,0.079773,0.083361,68085029.36
2019-07-02,0.083361,0.084038,0.076658,0.080607,68628758.79
2019-07-03,0.080607,0.083144,0.079049,0.082272,71681965.03
2019-07-04,0.082272,0.082445,0.078235,0.078236,68658853.08
2019-07-05,0.078236,0.078296,0.07568,0.076221,69524297.46
2019-07-06,0.076221,0.08064,0.075953,0.077461,64378856.78
2019-07-07,0.077461,0.080035,0.076653,0.079653,55829286.48
2019-07-08,0.079653,0.081793,0.078569,0.080138,63059117.4
2019-07-09,0.080138,0.080361,0.077193,0.078114,67130295.11
2019-07-10,0.078114,0.078324,0.069717,0.071718,68328724.98
2019-07-11,0.071718,0.071803,0.062403,0.065031,71667827.39
2019-07-12,0.065031,0.070603,0.063316,0.069531,71104717.58
2019-07-13,0.069534,0.069844,0.06442,0.066331,72762641.62
2019-07-14,0.0664,0.06709,0.058769,0.05912,71694052.38
2019-07-15,0.059118,0.060105,0.05467,0.059011,74795727.4
2019-07-16,0.059008,0.060918,0.05047,0.051785,75108321.37
2019-07-17,0.051739,0.057773,0.050001,0.055054,80321864.75
2019-07-18,0.055057,0.05963,0.05285,0.058406,78104929.24
2019-07-19,0.058401,0.06,0.05586,0.05957,73436778.8
2019-07-20,0.059499,0.065004,0.059214,0.06271,71726099.61
2019-07-21,0.062706,0.063898,0.059327,0.061209,72182817.58
2019-07-22,0.061204,0.062103,0.058044,0.059415,71101652.74
2019-07-23,0.059408,0.059503,0.055202,0.055756,79436950.12
2019-07-24,0.055753,0.059031,0.05386,0.05888,78861562.9
2019-07-25,0.058715,0.060639,0.057999,0.058565,79488456.69
2019-07-26,0.058554,0.062782,0.056817,0.062569,79147512.0
2019-07-27,0.062568,0.06351,0.057102,0.059818,78404622.98
2019-07-28,0.059845,0.060072,0.05671,0.059314,79353870.88
2019-07-29,0.05935,0.062412,0.058052,0.060274,78957897.72
2019-07-30,0.060464,0.061399,0.058725,0.059732,80354725.43
2019-07-31,0.059727,0.061032,0.059091,0.060072,80646714.68
2019-08-01,0.060072,0.060319,0.057775,0.058599,73009161.17
2019-08-02,0.058599,0.058822,0.056098,0.057444,79281971.9
2019-08-03,0.057444,0.058285,0.056904,0.057683,61857181.95
2019-08-04,0.057683,0.058251,0.056001,0.056169,41481091.2
2019-08-05,0.056169,0.058178,0.056112,0.057097,37767473.89
2019-08-06,0.057097,0.057099,0.052993,0.053593,43576689.46
2019-08-07,0.053593,0.054256,0.051471,0.051909,40263374.43
2019-08-08,0.051909,0.053211,0.050383,0.052121,40861449.99
2019-08-09,0.052121,0.052293,0.047347,0.047695,39543253.8
2019-08-10,0.047695,0.053392,0.047611,0.051922,40679428.3
2019-08-11,0.051922,0.055866,0.051669,0.0549,40635030.55
2019-08-12,0.0549,0.0549,0.052544,0.053071,40549018.56
2019-08-13,0.053071,0.053237,0.049912,0.052727,40435568.61
2019-08-14,0.052727,0.05376,0.046986,0.047086,40615095.28
2019-08-15,0.047086,0.048123,0.044636,0.047358,40532983.06
2019-08-16,0.047358,0.047548,0.044514,0.04661,40557935.1
2019-08-17,0.04661,0.048041,0.046194,0.047324,40434575.73
2019-08-18,0.047324,0.051208,0.046923,0.050612,40451879.61
2019-08-19,0.050612,0.050793,0.049418,0.050069,40552636.54
2019-08-20,0.050069,0.050278,0.048814,0.049209,40500365.37
2019-08-21,0.049209,0.049211,0.045973,0.047306,52847206.98
2019-08-22,0.047306,0.051201,0.046678,0.049238,42303761.72
2019-08-23,0.049238,0.050305,0.048783,0.049697,43301543.53
2019-08-24,0.049697,0.051418,0.048093,0.050165,51101719.32
2019-08-25,0.050165,0.052653,0.048402,0.049433,38952354.97
2019-08-26,0.049433,0.050801,0.048706,0.049653,38185200.45
2019-08-27,0.049653,0.049991,0.048128,0.049898,18267715.54
2019-08-28,0.049898,0.05039,0.045319,0.045822,24689918.13
2019-08-29,0.045822,0.045836,0.043171,0.04447,31818434.29
2019-08-30,0.04447,0.045765,0.044003,0.044735,21037866.11
2019-08-31,0.044735,0.045466,0.043683,0.044762,22588601.48
2019-09-01,0.044762,0.045148,0.043498,0.044291,23329628.24
2019-09-02,0.044291,0.046211,0.043283,0.045302,31599051.87
2019-09-03,0.045302,0.047408,0.044544,0.046652,33836411.4
2019-09-04,0.046652,0.046662,0.045024,0.04538,25253829.03
2019-09-05,0.04538,0.04541,0.043769,0.044383,19908556.52
2019-09-06,0.044383,0.044678,0.043525,0.04426,35669686.55
2019-09-07,0.04426,0.046498,0.04363,0.046008,27383964.27
2019-09-08,0.046008,0.0475,0.045966,0.046567,31012242.75
2019-09-09,0.046567,0.047197,0.045294,0.046803,29451150.84
2019-09-10,0.046803,0.048117,0.045637,0.046458,20200145.55
2019-09-11,0.046458,0.046881,0.044402,0.044906,23429563.57
2019-09-12,0.044906,0.046236,0.044253,0.045387,29697832.87
2019-09-13,0.045387,0.045885,0.044865,0.045675,21173765.28
2019-09-14,0.045675,0.04706,0.044765,0.04642,24104650.04
2019-09-15,0.04642,0.047066,0.046089,0.046646,26590630.26
2019-09-16,0.046646,0.047504,0.04567,0.047058,21905919.64
2019-09-17,0.047058,0.050729,0.046908,0.048812,27356091.85
2019-09-18,0.048812,0.055558,0.048801,0.053085,45929764.94
2019-09-19,0.053085,0.054482,0.049503,0.052323,51124532.44
2019-09-20,0.052323,0.052546,0.050237,0.052546,34058238.83
2019-09-21,0.052546,0.053301,0.0512,0.051796,27091718.05
2019-09-22,0.051796,0.051878,0.047662,0.048868,30211663.85
2019-09-23,0.048868,0.049375,0.046032,0.046109,28535247.3
2019-09-24,0.046109,0.046535,0.031757,0.037253,33032344.17
2019-09-25,0.037253,0.040219,0.035922,0.03915,66025303.6
2019-09-26,0.03915,0.040056,0.035054,0.038129,39063306.7
2019-09-27,0.038129,0.039731,0.036967,0.039137,40012467.83
2019-09-28,0.039137,0.039538,0.037931,0.038632,32709870.82
2019-09-29,0.038632,0.038739,0.036159,0.037214,25774258.09
2019-09-30,0.037214,0.039229,0.036028,0.038841,37446177.93
2019-10-01,0.038841,0.039937,0.038096,0.038245,29856844.51
2019-10-02,0.038245,0.039374,0.037634,0.039237,25278852.19
2019-10-03,0.039237,0.039559,0.037533,0.038158,26691389.41
2019-10-04,0.038158,0.040159,0.037461,0.039333,28725141.16
2019-10-05,0.039333,0.039716,0.038699,0.039599,26631929.86
2019-10-06,0.039599,0.039953,0.038109,0.038831,24791699.62
2019-10-07,0.038831,0.041804,0.03813,0.04137,29940088.32
2019-10-08,0.04137,0.042117,0.040316,0.041243,32901687.81
2019-10-09,0.041243,0.043417,0.040766,0.042469,33375381.26
2019-10-10,0.042469,0.042537,0.040643,0.041565,37385095.31
2019-10-11,0.041565,0.042175,0.040053,0.04012,33508901.09
2019-10-12,0.04012,0.040858,0.040064,0.040366,24454391.78
2019-10-13,0.040366,0.041619,0.040328,0.041228,23240119.09
2019-10-14,0.041228,0.041918,0.040822,0.041634,25971694.6
2019-10-15,0.041634,0.041835,0.039063,0.039599,28324634.65
2019-10-16,0.039599,0.039815,0.037553,0.0384,37847875.18
2019-10-17,0.0384,0.039434,0.037836,0.039318,33618053.5
2019-10-18,0.039318,0.039451,0.037372,0.037943,34906318.6
2019-10-19,0.037943,0.039587,0.037565,0.038986,29939787.77
2019-10-20,0.038986,0.039475,0.038178,0.039448,31067149.42
2019-10-21,0.039448,0.03945,0.038436,0.039086,28187553.25
2019-10-22,0.039086,0.039979,0.038521,0.038601,36026176.25
2019-10-23,0.038601,0.038787,0.035235,0.036356,44599820.14
2019-10-24,0.036356,0.037868,0.035862,0.037309,40536508.22
2019-10-25,0.037309,0.041964,0.037226,0.041175,51704219.32
2019-10-26,0.041175,0.043194,0.039246,0.040502,71619920.6
2019-10-27,0.040502,0.045,0.03944,0.042221,46097241.62
2019-10-28,0.042221,0.044781,0.041867,0.042188,48453411.45
2019-10-29,0.042188,0.043947,0.042005,0.043355,42410973.33
2019-10-30,0.043355,0.044433,0.041134,0.041672,39238624.0
2019-10-31,0.041672,0.042276,0.040103,0.041228,37312484.27
2019-11-01,0.041228,0.04253,0.040869,0.042069,34277778.4
2019-11-02,0.042069,0.042519,0.041685,0.042321,27737019.75
2019-11-03,0.042321,0.042502,0.04129,0.041705,30096808.13
2019-11-04,0.041705,0.043353,0.041346,0.043145,34398408.6
2019-11-05,0.043145,0.044781,0.043,0.044156,36208578.91
2019-11-06,0.044156,0.04596,0.043618,0.04482,33510991.58
2019-11-07,0.04482,0.04488,0.042486,0.043419,32265784.2
2019-11-08,0.043419,0.043796,0.041157,0.04217,31876672.82
2019-11-09,0.04217,0.042743,0.042002,0.042401,24766697.6
2019-11-10,0.042401,0.044092,0.042267,0.04384,28670759.06
2019-11-11,0.04384,0.043978,0.04233,0.043153,25559253.87
2019-11-12,0.043153,0.044497,0.043003,0.043673,30754888.25
2019-11-13,0.043673,0.043851,0.043151,0.043274,22639768.53
2019-11-14,0.043274,0.043384,0.041995,0.042727,26164567.56
2019-11-15,0.042727,0.044364,0.041697,0.043852,33493326.1
2019-11-16,0.043852,0.04441,0.043172,0.043889,31278573.97
2019-11-17,0.043889,0.045826,0.043095,0.044946,32379763.36
2019-11-18,0.044946,0.046107,0.042912,0.043163,37285873.04
2019-11-19,0.043163,0.043422,0.041051,0.042067,37949489.88
2019-11-20,0.042067,0.04237,0.040283,0.040871,34027615.0
2019-11-21,0.040871,0.041067,0.037233,0.038352,39113344.42
2019-11-22,0.038352,0.038659,0.034141,0.037028,61543028.87
2019-11-23,0.037028,0.038288,0.036445,0.037877,35686903.27
2019-11-24,0.037877,0.038597,0.03488,0.035016,41852881.78
2019-11-25,0.035016,0.037307,0.032897,0.035868,51436030.6
2019-11-26,0.035868,0.03711,0.035379,0.036693,34456623.58
2019-11-27,0.036693,0.039801,0.035152,0.039018,42387862.47
2019-11-28,0.039018,0.039776,0.038302,0.039003,35129282.38
2019-11-29,0.039003,0.041921,0.039003,0.041264,42106414.1
2019-11-30,0.041264,0.042055,0.039768,0.040353,37334294.01
2019-12-01,0.040353,0.040353,0.03819,0.039547,39775737.76
2019-12-02,0.039547,0.039569,0.037424,0.037948,31773180.31
2019-12-03,0.037948,0.038761,0.037339,0.037726,29282302.0
2019-12-04,0.037726,0.03857,0.036213,0.037091,44314882.04
2019-12-05,0.037091,0.03811,0.036736,0.037583,33848171.32
2019-12-06,0.037583,0.03827,0.03709,0.038211,30842596.32
2019-12-07,0.038211,0.039073,0.037932,0.038399,33630651.86
2019-12-08,0.038399,0.038844,0.037923,0.038723,29125715.0
2019-12-09,0.038723,0.038761,0.036917,0.037263,31927557.5
2019-12-10,0.037263,0.037393,0.036021,0.036352,32284850.77
2019-12-11,0.036352,0.037142,0.036094,0.036626,30320767.42
2019-12-12,0.036626,0.036885,0.03593,0.036499,33609773.17
2019-12-13,0.036499,0.037353,0.036402,0.037177,29703590.08
2019-12-14,0.037177,0.037299,0.035746,0.036231,30257313.39
2019-12-15,0.036231,0.036634,0.035793,0.036476,27543486.78
2019-12-16,0.036476,0.036522,0.033221,0.034129,36608051.43
2019-12-17,0.034129,0.034132,0.031169,0.031663,44980366.55
2019-12-18,0.031663,0.034621,0.030361,0.034329,54280992.69
2019-12-19,0.034329,0.034686,0.03283,0.033039,43334659.81
2019-12-20,0.033039,0.033885,0.032581,0.033884,35298383.44
2019-12-21,0.033884,0.033903,0.032817,0.033038,30547002.13
2019-12-22,0.033038,0.034458,0.032995,0.034341,37141460.71
2019-12-23,0.034341,0.034563,0.032905,0.033103,37189953.52
2019-12-24,0.033103,0.034512,0.032811,0.033856,40955483.61
2019-12-25,0.033856,0.034011,0.032886,0.033362,31801725.35
2019-12-26,0.033362,0.034901,0.033294,0.03414,34521942.74
2019-12-27,0.03414,0.034343,0.031649,0.032892,34308914.92
2019-12-28,0.032892,0.03418,0.032827,0.033632,36968883.09
2019-12-29,0.033632,0.034615,0.033345,0.034123,32103544.01
2019-12-30,0.034123,0.034372,0.033154,0.033393,32185754.93
2019-12-31,0.033393,0.033821,0.032786,0.032848,32431980.06
2020-01-01,0.032848,0.033759,0.032724,0.033501,29629078.54
2020-01-02,0.033501,0.033501,0.032222,0.032676,31326939.4
2020-01-03,0.032676,0.034415,0.032342,0.034145,39532541.92
2020-01-04,0.034145,0.034456,0.033744,0.034362,28903430.61
2020-01-05,0.034362,0.035271,0.034193,0.034619,29027802.08
2020-01-06,0.034619,0.037338,0.034362,0.037307,32185593.98
2020-01-07,0.037307,0.037973,0.036375,0.037007,37634307.24
2020-01-08,0.037007,0.038662,0.035798,0.036302,46686573.35
2020-01-09,0.036302,0.03634,0.035486,0.036179,32919395.54
2020-01-10,0.036179,0.037077,0.034692,0.036917,37611073.29
2020-01-11,0.036917,0.037774,0.036398,0.036767,37426333.9
2020-01-12,0.036767,0.03787,0.036538,0.03787,34732468.23
2020-01-13,0.03787,0.037871,0.036709,0.036828,32656671.88
2020-01-14,0.036828,0.042737,0.036808,0.04169,47094205.48
2020-01-15,0.04169,0.043197,0.040026,0.042718,51473659.41
2020-01-16,0.042718,0.043258,0.040086,0.041622,41683373.34
2020-01-17,0.041622,0.045884,0.041134,0.044953,46685931.42
2020-01-18,0.044953,0.045793,0.043167,0.044893,42845104.46
2020-01-19,0.044893,0.045982,0.041268,0.042007,41502596.82
2020-01-20,0.042007,0.044341,0.041961,0.043862,37132778.97
2020-01-21,0.043862,0.04677,0.043477,0.046055,43963102.35
2020-01-22,0.046055,0.04652,0.045273,0.045773,36776327.98
2020-01-23,0.045773,0.045862,0.042129,0.043162,39402062.15
2020-01-24,0.043162,0.045336,0.041375,0.044962,39081293.35
2020-01-25,0.044962,0.045211,0.042937,0.043141,33740769.17
2020-01-26,0.043141,0.044708,0.042878,0.044708,33482184.62
2020-01-27,0.044708,0.048983,0.044065,0.047876,38363233.64
2020-01-28,0.047876,0.0546,0.047452,0.052933,49572659.47
2020-01-29,0.052933,0.05765,0.052566,0.053351,52033658.36
2020-01-30,0.053351,0.057227,0.052244,0.05622,43085446.26
2020-01-31,0.05622,0.056762,0.052089,0.053884,42219809.72
2020-02-01,0.053884,0.057181,0.053083,0.056107,41524774.26
2020-02-02,0.056107,0.058629,0.054937,0.055657,44852523.21
2020-02-03,0.055657,0.057761,0.055369,0.057026,36168650.07
2020-02-04,0.057026,0.057849,0.053946,0.055942,43011711.52
2020-02-05,0.055942,0.060086,0.055567,0.059307,43089564.14
2020-02-06,0.059307,0.060803,0.05811,0.060043,37127984.55
2020-02-07,0.060043,0.062669,0.059533,0.059884,38423415.62
2020-02-08,0.059884,0.06133,0.057154,0.060091,34977688.37
2020-02-09,0.060091,0.062309,0.060037,0.061887,34884924.01
2020-02-10,0.061887,0.062045,0.058463,0.060278,34367069.15
2020-02-11,0.060278,0.063429,0.058913,0.063407,32910588.23
2020-02-12,0.063407,0.07045,0.063407,0.068146,47282763.09
2020-02-13,0.068146,0.07226,0.065511,0.068814,56531205.89
2020-02-14,0.068814,0.071209,0.06739,0.070744,38717651.8
2020-02-15,0.070744,0.071302,0.062316,0.064184,40339078.4
2020-02-16,0.064184,0.067143,0.056792,0.062065,51552424.33
2020-02-17,0.062065,0.062604,0.055702,0.060152,46332944.4
2020-02-18,0.060152,0.063546,0.057865,0.06271,40310015.25
2020-02-19,0.06271,0.0629,0.057073,0.057415,31971875.98
2020-02-20,0.057415,0.058853,0.055187,0.058141,39687144.7
2020-02-21,0.058141,0.059957,0.057377,0.058585,33554972.48
2020-02-22,0.058585,0.059063,0.056995,0.058209,47221194.96
2020-02-23,0.058209,0.061895,0.058085,0.061658,55964956.55
2020-02-24,0.061658,0.061768,0.057379,0.059049,61612476.64
2020-02-25,0.059049,0.059157,0.056003,0.056202,60819440.58
2020-02-26,0.056202,0.056648,0.046496,0.049138,106370962.73
2020-02-27,0.049138,0.052168,0.04633,0.049748,90994186.61
2020-02-28,0.049748,0.051291,0.04656,0.048891,80864541.92
2020-02-29,0.048891,0.04995,0.047044,0.047096,63737006.63
2020-03-01,0.047096,0.048291,0.045086,0.045698,48693229.97
2020-03-02,0.045698,0.049755,0.045443,0.049217,66166017.92
2020-03-03,0.049217,0.049333,0.047436,0.048633,68424383.86
2020-03-04,0.048633,0.050281,0.047871,0.049016,60258482.05
2020-03-05,0.049016,0.052337,0.049014,0.050991,58685964.69
2020-03-06,0.050991,0.051697,0.049877,0.051692,53389006.61
2020-03-07,0.051692,0.051832,0.048163,0.048793,48736034.32
2020-03-08,0.048793,0.048793,0.042285,0.042762,83455266.28
2020-03-09,0.042762,0.043849,0.039007,0.041539,118711453.89
2020-03-10,0.041539,0.042946,0.040333,0.041413,83361030.08
2020-03-11,0.041413,0.041798,0.037258,0.039713,66552201.84
2020-03-12,0.039713,0.039836,0.02231,0.023038,193768607.03
2020-03-13,0.023038,0.029221,0.017893,0.028371,282457343.05
2020-03-14,0.028371,0.028801,0.025321,0.025763,85368251.73
2020-03-15,0.025763,0.028886,0.025484,0.026981,92500776.98
2020-03-16,0.026981,0.026986,0.021634,0.024161,164411099.12
2020-03-17,0.024161,0.026402,0.023922,0.025793,102894032.67
2020-03-18,0.025793,0.02648,0.024316,0.026055,119550338.62
2020-03-19,0.026055,0.031871,0.025798,0.030289,144022504.08
2020-03-20,0.030289,0.033913,0.026804,0.029425,230442842.38
2020-03-21,0.029425,0.030596,0.027899,0.029457,158122467.62
2020-03-22,0.029457,0.030371,0.026859,0.027054,125279938.85
2020-03-23,0.027054,0.029809,0.026603,0.029272,179109830.03
2020-03-24,0.029272,0.03036,0.028764,0.030217,166460618.54
2020-03-25,0.030217,0.03037,0.028816,0.029436,162860095.98
2020-03-26,0.029436,0.030914,0.029222,0.030844,106822453.49
2020-03-27,0.030844,0.031402,0.028466,0.02882,109340268.29
2020-03-28,0.02882,0.029966,0.027851,0.029768,126312606.49
2020-03-29,0.029768,0.029931,0.028064,0.028077,105219025.41
2020-03-30,0.028077,0.030355,0.028005,0.029657,107169577.68
2020-03-31,0.029657,0.030659,0.029517,0.03044,107309695.51
2020-04-01,0.03044,0.030932,0.029424,0.030932,128988180.98
2020-04-02,0.030932,0.033452,0.03075,0.031917,128897343.94
2020-04-03,0.031917,0.032715,0.031612,0.032296,86573822.31
2020-04-04,0.032296,0.032703,0.031721,0.032474,91180686.85
2020-04-05,0.032474,0.032544,0.031617,0.031888,61898327.39
2020-04-06,0.031888,0.036069,0.031884,0.035914,139874021.55
2020-04-07,0.035914,0.036929,0.034554,0.035223,154750022.52
2020-04-08,0.035223,0.03678,0.035223,0.036388,102084460.77
2020-04-09,0.036388,0.036584,0.035255,0.036077,70765067.12
2020-04-10,0.036077,0.036193,0.03218,0.033213,98356602.05
2020-04-11,0.033213,0.034081,0.032628,0.03344,94786275.59
2020-04-12,0.03344,0.034865,0.032926,0.033404,101544581.64
2020-04-13,0.033404,0.033478,0.031903,0.03311,115495964.94
2020-04-14,0.03311,0.033748,0.032667,0.033128,89049995.24
2020-04-15,0.033128,0.033687,0.031798,0.031841,88228261.06
2020-04-16,0.031841,0.034935,0.030915,0.034413,124935668.09
2020-04-17,0.034413,0.034884,0.034039,0.034321,75905079.51
2020-04-18,0.034321,0.036968,0.034321,0.036514,99093555.43
2020-04-19,0.036514,0.036712,0.03509,0.035481,104008723.97
2020-04-20,0.035481,0.03657,0.033839,0.033945,110680460.76
2020-04-21,0.033945,0.034982,0.033747,0.034536,107568885.9
2020-04-22,0.034536,0.036666,0.034347,0.036607,77981974.54
2020-04-23,0.036607,0.042516,0.036387,0.040856,114028155.84
2020-04-24,0.040856,0.043885,0.040842,0.041632,87982750.98
2020-04-25,0.041632,0.043555,0.041046,0.042235,77888833.76
2020-04-26,0.042235,0.046075,0.041866,0.045911,79673702.64
2020-04-27,0.045911,0.047603,0.044172,0.046516,89720522.49
2020-04-28,0.046516,0.047989,0.045464,0.046874,74871481.16
2020-04-29,0.046874,0.051903,0.046759,0.051445,82581108.42
2020-04-30,0.051445,0.054329,0.047144,0.047559,110301006.57
2020-05-01,0.047559,0.051724,0.047431,0.050932,74954970.76
2020-05-02,0.050932,0.051432,0.049473,0.050929,66490606.7
2020-05-03,0.050929,0.051645,0.047732,0.048977,73542934.59
2020-05-04,0.048977,0.050076,0.046092,0.049455,88840647.95
2020-05-05,0.049455,0.050484,0.048674,0.049467,74109869.93
2020-05-06,0.049467,0.05093,0.048662,0.04887,66554562.52
2020-05-07,0.04887,0.051395,0.048253,0.051188,72851368.0
2020-05-08,0.051188,0.053649,0.050862,0.052026,79654742.61
2020-05-09,0.052026,0.052966,0.051244,0.051503,71977639.45
2020-05-10,0.051503,0.051505,0.042194,0.047659,85198916.92
2020-05-11,0.047659,0.049724,0.044942,0.047616,83005383.1
2020-05-12,0.047616,0.050942,0.047355,0.050321,60499685.62
2020-05-13,0.050321,0.052122,0.049582,0.051517,56584581.7
2020-05-14,0.051517,0.051879,0.050311,0.05092,45931152.22
2020-05-15,0.05092,0.051821,0.049759,0.05016,29114190.33
2020-05-16,0.05016,0.051259,0.050001,0.050911,26192483.42
2020-05-17,0.050911,0.052191,0.050904,0.051293,24296436.56
2020-05-18,0.051293,0.054947,0.051192,0.05431,25899903.44
2020-05-19,0.05431,0.057005,0.052563,0.056724,7955741.56
2020-05-20,0.056724,0.057526,0.053981,0.056921,8888276.24
2020-05-21,0.056921,0.057512,0.050238,0.052021,10555265.79
2020-05-22,0.052021,0.056873,0.051289,0.055672,16191322.16
2020-05-23,0.055672,0.056349,0.054132,0.054912,17028683.15
2020-05-24,0.054912,0.056077,0.051315,0.051322,17158155.75
2020-05-25,0.051322,0.054269,0.051066,0.053821,16715838.31
2020-05-26,0.053821,0.054067,0.051844,0.053513,15121182.92
2020-05-27,0.053513,0.055843,0.053017,0.05506,15021416.96
2020-05-28,0.05506,0.067478,0.054794,0.064878,18352608.96
2020-05-29,0.064878,0.06651,0.062001,0.064567,19109092.9
2020-05-30,0.064567,0.077427,0.06375,0.076819,22684777.63
2020-05-31,0.076819,0.086348,0.072172,0.073879,29668690.52
2020-06-01,0.073879,0.082825,0.073625,0.080905,25308882.43
2020-06-02,0.080905,0.082428,0.072011,0.078747,20340738.59
2020-06-03,0.078747,0.085746,0.077196,0.085541,20462462.96
2020-06-04,0.085541,0.090265,0.083547,0.088764,20794015.72
2020-06-05,0.088764,0.089082,0.083869,0.085213,17867088.58
2020-06-06,0.085213,0.087256,0.084808,0.086179,12704385.22
2020-06-07,0.086179,0.088578,0.081887,0.08653,16646045.42
2020-06-08,0.08653,0.086882,0.084604,0.086438,12715105.31
2020-06-09,0.086438,0.08663,0.082868,0.082873,12696792.89
2020-06-10,0.082873,0.083858,0.079415,0.083557,17281670.48
2020-06-11,0.083557,0.084999,0.07427,0.075243,18961802.9
2020-06-12,0.075243,0.080882,0.07496,0.079466,18924357.72
2020-06-13,0.079466,0.079558,0.077216,0.07908,14464502.16
2020-06-14,0.07908,0.079103,0.076459,0.076639,11347162.43
2020-06-15,0.076639,0.079735,0.069405,0.078261,22686509.78
2020-06-16,0.078261,0.079592,0.076749,0.07921,16170459.74
2020-06-17,0.07921,0.083729,0.077435,0.08353,18749644.18
2020-06-18,0.08353,0.084457,0.079753,0.0819,14939435.62
2020-06-19,0.0819,0.081915,0.078491,0.079975,15572009.585311892
2020-06-20,0.079975,0.080175,0.077078,0.079479,10951452.653110702
2020-06-21,0.079479,0.080917,0.078134,0.078392,10015244.019957304
2020-06-22,0.078392,0.083916,0.078218,0.083573,11638837.01138595
2020-06-23,0.083573,0.084416,0.081549,0.082771,11211403.593547516
2020-06-24,0.082771,0.087173,0.080033,0.082514,16891997.369055457
2020-06-25,0.082514,0.083496,0.078739,0.081633,13405817.13
2020-06-26,0.081633,0.081803,0.079356,0.080618,12164988.77
2020-06-27,0.080618,0.080975,0.074663,0.077396,12052694.08
2020-06-28,0.077396,0.081079,0.076176,0.080353,12421959.12
2020-06-29,0.080353,0.084372,0.080219,0.083867,13781273.26
2020-06-30,0.083867,0.084663,0.081875,0.082974,10933382.08
2020-07-01,0.082974,0.096878,0.082398,0.096677,15401865.31
2020-07-02,0.096677,0.096746,0.087653,0.092887,23493785.23
2020-07-03,0.092887,0.101829,0.09246,0.096565,20834395.49
2020-07-04,0.096565,0.101145,0.095935,0.099999,16783764.38
2020-07-05,0.099999,0.100051,0.094203,0.098344,11561790.33
2020-07-06,0.098344,0.106525,0.097244,0.105051,15845381.04
2020-07-07,0.105051,0.118938,0.102904,0.117665,23711133.0
2020-07-08,0.117665,0.137689,0.114887,0.129901,37296087.4
2020-07-09,0.129901,0.129902,0.116,0.124047,24456947.23
2020-07-10,0.124047,0.124121,0.110008,0.118314,16369414.32
2020-07-11,0.118314,0.126889,0.1179,0.125156,13687461.66
2020-07-12,0.125156,0.128282,0.120665,0.126575,12024436.72
2020-07-13,0.126575,0.135853,0.122901,0.124652,20842108.75
2020-07-14,0.124652,0.13447,0.121203,0.13229,6987983.29
2020-07-15,0.13229,0.132655,0.12742,0.130547,2887366.57
2020-07-16,0.130547,0.133209,0.118883,0.126006,3996248.37
2020-07-17,0.126006,0.126671,0.121711,0.122204,4718872.76
2020-07-18,0.122204,0.124624,0.118276,0.122628,3558849.08
2020-07-19,0.122628,0.124615,0.12114,0.123907,2786079.86
2020-07-20,0.123907,0.124145,0.116535,0.117807,3274238.18
2020-07-21,0.117807,0.124471,0.116891,0.123253,3509832.81
2020-07-22,0.123253,0.124343,0.120498,0.123803,3136040.25
2020-07-23,0.123803,0.12597,0.123526,0.124165,2650719.78
2020-07-24,0.124165,0.124265,0.120658,0.121941,3275492.12
2020-07-25,0.121941,0.145453,0.121941,0.143419,5133292.87
2020-07-26,0.143419,0.15402,0.1411,0.148203,6658770.71
2020-07-27,0.148203,0.149494,0.13,0.138321,7849029.31
2020-07-28,0.138321,0.15008,0.134397,0.148337,6233919.86
2020-07-29,0.148337,0.149298,0.138488,0.139803,4949537.91
2020-07-30,0.139803,0.142485,0.137077,0.140454,3433939.31
2020-07-31,0.140454,0.141081,0.135986,0.13883,2859882.58
2020-08-01,0.13883,0.146068,0.138192,0.143512,3657407.05
2020-08-02,0.143512,0.147633,0.1251,0.1337,6030685.05
2020-08-03,0.1337,0.138564,0.131987,0.137164,3286669.08
2020-08-04,0.137164,0.147977,0.135912,0.143066,3979639.23
2020-08-05,0.143066,0.145044,0.1405,0.142048,3396596.42
2020-08-06,0.142048,0.145313,0.139812,0.144292,3815809.19
2020-08-07,0.144292,0.147422,0.13348,0.138667,3914247.42
2020-08-08,0.138667,0.147438,0.137051,0.146744,3502803.27
2020-08-09,0.146744,0.152095,0.141875,0.145029,4146732.22
2020-08-10,0.145029,0.146486,0.141711,0.143639,3246319.39
2020-08-11,0.143639,0.144145,0.131498,0.136766,4571999.67
2020-08-12,0.136766,0.137539,0.122819,0.136582,4959281.69
2020-08-13,0.136582,0.141688,0.131922,0.139321,4966879.11
2020-08-14,0.139321,0.141047,0.137244,0.138318,2262061.75
2020-08-15,0.138318,0.141614,0.136034,0.138334,1423041.83
2020-08-16,0.138334,0.139552,0.135107,0.138721,1164494.93
2020-08-17,0.138721,0.144772,0.137369,0.140494,1705094.44
2020-08-18,0.140494,0.143923,0.133993,0.136925,1467346.4
2020-08-19,0.136925,0.137453,0.126177,0.129647,2538313.59
2020-08-20,0.129647,0.134454,0.126092,0.133985,1606622.03
2020-08-21,0.133985,0.134234,0.121475,0.122925,2129362.91
2020-08-22,0.122925,0.126146,0.118202,0.125098,1693342.26
2020-08-23,0.125098,0.125801,0.119424,0.121319,846340.73
2020-08-24,0.121319,0.126989,0.120011,0.123632,2722629.37
2020-08-25,0.123632,0.123944,0.105431,0.112348,6219623.38
2020-08-26,0.112348,0.118104,0.110219,0.11425,4894074.84
2020-08-27,0.11425,0.115641,0.102148,0.107155,4469366.82
2020-08-28,0.107155,0.111364,0.106028,0.109263,4096310.16
2020-08-29,0.109263,0.117812,0.10807,0.116279,4190009.37
2020-08-30,0.116279,0.118688,0.113697,0.117402,4997704.9
2020-08-31,0.117402,0.126544,0.112911,0.122451,5899670.75
2020-09-01,0.122451,0.127967,0.118944,0.124413,6454277.54
2020-09-02,0.124413,0.1264,0.110939,0.114896,5187314.21
2020-09-03,0.114896,0.116758,0.092529,0.094899,5765496.41
2020-09-04,0.094899,0.103924,0.092761,0.101589,6745932.51
2020-09-05,0.101589,0.103853,0.086337,0.089914,5999517.64
2020-09-06,0.089914,0.095576,0.085567,0.092571,5534684.1
2020-09-07,0.092571,0.094131,0.086116,0.093585,5264848.35
2020-09-08,0.093585,0.096856,0.088431,0.091033,5136102.57
2020-09-09,0.091033,0.09576,0.089204,0.093268,3661943.51
2020-09-10,0.093268,0.099435,0.093167,0.097051,3671616.22
2020-09-11,0.097051,0.097526,0.093072,0.096931,5807117.51
2020-09-12,0.096931,0.098378,0.094437,0.097651,4461754.8
2020-09-13,0.097651,0.099689,0.092525,0.094952,7518876.91
2020-09-14,0.094952,0.097778,0.092962,0.096608,5694572.27
2020-09-15,0.096608,0.097967,0.084706,0.093097,5145344.01
2020-09-16,0.093097,0.09326,0.089593,0.091418,4307149.72
2020-09-17,0.091418,0.094567,0.090825,0.094078,2827643.43
2020-09-18,0.094078,0.094078,0.089679,0.091027,2520350.18
2020-09-19,0.091027,0.093165,0.090417,0.091471,2152207.69
2020-09-20,0.091471,0.09217,0.087607,0.089262,2443512.47
2020-09-21,0.089262,0.09011,0.077119,0.079701,9025166.84
2020-09-22,0.079701,0.083307,0.079216,0.081498,7124339.93
2020-09-23,0.081498,0.082786,0.075542,0.076567,8280679.23
2020-09-24,0.076567,0.083672,0.075601,0.082555,8959718.16
2020-09-25,0.082555,0.098549,0.0823,0.096895,11213909.62
2020-09-26,0.096895,0.099777,0.092356,0.095426,8867025.05
2020-09-27,0.095426,0.102635,0.094214,0.101251,9813527.32
2020-09-28,0.101251,0.106552,0.099742,0.100342,10043343.5
2020-09-29,0.100342,0.103477,0.09739,0.10114,8499506.73
2020-09-30,0.10114,0.101636,0.096709,0.10136,6605266.42
2020-10-01,0.10136,0.104532,0.095103,0.098006,5086639.9
2020-10-02,0.098006,0.100227,0.089903,0.092804,6252135.07
2020-10-03,0.092804,0.095237,0.09212,0.093323,3982349.64
2020-10-04,0.093323,0.098003,0.092111,0.096783,4293778.43
2020-10-05,0.096783,0.099403,0.095888,0.097411,4270706.28
2020-10-06,0.097411,0.098567,0.091466,0.092859,5346472.94
2020-10-07,0.092859,0.094432,0.089382,0.093745,4829077.94
2020-10-08,0.093745,0.097218,0.089895,0.09623,4982704.15
2020-10-09,0.09623,0.102574,0.094905,0.101362,4540583.98
2020-10-10,0.101362,0.111157,0.101362,0.104876,5799626.18
2020-10-11,0.104876,0.108926,0.104217,0.106496,5350091.08
2020-10-12,0.106496,0.113272,0.102215,0.10948,5228339.92
2020-10-13,0.10948,0.114167,0.107691,0.109296,6191119.24
2020-10-14,0.109296,0.112321,0.105193,0.107034,7155398.84
2020-10-15,0.107034,0.107653,0.104576,0.106629,5331453.12
2020-10-16,0.106629,0.10729,0.102346,0.104116,5627608.58
2020-10-17,0.104116,0.10723,0.103149,0.105911,4169536.32
2020-10-18,0.105911,0.107574,0.105058,0.107314,3163244.73
2020-10-19,0.107314,0.111008,0.106038,0.108604,4490243.6
2020-10-20,0.108604,0.108763,0.100722,0.102239,5410065.04
2020-10-21,0.102239,0.108481,0.10139,0.105952,6592578.77
2020-10-22,0.105952,0.112679,0.105181,0.110782,5377278.84
2020-10-23,0.110782,0.112146,0.10518,0.108029,5781170.9
2020-10-24,0.108029,0.109801,0.107315,0.107937,4344261.64
2020-10-25,0.107937,0.108717,0.1049,0.106352,4231810.61
2020-10-26,0.106352,0.107501,0.099031,0.103006,5897258.66
2020-10-27,0.103006,0.105603,0.101776,0.102499,5810969.96
2020-10-28,0.102499,0.103218,0.095292,0.098732,10149721.11
2020-10-29,0.098732,0.10069,0.094828,0.09536,7384017.96
2020-10-30,0.09536,0.0956,0.089532,0.093189,9939805.92
2020-10-31,0.093189,0.095399,0.092055,0.092913,5961802.13
2020-11-01,0.092913,0.098586,0.092477,0.098164,4337362.03
2020-11-02,0.098164,0.099919,0.091528,0.09222,6121758.26
2020-11-03,0.09222,0.094059,0.088063,0.093476,8140100.94
2020-11-04,0.093476,0.096196,0.091559,0.095379,8357154.14
2020-11-05,0.095379,0.097997,0.09203,0.097458,8079496.55
2020-11-06,0.097458,0.109925,0.097008,0.109015,17684267.42
2020-11-07,0.109015,0.113712,0.098776,0.10121,31867457.08
2020-11-08,0.10121,0.108224,0.099765,0.106457,12434233.01
2020-11-09,0.106457,0.107883,0.101261,0.105494,14163533.42
2020-11-10,0.105494,0.109055,0.103599,0.105851,9617216.15
2020-11-11,0.105851,0.108809,0.10539,0.105935,6640458.14
2020-11-12,0.105935,0.106585,0.102512,0.104553,5218704.56
2020-11-13,0.104553,0.107928,0.10398,0.106296,5740717.24
2020-11-14,0.106296,0.107182,0.101414,0.103977,5343201.13
2020-11-15,0.103977,0.105197,0.098465,0.100508,5730484.37
2020-11-16,0.100508,0.104934,0.099454,0.103802,5408265.73
2020-11-17,0.103802,0.11232,0.103507,0.109416,9208944.85
2020-11-18,0.109416,0.111478,0.102112,0.106475,12729255.87
2020-11-19,0.106475,0.108106,0.104332,0.105865,6698060.44
2020-11-20,0.105865,0.118932,0.10544,0.118251,10265251.78
2020-11-21,0.118251,0.134547,0.116271,0.1333,27054179.3
2020-11-22,0.1333,0.15333,0.120025,0.145902,57562564.64
2020-11-23,0.145902,0.159017,0.141158,0.154403,42850039.56
2020-11-24,0.154403,0.182616,0.151674,0.167021,82270405.27
2020-11-25,0.167021,0.175319,0.147169,0.154804,65162255.51
2020-11-26,0.154804,0.160627,0.117705,0.138355,127019335.09
2020-11-27,0.138355,0.145401,0.130662,0.141628,56450812.89
2020-11-28,0.141628,0.171995,0.138726,0.164823,47510715.11
2020-11-29,0.164823,0.171169,0.157232,0.166377,34338562.37
2020-11-30,0.166377,0.173693,0.160237,0.171958,15217868.91
2020-12-01,0.171958,0.174244,0.143687,0.155534,10595360.14
2020-12-02,0.155534,0.159741,0.150726,0.158629,4870352.16
2020-12-03,0.158629,0.168198,0.155607,0.164036,4609064.48
2020-12-04,0.164036,0.164505,0.146148,0.147784,4750496.47
2020-12-05,0.147784,0.161831,0.146157,0.15971,4430861.64
2020-12-06,0.15971,0.162633,0.153033,0.158703,3909532.15
2020-12-07,0.158703,0.158917,0.151386,0.154065,3311351.24
2020-12-08,0.154065,0.154963,0.137962,0.141176,5831540.15
2020-12-09,0.141176,0.150015,0.130101,0.14799,7192384.7
2020-12-10,0.14799,0.148503,0.139259,0.141614,4964790.71
2020-12-11,0.141614,0.142825,0.134795,0.139152,3621562.59
2020-12-12,0.139152,0.147167,0.138942,0.144163,1884459.33
2020-12-13,0.144163,0.156462,0.143006,0.154065,2168119.44
2020-12-14,0.154065,0.158349,0.149478,0.158349,1823938.42
2020-12-15,0.158349,0.159927,0.1528,0.153922,2117248.68
2020-12-16,0.153922,0.168209,0.149188,0.168176,2768750.14
2020-12-17,0.168176,0.175983,0.161219,0.163544,4077875.53
2020-12-18,0.163544,0.169033,0.158566,0.164794,3155819.19
2020-12-19,0.164794,0.17069,0.162822,0.164275,2522372.67
2020-12-20,0.164275,0.168853,0.156794,0.162108,3728560.23
2020-12-21,0.162108,0.166014,0.147086,0.152572,7983114.65
2020-12-22,0.152572,0.160788,0.149245,0.156736,1954171.7
2020-12-23,0.156736,0.157653,0.126193,0.136506,9020119.92
2020-12-24,0.136506,0.154404,0.131549,0.153035,3857954.39
2020-12-25,0.153035,0.167,0.149947,0.157488,2927706.65
2020-12-26,0.157488,0.162251,0.149053,0.158216,2333876.12
2020-12-27,0.158216,0.165978,0.149927,0.154507,4750900.3
2020-12-28,0.154507,0.180063,0.152854,0.176265,3471685.88
2020-12-29,0.176265,0.196818,0.173407,0.190563,5879016.87
2020-12-30,0.190563,0.193182,0.17503,0.183921,4242758.15
2020-12-31,0.183921,0.186449,0.175,0.181433,3229790.63
2021-01-01,0.181433,0.184545,0.170001,0.174975,3220520.5
2021-01-02,0.174975,0.184559,0.168282,0.177335,5431729.23
2021-01-03,0.177335,0.209244,0.172911,0.20528,26372876.88
2021-01-04,0.20528,0.239513,0.192351,0.225215,31194078.02
2021-01-05,0.225215,0.263819,0.207342,0.258704,17279854.93
2021-01-06,0.258704,0.346665,0.254508,0.332406,15050709.54
2021-01-07,0.332406,0.354086,0.279285,0.298331,16328486.1
2021-01-08,0.298331,0.320511,0.263673,0.304355,15636779.05
2021-01-09,0.304355,0.338232,0.296219,0.330444,6805381.99
2021-01-10,0.330444,0.340119,0.28174,0.302223,9929773.53
2021-01-11,0.302223,0.303206,0.229635,0.275799,20737386.12
2021-01-12,0.275799,0.314696,0.263535,0.288383,14411775.25
2021-01-13,0.288383,0.315,0.27137,0.31276,8436713.38
2021-01-14,0.31276,0.324255,0.297855,0.311982,7814041.69
2021-01-15,0.311982,0.331604,0.282455,0.302648,11142751.71
2021-01-16,0.302648,0.36662,0.302245,0.351181,13259479.39
2021-01-17,0.351181,0.397228,0.34179,0.381118,14045465.31
2021-01-18,0.381118,0.396792,0.365189,0.370963,7086239.1
2021-01-19,0.370963,0.384976,0.362944,0.368599,5986264.51
2021-01-20,0.368599,0.376303,0.331094,0.375449,9576595.99
2021-01-21,0.375449,0.378811,0.300688,0.307705,13720173.2
2021-01-22,0.307705,0.359226,0.28031,0.349193,13912696.77
2021-01-23,0.349193,0.35721,0.336219,0.345502,7107002.21
2021-01-24,0.345502,0.368941,0.337113,0.353301,6005070.33
2021-01-25,0.353301,0.364228,0.34068,0.343968,5735121.85
2021-01-26,0.343968,0.350833,0.324879,0.343507,5935645.87
2021-01-27,0.343507,0.343589,0.30443,0.312262,7698897.87
2021-01-28,0.312262,0.354596,0.304507,0.343552,6956879.81
2021-01-29,0.343552,0.367463,0.331822,0.348028,9771056.78
2021-01-30,0.348028,0.376537,0.337184,0.363939,7211920.63
2021-01-31,0.363939,0.376736,0.338352,0.345046,5882342.21
2021-02-01,0.345046,0.42344,0.333731,0.409069,9465135.8
2021-02-02,0.409069,0.453487,0.389215,0.424919,16873905.45
2021-02-03,0.424919,0.449516,0.415371,0.442349,5747642.62
2021-02-04,0.442349,0.449405,0.41124,0.439599,4065821.34
2021-02-05,0.439599,0.559367,0.437262,0.540355,6561705.35
2021-02-06,0.540355,0.665944,0.520088,0.633545,7348516.79
2021-02-07,0.633545,0.706854,0.581273,0.664224,10685860.21
2021-02-08,0.664224,0.722329,0.63341,0.675526,5943040.01
2021-02-09,0.675526,0.711502,0.665836,0.70529,3060037.78
2021-02-10,0.70529,0.9506,0.70529,0.939524,17115748.53
2021-02-11,0.939524,0.980597,0.866136,0.929694,6229469.92
2021-02-12,0.929694,0.9472,0.888,0.924746,3762962.94
2021-02-13,0.924746,0.95,0.830034,0.910904,3721521.7
2021-02-14,0.910904,0.918518,0.808575,0.844762,3196195.27
2021-02-15,0.844762,0.909483,0.688192,0.862004,8153915.94
2021-02-16,0.862004,0.905704,0.836443,0.870671,3219443.81
2021-02-17,0.870671,0.896407,0.801313,0.891999,2049316.94
2021-02-18,0.891999,0.957596,0.891872,0.913494,2463467.02
2021-02-19,0.913494,0.945859,0.882144,0.926477,1875591.03
2021-02-20,0.926477,1.2,0.914694,1.118252,7607811.45
2021-02-21,1.118252,1.151163,1.053345,1.095634,2097856.49
2021-02-22,1.095634,1.143595,0.835572,1.097078,6627396.22
2021-02-23,1.097078,1.139965,0.811813,0.964751,18625391.87
2021-02-24,0.964751,1.075754,0.89971,1.048846,4391378.58
2021-02-25,1.048846,1.174553,1.01169,1.069175,4649635.67
2021-02-26,1.069175,1.298038,0.991293,1.236111,6341759.09
2021-02-27,1.236111,1.500001,1.230109,1.319634,6004735.11
2021-02-28,1.319634,1.359125,1.15651,1.310815,5901403.93
2021-03-01,1.310815,1.347449,1.23,1.294996,2649440.21
2021-03-02,1.294996,1.299649,1.184039,1.224141,2002113.8
2021-03-03,1.224141,1.265685,1.212579,1.225585,1283697.59
2021-03-04,1.225585,1.247005,1.068435,1.113043,1819590.65
2021-03-05,1.113043,1.196278,1.035136,1.160817,2657265.17
2021-03-06,1.160817,1.188025,1.05,1.127564,1046578.65
2021-03-07,1.127564,1.144488,1.106339,1.13191,735948.68
2021-03-08,1.13191,1.177261,1.10607,1.118603,803378.25
2021-03-09,1.118603,1.22,1.112586,1.198348,1205459.84
2021-03-10,1.198348,1.2059,1.117441,1.132695,1123992.03
2021-03-11,1.132695,1.139236,1.108859,1.124525,698072.93
2021-03-12,1.124525,1.12646,1.029428,1.033652,1440600.72
2021-03-13,1.033652,1.186864,0.986798,1.10035,1709878.84
2021-03-14,1.10035,1.101535,1.055876,1.055876,1053467.53
2021-03-15,1.055876,1.070864,1.002148,1.03157,1440775.53
2021-03-16,1.03157,1.280201,1.001938,1.249,3902449.94
2021-03-17,1.249,1.428319,1.2045,1.379693,3555387.66
2021-03-18,1.379693,1.473823,1.223462,1.231098,4236969.16
2021-03-19,1.231098,1.342812,1.181845,1.296926,1580364.81
2021-03-20,1.296926,1.30763,1.2,1.200058,724361.12
2021-03-21,1.200058,1.23923,1.161148,1.187361,654091.49
2021-03-22,1.187361,1.208001,1.07251,1.103504,2368213.59
2021-03-23,1.103504,1.172077,1.083108,1.117738,1084415.79
2021-03-24,1.117738,1.16248,1.042958,1.069373,2982111.07
2021-03-25,1.069373,1.150707,1.0,1.097067,2184831.93
2021-03-26,1.097067,1.286527,1.095568,1.213637,1289987.4
2021-03-27,1.213637,1.238184,1.157374,1.176113,699745.61
2021-03-28,1.176113,1.2189,1.166538,1.189469,451239.75
2021-03-29,1.189469,1.228908,1.179288,1.202041,412158.22
2021-03-30,1.202041,1.233536,1.185367,1.213,371500.69
2021-03-31,1.213,1.214579,1.156041,1.190239,496447.13
2021-04-01,1.190239,1.206312,1.173936,1.183911,396666.02
2021-04-02,1.183911,1.2431,1.181782,1.190811,496209.21
2021-04-03,1.190811,1.240156,1.159974,1.163232,1696599.83
2021-04-04,1.163232,1.192162,1.153271,1.182763,587524.66
2021-04-05,1.182763,1.225312,1.163182,1.211741,487144.06
2021-04-06,1.211741,1.3467,1.191358,1.252738,4274817.63
2021-04-07,1.252738,1.289167,1.16,1.173041,1635738.21
2021-04-08,1.173041,1.225551,1.170724,1.219486,413386.59
2021-04-09,1.219486,1.229537,1.191993,1.202532,398348.76
2021-04-10,1.202532,1.251141,1.195309,1.217155,1210235.67
2021-04-11,1.217155,1.29,1.20063,1.262635,1488970.0
2021-04-12,1.262635,1.348652,1.262635,1.316339,1578965.16
2021-04-13,1.316339,1.43681,1.283126,1.414386,1789056.58
2021-04-14,1.414386,1.557966,1.342562,1.452376,4591215.39
2021-04-15,1.452376,1.492844,1.411226,1.48004,1071336.78
2021-04-16,1.48004,1.518719,1.331253,1.411186,1283904.86
2021-04-17,1.411186,1.458056,1.357519,1.371904,741088.81
2021-04-18,1.371904,1.381732,1.01,1.277131,2945173.03
2021-04-19,1.277131,1.323653,1.171179,1.195836,1119297.55
2021-04-20,1.195836,1.280431,1.123127,1.266579,1165992.53
2021-04-21,1.266579,1.287,1.198198,1.204577,1866450.18
2021-04-22,1.204577,1.277712,1.103226,1.145917,1969050.91
2021-04-23,1.145917,1.183833,0.92,1.157511,9529414.62
2021-04-24,1.157511,1.196634,1.083138,1.10282,1238292.65
2021-04-25,1.10282,1.145413,1.015346,1.087943,1405882.21
2021-04-26,1.087943,1.249857,1.08275,1.236254,1562300.28
2021-04-27,1.236254,1.3318,1.222861,1.307283,1270446.55
2021-04-28,1.307283,1.348165,1.234165,1.336393,627415.78
2021-04-29,1.336393,1.41012,1.268901,1.307286,1024706.56
2021-04-30,1.307286,1.369922,1.287891,1.352718,669242.5
2021-05-01,1.352718,1.36803,1.314985,1.352313,329471.72
2021-05-02,1.352313,1.354578,1.295214,1.326313,484115.07
2021-05-03,1.326313,1.379683,1.322069,1.360479,343326.07
2021-05-04,1.360479,1.3657,1.257743,1.271312,798687.83
2021-05-05,1.271312,1.495907,1.26101,1.479093,860866.2
2021-05-06,1.479093,1.7,1.430658,1.648693,2724550.15
2021-05-07,1.648693,1.747349,1.528734,1.652534,1664320.76
2021-05-08,1.652534,1.652864,1.562837,1.619025,1773469.58
2021-05-09,1.619025,1.883311,1.576146,1.76716,3438309.73
2021-05-10,1.76716,1.822505,1.524,1.642185,3064860.85
2021-05-11,1.642185,1.778867,1.597433,1.763362,4168087.78
2021-05-12,1.763362,1.818449,1.547063,1.563959,1687118.13
2021-05-13,1.563959,1.970288,1.498998,1.929455,3806237.28
2021-05-14,1.929455,2.041383,1.813709,2.006394,2603552.59
2021-05-15,2.006394,2.38,1.968179,2.172362,7731785.72
2021-05-16,2.172362,2.466213,2.013909,2.30699,6575479.37
2021-05-17,2.30699,2.3275,1.918541,2.026978,17532813.83
2021-05-18,2.026978,2.148893,1.973788,2.004517,12038939.21
2021-05-19,2.004517,2.026882,1.007899,1.465469,92910535.59
2021-05-20,1.465469,1.946672,1.309348,1.800082,34699868.12
2021-05-21,1.800082,1.868116,1.323193,1.549114,12030751.28
2021-05-22,1.549114,1.599163,1.368614,1.462983,4606081.87
2021-05-23,1.462983,1.537418,1.052959,1.315289,7723439.27
2021-05-24,1.315289,1.594859,1.262563,1.547804,2972635.86
2021-05-25,1.547804,1.648074,1.418,1.553056,2182619.83
2021-05-26,1.553056,1.83,1.553056,1.777489,2085607.52
2021-05-27,1.777489,1.788438,1.61019,1.648409,1353828.06
2021-05-28,1.648409,1.675868,1.449583,1.513431,2312789.78
2021-05-29,1.513431,1.562435,1.335949,1.40251,1835761.85
2021-05-30,1.40251,1.697818,1.348479,1.576242,1998355.51
2021-05-31,1.576242,1.74946,1.525596,1.737692,1565557.68
2021-06-01,1.737692,1.778181,1.654821,1.7351,1466452.11
2021-06-02,1.7351,1.802763,1.718059,1.753248,1118970.46
2021-06-03,1.753248,1.889448,1.714968,1.844212,880530.48
2021-06-04,1.844212,1.848171,1.60832,1.70754,1631825.92
2021-06-05,1.70754,1.78147,1.610256,1.655654,887603.68
2021-06-06,1.655654,1.70648,1.646689,1.676467,399095.89
2021-06-07,1.676467,1.74,1.551131,1.565117,800559.14
2021-06-08,1.565117,1.595057,1.401828,1.582569,1116317.37
2021-06-09,1.582569,1.630024,1.483004,1.626315,761144.86
2021-06-10,1.626315,1.635695,1.50786,1.531107,470817.26
2021-06-11,1.531107,1.546517,1.42,1.436231,373501.21
2021-06-12,1.436231,1.492264,1.357376,1.477415,500438.44
2021-06-13,1.477415,1.581054,1.4,1.558387,487625.76
2021-06-14,1.558387,1.593963,1.506799,1.575154,372604.35
2021-06-15,1.575154,1.609408,1.545193,1.556027,324549.71
2021-06-16,1.556027,1.574258,1.475052,1.483933,331269.1
2021-06-17,1.483933,1.537625,1.457918,1.480917,190903.73
2021-06-18,1.480917,1.492008,1.375166,1.414505,376248.34
2021-06-19,1.414505,1.439653,1.384984,1.38545,244915.94
2021-06-20,1.38545,1.459785,1.306594,1.426308,588638.16
2021-06-21,1.426308,1.43654,1.168382,1.174636,1373195.34
2021-06-22,1.174636,1.262294,1.001573,1.154767,2890961.51
2021-06-23,1.154767,1.307679,1.109074,1.249782,1382896.7
2021-06-24,1.249782,1.4,1.202684,1.359841,1048961.86
2021-06-25,1.359841,1.395636,1.245209,1.255328,1439297.58
2021-06-26,1.255328,1.291195,1.197992,1.251023,918718.62
2021-06-27,1.251023,1.348178,1.241711,1.335263,452491.82
2021-06-28,1.335263,1.349155,1.305194,1.324619,288922.49
2021-06-29,1.324619,1.418915,1.320447,1.370498,453856.37
2021-06-30,1.370498,1.397896,1.286614,1.382784,581086.55
2021-07-01,1.382784,1.385057,1.303075,1.3331,384300.65
2021-07-02,1.3331,1.395045,1.285913,1.392138,861116.14
2021-07-03,1.392138,1.442429,1.359603,1.405772,788339.81
2021-07-04,1.405772,1.494596,1.382725,1.461367,340704.45
2021-07-05,1.461367,1.461367,1.378602,1.403663,339076.54
2021-07-06,1.403663,1.456615,1.39138,1.416293,307551.94
2021-07-07,1.416293,1.439472,1.399988,1.403065,243208.91
2021-07-08,1.403065,1.405164,1.320071,1.327884,302303.94
2021-07-09,1.327884,1.372494,1.287077,1.350568,285601.1
2021-07-10,1.350568,1.365,1.317029,1.335304,175869.74
2021-07-11,1.335304,1.366221,1.32378,1.347793,129696.44
2021-07-12,1.347793,1.373554,1.292848,1.314047,200287.89
2021-07-13,1.314047,1.32,1.251,1.265565,265874.55
2021-07-14,1.265565,1.287893,1.199006,1.262607,450599.15
2021-07-15,1.262607,1.289262,1.206335,1.22509,448363.72
2021-07-16,1.22509,1.244474,1.166331,1.171128,386935.79
2021-07-17,1.171128,1.194363,1.15105,1.171244,710053.59
2021-07-18,1.171244,1.21742,1.169335,1.18167,275779.68
2021-07-19,1.18167,1.190902,1.1171,1.1211,227450.7
2021-07-20,1.1211,1.135162,1.021602,1.054529,797805.56
2021-07-21,1.054529,1.221006,1.037616,1.169504,643399.16
2021-07-22,1.169504,1.206315,1.150861,1.186101,660352.89
2021-07-23,1.186101,1.206674,1.147728,1.205056,761648.76
2021-07-24,1.205056,1.248421,1.197472,1.232576,594090.8
2021-07-25,1.232576,1.238053,1.191031,1.228519,499607.36
2021-07-26,1.228519,1.399,1.222077,1.256584,1335862.43
2021-07-27,1.256584,1.314481,1.212621,1.28,713595.28
2021-07-28,1.28,1.31654,1.258648,1.286244,433764.59
2021-07-29,1.286244,1.297834,1.258023,1.284657,315561.83
2021-07-30,1.284657,1.317489,1.248672,1.308837,298965.43
2021-07-31,1.308837,1.3319,1.291034,1.317557,224626.17
2021-08-01,1.317557,1.386907,1.299179,1.315355,430686.79
2021-08-02,1.315355,1.348484,1.296056,1.308348,374941.3
2021-08-03,1.308348,1.3824,1.262957,1.368586,466470.16
2021-08-04,1.368586,1.392747,1.324127,1.376904,283058.34
2021-08-05,1.376904,1.396477,1.338875,1.386593,228450.16
2021-08-06,1.386593,1.423761,1.363518,1.40163,319292.24
2021-08-07,1.40163,1.484476,1.395869,1.473335,553182.26
2021-08-08,1.473335,1.494857,1.407782,1.426184,396946.6
2021-08-09,1.426184,1.499308,1.394522,1.476314,774890.75
2021-08-10,1.476314,1.7,1.457779,1.676708,728274.12
2021-08-11,1.676708,1.89299,1.671747,1.79462,1229644.25
2021-08-12,1.79462,1.866897,1.681231,1.829369,1204357.45
2021-08-13,1.829369,2.148014,1.824372,2.135583,1339560.42
2021-08-14,2.135583,2.250043,2.082999,2.188232,873645.41
2021-08-15,2.188232,2.248091,2.032575,2.168261,774919.34
2021-08-16,2.168261,2.196,2.047658,2.073722,465104.18
2021-08-17,2.073722,2.14066,1.907717,1.924341,789441.06
2021-08-18,1.924341,2.163022,1.872114,2.103606,1514841.91
2021-08-19,2.103606,2.452355,2.047414,2.434079,4421627.17
2021-08-20,2.434079,2.586565,2.375482,2.45484,9176136.11
2021-08-21,2.45484,2.527945,2.384387,2.434922,6306674.52
2021-08-22,2.434922,2.720008,2.431794,2.707555,7198975.91
2021-08-23,2.707555,2.970286,2.688444,2.917633,13262764.87
2021-08-24,2.917633,2.945945,2.5915,2.723296,17797215.89
2021-08-25,2.723296,2.795065,2.603927,2.739718,13939910.93
2021-08-26,2.739718,2.784884,2.471237,2.527523,21160488.66
2021-08-27,2.527523,2.944874,2.497575,2.944874,19412476.3
2021-08-28,2.944874,2.948334,2.777034,2.845914,6068330.96
2021-08-29,2.845914,2.933377,2.71985,2.852405,5816703.29
2021-08-30,2.852405,2.882682,2.723451,2.73542,3986602.39
2021-08-31,2.73542,2.878714,2.702745,2.769577,3074717.08
2021-09-01,2.769577,2.901419,2.722149,2.869652,717109.25
2021-09-02,2.869652,3.099,2.83243,2.959716,1579358.28
2021-09-03,2.959716,3.029042,2.901505,2.964502,849496.3
2021-09-04,2.964502,2.96473,2.8032,2.831119,637883.59
2021-09-05,2.831119,2.955371,2.822491,2.91102,702904.51
2021-09-06,2.91102,2.92653,2.8,2.832605,832702.91
2021-09-07,2.832605,2.87409,2.02528,2.507736,5783164.48
2021-09-08,2.507736,2.563611,2.202426,2.470182,2774382.87
2021-09-09,2.470182,2.621492,2.392293,2.515814,2099263.41
2021-09-10,2.515814,2.584761,2.275931,2.381862,1931686.74
2021-09-11,2.381862,2.796689,2.369317,2.636998,2130188.5
2021-09-12,2.636998,2.787654,2.503239,2.583565,1908017.69
2021-09-13,2.583565,2.59123,2.312053,2.404208,2200043.31
2021-09-14,2.404208,2.436407,2.322306,2.394597,855177.55
2021-09-15,2.394597,2.581882,2.356594,2.504647,1125498.81
2021-09-16,2.504647,2.52,2.381657,2.418357,920249.42
2021-09-17,2.418357,2.439574,2.314564,2.34767,472168.92
2021-09-18,2.34767,2.436392,2.312433,2.371262,671172.5
2021-09-19,2.371262,2.394917,2.261057,2.282075,529579.27
2021-09-20,2.282075,2.290733,1.975372,2.078825,2461477.94
2021-09-21,2.078825,2.226917,1.91226,1.982596,2344581.55
2021-09-22,1.982596,2.266282,1.96945,2.257437,1370747.08
2021-09-23,2.257437,2.344095,2.181288,2.328857,775066.4
2021-09-24,2.328857,2.34336,2.06798,2.277774,2116201.1
2021-09-25,2.277774,2.457295,2.238316,2.299459,1564006.63
2021-09-26,2.299459,2.299459,2.148197,2.208895,1145594.96
2021-09-27,2.208895,2.274226,2.129757,2.129943,600175.57
2021-09-28,2.129943,2.172437,2.028838,2.037094,466754.67
2021-09-29,2.037094,2.142555,2.021392,2.065519,556651.65
2021-09-30,2.065519,2.135188,2.052036,2.116204,286834.21
2021-10-01,2.116204,2.272431,2.093026,2.253998,419491.83
2021-10-02,2.253998,2.321376,2.193844,2.248408,370051.63
2021-10-03,2.248408,2.307552,2.223077,2.251299,375553.64
2021-10-04,2.251299,2.25315,2.151921,2.19126,360867.67
2021-10-05,2.19126,2.256997,2.177714,2.233683,341948.0
2021-10-06,2.233683,2.25,2.11244,2.21094,419244.79
2021-10-07,2.21094,2.373813,2.150906,2.276687,827854.92
2021-10-08,2.276687,2.310883,2.219688,2.23481,318885.1
2021-10-09,2.23481,2.298981,2.221743,2.266361,308018.17
2021-10-10,2.266361,2.275249,2.162023,2.188315,432666.44
2021-10-11,2.188315,2.249092,2.1115,2.17129,395473.75
2021-10-12,2.17129,2.17155,2.072289,2.116433,693144.09
2021-10-13,2.116433,2.19733,2.08196,2.188319,426724.02
2021-10-14,2.188319,2.224969,2.157975,2.17116,362811.78
2021-10-15,2.17116,2.24,2.139624,2.214998,604109.12
2021-10-16,2.214998,2.25,2.170616,2.176441,287574.92
2021-10-17,2.176441,2.189,2.091473,2.155935,290440.05
2021-10-18,2.155935,2.173569,2.108191,2.127906,347457.38
2021-10-19,2.127906,2.156422,2.09348,2.111608,198344.65
2021-10-20,2.111608,2.207172,2.093335,2.188462,349122.8
2021-10-21,2.188462,2.297589,2.133701,2.137011,1202290.63
2021-10-22,2.137011,2.209096,2.127614,2.155293,428964.52
2021-10-23,2.155293,2.175325,2.134441,2.164187,213724.26
2021-10-24,2.164187,2.167579,2.094032,2.119735,352077.61
2021-10-25,2.119735,2.178994,2.113048,2.143606,406805.33
2021-10-26,2.143606,2.200846,2.123546,2.137226,2604347.74
2021-10-27,2.137226,2.154126,1.8,1.912313,16723770.55
2021-10-28,1.912313,2.057829,1.908298,1.985894,19091004.41
2021-10-29,1.985894,2.046121,1.980373,2.012117,1807492.3
2021-10-30,2.012117,2.019164,1.926113,1.955358,494172.16
2021-10-31,1.955358,2.025228,1.918866,1.963715,3239754.71
2021-11-01,1.963715,2.017566,1.913357,1.94797,1081514.2
2021-11-02,1.94797,1.99597,1.934978,1.969813,1281897.88
2021-11-03,1.969813,2.143031,1.949933,2.062182,15354172.93
2021-11-04,2.062182,2.102637,1.936711,1.98384,1032236.38
2021-11-05,1.98384,2.017252,1.96,1.983965,865098.49
2021-11-06,1.983965,2.038418,1.941726,2.00489,457190.68
2021-11-07,2.00489,2.034799,1.974368,2.017211,406324.83
2021-11-08,2.017211,2.139624,2.01,2.12493,996910.37
2021-11-09,2.12493,2.376015,2.10535,2.269018,2403154.76
2021-11-10,2.269018,2.326105,1.936712,2.098951,3281414.55
2021-11-11,2.098951,2.151751,2.06,2.08,1293904.61
2021-11-12,2.08,2.098941,1.993236,2.046064,858306.79
2021-11-13,2.046064,2.078796,2.022449,2.051443,354388.21
2021-11-14,2.051443,2.068986,2.01,2.040434,519336.83
2021-11-15,2.040434,2.093865,2.011961,2.016935,541995.44
2021-11-16,2.016935,2.016935,1.765,1.875529,2509077.58
2021-11-17,1.875529,1.891828,1.796463,1.875897,1711790.38
2021-11-18,1.875897,1.906582,1.704873,1.788088,1800545.47
2021-11-19,1.788088,1.891896,1.754329,1.862547,1097481.93
2021-11-20,1.862547,1.955053,1.859558,1.921265,648328.37
2021-11-21,1.921265,1.925351,1.833838,1.836405,533083.67
2021-11-22,1.836405,1.837438,1.757477,1.777122,1260028.05
2021-11-23,1.777122,1.815025,1.740764,1.750175,790651.73
2021-11-24,1.750175,1.75254,1.588773,1.664913,1534386.33
2021-11-25,1.664913,1.750004,1.62,1.672985,1389255.38
2021-11-26,1.672985,1.684264,1.4989,1.527715,2374234.72
2021-11-27,1.527715,1.58387,1.527715,1.543765,872165.37
2021-11-28,1.543765,1.598194,1.415137,1.594366,2457863.74
2021-11-29,1.594366,1.636255,1.55758,1.600428,1202122.11
2021-11-30,1.600428,1.627344,1.544906,1.553128,1353592.83
2021-12-01,1.553128,1.621844,1.533582,1.547072,1380125.42
2021-12-02,1.547072,1.758003,1.518024,1.719897,2827413.91
2021-12-03,1.719897,1.728092,1.517777,1.556579,1932236.85
2021-12-04,1.556579,1.557371,1.188272,1.420677,5352610.58
2021-12-05,1.420677,1.434537,1.284754,1.378624,2823806.4
2021-12-06,1.378624,1.439366,1.25663,1.421844,3461729.8
2021-12-07,1.421844,1.478201,1.366233,1.377707,2171196.79
2021-12-08,1.377707,1.422577,1.339988,1.394308,1837666.27
2021-12-09,1.394308,1.407784,1.287856,1.290103,1879770.12
2021-12-10,1.290103,1.331993,1.207282,1.208572,1951676.24
2021-12-11,1.208572,1.362191,1.192735,1.350945,2197960.18
2021-12-12,1.350945,1.413109,1.320547,1.347189,1834002.18
2021-12-13,1.347189,1.356268,1.201246,1.224103,2549453.57
2021-12-14,1.224103,1.282692,1.199353,1.266907,2662022.15
2021-12-15,1.266907,1.329044,1.205627,1.312104,2095053.5
2021-12-16,1.312104,1.329998,1.237514,1.239455,1061982.37
2021-12-17,1.239455,1.259103,1.183979,1.218533,1483754.44
2021-12-18,1.218533,1.264965,1.201529,1.241639,712213.46
2021-12-19,1.241639,1.310929,1.24,1.24357,1044062.48
2021-12-20,1.24357,1.25997,1.151913,1.235947,1780281.02
2021-12-21,1.235947,1.28802,1.227432,1.280418,820758.45
2021-12-22,1.280418,1.36704,1.276305,1.327288,860184.75
2021-12-23,1.327288,1.48877,1.309151,1.474449,1386910.0
2021-12-24,1.474449,1.481512,1.383087,1.391408,1043076.42
2021-12-25,1.391408,1.459376,1.382203,1.45412,676464.2
2021-12-26,1.45412,1.467925,1.410007,1.455444,698803.31
2021-12-27,1.455444,1.590881,1.451166,1.512934,1060439.71
2021-12-28,1.512934,1.538325,1.379277,1.398109,1547304.01
2021-12-29,1.398109,1.436767,1.326064,1.330991,1169563.62
2021-12-30,1.330991,1.377256,1.299622,1.358598,908452.5
2021-12-31,1.358598,1.380611,1.282155,1.308304,1251398.03
2022-01-01,1.308304,1.379278,1.306975,1.37912,431833.64
2022-01-02,1.37912,1.38982,1.343225,1.378418,542008.86
2022-01-03,1.378418,1.378418,1.311943,1.319013,628958.0
2022-01-04,1.319013,1.351483,1.296217,1.310423,647911.76
2022-01-05,1.310423,1.351957,1.194388,1.229151,1289592.03
2022-01-06,1.229151,1.296732,1.185567,1.280363,1321635.2
2022-01-07,1.280363,1.283969,1.18,1.208231,2807382.03
2022-01-08,1.208231,1.253707,1.128032,1.181657,1473160.09
2022-01-09,1.181657,1.204221,1.148849,1.170915,381053.02
2022-01-10,1.170915,1.182618,1.07,1.12424,1593361.84
2022-01-11,1.12424,1.194487,1.122929,1.185843,624106.25
2022-01-12,1.185843,1.306734,1.185843,1.304406,1268723.2
2022-01-13,1.304406,1.353056,1.230189,1.238441,1817172.19
2022-01-14,1.238437,1.307862,1.221122,1.291506,1518960.4
2022-01-15,1.291506,1.316605,1.245713,1.292597,1068122.61
2022-01-16,1.292597,1.422775,1.288077,1.408432,1634528.47
2022-01-17,1.408432,1.604381,1.387294,1.600695,3246539.25
2022-01-18,1.600695,1.637936,1.412629,1.459332,2480243.03
2022-01-19,1.459332,1.532478,1.327692,1.337266,2490589.02
2022-01-20,1.337266,1.424334,1.251367,1.262434,3255882.35
2022-01-21,1.262434,1.280743,1.101985,1.121957,4141258.01
2022-01-22,1.121957,1.153595,0.92,1.071274,5441063.31
2022-01-23,1.071274,1.167589,1.050975,1.124277,2542822.44
2022-01-24,1.124277,1.124277,0.952219,1.064822,3929049.94
2022-01-25,1.064822,1.072271,0.993722,1.041526,1995525.95
2022-01-26,1.041526,1.154609,1.02295,1.076791,2865458.92
2022-01-27,1.076791,1.079053,1.005,1.041016,1992841.77
2022-01-28,1.041016,1.059697,1.01034,1.04886,1461452.38
2022-01-29,1.04886,1.083184,1.038381,1.059541,840740.47
2022-01-30,1.059541,1.076597,1.025353,1.03538,684678.27
2022-01-31,1.03538,1.058839,1.009267,1.052226,768856.95
2022-02-01,1.052226,1.094665,1.035921,1.094342,830119.11
2022-02-02,1.094342,1.100374,1.024127,1.026574,1158119.66
2022-02-03,1.026574,1.059909,1.0175,1.05847,1297075.59
2022-02-04,1.05847,1.138584,1.045471,1.137706,1163727.06
2022-02-05,1.137706,1.17585,1.095637,1.126318,1321027.76
2022-02-06,1.126318,1.149899,1.098786,1.144041,717670.49
2022-02-07,1.144041,1.209014,1.125986,1.197152,1514788.58
2022-02-08,1.197152,1.260334,1.134096,1.174203,2015185.39
2022-02-09,1.174203,1.212594,1.15065,1.192538,1154689.06
2022-02-10,1.192538,1.22051,1.146955,1.150643,1539046.92
2022-02-11,1.150643,1.164271,1.067416,1.078516,1282219.78
2022-02-12,1.078516,1.092191,1.029944,1.057555,1456280.51
2022-02-13,1.057555,1.073752,1.032339,1.043146,928795.45
2022-02-14,1.043146,1.055131,1.0,1.050847,2133852.37
2022-02-15,1.050847,1.114148,1.024,1.105904,2843155.32
2022-02-16,1.105904,1.112572,1.065052,1.082845,2672835.58
2022-02-17,1.082845,1.090525,1.007717,1.020069,2681652.97
2022-02-18,1.020069,1.051254,0.985083,0.996784,5891269.67
2022-02-19,0.996784,1.018362,0.973888,0.996221,7007898.12
2022-02-20,0.996221,0.997668,0.92,0.930643,8556825.09
2022-02-21,0.930643,0.990315,0.852417,0.857609,7409195.53
2022-02-22,0.857609,0.895124,0.812501,0.888147,6292592.19
2022-02-23,0.888147,0.97,0.864033,0.864678,6879584.66
2022-02-24,0.864678,0.896112,0.733331,0.854402,12944126.02
2022-02-25,0.854402,0.907635,0.824078,0.898,5979801.35
2022-02-26,0.898,0.929962,0.881138,0.886985,1948929.82
2022-02-27,0.886985,0.913237,0.833407,0.856469,2298576.2
2022-02-28,0.856469,0.969753,0.842566,0.962529,3601891.89
2022-03-01,0.962529,1.008415,0.94014,0.961985,2883098.81
2022-03-02,0.961985,0.975265,0.926643,0.937363,2091335.14
2022-03-03,0.937363,0.944693,0.88302,0.901144,1769632.66
2022-03-04,0.901144,0.902142,0.827111,0.84332,1767903.04
2022-03-05,0.84332,0.881737,0.819463,0.864845,1340944.46
2022-03-06,0.864845,0.870839,0.820083,0.82185,1061656.45
2022-03-07,0.82185,0.845857,0.778681,0.793989,1709589.44
2022-03-08,0.793989,0.819614,0.787787,0.801541,2131958.88
2022-03-09,0.801541,0.86133,0.799837,0.849462,1462015.51
2022-03-10,0.849462,0.852529,0.787298,0.805365,3021751.41
2022-03-11,0.805365,0.818561,0.782977,0.78871,9504459.4
2022-03-12,0.78871,0.80121,0.786869,0.78805,3308651.9
2022-03-13,0.78805,0.819078,0.781,0.788128,47304442.36
2022-03-14,0.788128,0.812983,0.778207,0.803156,55939403.91
2022-03-15,0.803156,0.81652,0.783221,0.799167,10462857.17
2022-03-16,0.799167,0.839213,0.794362,0.838053,20291827.7
2022-03-17,0.838053,0.856955,0.828684,0.835598,8534542.29
2022-03-18,0.835598,0.85832,0.821328,0.852335,22606352.26
2022-03-19,0.852335,0.914377,0.850307,0.902434,36236135.09
2022-03-20,0.902434,0.915077,0.863817,0.877405,32229869.16
2022-03-21,0.877405,0.928,0.863723,0.915806,90277787.59
2022-03-22,0.915806,0.987756,0.907237,0.974904,28247397.09
2022-03-23,0.974904,1.108592,0.957557,1.107578,53146627.84
2022-03-24,1.107578,1.188817,1.08,1.1311,45855191.99
2022-03-25,1.1311,1.164783,1.073617,1.09598,23819249.98
2022-03-26,1.09598,1.158479,1.078703,1.153173,18986311.87
2022-03-27,1.153173,1.184384,1.105459,1.182875,18164853.21
2022-03-28,1.182875,1.244,1.158068,1.167939,31602133.52
2022-03-29,1.167939,1.240838,1.167059,1.190242,16750163.61
2022-03-30,1.190242,1.217198,1.163551,1.188494,8366744.38
2022-03-31,1.188494,1.227959,1.13363,1.141038,7408713.43
2022-04-01,1.141038,1.173935,1.104105,1.164283,7378794.13
2022-04-02,1.164283,1.195265,1.14807,1.15615,5058158.6
2022-04-03,1.15615,1.199698,1.142984,1.185234,3955859.48
2022-04-04,1.185234,1.243231,1.161809,1.212472,9187317.58
2022-04-05,1.212472,1.21822,1.164571,1.170627,4084853.55
2022-04-06,1.170627,1.172059,1.048775,1.053275,11600280.86
2022-04-07,1.053275,1.099329,1.040425,1.089275,6264083.98
2022-04-08,1.089275,1.09883,1.019103,1.025143,6831951.71
2022-04-09,1.025143,1.045573,1.022167,1.044876,4975678.05
2022-04-10,1.044876,1.068715,1.023563,1.025399,2147830.22
2022-04-11,1.025399,1.031542,0.917595,0.919191,8448889.41
2022-04-12,0.919191,0.980679,0.916474,0.954191,5439966.24
2022-04-13,0.954191,0.979317,0.934905,0.973694,2730868.96
2022-04-14,0.973694,0.983982,0.923253,0.931676,3944774.79
2022-04-15,0.931676,0.958097,0.929976,0.954348,4291292.83
2022-04-16,0.954348,0.961262,0.937937,0.950827,1922072.65
2022-04-17,0.950827,0.961486,0.912256,0.9152,1566506.12
2022-04-18,0.9152,0.93732,0.87475,0.93606,5517061.83
2022-04-19,0.93606,0.955604,0.927241,0.953129,2917624.16
2022-04-20,0.953129,0.974389,0.931086,0.935656,2450765.99
2022-04-21,0.935656,0.9698,0.891654,0.909143,3003461.66
2022-04-22,0.909143,0.923944,0.891997,0.906648,1870115.92
2022-04-23,0.906648,0.911989,0.882246,0.886093,510418.82
2022-04-24,0.886093,0.898299,0.878049,0.884553,1204164.32
2022-04-25,0.884553,0.902877,0.827179,0.897202,3034688.73
2022-04-26,0.897202,0.902457,0.816566,0.825929,2550228.27
2022-04-27,0.825929,0.855439,0.819353,0.83964,3334871.41
2022-04-28,0.83964,0.852383,0.826045,0.84344,1868282.07
2022-04-29,0.84344,0.849392,0.789481,0.80433,2082190.11
2022-04-30,0.80433,0.81778,0.736154,0.756584,3019625.73
2022-05-01,0.756584,0.799911,0.745887,0.788863,2919300.37
2022-05-02,0.788863,0.796186,0.764291,0.78082,2075030.96
2022-05-03,0.78082,0.799209,0.760979,0.771113,1148571.65
2022-05-04,0.771113,0.898278,0.768203,0.897982,5329023.93
2022-05-05,0.897982,0.904799,0.772625,0.78884,10028156.22
2022-05-06,0.78884,0.798886,0.761874,0.782493,7683289.38
2022-05-07,0.782493,0.785381,0.746716,0.76032,3809039.07
2022-05-08,0.76032,0.765754,0.72602,0.740638,5361371.7
2022-05-09,0.740638,0.753895,0.598688,0.602396,18907369.82
2022-05-10,0.602396,0.701536,0.584192,0.627984,36996765.27
2022-05-11,0.627984,0.662115,0.473383,0.51732,40663975.56
2022-05-12,0.51732,0.5499,0.40219,0.472133,42977582.08
2022-05-13,0.472133,0.606327,0.46803,0.528715,18341709.28
2022-05-14,0.528715,0.556412,0.488826,0.537123,8178769.04
2022-05-15,0.537123,0.600163,0.515,0.597419,5960548.81
2022-05-16,0.597419,0.613565,0.544703,0.556018,6317200.48
2022-05-17,0.556018,0.59947,0.551749,0.577748,3601651.34
2022-05-18,0.577748,0.5857,0.50308,0.505244,3858298.11
2022-05-19,0.505244,0.546206,0.492226,0.53337,4714220.02
2022-05-20,0.53337,0.544293,0.501625,0.515421,3189850.06
2022-05-21,0.515421,0.538484,0.508962,0.527976,2948516.24
2022-05-22,0.527976,0.548184,0.522395,0.542,2253304.97
2022-05-23,0.542,0.558895,0.504602,0.512731,2776351.4
2022-05-24,0.512731,0.525065,0.493137,0.521678,2941324.94
2022-05-25,0.521678,0.53264,0.507277,0.514287,2855909.83
2022-05-26,0.514287,0.520672,0.4622,0.47905,5562478.16
2022-05-27,0.47905,0.483853,0.445316,0.455671,6304501.14
2022-05-28,0.455671,0.468841,0.448098,0.464941,2503419.65
2022-05-29,0.464941,0.482612,0.456173,0.4819,2591897.9
2022-05-30,0.4819,0.577406,0.476829,0.569559,6106979.41
2022-05-31,0.569559,0.688006,0.568291,0.627002,18251391.52
2022-06-01,0.627002,0.630889,0.537056,0.55141,7424489.31
2022-06-02,0.55141,0.597541,0.548566,0.58729,6464239.43
2022-06-03,0.58729,0.605598,0.539329,0.560089,4671600.73
2022-06-04,0.560089,0.571279,0.545378,0.566503,3294444.53
2022-06-05,0.566503,0.580679,0.554174,0.567366,2230394.75
2022-06-06,0.567366,0.645308,0.564978,0.608799,7085786.75
2022-06-07,0.608799,0.645122,0.572005,0.61371,7553357.7
2022-06-08,0.61371,0.667767,0.609225,0.640587,9748445.02
2022-06-09,0.640587,0.658565,0.626386,0.632404,4372543.57
2022-06-10,0.632404,0.635849,0.57,0.574414,5636482.16
2022-06-11,0.574414,0.620259,0.54411,0.553472,7207418.06
2022-06-12,0.553472,0.561,0.489997,0.490401,9636936.95
2022-06-13,0.490401,0.498209,0.437068,0.464407,21040230.35
2022-06-14,0.464407,0.520175,0.437,0.482536,14963731.99
2022-06-15,0.482536,0.539999,0.448506,0.534584,16196490.58
2022-06-16,0.534584,0.546751,0.467637,0.476322,8882248.26
2022-06-17,0.476322,0.504213,0.471659,0.487272,5651886.17
2022-06-18,0.487272,0.495776,0.421641,0.455102,10788146.59
2022-06-19,0.455102,0.489187,0.436009,0.484675,8412337.39
2022-06-20,0.484675,0.508316,0.461534,0.491571,6960588.89
2022-06-21,0.491571,0.51142,0.475797,0.481378,5487404.38
2022-06-22,0.481378,0.481814,0.456096,0.458858,5002155.3
2022-06-23,0.458858,0.48292,0.457027,0.479832,3154502.86
2022-06-24,0.479832,0.509879,0.475829,0.498676,5197401.93
2022-06-25,0.498676,0.50799,0.477908,0.498322,4528243.86
2022-06-26,0.498322,0.525766,0.4881,0.489383,5241800.99
2022-06-27,0.489383,0.508337,0.474528,0.484955,3701201.26
2022-06-28,0.484955,0.497602,0.467462,0.469307,4113466.58
2022-06-29,0.469307,0.477068,0.458849,0.465986,3213480.1
2022-06-30,0.465986,0.467655,0.435498,0.460124,5049260.73
2022-07-01,0.460124,0.474372,0.443421,0.448696,3542315.3
2022-07-02,0.448696,0.461621,0.440584,0.4557,2609648.73
2022-07-03,0.4557,0.459695,0.443574,0.455914,1705923.09
2022-07-04,0.455914,0.475285,0.44451,0.469504,4341914.45
2022-07-05,0.469504,0.471202,0.444902,0.457456,3702995.03
2022-07-06,0.457456,0.46503,0.44766,0.462116,3265945.41
2022-07-07,0.462116,0.482537,0.461115,0.47749,2296737.8
2022-07-08,0.47749,0.492502,0.46076,0.466319,2701064.05
2022-07-09,0.466319,0.485,0.465316,0.478114,1778877.62
2022-07-10,0.478114,0.478774,0.455235,0.4625,3067707.03
2022-07-11,0.4625,0.462856,0.43209,0.434374,6360425.74
2022-07-12,0.434374,0.442242,0.415774,0.416993,7335496.15
2022-07-13,0.416993,0.441236,0.402632,0.438854,33145365.9
2022-07-14,0.438854,0.446321,0.417209,0.441625,20181337.58
2022-07-15,0.441625,0.453181,0.43265,0.442111,19143199.75
2022-07-16,0.442111,0.459093,0.431982,0.457884,14418279.15
2022-07-17,0.457884,0.465861,0.442195,0.447764,15942347.92
2022-07-18,0.447764,0.499436,0.445758,0.490631,35420295.84
2022-07-19,0.490631,0.52543,0.473157,0.515216,49431903.45
2022-07-20,0.515216,0.548649,0.487386,0.490863,48717691.05
2022-07-21,0.490863,0.502103,0.475792,0.499289,28366687.23
2022-07-22,0.499289,0.510994,0.477312,0.48282,20102594.18
2022-07-23,0.48282,0.518218,0.473007,0.517053,27647952.81
2022-07-24,0.517053,0.536255,0.509998,0.512017,23149270.48
2022-07-25,0.512017,0.515126,0.474188,0.474612,10260433.92
2022-07-26,0.474612,0.477439,0.45099,0.46779,11377511.31
2022-07-27,0.46779,0.511485,0.458975,0.51096,35569727.71
2022-07-28,0.51096,0.524302,0.488846,0.512993,27998258.8
2022-07-29,0.512993,0.5454,0.506437,0.521402,35739739.88
2022-07-30,0.521402,0.555353,0.509484,0.525609,23605702.41
2022-07-31,0.525609,0.543964,0.512875,0.516094,13604751.13
2022-08-01,0.516094,0.525991,0.500755,0.512409,6688475.63
2022-08-02,0.512409,0.515294,0.488858,0.496146,11309142.16
2022-08-03,0.496146,0.516294,0.489177,0.500448,4825256.37
2022-08-04,0.500448,0.510866,0.493771,0.499547,6960981.91
2022-08-05,0.499547,0.519211,0.499236,0.517383,8802480.4
2022-08-06,0.517383,0.523212,0.510078,0.511299,10471345.87
2022-08-07,0.511299,0.53795,0.506412,0.527502,45766459.57
2022-08-08,0.527502,0.549494,0.523018,0.537104,81622181.24
2022-08-09,0.537104,0.537352,0.506009,0.512885,77122821.01
2022-08-10,0.512885,0.538431,0.502003,0.536867,156928713.65
2022-08-11,0.536867,0.547355,0.528647,0.53027,170919754.95
2022-08-12,0.53027,0.541942,0.520682,0.540271,54485623.09
2022-08-13,0.540271,0.567388,0.538,0.559276,151619965.27
2022-08-14,0.559276,0.594499,0.556767,0.569402,203549296.23
2022-08-15,0.569402,0.581922,0.542778,0.549917,127533990.8
2022-08-16,0.549917,0.569996,0.547575,0.557021,111867305.3
2022-08-17,0.557021,0.583105,0.530812,0.538209,105741404.21
2022-08-18,0.538209,0.543945,0.506001,0.512012,77351144.12
2022-08-19,0.512012,0.512082,0.446119,0.449923,219761529.85
2022-08-20,0.449923,0.463074,0.435007,0.45079,124248895.87
2022-08-21,0.45079,0.472785,0.446787,0.462794,90052940.26
2022-08-22,0.462794,0.462986,0.437501,0.461404,95727960.86
2022-08-23,0.461404,0.469728,0.445701,0.465298,55817175.09
2022-08-24,0.465298,0.468317,0.453796,0.4578,45794950.64
2022-08-25,0.4578,0.473955,0.457582,0.464516,30932468.97
2022-08-26,0.464516,0.481991,0.42578,0.431611,175036380.54
2022-08-27,0.431611,0.45147,0.426141,0.449835,85096229.79
2022-08-28,0.449835,0.454256,0.427801,0.428992,54090256.94
2022-08-29,0.428992,0.452913,0.424113,0.450409,65436491.69
2022-08-30,0.450409,0.4628,0.438674,0.452985,76973850.37
2022-08-31,0.452985,0.463062,0.444991,0.446082,54482506.62
2022-09-01,0.446082,0.462287,0.440894,0.457304,70612572.19
2022-09-02,0.457304,0.466412,0.448902,0.454361,46235357.4
2022-09-03,0.454361,0.485798,0.453868,0.480234,73251267.5
2022-09-04,0.480234,0.51041,0.475689,0.503514,70321681.09
2022-09-05,0.503514,0.507243,0.482632,0.498418,44065939.21
2022-09-06,0.498418,0.511735,0.460109,0.462504,117758483.81
2022-09-07,0.462504,0.482088,0.453877,0.478841,63732746.02
2022-09-08,0.478841,0.482943,0.463088,0.479024,70936746.98
2022-09-09,0.479024,0.504444,0.478325,0.502188,67435222.53
2022-09-10,0.502188,0.524276,0.494602,0.512113,85759178.92
2022-09-11,0.512113,0.5195,0.500176,0.509784,53388410.5
2022-09-12,0.509784,0.5195,0.495997,0.501335,77181884.11
2022-09-13,0.501335,0.508789,0.461668,0.463633,133745394.86
2022-09-14,0.463633,0.486778,0.462098,0.480808,69192121.26
2022-09-15,0.480808,0.481662,0.462301,0.466142,97224302.79
2022-09-16,0.466142,0.4747,0.454058,0.474619,52992931.74
2022-09-17,0.474619,0.487701,0.472468,0.4858,31936500.85
2022-09-18,0.4858,0.489998,0.440029,0.447607,77805280.69
2022-09-19,0.447607,0.456674,0.433303,0.452695,81193741.68
2022-09-20,0.452695,0.454504,0.437544,0.442084,52617941.95
2022-09-21,0.442084,0.464341,0.431376,0.438826,214891467.09
2022-09-22,0.438826,0.466482,0.434469,0.458256,63626385.11
2022-09-23,0.458256,0.482586,0.446192,0.461845,127487802.24
2022-09-24,0.461845,0.468556,0.450372,0.451043,46181837.66
2022-09-25,0.451043,0.462396,0.438535,0.446389,46924164.26
2022-09-26,0.446389,0.450505,0.436611,0.447272,58080851.99
2022-09-27,0.447272,0.463247,0.437355,0.441186,55594550.16
2022-09-28,0.441186,0.443072,0.425339,0.436085,81498634.39
2022-09-29,0.436085,0.439244,0.427871,0.438057,51842044.31
2022-09-30,0.438057,0.441348,0.42948,0.434727,49069074.4
2022-10-01,0.434727,0.436342,0.428002,0.430031,22927231.72
2022-10-02,0.430031,0.432685,0.418,0.419507,39289635.53
2022-10-03,0.419507,0.428754,0.416196,0.427667,34107099.66
2022-10-04,0.427667,0.437573,0.425405,0.435501,30532866.95
2022-10-05,0.435501,0.436575,0.423714,0.430934,30626363.94
2022-10-06,0.430934,0.437336,0.42557,0.428775,35065558.45
2022-10-07,0.428775,0.430311,0.42157,0.423895,35052401.54
2022-10-08,0.423895,0.427145,0.419221,0.421974,18037835.6
2022-10-09,0.421974,0.424139,0.419113,0.423154,17100801.55
2022-10-10,0.423154,0.426726,0.398214,0.401122,88440998.73
2022-10-11,0.401122,0.401504,0.384042,0.390764,79360791.52
2022-10-12,0.390764,0.395387,0.376051,0.381328,61703397.03
2022-10-13,0.381328,0.382583,0.349942,0.376795,268045934.65
2022-10-14,0.376795,0.388764,0.361116,0.366696,69844326.42
2022-10-15,0.366696,0.36996,0.361258,0.363985,34107892.19
2022-10-16,0.363985,0.37488,0.363775,0.370199,50986794.11
2022-10-17,0.370199,0.376126,0.365733,0.372492,40021132.86
2022-10-18,0.372492,0.374197,0.357409,0.362348,55604110.91
2022-10-19,0.362348,0.362368,0.347183,0.349586,52954263.03
2022-10-20,0.349586,0.355699,0.33654,0.340215,107552782.09
2022-10-21,0.340215,0.349599,0.330106,0.349066,63668651.23
2022-10-22,0.349066,0.354317,0.342856,0.351425,33745654.04
2022-10-23,0.351425,0.36369,0.346098,0.362092,45820938.63
2022-10-24,0.362092,0.364815,0.353537,0.357304,55919621.15
2022-10-25,0.357304,0.416671,0.357056,0.399993,283181035.87
2022-10-26,0.399993,0.411958,0.394636,0.403267,44265756.06
2022-10-27,0.403267,0.418852,0.386326,0.388112,60840310.91
2022-10-28,0.388112,0.41131,0.378167,0.404518,29965081.68
2022-10-29,0.404518,0.439188,0.400997,0.420069,55152560.15
2022-10-30,0.420069,0.421376,0.398398,0.405659,35399843.19
2022-10-31,0.405659,0.415906,0.397298,0.405559,43663085.6
2022-11-01,0.405559,0.414999,0.398895,0.401162,37129069.75
2022-11-02,0.401162,0.409105,0.380417,0.385583,131980737.01
2022-11-03,0.385583,0.399001,0.38433,0.389352,45611988.01
2022-11-04,0.389352,0.425918,0.388084,0.421558,84326755.44
2022-11-05,0.421558,0.437565,0.420102,0.426383,53384112.57
2022-11-06,0.426383,0.430732,0.401744,0.40221,38902181.88
2022-11-07,0.40221,0.415911,0.398101,0.403983,35871122.7
2022-11-08,0.403983,0.415219,0.346747,0.372337,326274147.6
2022-11-09,0.372337,0.3764,0.310487,0.317351,645656437.95
2022-11-10,0.317351,0.378154,0.312121,0.368802,633051437.64
2022-11-11,0.368802,0.3741,0.342464,0.355505,61516856.88
2022-11-12,0.355505,0.356699,0.336301,0.339501,26198509.18
2022-11-13,0.339501,0.345286,0.325302,0.329875,19970774.56
2022-11-14,0.329875,0.341674,0.315,0.33174,33743154.15
2022-11-15,0.33174,0.344722,0.329119,0.337192,18906002.6
2022-11-16,0.337192,0.343998,0.32402,0.332136,12223396.71
2022-11-17,0.332136,0.334201,0.318686,0.325193,5499957.13
2022-11-18,0.325193,0.332472,0.321101,0.325948,4007363.0
2022-11-19,0.325948,0.332207,0.321832,0.328107,4130497.06
2022-11-20,0.328107,0.331034,0.310131,0.312135,6266669.33
2022-11-21,0.312135,0.313203,0.295378,0.304595,23238252.71
2022-11-22,0.304595,0.316748,0.298403,0.312397,13904077.25
2022-11-23,0.312397,0.320192,0.309354,0.318468,20368503.77
2022-11-24,0.318468,0.321146,0.311676,0.316274,8873482.15
2022-11-25,0.316274,0.317,0.307489,0.314659,5814931.36
2022-11-26,0.314659,0.322638,0.311281,0.313683,26937175.66
2022-11-27,0.313683,0.3195,0.311388,0.312514,6780987.46
2022-11-28,0.312514,0.313919,0.299899,0.306559,7397652.35
2022-11-29,0.306559,0.312696,0.304288,0.309172,6781655.86
2022-11-30,0.309172,0.320801,0.308514,0.318582,15275159.12
2022-12-01,0.318582,0.320221,0.312616,0.314499,13817552.95
2022-12-02,0.314499,0.319776,0.310708,0.319097,5374601.21
2022-12-03,0.319097,0.326137,0.316293,0.319623,13525112.22
2022-12-04,0.319623,0.324022,0.318151,0.322207,6055056.69
2022-12-05,0.322207,0.329235,0.316396,0.319382,7964332.56
2022-12-06,0.319382,0.320997,0.31391,0.318243,15918304.56
2022-12-07,0.318243,0.319587,0.306855,0.310186,48027886.72
2022-12-08,0.310186,0.315719,0.30731,0.314407,4478439.95
2022-12-09,0.314407,0.316334,0.309002,0.31164,3320861.18
2022-12-10,0.31164,0.314904,0.310783,0.312539,1831886.62
2022-12-11,0.312539,0.314754,0.305503,0.307563,6064514.97
2022-12-12,0.307563,0.307966,0.300592,0.306841,9413148.17
2022-12-13,0.306841,0.318437,0.299267,0.313812,6171280.62
2022-12-14,0.313812,0.315716,0.305367,0.30802,4911114.34
2022-12-15,0.30802,0.308538,0.297027,0.300184,4156236.93
2022-12-16,0.300184,0.30127,0.255099,0.26336,28444968.64
2022-12-17,0.26336,0.267764,0.258722,0.267088,22587686.14
2022-12-18,0.267088,0.271208,0.262719,0.265981,9393924.91
2022-12-19,0.265981,0.269312,0.248904,0.252909,21934342.03
2022-12-20,0.252909,0.26198,0.251242,0.25869,5839237.73
2022-12-21,0.25869,0.259095,0.247888,0.253396,6403383.74
2022-12-22,0.253396,0.256828,0.24707,0.256399,4550082.68
2022-12-23,0.256399,0.263942,0.25548,0.259408,4712791.78
2022-12-24,0.259408,0.26037,0.256543,0.259129,4365994.49
2022-12-25,0.259129,0.259999,0.254754,0.259067,26642659.54
2022-12-26,0.259067,0.265673,0.257539,0.265294,12991261.45
2022-12-27,0.265294,0.266392,0.25636,0.260363,91355794.83
2022-12-28,0.260363,0.261033,0.246981,0.248272,29255235.14
2022-12-29,0.248272,0.248419,0.23973,0.24395,15857752.83
2022-12-30,0.24395,0.246199,0.239387,0.245375,9490969.74
2022-12-31,0.245375,0.252337,0.244069,0.245719,10029577.76
2023-01-01,0.245719,0.249921,0.243809,0.249921,5333272.35
2023-01-02,0.249921,0.256237,0.246538,0.253708,13946121.24
2023-01-03,0.253708,0.255984,0.250201,0.252851,17166760.64
2023-01-04,0.252851,0.270419,0.25196,0.267797,18463210.69
2023-01-05,0.267797,0.271118,0.263304,0.2692,8327250.37
2023-01-06,0.2692,0.27971,0.267158,0.278485,19966590.73
2023-01-07,0.278485,0.280396,0.272412,0.276569,8484988.92
2023-01-08,0.276569,0.298816,0.274267,0.297393,25056732.99
2023-01-09,0.297393,0.345832,0.29569,0.316907,51594169.37
2023-01-10,0.316907,0.325116,0.306693,0.322397,3657356.75
2023-01-11,0.322397,0.323318,0.307392,0.322994,1758953.91
2023-01-12,0.322994,0.334863,0.315543,0.329403,4193443.34
2023-01-13,0.329403,0.350681,0.323789,0.345622,2947960.74
2023-01-14,0.345622,0.369644,0.332356,0.352321,9117934.69
2023-01-15,0.352321,0.353609,0.338261,0.350693,3488369.43
2023-01-16,0.350693,0.363992,0.33802,0.350293,3817884.62
2023-01-17,0.350293,0.357306,0.343305,0.345501,2929990.17
2023-01-18,0.345501,0.355407,0.324246,0.326606,37501353.5
2023-01-19,0.326606,0.342718,0.325174,0.338043,4329996.32
2023-01-20,0.338043,0.365575,0.333761,0.36486,5868488.42
2023-01-21,0.36486,0.380644,0.357393,0.368538,8685045.03
2023-01-22,0.368538,0.387498,0.363167,0.376395,11590682.92
2023-01-23,0.376395,0.383466,0.368605,0.374762,6624630.55
2023-01-24,0.374762,0.382739,0.355788,0.358839,5111982.51
2023-01-25,0.358839,0.379241,0.346862,0.373122,7937460.88
2023-01-26,0.373122,0.388581,0.370866,0.379848,10250605.62
2023-01-27,0.379848,0.390411,0.368184,0.389584,7014842.91
2023-01-28,0.389584,0.398007,0.378312,0.382157,3649542.96
2023-01-29,0.382157,0.398809,0.377201,0.397819,4161367.52
2023-01-30,0.397819,0.398226,0.366153,0.372403,17723064.7
2023-01-31,0.372403,0.399494,0.368217,0.389923,12907075.98
2023-02-01,0.389923,0.401521,0.37132,0.396626,12138215.52
2023-02-02,0.396626,0.413318,0.392275,0.398109,8737883.34
2023-02-03,0.398109,0.406905,0.394713,0.40391,4685044.37
2023-02-04,0.40391,0.405706,0.397695,0.399128,3753664.05
2023-02-05,0.399128,0.401799,0.382435,0.392125,14569418.78
2023-02-06,0.392125,0.403364,0.37976,0.382202,9050795.36
2023-02-07,0.382202,0.400102,0.381477,0.398852,13424786.23
2023-02-08,0.398852,0.403313,0.385623,0.393975,16242046.99
2023-02-09,0.393975,0.395432,0.354269,0.362321,22604789.6
2023-02-10,0.362321,0.365566,0.353623,0.35825,13324379.49
2023-02-11,0.35825,0.370172,0.356929,0.368533,4302266.47
2023-02-12,0.368533,0.373374,0.359373,0.36431,21864179.17
2023-02-13,0.36431,0.365509,0.345232,0.359109,21619819.7
2023-02-14,0.359109,0.392851,0.354624,0.386515,13616919.53
2023-02-15,0.386515,0.41967,0.382044,0.418829,8726612.75
2023-02-16,0.418829,0.421124,0.386416,0.387522,12591961.55
2023-02-17,0.387522,0.409484,0.385793,0.40347,2065769.28
2023-02-18,0.40347,0.418195,0.397845,0.406063,976099.12
2023-02-19,0.406063,0.412004,0.397002,0.399661,1282288.47
2023-02-20,0.399661,0.409544,0.38962,0.403663,784838.78
2023-02-21,0.403663,0.40556,0.385789,0.392478,663467.63
2023-02-22,0.392478,0.392599,0.377295,0.388959,694396.27
2023-02-23,0.388959,0.394634,0.379783,0.382192,513483.72
2023-02-24,0.382192,0.384936,0.358515,0.365642,916140.01
2023-02-25,0.365642,0.367548,0.351836,0.362255,576419.59
2023-02-26,0.362255,0.370097,0.357947,0.368707,431318.97
2023-02-27,0.368707,0.369971,0.357917,0.364708,398807.93
2023-02-28,0.364708,0.367692,0.348599,0.351904,821634.8
2023-03-01,0.351904,0.364022,0.349699,0.360338,878463.6
2023-03-02,0.360338,0.361243,0.344673,0.350207,2464001.59
2023-03-03,0.350207,0.350657,0.321799,0.342846,1999835.45
2023-03-04,0.342846,0.344559,0.330213,0.336419,765093.88
2023-03-05,0.336419,0.342747,0.334884,0.336771,1122075.12
2023-03-06,0.336771,0.338538,0.329822,0.330592,845027.74
2023-03-07,0.330592,0.334589,0.321272,0.330291,1076044.36
2023-03-08,0.330291,0.332492,0.313658,0.317482,1272649.51
2023-03-09,0.317482,0.322,0.30179,0.310024,1981923.67
2023-03-10,0.310024,0.318034,0.297922,0.314756,2458505.43
2023-03-11,0.314756,0.322048,0.301621,0.304985,2407618.96
2023-03-12,0.304985,0.33075,0.301429,0.329489,2105614.97
2023-03-13,0.3294,0.3512,0.3276,0.3433,52994910.1
2023-03-14,0.3433,0.3674,0.3367,0.3435,35703390.14
2023-03-15,0.3435,0.3464,0.3163,0.3236,25911150.23
2023-03-16,0.3236,0.3289,0.3178,0.3244,9228044.68
2023-03-17,0.3244,0.35,0.3216,0.3497,9196126.18
2023-03-18,0.3497,0.3565,0.3353,0.337,9129783.99
2023-03-19,0.337,0.3524,0.337,0.3443,6366976.96
2023-03-20,0.3443,0.346,0.3306,0.332,11031092.69
2023-03-21,0.332,0.3867,0.3295,0.3704,15361495.35
2023-03-22,0.3704,0.3868,0.3497,0.3596,14820175.39
2023-03-23,0.3596,0.3847,0.3535,0.3717,4323661.63
2023-03-24,0.3717,0.3723,0.3555,0.3594,1686232.7
2023-03-25,0.3594,0.3626,0.3487,0.3513,1173729.94
2023-03-26,0.3513,0.3613,0.3488,0.3557,2046769.47
2023-03-27,0.3557,0.3567,0.3369,0.3456,2260441.68
2023-03-28,0.3456,0.3701,0.3432,0.368,2037046.39
2023-03-29,0.368,0.3899,0.3671,0.3812,2712232.98
2023-03-30,0.3812,0.387,0.3698,0.3758,1920961.44
2023-03-31,0.3758,0.4092,0.3743,0.3988,4718581.9
2023-04-01,0.3988,0.4019,0.3886,0.3917,1548571.46
2023-04-02,0.3917,0.3926,0.3759,0.3815,2227320.72
2023-04-03,0.3815,0.4048,0.371,0.3872,3514375.16
2023-04-04,0.3872,0.3999,0.3848,0.3895,1601121.87
2023-04-05,0.3895,0.3999,0.3871,0.3924,1193602.89
2023-04-06,0.3924,0.3924,0.3764,0.3829,1557490.13
2023-04-07,0.3829,0.385,0.376,0.383,1334638.4
2023-04-08,0.383,0.3902,0.3805,0.3854,1091062.61
2023-04-09,0.3854,0.3928,0.3844,0.3893,1018940.72
2023-04-10,0.3893,0.3976,0.3848,0.397,706866.85
2023-04-11,0.397,0.4122,0.3958,0.4011,2238782.85
2023-04-12,0.4011,0.4067,0.3887,0.4044,1584868.68
2023-04-13,0.4044,0.4285,0.3994,0.4249,1948698.21
2023-04-14,0.4249,0.444,0.423,0.438,2166482.69
2023-04-15,0.438,0.4615,0.4314,0.4524,1613402.07
2023-04-16,0.4524,0.4569,0.4424,0.4513,798399.7
2023-04-17,0.4513,0.4513,0.432,0.4344,1024166.76
2023-04-18,0.4344,0.4478,0.428,0.4435,1337815.95
2023-04-19,0.4435,0.4435,0.4078,0.4162,1443397.22
2023-04-20,0.4162,0.4216,0.3959,0.4007,1215972.29
2023-04-21,0.4007,0.4064,0.379,0.383,1257317.85
2023-04-22,0.383,0.3987,0.3815,0.3956,766889.83
2023-04-23,0.3956,0.3956,0.3801,0.3888,563164.76
2023-04-24,0.3888,0.3972,0.3801,0.3836,1068756.94
2023-04-25,0.3836,0.3952,0.3762,0.395,853665.81
2023-04-26,0.395,0.4174,0.3792,0.4014,2683932.55
2023-04-27,0.4014,0.418,0.401,0.4101,5087901.32
2023-04-28,0.4101,0.4109,0.3984,0.4043,2023748.72
2023-04-29,0.4043,0.4075,0.3998,0.4025,1146051.12
2023-04-30,0.4025,0.4147,0.3945,0.3961,1258699.76
2023-05-01,0.3961,0.3977,0.3807,0.3867,1086625.63
2023-05-02,0.3867,0.3946,0.3825,0.3916,774148.92
2023-05-03,0.3916,0.3964,0.3786,0.3939,1142199.82
2023-05-04,0.3939,0.3959,0.385,0.3873,906061.27
2023-05-05,0.3873,0.3968,0.3823,0.3941,2112786.7
2023-05-06,0.3941,0.3965,0.3744,0.3789,2415654.55
2023-05-07,0.3789,0.383,0.3739,0.3758,912105.72
2023-05-08,0.3758,0.3794,0.354,0.3653,2941972.27
2023-05-09,0.3653,0.37,0.36,0.3633,2695218.04
2023-05-10,0.3633,0.3729,0.3546,0.3692,1651592.85
2023-05-11,0.3692,0.3696,0.3489,0.3597,2657375.71
2023-05-12,0.3597,0.3707,0.3541,0.3704,2029587.2
2023-05-13,0.3704,0.371,0.3625,0.3645,2205863.66
2023-05-14,0.3645,0.3729,0.3629,0.3709,998834.93
2023-05-15,0.3709,0.3757,0.366,0.3669,1973489.24
2023-05-16,0.3669,0.3703,0.3618,0.3683,2185417.06
2023-05-17,0.3683,0.3803,0.3647,0.3756,2260868.62
2023-05-18,0.3756,0.3801,0.3658,0.3713,1576718.59
2023-05-19,0.3713,0.373,0.3661,0.368,1407800.42
2023-05-20,0.368,0.3682,0.3635,0.3662,1185443.34
2023-05-21,0.3662,0.3676,0.3575,0.3602,1372779.03
2023-05-22,0.3602,0.3734,0.3555,0.3679,1642286.66
2023-05-23,0.3679,0.3754,0.3659,0.3704,1368144.42
2023-05-24,0.3704,0.3704,0.3604,0.3639,1152251.06
2023-05-25,0.3639,0.3648,0.3552,0.3581,1151134.66
2023-05-26,0.3581,0.3669,0.3539,0.3627,1645812.71
2023-05-27,0.3627,0.3673,0.3615,0.3668,1028638.39
2023-05-28,0.3668,0.3841,0.366,0.3827,1823720.21
2023-05-29,0.3827,0.3861,0.3757,0.3787,1330367.8
2023-05-30,0.3787,0.3834,0.3749,0.3779,1656992.54
2023-05-31,0.3779,0.3806,0.3703,0.3744,1994101.01
2023-06-01,0.3744,0.3754,0.3608,0.3644,2287164.92
2023-06-02,0.3644,0.3793,0.362,0.3781,1048153.26
2023-06-03,0.3781,0.3782,0.3734,0.3759,988247.08
2023-06-04,0.3759,0.3818,0.3748,0.3774,1068551.13
2023-06-05,0.3774,0.3791,0.3469,0.3512,1238854.68
2023-06-06,0.3512,0.3567,0.3367,0.3531,2317678.92
2023-06-07,0.3531,0.3531,0.3181,0.3222,4741424.54
2023-06-08,0.3222,0.3305,0.32,0.3227,1436875.49
2023-06-09,0.3227,0.3236,0.2904,0.295,2575824.83
2023-06-10,0.295,0.2952,0.2208,0.2749,8049489.83
2023-06-11,0.2749,0.2796,0.2592,0.272,4017152.25
2023-06-12,0.272,0.2862,0.2651,0.2747,1997261.22
2023-06-13,0.2747,0.2892,0.269,0.2752,2082683.1
2023-06-14,0.2752,0.2772,0.2565,0.2634,1687419.12
2023-06-15,0.2634,0.2657,0.253,0.2621,1889584.48
2023-06-16,0.2621,0.2674,0.2551,0.2632,3526434.62
2023-06-17,0.2632,0.2736,0.2608,0.2667,1108416.18
2023-06-18,0.2667,0.2689,0.2589,0.261,1060665.25
2023-06-19,0.261,0.2635,0.2575,0.2634,882371.97
2023-06-20,0.2634,0.2707,0.2525,0.2704,1639973.25
2023-06-21,0.2704,0.2889,0.2688,0.2861,1769513.55
2023-06-22,0.2861,0.3049,0.2858,0.2899,1578697.73
2023-06-23,0.2899,0.3026,0.2871,0.2965,1931683.87
2023-06-24,0.2965,0.2974,0.2844,0.2894,1197560.85
2023-06-25,0.2894,0.3045,0.2885,0.292,4080667.84
2023-06-26,0.292,0.2922,0.277,0.2806,1764151.67
2023-06-27,0.2806,0.2894,0.278,0.2866,1421368.15
2023-06-28,0.2866,0.2867,0.2611,0.2668,1594045.82
2023-06-29,0.2668,0.2781,0.2666,0.2752,1931813.32
2023-06-30,0.2752,0.2993,0.2683,0.287,2982716.09
2023-07-01,0.287,0.2931,0.2813,0.2925,771888.66
2023-07-02,0.2925,0.2933,0.286,0.2916,1375107.87
2023-07-03,0.2916,0.2993,0.2905,0.2963,1488797.75
2023-07-04,0.2963,0.3012,0.2895,0.2922,1136437.52
2023-07-05,0.2922,0.2962,0.28,0.284,1505906.43
2023-07-06,0.284,0.2936,0.2763,0.2784,2023386.31
2023-07-07,0.2784,0.2854,0.2763,0.2844,1101224.02
2023-07-08,0.2844,0.293,0.2819,0.2907,1215955.1
2023-07-09,0.2907,0.2916,0.2831,0.2847,1088616.93
2023-07-10,0.2847,0.2926,0.2782,0.2878,1745881.14
2023-07-11,0.2878,0.2939,0.2876,0.2928,1592314.86
2023-07-12,0.2928,0.2953,0.2852,0.289,1172171.26
2023-07-13,0.289,0.3666,0.2858,0.3566,6672801.38
2023-07-14,0.3566,0.3791,0.3168,0.3278,3640340.1
2023-07-15,0.3278,0.3375,0.3242,0.3262,1362877.59
2023-07-16,0.3262,0.3277,0.3121,0.3146,1737293.64
2023-07-17,0.3146,0.3196,0.3059,0.3117,2085440.19
2023-07-18,0.3117,0.314,0.3,0.3094,1985688.49
2023-07-19,0.3094,0.326,0.3069,0.3227,1797928.38
2023-07-20,0.3227,0.3328,0.3131,0.316,3214458.67
2023-07-21,0.316,0.3183,0.3106,0.3127,1500296.78
2023-07-22,0.3127,0.3149,0.3065,0.3101,1431723.81
2023-07-23,0.3101,0.319,0.3073,0.3171,1605428.28
2023-07-24,0.3171,0.319,0.3001,0.3052,1811679.36
2023-07-25,0.3052,0.3077,0.3015,0.3037,1834943.47
2023-07-26,0.3037,0.3106,0.3005,0.3068,2532674.08
2023-07-27,0.3068,0.3134,0.3054,0.3078,2468677.48
2023-07-28,0.3078,0.3132,0.3064,0.3099,1657499.2
2023-07-29,0.3099,0.3144,0.3088,0.3128,2455017.1
2023-07-30,0.3128,0.3181,0.3054,0.3155,1666586.16
2023-07-31,0.3155,0.3186,0.3064,0.307,1390478.0
2023-08-01,0.307,0.3104,0.2952,0.3103,1097147.44
2023-08-02,0.3103,0.312,0.298,0.2994,1287090.79
2023-08-03,0.2994,0.3013,0.289,0.2925,3078150.47
2023-08-04,0.2925,0.2972,0.2909,0.2936,9034543.91
2023-08-05,0.2936,0.2942,0.2903,0.2938,3135748.72
2023-08-06,0.2938,0.2958,0.2907,0.2922,1169693.18
2023-08-07,0.2922,0.2959,0.282,0.2909,1851251.44
2023-08-08,0.2909,0.3024,0.2897,0.2974,3606954.88
2023-08-09,0.2974,0.3023,0.2962,0.3014,1692057.9
2023-08-10,0.3014,0.3017,0.296,0.2965,1548159.03
2023-08-11,0.2965,0.2975,0.2924,0.2933,1092050.53
2023-08-12,0.2933,0.2946,0.2907,0.292,969636.67
2023-08-13,0.292,0.2935,0.287,0.2896,1113093.03
2023-08-14,0.2896,0.2927,0.2873,0.2907,2783434.73
2023-08-15,0.2907,0.2911,0.275,0.2823,1443472.86
2023-08-16,0.2823,0.2829,0.2656,0.2747,1530372.88
2023-08-17,0.2747,0.2784,0.2385,0.2553,2723478.18
2023-08-18,0.2553,0.2673,0.2547,0.2639,2116418.98
2023-08-19,0.2639,0.2698,0.2605,0.2688,1021391.39
2023-08-20,0.2688,0.2727,0.2647,0.2703,1347824.77
2023-08-21,0.2703,0.2725,0.2588,0.2628,1655028.7
2023-08-22,0.2628,0.2633,0.2501,0.2587,3049585.73
2023-08-23,0.2587,0.2698,0.258,0.2681,2066651.39
2023-08-24,0.2681,0.2713,0.2623,0.266,1080328.21
2023-08-25,0.266,0.271,0.2592,0.2612,1505069.09
2023-08-26,0.2612,0.2619,0.258,0.2609,1915494.87
2023-08-27,0.2609,0.2653,0.26,0.2634,1130989.88
2023-08-28,0.2634,0.2678,0.2578,0.2676,1619909.96
2023-08-29,0.2676,0.28,0.2602,0.2726,2210277.87
2023-08-30,0.2726,0.2728,0.2607,0.2655,1675147.43
2023-08-31,0.2655,0.2662,0.2498,0.2553,2093211.28
2023-09-01,0.2553,0.2588,0.2514,0.2551,2704868.26
2023-09-02,0.2551,0.2572,0.2535,0.2561,906469.87
2023-09-03,0.2561,0.2567,0.2532,0.2559,1375403.08
2023-09-04,0.2559,0.2598,0.2533,0.2562,3696497.17
2023-09-05,0.2562,0.2587,0.254,0.2578,6720978.3
2023-09-06,0.2578,0.2602,0.2525,0.2577,3375497.77
2023-09-07,0.2577,0.2594,0.2531,0.2579,5748487.89
2023-09-08,0.2579,0.2596,0.2527,0.2543,4292027.62
2023-09-09,0.2543,0.2559,0.2532,0.2533,862691.95
2023-09-10,0.2533,0.2533,0.2428,0.249,2588466.96
2023-09-11,0.249,0.2496,0.237,0.242,2221228.57
2023-09-12,0.242,0.252,0.2409,0.2453,1715626.31
2023-09-13,0.2453,0.25,0.2435,0.2486,782669.24
2023-09-14,0.2486,0.2524,0.2465,0.2512,2230891.28
2023-09-15,0.2512,0.2551,0.2452,0.2506,1236825.2
2023-09-16,0.2506,0.2538,0.2483,0.2502,859952.29
2023-09-17,0.2502,0.2512,0.2447,0.2472,804313.49
2023-09-18,0.2472,0.2559,0.2444,0.2515,1865615.59
2023-09-19,0.2515,0.2575,0.2507,0.2548,1852663.54
2023-09-20,0.2548,0.2563,0.2502,0.2517,2523847.34
2023-09-21,0.2517,0.2531,0.2449,0.2449,1851207.36
2023-09-22,0.2449,0.2465,0.2427,0.2448,1459907.74
2023-09-23,0.2448,0.2468,0.2436,0.2461,1341586.8
2023-09-24,0.2461,0.2463,0.2417,0.2428,1410228.88
2023-09-25,0.2428,0.2462,0.2407,0.2458,2761196.81
2023-09-26,0.2458,0.2478,0.2432,0.2455,1623292.38
2023-09-27,0.2455,0.2483,0.2427,0.2446,1555179.77
2023-09-28,0.2446,0.2507,0.2433,0.2488,1829814.93
2023-09-29,0.2488,0.2559,0.2476,0.2493,1883534.26
2023-09-30,0.2493,0.2548,0.2489,0.254,1533876.49
2023-10-01,0.254,0.2678,0.2537,0.2658,3340422.44
2023-10-02,0.2658,0.2694,0.2577,0.259,7870909.62
2023-10-03,0.259,0.2646,0.2575,0.2609,4015900.55
2023-10-04,0.2609,0.2613,0.2529,0.2589,3374485.39
2023-10-05,0.2589,0.2639,0.2566,0.2601,3302292.22
2023-10-06,0.2601,0.2667,0.2601,0.2647,1904454.55
2023-10-07,0.2647,0.2657,0.2567,0.2587,5777359.58
2023-10-08,0.2587,0.259,0.2553,0.2564,2187789.69
2023-10-09,0.2564,0.2587,0.2489,0.2513,13038973.54
2023-10-10,0.2513,0.2539,0.2467,0.249,11683180.3
2023-10-11,0.249,0.2496,0.2447,0.2481,22971119.07
2023-10-12,0.2481,0.2481,0.2422,0.2461,12985545.92
2023-10-13,0.2461,0.2498,0.2449,0.2458,13689080.58
2023-10-14,0.2458,0.2478,0.2449,0.247,7395795.54
2023-10-15,0.247,0.2484,0.2453,0.2474,8949220.45
2023-10-16,0.2474,0.26,0.2471,0.2514,39370937.74
2023-10-17,0.2514,0.2519,0.2447,0.2464,21614869.66
2023-10-18,0.2464,0.2484,0.2422,0.243,17309851.75
2023-10-19,0.243,0.247,0.2395,0.247,22665832.62
2023-10-20,0.247,0.2533,0.2453,0.2513,33507526.33
2023-10-21,0.2513,0.263,0.2494,0.2587,36024758.66
2023-10-22,0.2587,0.2644,0.2552,0.264,28663780.0
2023-10-23,0.264,0.2814,0.2616,0.2807,66511337.39
2023-10-24,0.2807,0.2939,0.2733,0.2792,82205398.64
2023-10-25,0.2792,0.29,0.2761,0.2808,48773283.09
2023-10-26,0.2808,0.2973,0.28,0.2871,58816337.03
2023-10-27,0.2871,0.2926,0.2806,0.2894,27740090.48
2023-10-28,0.2894,0.2975,0.2887,0.291,20210559.86
2023-10-29,0.291,0.2987,0.2881,0.2954,21493989.0
2023-10-30,0.2954,0.3032,0.292,0.3031,41726513.13
2023-10-31,0.3031,0.3046,0.2846,0.2929,53979334.26
2023-11-01,0.2929,0.3087,0.2841,0.3072,68249231.55
2023-11-02,0.3072,0.3296,0.2981,0.323,93347260.56
2023-11-03,0.323,0.3297,0.3114,0.3291,62385550.63
2023-11-04,0.3291,0.3306,0.3208,0.3277,30303778.63
2023-11-05,0.3277,0.35,0.326,0.3418,62348170.32
2023-11-06,0.3418,0.3759,0.3374,0.3624,82837215.47
2023-11-07,0.3624,0.3656,0.3335,0.3512,93633782.44
2023-11-08,0.3512,0.3603,0.3486,0.3579,53084131.0
2023-11-09,0.3579,0.3866,0.3403,0.3685,129346224.54
2023-11-10,0.3685,0.3886,0.3626,0.386,90415451.98
2023-11-11,0.386,0.3953,0.3694,0.3844,90093324.87
2023-11-12,0.3844,0.3914,0.3706,0.3834,62911621.71
2023-11-13,0.3834,0.3885,0.3528,0.3567,82072065.96
2023-11-14,0.3567,0.3719,0.3388,0.3579,77026584.47
2023-11-15,0.3579,0.3794,0.3534,0.3786,59706435.69
2023-11-16,0.3786,0.4095,0.3586,0.3707,138279761.46
2023-11-17,0.3707,0.3783,0.3525,0.3669,68167950.41
2023-11-18,0.3669,0.3777,0.3487,0.3772,53593166.38
2023-11-19,0.3772,0.3858,0.3686,0.3841,48332195.76
2023-11-20,0.3841,0.3994,0.378,0.3804,62892693.41
2023-11-21,0.3804,0.3899,0.3553,0.3567,79209892.58
2023-11-22,0.3567,0.3874,0.3556,0.3805,45190560.84
2023-11-23,0.3805,0.3874,0.3759,0.3872,31886635.04
2023-11-24,0.3872,0.3977,0.3835,0.3861,49351648.92
2023-11-25,0.3861,0.3961,0.3844,0.3941,24221667.1
2023-11-26,0.3941,0.3956,0.3781,0.3874,30706723.94
2023-11-27,0.3874,0.3922,0.3712,0.3778,34030608.7
2023-11-28,0.3778,0.3884,0.3692,0.3857,37667117.62
2023-11-29,0.3857,0.3892,0.3774,0.3817,32072152.93
2023-11-30,0.3817,0.3829,0.3718,0.376,27378659.79
2023-12-01,0.376,0.3855,0.3735,0.3843,27470497.97
2023-12-02,0.3843,0.398,0.3827,0.3975,32981656.82
2023-12-03,0.3975,0.4029,0.3878,0.3949,43415070.09
2023-12-04,0.3949,0.415,0.3915,0.4068,82326872.03
2023-12-05,0.4068,0.426,0.3968,0.4257,69314308.85
2023-12-06,0.4257,0.455,0.4162,0.4428,119691926.5
2023-12-07,0.4428,0.4594,0.4313,0.4555,85140748.53
2023-12-08,0.4555,0.572,0.4519,0.5454,234904717.67
2023-12-09,0.5454,0.6472,0.544,0.5791,320548654.02
2023-12-10,0.5791,0.6174,0.5695,0.5947,137728043.19
2023-12-11,0.5947,0.5986,0.5133,0.5507,177632607.45
2023-12-12,0.5507,0.6067,0.5507,0.578,162509601.28
2023-12-13,0.578,0.6787,0.5424,0.6678,221178605.26
2023-12-14,0.6678,0.6803,0.6097,0.6432,152227001.74
2023-12-15,0.6432,0.6542,0.5999,0.6005,102138826.42
2023-12-16,0.6005,0.6259,0.5867,0.6078,69631797.54
2023-12-17,0.6078,0.6182,0.5772,0.5804,60121765.54
2023-12-18,0.5804,0.6033,0.5437,0.6022,91456790.22
2023-12-19,0.6022,0.6173,0.5662,0.5761,89591101.91
2023-12-20,0.5761,0.61,0.5684,0.5892,90461394.83
2023-12-21,0.5892,0.6398,0.5817,0.6351,103091365.21
2023-12-22,0.6351,0.6512,0.6058,0.6226,94936263.72
2023-12-23,0.6226,0.6231,0.5964,0.6131,56776094.27
2023-12-24,0.6131,0.6287,0.5855,0.5918,96658776.84
2023-12-25,0.5918,0.635,0.5891,0.624,76482641.4
2023-12-26,0.624,0.628,0.5551,0.6087,98498785.76
2023-12-27,0.6087,0.6431,0.5839,0.6334,101256941.91
2023-12-28,0.6334,0.6766,0.61,0.6157,143879532.12
2023-12-29,0.6157,0.6259,0.5911,0.6082,88436336.56
2023-12-30,0.6082,0.6133,0.5928,0.6011,42804297.98
2023-12-31,0.6011,0.61,0.5801,0.594,46297788.36
2024-01-01,0.594,0.624,0.5902,0.6233,41166121.92
2024-01-02,0.6233,0.6371,0.6017,0.605,73199194.04
2024-01-03,0.605,0.6188,0.498,0.5568,144871722.44
2024-01-04,0.5568,0.5791,0.549,0.57,69777558.21
2024-01-05,0.57,0.5726,0.5221,0.5414,72563011.26
2024-01-06,0.5414,0.5429,0.5067,0.5227,56685990.01
2024-01-07,0.5227,0.53,0.4878,0.4945,53059566.67
2024-01-08,0.4945,0.545,0.4644,0.5411,103430657.32
2024-01-09,0.5411,0.5436,0.4964,0.5123,79433050.37
2024-01-10,0.5123,0.5895,0.4876,0.566,119930323.3
2024-01-11,0.566,0.6174,0.5608,0.5821,130362520.76
2024-01-12,0.5821,0.589,0.5277,0.5476,74814004.14
2024-01-13,0.5476,0.554,0.531,0.5493,35609605.29
2024-01-14,0.5493,0.5502,0.5234,0.5252,33963413.18
2024-01-15,0.5252,0.5416,0.5217,0.5276,30601897.41
2024-01-16,0.5276,0.5483,0.5251,0.5355,35898176.79
2024-01-17,0.5355,0.5396,0.5213,0.5283,30653861.94
2024-01-18,0.5283,0.5283,0.4956,0.5025,41722683.57
2024-01-19,0.5025,0.5054,0.4713,0.5043,56492867.24
2024-01-20,0.5043,0.5179,0.4986,0.5162,38006525.43
2024-01-21,0.5162,0.5205,0.5024,0.5032,25555883.89
2024-01-22,0.5032,0.5063,0.4768,0.4786,65693153.22
2024-01-23,0.4786,0.4863,0.4477,0.4772,84924056.93
2024-01-24,0.4772,0.4805,0.4642,0.4765,45123714.1
2024-01-25,0.4765,0.4841,0.4585,0.4667,38858161.84
2024-01-26,0.4667,0.4903,0.4629,0.4849,51195406.4
2024-01-27,0.4849,0.49,0.4755,0.4862,27030569.5
2024-01-28,0.4862,0.5006,0.4834,0.4902,45653810.53
2024-01-29,0.4902,0.5282,0.4836,0.526,57322427.04
2024-01-30,0.526,0.5368,0.5122,0.5136,62887716.33
2024-01-31,0.5136,0.5203,0.4933,0.4976,59613121.17
2024-02-01,0.4976,0.5084,0.4859,0.5077,45826051.04
2024-02-02,0.5077,0.5244,0.5041,0.5147,50235565.52
2024-02-03,0.5147,0.5257,0.5117,0.5125,30170956.38
2024-02-04,0.5125,0.5127,0.4932,0.4934,27272008.27
2024-02-05,0.4934,0.5061,0.4873,0.4943,18861650.73
2024-02-06,0.4943,0.5041,0.489,0.4983,1772579.78
2024-02-07,0.4983,0.5025,0.4732,0.5022,3943563.74
2024-02-08,0.5022,0.536,0.5022,0.53,6367065.96
2024-02-09,0.53,0.5483,0.5278,0.5404,5213054.01
2024-02-10,0.5404,0.5573,0.5283,0.5516,3143321.16
2024-02-11,0.5516,0.5653,0.5354,0.5414,3075230.93
2024-02-12,0.5414,0.5656,0.5309,0.5593,3309960.39
2024-02-13,0.5593,0.5644,0.5343,0.5448,4257067.92
2024-02-14,0.5448,0.5828,0.5396,0.5768,4967337.31
2024-02-15,0.5768,0.6125,0.5714,0.6086,6724309.89
2024-02-16,0.6086,0.6132,0.5827,0.5987,5037709.45
2024-02-17,0.5987,0.6105,0.5689,0.6096,8255876.94
2024-02-18,0.6096,0.6389,0.6095,0.6194,10092043.95
2024-02-19,0.6194,0.6384,0.6149,0.6308,9516561.36
2024-02-20,0.6308,0.6406,0.5963,0.6219,20541330.59
2024-02-21,0.6219,0.6233,0.5748,0.5987,7055188.4
2024-02-22,0.5987,0.6079,0.5811,0.5859,8165869.66
2024-02-23,0.5859,0.5952,0.5681,0.5824,6221415.49
2024-02-24,0.5824,0.5997,0.57,0.5969,7070075.97
2024-02-25,0.5969,0.6006,0.5807,0.5913,6174919.89
2024-02-26,0.5913,0.622,0.5736,0.6191,9803749.23
2024-02-27,0.6191,0.6299,0.6075,0.6239,5436204.38
2024-02-28,0.6239,0.661,0.5767,0.6292,8815600.43
2024-02-29,0.6292,0.7086,0.6227,0.6541,8434185.38
2024-03-01,0.6541,0.7199,0.6532,0.7188,22504762.44
2024-03-02,0.7188,0.7637,0.7175,0.7417,8700770.63
2024-03-03,0.7417,0.742,0.6855,0.7279,7910265.04
2024-03-04,0.7279,0.7982,0.723,0.7694,7540849.88
2024-03-05,0.7694,0.7827,0.5724,0.6923,10405872.51
2024-03-06,0.6923,0.7567,0.6655,0.7345,4200085.59
2024-03-07,0.7345,0.7549,0.7189,0.7426,4104944.64
2024-03-08,0.7426,0.7543,0.6939,0.723,3449879.44
2024-03-09,0.723,0.746,0.7206,0.7419,3739608.67
2024-03-10,0.7419,0.744,0.7,0.7166,3020593.2
2024-03-11,0.7166,0.788,0.6851,0.7751,7300132.8
2024-03-12,0.7751,0.7753,0.7044,0.7482,7844962.69
2024-03-13,0.7482,0.773,0.7358,0.7643,7678140.97
2024-03-14,0.7643,0.81,0.7133,0.7509,19092712.36
2024-03-15,0.7509,0.7642,0.669,0.7274,15424190.52
2024-03-16,0.7274,0.7353,0.6504,0.6591,11285479.83
2024-03-17,0.6591,0.6876,0.6289,0.6814,10449215.68
2024-03-18,0.6814,0.6986,0.6422,0.6602,12678377.91
2024-03-19,0.6602,0.6662,0.5801,0.5866,22848460.05
2024-03-20,0.5866,0.644,0.5691,0.6397,18124215.74
2024-03-21,0.6397,0.6482,0.6177,0.6318,10228845.23
2024-03-22,0.6318,0.6427,0.5989,0.6146,12151746.6
2024-03-23,0.6146,0.6394,0.6102,0.6231,7418463.17
2024-03-24,0.6231,0.6482,0.6223,0.6468,7467173.18
2024-03-25,0.6468,0.6684,0.638,0.6566,9966689.62
2024-03-26,0.6566,0.6837,0.6517,0.665,9485725.14
2024-03-27,0.665,0.6709,0.6303,0.6478,10668274.08
2024-03-28,0.6478,0.658,0.6352,0.651,6925440.26
2024-03-29,0.651,0.6678,0.635,0.6642,9590833.37
2024-03-30,0.6642,0.6691,0.6415,0.6437,6390667.96
2024-03-31,0.6437,0.6535,0.6418,0.6501,4734048.04
2024-04-01,0.6501,0.6515,0.605,0.6212,11376022.23
2024-04-02,0.6212,0.6214,0.5728,0.5807,14514773.66
2024-04-03,0.5807,0.595,0.5622,0.5693,8871547.09
2024-04-04,0.5693,0.5967,0.5589,0.583,9477269.1
2024-04-05,0.583,0.5849,0.5596,0.5741,7554891.2
2024-04-06,0.5741,0.5896,0.5714,0.5836,3663558.63
2024-04-07,0.5836,0.5972,0.5816,0.5892,4966793.24
2024-04-08,0.5892,0.6166,0.5793,0.6137,7926020.8
2024-04-09,0.6137,0.6242,0.5902,0.5911,10695960.73
2024-04-10,0.5911,0.5941,0.558,0.5864,10818183.2
2024-04-11,0.5864,0.5945,0.5755,0.5858,6001035.65
2024-04-12,0.5858,0.5924,0.4613,0.5026,24537848.04
2024-04-13,0.5026,0.5161,0.4,0.4449,25815067.98
2024-04-14,0.4449,0.4778,0.4325,0.4674,19979144.71
2024-04-15,0.4674,0.4952,0.4388,0.4609,25152812.6
2024-04-16,0.4609,0.4781,0.4392,0.4583,16109603.73
2024-04-17,0.4583,0.4649,0.4273,0.444,17477133.56
2024-04-18,0.444,0.461,0.4343,0.4579,12612690.12
2024-04-19,0.4579,0.4759,0.4227,0.4675,20507185.7
2024-04-20,0.4675,0.5082,0.4643,0.5073,16737330.33
2024-04-21,0.5073,0.5127,0.4875,0.4994,9435105.44
2024-04-22,0.4994,0.5225,0.4948,0.5166,10265835.9
2024-04-23,0.5166,0.5217,0.497,0.4999,10491863.33
2024-04-24,0.4999,0.5109,0.4688,0.4747,15274323.63
2024-04-25,0.4747,0.4799,0.4624,0.4705,8966949.09
2024-04-26,0.4705,0.4788,0.4608,0.463,4734860.1
2024-04-27,0.463,0.4699,0.4449,0.4673,2486001.65
2024-04-28,0.4673,0.4783,0.4583,0.4601,1849142.96
2024-04-29,0.4601,0.4638,0.4463,0.457,5151219.62
2024-04-30,0.457,0.4631,0.426,0.4413,8689466.68
2024-05-01,0.4413,0.4576,0.4185,0.45,11135443.21
2024-05-02,0.45,0.4622,0.4387,0.4578,6167792.91
2024-05-03,0.4578,0.4731,0.4462,0.4673,3633589.05
2024-05-04,0.4673,0.4753,0.4624,0.4633,1854416.62
2024-05-05,0.4633,0.4659,0.4522,0.4579,2552269.21
2024-05-06,0.4579,0.4753,0.4515,0.4539,7021237.53
2024-05-07,0.4539,0.4566,0.4409,0.4415,5882915.85
2024-05-08,0.4415,0.4689,0.4363,0.4519,10427698.74
2024-05-09,0.4519,0.4645,0.4475,0.4634,5713115.12
2024-05-10,0.4634,0.4688,0.4435,0.4479,3601910.78
2024-05-11,0.4479,0.4511,0.4379,0.4388,1160272.69
2024-05-12,0.4388,0.4433,0.4336,0.4378,1519609.47
2024-05-13,0.4378,0.4529,0.4253,0.4368,4797370.67
2024-05-14,0.4368,0.4386,0.4261,0.4283,3773093.14
2024-05-15,0.4283,0.455,0.4261,0.4524,4191753.76
2024-05-16,0.4524,0.4627,0.4488,0.4598,4367240.69
2024-05-17,0.4598,0.4907,0.4551,0.4824,4982715.71
2024-05-18,0.4824,0.486,0.4755,0.4819,2229606.25
2024-05-19,0.4819,0.4839,0.4649,0.4671,2966634.86
2024-05-20,0.4671,0.5032,0.4609,0.502,6177049.64
2024-05-21,0.502,0.5106,0.4906,0.4946,6299896.29
2024-05-22,0.4946,0.4954,0.4748,0.4835,4592319.07
2024-05-23,0.4835,0.4885,0.4442,0.4655,7517098.1
2024-05-24,0.4655,0.4696,0.4541,0.46,3548864.0
2024-05-25,0.46,0.4647,0.4572,0.4622,2461436.4
2024-05-26,0.4622,0.463,0.4556,0.458,3223803.08
2024-05-27,0.458,0.4749,0.4567,0.4683,3782711.08
2024-05-28,0.4683,0.4693,0.452,0.4577,4345380.11
2024-05-29,0.4577,0.464,0.4506,0.4511,3935639.98
2024-05-30,0.4511,0.4556,0.4432,0.4464,4419078.44
2024-05-31,0.4464,0.4558,0.444,0.447,3114852.2
2024-06-01,0.447,0.4533,0.445,0.4499,742573.59
2024-06-02,0.4499,0.454,0.4409,0.4464,2790619.36
2024-06-03,0.4464,0.463,0.4433,0.4574,17121410.24
2024-06-04,0.4574,0.4655,0.4526,0.4615,15743770.41
2024-06-05,0.4615,0.4654,0.457,0.4613,16841433.71
2024-06-06,0.4613,0.4621,0.4505,0.4581,18286173.58
2024-06-07,0.4581,0.49,0.4256,0.4492,11449127.29
2024-06-08,0.4492,0.4492,0.4327,0.4368,1352323.79
2024-06-09,0.4368,0.4462,0.432,0.4441,1479826.17
2024-06-10,0.4441,0.4514,0.435,0.4405,11428345.37
2024-06-11,0.4405,0.4419,0.4129,0.4219,22757927.01
2024-06-12,0.4219,0.4443,0.4144,0.4377,10674173.86
2024-06-13,0.4377,0.4392,0.4191,0.4209,5293930.82
2024-06-14,0.4209,0.4248,0.4,0.4121,5575317.8
2024-06-15,0.4121,0.4158,0.4081,0.414,2322055.71
2024-06-16,0.414,0.4192,0.4092,0.4167,2264442.25
2024-06-17,0.4167,0.421,0.3901,0.4012,8030530.72
2024-06-18,0.4012,0.4027,0.3583,0.3836,14555480.75
2024-06-19,0.3836,0.3978,0.3802,0.3844,5721649.59
2024-06-20,0.3844,0.3973,0.3773,0.3844,5594679.21
2024-06-21,0.3844,0.3909,0.3737,0.3758,3810426.32
2024-06-22,0.3758,0.3903,0.3714,0.3846,2229723.03
2024-06-23,0.3846,0.393,0.3789,0.38,2513657.53
2024-06-24,0.38,0.3816,0.3622,0.3777,11151257.93
2024-06-25,0.3777,0.3973,0.3769,0.3918,6661252.45
2024-06-26,0.3918,0.3964,0.3826,0.385,7177397.09
2024-06-27,0.385,0.3942,0.3776,0.3912,8053866.76
2024-06-28,0.3912,0.397,0.3851,0.3857,8726389.66
2024-06-29,0.3857,0.4039,0.3833,0.384,6333025.03
2024-06-30,0.384,0.3944,0.3785,0.3925,4787016.21
2024-07-01,0.3925,0.4085,0.3915,0.4032,6692410.23
2024-07-02,0.4032,0.4198,0.4026,0.4183,6833891.64
2024-07-03,0.4183,0.4235,0.4003,0.407,8988336.57
2024-07-04,0.407,0.4137,0.3614,0.3623,14215411.09
2024-07-05,0.3623,0.3623,0.3171,0.3498,22201972.34
2024-07-06,0.3498,0.3732,0.3466,0.371,1655936.25
2024-07-07,0.371,0.3713,0.3446,0.3466,953899.35
2024-07-08,0.3466,0.3801,0.3308,0.3691,19248874.93
2024-07-09,0.3691,0.3809,0.3626,0.3755,10043891.24
2024-07-10,0.3755,0.39,0.3717,0.3884,9328040.36
2024-07-11,0.3884,0.405,0.3844,0.3958,12827197.37
2024-07-12,0.3958,0.4181,0.3932,0.4166,13673256.25
2024-07-13,0.4166,0.4464,0.4115,0.4416,13490947.76
2024-07-14,0.4416,0.445,0.4248,0.4318,13433178.4
2024-07-15,0.4318,0.4459,0.431,0.4449,16910553.16
2024-07-16,0.4449,0.4526,0.4264,0.438,17804689.85
2024-07-17,0.438,0.4569,0.4355,0.4359,15262655.94
2024-07-18,0.4359,0.4497,0.4199,0.4235,11309414.47
2024-07-19,0.4235,0.4429,0.4146,0.4389,11390566.44
2024-07-20,0.4389,0.4419,0.4276,0.4373,7836074.93
2024-07-21,0.4373,0.449,0.4165,0.4469,12685412.17
2024-07-22,0.4469,0.4503,0.4235,0.4262,13740140.75
2024-07-23,0.4262,0.4296,0.403,0.41,4707953.54
2024-07-24,0.41,0.4217,0.4039,0.4064,1994458.72
2024-07-25,0.4064,0.4082,0.3818,0.3948,1390108.44
2024-07-26,0.3948,0.4197,0.3946,0.4172,2603963.71
2024-07-27,0.4172,0.4287,0.4133,0.4177,108298573.84
2024-07-28,0.4177,0.4207,0.4046,0.4073,45604604.1
2024-07-29,0.4073,0.4272,0.4031,0.4032,2764363.95
2024-07-30,0.4032,0.4075,0.3949,0.4014,773699.53
2024-07-31,0.4014,0.4078,0.3872,0.3881,976151.73
2024-08-01,0.3881,0.3956,0.3683,0.3928,1211120.02
2024-08-02,0.3928,0.3953,0.3582,0.3636,1284690.03
2024-08-03,0.3636,0.373,0.3499,0.3645,1396041.16
2024-08-04,0.3645,0.3675,0.3349,0.3441,1915514.05
2024-08-05,0.3441,0.3459,0.2764,0.3117,3768203.96
2024-08-06,0.3117,0.3368,0.3114,0.3311,1556984.39
2024-08-07,0.3311,0.3406,0.3162,0.3234,1940399.28
2024-08-08,0.3234,0.3534,0.3188,0.3515,2428857.61
2024-08-09,0.3515,0.3543,0.3368,0.3483,1147170.03
2024-08-10,0.3483,0.3523,0.3443,0.3457,1336598.96
2024-08-11,0.3457,0.3565,0.327,0.3275,2739021.09
2024-08-12,0.3275,0.3443,0.3267,0.339,1190084.81
2024-08-13,0.339,0.3447,0.3309,0.3399,1823741.94
2024-08-14,0.3399,0.3456,0.331,0.3353,1301078.9
2024-08-15,0.3353,0.3419,0.3204,0.3249,986937.38
2024-08-16,0.3249,0.3453,0.3203,0.3302,1519541.54
2024-08-17,0.3302,0.3388,0.3274,0.3373,1743490.05
2024-08-18,0.3373,0.3399,0.3328,0.3342,663158.51
2024-08-19,0.3342,0.3377,0.3282,0.3366,954486.51
2024-08-20,0.3366,0.3482,0.3358,0.3434,1779634.25
2024-08-21,0.3434,0.3773,0.3428,0.3688,1777615.56
2024-08-22,0.3688,0.3774,0.3642,0.3763,2121848.78
2024-08-23,0.3763,0.3923,0.3738,0.3912,2015913.3
2024-08-24,0.3912,0.4014,0.3878,0.3934,1750816.11
2024-08-25,0.3934,0.3937,0.3775,0.385,1874631.62
2024-08-26,0.385,0.3877,0.366,0.3662,1389217.32
2024-08-27,0.3662,0.3728,0.342,0.3503,1019791.92
2024-08-28,0.3503,0.3605,0.341,0.3501,1357659.33
2024-08-29,0.3501,0.3675,0.3493,0.3581,5921244.62
2024-08-30,0.3581,0.362,0.3376,0.347,1619309.44
2024-08-31,0.347,0.3504,0.3444,0.3451,1079314.26
2024-09-01,0.3451,0.3458,0.3277,0.331,883128.24
2024-09-02,0.331,0.3372,0.3252,0.3362,2660734.87
2024-09-03,0.3362,0.3396,0.3174,0.3185,1173458.2
2024-09-04,0.3185,0.3292,0.3054,0.3232,1407705.57
2024-09-05,0.3232,0.3403,0.3198,0.3251,3285519.9
2024-09-06,0.3251,0.3318,0.3036,0.3148,1818077.74
2024-09-07,0.3148,0.3278,0.3147,0.3253,1572722.82
2024-09-08,0.3253,0.3408,0.3237,0.3389,1375838.7
2024-09-09,0.3389,0.3488,0.3376,0.3434,2639780.6
2024-09-10,0.3434,0.3457,0.3374,0.343,2647743.11
2024-09-11,0.343,0.3572,0.33,0.353,757739.51
2024-09-12,0.353,0.3612,0.3522,0.3562,733433.14
2024-09-13,0.3562,0.365,0.3502,0.3606,2008527.9
2024-09-14,0.3606,0.3616,0.3511,0.354,660164.58
2024-09-15,0.354,0.3563,0.3343,0.3386,1369736.66
2024-09-16,0.3386,0.3386,0.3264,0.3303,866329.81
2024-09-17,0.3303,0.343,0.3284,0.3339,1532899.71
2024-09-18,0.3339,0.3443,0.3272,0.3443,1870249.59
2024-09-19,0.3443,0.3564,0.3443,0.351,3150128.07
2024-09-20,0.351,0.3612,0.3489,0.3522,1427962.68
2024-09-21,0.3522,0.3599,0.3505,0.3584,698812.96
2024-09-22,0.3584,0.3593,0.343,0.3517,1241132.23
2024-09-23,0.3517,0.3656,0.3456,0.3638,2449902.98
2024-09-24,0.3638,0.3915,0.3584,0.3875,2519934.69
2024-09-25,0.3875,0.3936,0.3791,0.3812,1839431.35
2024-09-26,0.3812,0.4035,0.3781,0.4015,2262125.25
2024-09-27,0.4015,0.4156,0.3997,0.4016,2288992.93
2024-09-28,0.4016,0.4059,0.3923,0.4005,1573146.51
2024-09-29,0.4005,0.4042,0.3927,0.3977,1502461.05
2024-09-30,0.3977,0.3977,0.3707,0.3732,1370189.48
2024-10-01,0.3732,0.386,0.3426,0.3522,3974742.39
2024-10-02,0.3522,0.3624,0.3358,0.3432,2242422.67
2024-10-03,0.3432,0.3496,0.3321,0.3452,1950167.94
2024-10-04,0.3452,0.356,0.3429,0.3516,727841.16
2024-10-05,0.3516,0.3558,0.3454,0.351,1140392.34
2024-10-06,0.351,0.3585,0.3479,0.3574,556226.79
2024-10-07,0.3574,0.3684,0.3505,0.3507,1760096.34
2024-10-08,0.3507,0.357,0.3413,0.3448,1694736.73
2024-10-09,0.3448,0.3479,0.3342,0.3394,1180733.46
2024-10-10,0.3394,0.3418,0.3316,0.3395,2717807.66
2024-10-11,0.3395,0.3549,0.3382,0.3516,822463.95
2024-10-12,0.3516,0.3568,0.3509,0.3532,869328.62
2024-10-13,0.3532,0.3595,0.3444,0.3487,1112517.58
2024-10-14,0.3487,0.3654,0.3423,0.3644,3293236.5
2024-10-15,0.3644,0.371,0.3479,0.3591,2477188.13
2024-10-16,0.3591,0.3611,0.3509,0.3522,1187096.08
2024-10-17,0.3522,0.355,0.3395,0.3432,1930646.15
2024-10-18,0.3432,0.353,0.3426,0.3506,1294846.88
2024-10-19,0.3506,0.357,0.3492,0.3514,1275322.46
2024-10-20,0.3514,0.3657,0.3482,0.3649,1223700.95
2024-10-21,0.3649,0.3724,0.353,0.3607,1923537.1
2024-10-22,0.3607,0.368,0.3551,0.3645,1451687.64
2024-10-23,0.3645,0.369,0.3426,0.3497,1689316.43
2024-10-24,0.3497,0.355,0.3398,0.3465,1732549.8
2024-10-25,0.3465,0.3472,0.3149,0.3261,1772999.49
2024-10-26,0.3261,0.3349,0.3208,0.3338,827863.11
2024-10-27,0.3338,0.3423,0.3309,0.3399,1125836.8
2024-10-28,0.3399,0.348,0.3304,0.3438,1634124.23
2024-10-29,0.3438,0.357,0.3429,0.356,2691168.76
2024-10-30,0.356,0.3639,0.3508,0.3551,2109788.31
2024-10-31,0.3551,0.3613,0.3404,0.3418,1941478.85
2024-11-01,0.3418,0.362,0.3342,0.3575,2374026.33
2024-11-02,0.3575,0.3636,0.3453,0.3481,824741.01
2024-11-03,0.3481,0.3481,0.3275,0.3339,1519889.01
2024-11-04,0.3339,0.3368,0.3206,0.3263,1539829.19
2024-11-05,0.3263,0.3381,0.3261,0.3336,1309979.53
2024-11-06,0.3336,0.3658,0.3335,0.3631,3868006.99
2024-11-07,0.3631,0.4068,0.3614,0.4065,32823558.8
2024-11-08,0.4065,0.4586,0.4039,0.4446,183988524.51
2024-11-09,0.4446,0.4984,0.4272,0.4965,50844510.5
2024-11-10,0.4965,0.6595,0.4879,0.5902,851600950.69
2024-11-11,0.5902,0.6245,0.56,0.613,323889335.22
2024-11-12,0.613,0.6541,0.5551,0.5708,134888830.86
2024-11-13,0.5708,0.6097,0.5193,0.5783,60991329.24
2024-11-14,0.5783,0.5999,0.5417,0.5793,34043483.93
2024-11-15,0.5793,0.7072,0.5747,0.7064,100033321.84
2024-11-16,0.7064,0.8187,0.7033,0.7416,77186054.17
2024-11-17,0.7416,0.7768,0.6908,0.7026,36353144.97
2024-11-18,0.7026,0.7838,0.7005,0.7326,28962388.87
2024-11-19,0.7326,0.765,0.7203,0.7381,28688700.29
2024-11-20,0.7381,0.848,0.7381,0.7998,80663369.49
2024-11-21,0.7998,0.8238,0.7666,0.8215,75553926.17
2024-11-22,0.8215,1.0432,0.8123,1.0176,181321391.84
2024-11-23,1.0176,1.1533,1.0158,1.0657,196609881.44
2024-11-24,1.0657,1.0977,0.94,1.0222,125663031.22
2024-11-25,1.0222,1.0774,0.9299,0.9436,101888402.82
2024-11-26,0.9436,0.99,0.8743,0.9605,75995280.36
2024-11-27,0.9605,1.041,0.9319,1.0117,67533127.35
2024-11-28,1.0117,1.0488,0.9695,1.0323,30166842.99
2024-11-29,1.0323,1.0992,1.0273,1.0754,52136003.98
2024-11-30,1.0754,1.1496,1.05,1.0794,66002665.42
2024-12-01,1.0794,1.1629,1.0376,1.1497,48198954.3
2024-12-02,1.1497,1.2423,1.0571,1.2019,155704979.27
2024-12-03,1.2019,1.3261,1.1411,1.1916,141156554.18
2024-12-04,1.1916,1.2414,1.1409,1.1869,67233615.01
2024-12-05,1.1869,1.2442,1.1161,1.1595,78442013.6
2024-12-06,1.1595,1.237,1.1344,1.2281,44390533.55
2024-12-07,1.2281,1.2366,1.1885,1.2106,18897200.68
2024-12-08,1.2106,1.224,1.1729,1.1935,18069040.19
2024-12-09,1.1935,1.1937,0.91,1.0044,55726754.39
2024-12-10,1.0044,1.0378,0.9104,1.0214,142349086.41
2024-12-11,1.0214,1.1146,0.972,1.0865,45576618.98
2024-12-12,1.0865,1.182,1.0727,1.123,52963974.52
2024-12-13,1.123,1.1301,1.0777,1.1212,20177693.62
2024-12-14,1.1212,1.1329,1.0431,1.061,11357403.88
2024-12-15,1.061,1.1125,1.0393,1.099,10918491.91
2024-12-16,1.099,1.1208,1.0478,1.0777,31557931.58
2024-12-17,1.0777,1.1118,1.0419,1.0511,35172216.67
2024-12-18,1.0511,1.06,0.9593,0.968,51766772.84
2024-12-19,0.968,0.989,0.8478,0.881,93068145.03
2024-12-20,0.881,0.9587,0.7623,0.9491,132271477.99
2024-12-21,0.9491,0.9975,0.8866,0.9048,51993234.86
2024-12-22,0.9048,0.9249,0.8589,0.8833,41462267.37
2024-12-23,0.8833,0.9424,0.862,0.9264,45400960.71
2024-12-24,0.9264,0.9506,0.892,0.936,26842535.41
2024-12-25,0.936,0.9402,0.9,0.9176,14851692.71
2024-12-26,0.9176,0.9279,0.8511,0.8611,22236758.58
2024-12-27,0.8611,0.9145,0.855,0.8771,15393070.21
2024-12-28,0.8771,0.8998,0.8662,0.8893,7859089.42
2024-12-29,0.8893,0.9121,0.8512,0.859,10593257.87
2024-12-30,0.859,0.9046,0.83,0.8613,21699149.04
2024-12-31,0.8613,0.8791,0.8398,0.8453,11654936.0
2025-01-01,0.8453,0.9353,0.8382,0.9223,14929659.06
2025-01-02,0.9223,0.9822,0.9223,0.9613,24331850.43
2025-01-03,0.9613,1.1193,0.9572,1.0887,65889293.34
2025-01-04,1.0887,1.1144,1.0565,1.0705,23897407.59
2025-01-05,1.0705,1.1118,1.0525,1.0912,28182933.38
2025-01-06,1.0912,1.1159,1.06,1.0934,25763929.24
2025-01-07,1.0934,1.1516,0.9882,0.9892,64776631.84
2025-01-08,0.9892,1.0242,0.9091,0.9473,61411832.01
2025-01-09,0.9473,0.96,0.88,0.9041,40464704.86
2025-01-10,0.9041,0.974,0.9039,0.9304,50371373.14
2025-01-11,0.9304,1.0175,0.9135,0.9954,23833906.8
2025-01-12,0.9954,1.0369,0.9618,0.9673,30515029.5
2025-01-13,0.9673,0.9932,0.8766,0.9444,49638939.85
2025-01-14,0.9444,1.0108,0.938,0.9968,16869424.75
2025-01-15,0.9968,1.0892,0.9883,1.0754,29468626.86
2025-01-16,1.0754,1.1449,1.0274,1.0891,28425935.06
2025-01-17,1.0891,1.166,1.0854,1.1328,19003714.62
2025-01-18,1.1328,1.1465,1.0493,1.1045,19472915.41
2025-01-19,1.1045,1.152,0.9639,0.9929,52210738.76
2025-01-20,0.9929,1.101,0.9614,1.0094,52653367.77
2025-01-21,1.0094,1.0286,0.9511,1.0058,24518872.46
2025-01-22,1.0058,1.0197,0.9763,0.9825,11585945.28
2025-01-23,0.9825,1.0117,0.9514,0.9865,15792181.11
2025-01-24,0.9865,1.0098,0.9636,0.9712,20795686.34
2025-01-25,0.9712,0.9918,0.9644,0.9763,4803749.87
2025-01-26,0.9763,1.0001,0.9517,0.9534,7514357.58
2025-01-27,0.9534,0.9585,0.8569,0.9349,19569086.88
2025-01-28,0.9349,0.9684,0.9034,0.9171,10711357.31
2025-01-29,0.9171,0.9602,0.9018,0.94,14656519.83
2025-01-30,0.94,0.9883,0.9363,0.9597,8547476.05
2025-01-31,0.9597,0.9834,0.9351,0.942,8446231.9
2025-02-01,0.942,0.9575,0.8874,0.8938,7474980.83
2025-02-02,0.8938,0.9111,0.7517,0.8047,26715289.08
2025-02-03,0.8047,0.8243,0.5066,0.8121,121508191.67
2025-02-04,0.8121,0.8196,0.715,0.744,44646791.22
2025-02-05,0.744,0.7764,0.7252,0.7321,14509276.84
2025-02-06,0.7321,0.7659,0.6979,0.7052,12572745.6
2025-02-07,0.7052,0.753,0.6903,0.7074,13370604.41
2025-02-08,0.7074,0.7168,0.6815,0.7007,6563706.71
2025-02-09,0.7007,0.7159,0.6504,0.6815,8912820.76
2025-02-10,0.6815,0.7244,0.6632,0.7121,8956648.35
2025-02-11,0.7121,0.8211,0.7101,0.7781,35221126.82
2025-02-12,0.7781,0.8078,0.7464,0.7996,24479036.89
2025-02-13,0.7996,0.8307,0.7697,0.8099,14327261.08
2025-02-14,0.8099,0.8291,0.79,0.7997,14321050.3
2025-02-15,0.7997,0.8141,0.7747,0.781,9715294.05
2025-02-16,0.781,0.789,0.7617,0.7711,6219565.35
2025-02-17,0.7711,0.829,0.7704,0.8088,24738376.81
2025-02-18,0.8088,0.8139,0.7352,0.7541,17641729.13
2025-02-19,0.7541,0.7761,0.7331,0.774,13108060.38
2025-02-20,0.774,0.811,0.7703,0.8036,11602460.73
2025-02-21,0.8036,0.8186,0.7503,0.7615,17629519.38
2025-02-22,0.7615,0.7843,0.7572,0.7733,6084899.4
2025-02-23,0.7733,0.7881,0.7596,0.7698,7032080.44
2025-02-24,0.7698,0.7775,0.6701,0.6815,31784107.28
2025-02-25,0.6815,0.6949,0.6303,0.683,32989667.34
2025-02-26,0.683,0.6952,0.6313,0.6475,23296864.06
2025-02-27,0.6475,0.6797,0.6263,0.6451,16364074.02
2025-02-28,0.6451,0.6465,0.5805,0.6328,43522721.38
2025-03-01,0.6328,0.6768,0.6253,0.6591,20029548.58
2025-03-02,0.6591,1.1436,0.645,1.136,153902993.2
2025-03-03,1.136,1.1743,0.8233,0.8574,127213961.02
2025-03-04,0.8574,0.9559,0.7579,0.941,129018090.93
2025-03-05,0.941,1.0272,0.914,0.9742,77682429.15
2025-03-06,0.9742,0.9883,0.8857,0.9066,59749309.35
2025-03-07,0.9066,0.9204,0.8066,0.8182,87059797.01
2025-03-08,0.8182,0.8389,0.7935,0.8051,26123488.88
2025-03-09,0.8051,0.8175,0.7093,0.7207,39904949.6
2025-03-10,0.7207,0.7784,0.6584,0.671,52412487.26
2025-03-11,0.671,0.7442,0.6474,0.724,39241760.74
2025-03-12,0.724,0.7696,0.7109,0.736,72695595.33
2025-03-13,0.736,0.7415,0.691,0.7028,84342949.86
2025-03-14,0.7028,0.751,0.6963,0.737,71661466.01
2025-03-15,0.737,0.7595,0.7308,0.7469,43089250.0
2025-03-16,0.7469,0.7474,0.6938,0.705,59258442.9
2025-03-17,0.705,0.7307,0.7025,0.7173,31783288.34
2025-03-18,0.7173,0.7185,0.6816,0.7017,25503301.71
2025-03-19,0.7017,0.7469,0.7,0.7436,39243939.35
2025-03-20,0.7436,0.7555,0.7121,0.7178,58416562.48
2025-03-21,0.7178,0.7277,0.7006,0.7052,38310083.74
2025-03-22,0.7052,0.7163,0.697,0.7015,22014178.87
2025-03-23,0.7015,0.7159,0.6918,0.7104,32307888.39
2025-03-24,0.7104,0.7452,0.7054,0.7319,62084910.87
2025-03-25,0.7319,0.7666,0.7208,0.7448,67111588.83
2025-03-26,0.7448,0.7741,0.72,0.729,61891893.56
2025-03-27,0.729,0.7442,0.7209,0.7381,30666548.71
2025-03-28,0.7381,0.7465,0.6896,0.7062,52174720.48
2025-03-29,0.7062,0.7122,0.6587,0.6732,38760403.8
2025-03-30,0.6732,0.6877,0.6512,0.6613,27845555.24
2025-03-31,0.6613,0.6654,0.6295,0.6617,47607180.09
2025-04-01,0.6617,0.6947,0.6576,0.6772,41369362.95
2025-04-02,0.6772,0.7096,0.6347,0.64,60473049.38
2025-04-03,0.64,0.6575,0.613,0.6507,43539369.96
2025-04-04,0.6507,0.6717,0.6275,0.6603,49102979.66
2025-04-05,0.6603,0.6676,0.6449,0.6546,17379700.85
2025-04-06,0.6546,0.6553,0.5599,0.5738,62182992.62
2025-04-07,0.5738,0.605,0.5112,0.5863,152209507.33
2025-04-08,0.5863,0.6199,0.5527,0.5582,80709991.89
2025-04-09,0.5582,0.6463,0.5365,0.6314,115939807.23
2025-04-10,0.6314,0.6337,0.5858,0.6093,57884206.29
2025-04-11,0.6093,0.645,0.6058,0.624,52216925.3
2025-04-12,0.624,0.6672,0.6171,0.6596,44170738.59
2025-04-13,0.6596,0.6687,0.63,0.6381,41146796.61
2025-04-14,0.6381,0.6575,0.6279,0.6354,41766516.75
2025-04-15,0.6354,0.6486,0.607,0.6091,48309267.06
2025-04-16,0.6091,0.6245,0.5946,0.6105,47226184.33
2025-04-17,0.6105,0.6298,0.6086,0.6168,26262076.72
2025-04-18,0.6168,0.632,0.6105,0.6276,21184698.54
2025-04-19,0.6276,0.635,0.619,0.628,16842357.85
2025-04-20,0.628,0.6348,0.6096,0.6203,20134353.39
2025-04-21,0.6203,0.6508,0.6158,0.6242,44369958.11
2025-04-22,0.6242,0.6848,0.6154,0.6793,52910617.26
2025-04-23,0.6793,0.718,0.6772,0.6977,59371321.84
2025-04-24,0.6977,0.7458,0.67,0.722,58126520.9
2025-04-25,0.722,0.7332,0.7018,0.7135,52708197.28
2025-04-26,0.7135,0.7345,0.6999,0.7071,38026416.8
2025-04-27,0.7071,0.718,0.6907,0.7034,30682662.82
2025-04-28,0.7034,0.729,0.682,0.7056,52191095.56
2025-04-29,0.7056,0.718,0.6889,0.6957,55587756.01
2025-04-30,0.6957,0.7038,0.6648,0.6818,37012830.09
2025-05-01,0.6818,0.7145,0.6814,0.705,34599574.94
2025-05-02,0.705,0.7252,0.6888,0.6983,38598489.49
2025-05-03,0.6983,0.7296,0.6916,0.6995,45744692.25
2025-05-04,0.6995,0.7147,0.6717,0.6763,38834663.39
2025-05-05,0.6763,0.6918,0.6541,0.6621,42431194.13
2025-05-06,0.6621,0.6806,0.6425,0.6783,31264105.61
2025-05-07,0.6783,0.6891,0.6552,0.6716,36343764.07
2025-05-08,0.6716,0.7708,0.6699,0.7695,83299714.89
2025-05-09,0.7695,0.8179,0.7539,0.7772,77309794.08
2025-05-10,0.7772,0.8435,0.7702,0.8408,61279692.87
2025-05-11,0.8408,0.8465,0.7813,0.8052,47259910.96
2025-05-12,0.8052,0.8643,0.7803,0.8168,86608199.42
2025-05-13,0.8168,0.8419,0.7715,0.8299,69173943.65
2025-05-14,0.8299,0.8337,0.7887,0.7987,47264057.5
2025-05-15,0.7987,0.8104,0.7444,0.7623,62812750.24
2025-05-16,0.7623,0.7859,0.7505,0.7588,32804218.72
2025-05-17,0.7588,0.7815,0.7265,0.7428,43440220.1
2025-05-18,0.7428,0.7768,0.7171,0.7597,49139336.27
2025-05-19,0.7597,0.7649,0.7103,0.7425,44259584.6
2025-05-20,0.7425,0.7538,0.7224,0.746,34194300.91
2025-05-21,0.746,0.784,0.7365,0.7691,54775038.82
2025-05-22,0.7691,0.8107,0.7688,0.8093,52767812.57
2025-05-23,0.8093,0.8415,0.7429,0.747,83374342.86
2025-05-24,0.747,0.7668,0.741,0.7467,28924290.78
2025-05-25,0.7467,0.7605,0.7276,0.7598,30809173.98
2025-05-26,0.7598,0.7772,0.751,0.7603,30232791.95
2025-05-27,0.7603,0.7757,0.7434,0.7585,35165009.01
2025-05-28,0.7585,0.7613,0.7323,0.7478,29077119.87
2025-05-29,0.7478,0.7651,0.7195,0.7222,38851609.99
2025-05-30,0.7222,0.7281,0.6821,0.6889,61132898.73
2025-05-31,0.6889,0.6951,0.6564,0.6859,41968519.73
2025-06-01,0.6859,0.6882,0.6543,0.6855,35103013.13
2025-06-02,0.6855,0.6921,0.6636,0.6895,27754849.41
2025-06-03,0.6895,0.7072,0.6738,0.6839,29254710.83
2025-06-04,0.6839,0.7027,0.662,0.6654,27464838.15
2025-06-05,0.6654,0.6899,0.6186,0.6255,50586473.94
2025-06-06,0.6255,0.6724,0.621,0.6554,37476778.18
2025-06-07,0.6554,0.6708,0.6493,0.6643,20337755.13
2025-06-08,0.6643,0.6795,0.6519,0.6704,27151934.16
2025-06-09,0.6704,0.7079,0.6565,0.7051,37193171.12
2025-06-10,0.7051,0.7205,0.6859,0.7169,54807441.72
2025-06-11,0.7169,0.7314,0.6909,0.6982,42679101.68
2025-06-12,0.6982,0.7002,0.657,0.6613,35656651.47
2025-06-13,0.6613,0.6615,0.6174,0.6422,68145963.27
2025-06-14,0.6422,0.6428,0.6132,0.6246,21896282.98
2025-06-15,0.6246,0.6358,0.6207,0.6332,17271434.61
2025-06-16,0.6332,0.6576,0.6247,0.6302,38188048.61
2025-06-17,0.6302,0.6427,0.5998,0.6088,42515088.7
2025-06-18,0.6088,0.6218,0.588,0.6041,58365141.78
2025-06-19,0.6041,0.6117,0.5898,0.6022,39922170.19
2025-06-20,0.6022,0.6071,0.5611,0.5774,79743418.07
2025-06-21,0.5774,0.5883,0.5442,0.5561,76961608.76
2025-06-22,0.5561,0.5641,0.5101,0.5417,139248165.84
2025-06-23,0.5417,0.5864,0.5288,0.5823,116736139.38
2025-06-24,0.5823,0.5936,0.5761,0.5874,82830097.27
2025-06-25,0.5874,0.5907,0.5631,0.5671,62451437.23
2025-06-26,0.5671,0.5816,0.5498,0.5542,57552471.09
2025-06-27,0.5542,0.5627,0.545,0.5586,47236594.3
2025-06-28,0.5586,0.5687,0.5555,0.5654,35755636.64
2025-06-29,0.5654,0.5857,0.555,0.5772,57774542.12
2025-06-30,0.5772,0.5904,0.5561,0.5722,63766329.44
2025-07-01,0.5722,0.5766,0.5366,0.5419,67152193.09
2025-07-02,0.5419,0.5996,0.5387,0.5839,102318593.37
2025-07-03,0.5839,0.6113,0.5825,0.5991,63794420.97
2025-07-04,0.5991,0.6033,0.563,0.5723,48870584.08
2025-07-05,0.5723,0.5834,0.5686,0.5755,20654112.53
2025-07-06,0.5755,0.5931,0.5706,0.5857,32298804.39
2025-07-07,0.5857,0.5947,0.5732,0.5805,45386912.53
2025-07-08,0.5805,0.592,0.5722,0.5884,38764366.1
2025-07-09,0.5884,0.6278,0.584,0.6225,78172498.48
2025-07-10,0.6225,0.6802,0.6173,0.6775,84030033.63
2025-07-11,0.6775,0.777,0.6681,0.7092,197970468.41
2025-07-12,0.7092,0.7371,0.6883,0.7088,85444170.13
2025-07-13,0.7088,0.756,0.705,0.7368,108844618.99
2025-07-14,0.7368,0.7679,0.7212,0.7352,128662024.11
2025-07-15,0.7352,0.7495,0.7105,0.7468,99434510.0
2025-07-16,0.7468,0.7849,0.7327,0.7643,105189714.33
2025-07-17,0.7643,0.8386,0.7402,0.8214,184119804.37
2025-07-18,0.8214,0.8953,0.7961,0.8159,201309665.17
2025-07-19,0.8159,0.8374,0.8018,0.8299,61249995.55
2025-07-20,0.8299,0.8785,0.8229,0.858,119750207.34
2025-07-21,0.858,0.9339,0.8413,0.889,125664899.71
2025-07-22,0.889,0.9096,0.8526,0.9033,94494303.12
2025-07-23,0.9033,0.9036,0.7857,0.816,98172662.25
2025-07-24,0.816,0.838,0.7613,0.8059,119199055.6
2025-07-25,0.8059,0.8186,0.7749,0.8157,76476243.7
2025-07-26,0.8157,0.8386,0.8119,0.8197,54657578.69
2025-07-27,0.8197,0.8393,0.8141,0.8321,65467292.24
2025-07-28,0.8321,0.8558,0.786,0.7932,72235017.3
2025-07-29,0.7932,0.8099,0.7694,0.7827,45883277.11
2025-07-30,0.7827,0.7898,0.7305,0.7632,81109876.81
2025-07-31,0.7632,0.7887,0.7357,0.7391,74144788.93
2025-08-01,0.7391,0.7412,0.6961,0.7141,111203569.2
2025-08-02,0.7141,0.7278,0.6842,0.6975,72659181.86
2025-08-03,0.6975,0.7309,0.6868,0.7269,50024194.43
2025-08-04,0.7269,0.7591,0.725,0.7551,46638439.98
2025-08-05,0.7551,0.76,0.7134,0.7257,63578418.85
2025-08-06,0.7257,0.748,0.7107,0.7412,45669100.3
2025-08-07,0.7412,0.7885,0.7339,0.7874,74929480.78
2025-08-08,0.7874,0.8067,0.7759,0.7912,68503419.61
2025-08-09,0.7912,0.8212,0.7899,0.8029,36809673.52
2025-08-10,0.8029,0.8345,0.7848,0.8015,38706309.18
2025-08-11,0.8015,0.8339,0.7665,0.7729,56170946.9
2025-08-12,0.7729,0.858,0.7659,0.8411,73388161.32
2025-08-13,0.8411,0.922,0.8334,0.9044,81154811.77
2025-08-14,0.9044,1.0195,0.8783,0.9257,205671395.2
2025-08-15,0.9257,0.9642,0.9107,0.9451,112672967.52
2025-08-16,0.9451,0.9775,0.9014,0.9211,72054885.89
2025-08-17,0.9211,0.9872,0.9044,0.9609,59689841.39
2025-08-18,0.9609,0.9681,0.8915,0.9233,68718186.39
2025-08-19,0.9233,0.9556,0.8439,0.8463,85098849.1
2025-08-20,0.8463,0.8927,0.8372,0.8811,72314228.24
2025-08-21,0.8811,0.8924,0.8465,0.8518,38316282.02
2025-08-22,0.8518,0.9413,0.8217,0.9314,93177371.45
2025-08-23,0.9314,0.9386,0.8916,0.9143,45346202.52
2025-08-24,0.9143,0.9643,0.8882,0.9088,62209680.49
2025-08-25,0.9088,0.9284,0.83,0.837,76725535.2
2025-08-26,0.837,0.8748,0.8272,0.8663,43261307.69
2025-08-27,0.8663,0.878,0.8468,0.8508,41077849.79
2025-08-28,0.8508,0.8798,0.8416,0.8575,36702602.08
2025-08-29,0.8575,0.8663,0.8101,0.8266,55193912.12
2025-08-30,0.8266,0.8444,0.8057,0.8224,23042913.24
2025-08-31,0.8224,0.838,0.8094,0.8114,20757884.12
2025-09-01,0.8114,0.8449,0.782,0.8013,51664719.18
2025-09-02,0.8013,0.8358,0.7979,0.8349,39133828.15
2025-09-03,0.8349,0.8435,0.8261,0.8367,25571008.0
2025-09-04,0.8367,0.8419,0.8027,0.8094,31593855.11
2025-09-05,0.8094,0.8491,0.8046,0.8305,45635653.33
2025-09-06,0.8305,0.836,0.8144,0.8185,17740850.92
2025-09-07,0.8185,0.8417,0.8182,0.835,24413134.89
2025-09-08,0.835,0.8692,0.83,0.8651,79224361.73
2025-09-09,0.8651,0.8948,0.8525,0.8652,93664769.79
2025-09-10,0.8652,0.8965,0.8597,0.8855,34412016.78
2025-09-11,0.8855,0.8974,0.8662,0.8938,34240042.9
2025-09-12,0.8938,0.9182,0.8826,0.9167,36227847.55
2025-09-13,0.9167,0.9537,0.9145,0.9296,45159380.12
2025-09-14,0.9296,0.9314,0.8793,0.8879,23486937.24
2025-09-15,0.8879,0.9025,0.8527,0.863,31115383.07
2025-09-16,0.863,0.8842,0.8531,0.8802,19512968.71
2025-09-17,0.8802,0.9198,0.86,0.9136,31363733.95
2025-09-18,0.9136,0.9386,0.8995,0.9242,35005796.76
2025-09-19,0.9242,0.9376,0.8856,0.8904,28121576.8
2025-09-20,0.8904,0.9065,0.8871,0.8931,11830120.66
2025-09-21,0.8931,0.9027,0.8751,0.8842,14273237.82
2025-09-22,0.8842,0.8878,0.7916,0.8255,49063937.95
2025-09-23,0.8255,0.8295,0.8029,0.8059,21032516.84
2025-09-24,0.8059,0.8303,0.7907,0.8128,21232518.39
2025-09-25,0.8128,0.8145,0.7545,0.7637,44135984.61
2025-09-26,0.7637,0.7963,0.7576,0.7917,22670139.91
2025-09-27,0.7917,0.7942,0.7765,0.7811,9126714.68
2025-09-28,0.7811,0.812,0.7646,0.8085,13581316.83
2025-09-29,0.8085,0.816,0.788,0.8061,18350955.63
2025-09-30,0.8061,0.8131,0.7781,0.8072,19342212.16
2025-10-01,0.8072,0.8511,0.7969,0.8509,27967468.38
2025-10-02,0.8509,0.8778,0.8362,0.8705,28836568.27
2025-10-03,0.8705,0.8924,0.8486,0.8654,28792611.76
2025-10-04,0.8654,0.8688,0.8334,0.8395,15746375.31
2025-10-05,0.8395,0.8827,0.827,0.8371,31564547.78
2025-10-06,0.8371,0.8807,0.8316,0.8715,41016897.14
2025-10-07,0.8715,0.8779,0.8172,0.8198,35929884.28
2025-10-08,0.8198,0.8513,0.808,0.8387,23583331.69
2025-10-09,0.8387,0.8397,0.7944,0.8154,25972730.27
2025-10-10,0.8154,0.8241,0.2737,0.6351,159731658.36
2025-10-11,0.6351,0.683,0.6095,0.6317,88139727.46
2025-10-12,0.6317,0.7093,0.6177,0.6999,44761422.12
2025-10-13,0.6999,0.7358,0.6926,0.7286,51238914.88
2025-10-14,0.7286,0.7334,0.662,0.6989,61024255.31
2025-10-15,0.6989,0.7159,0.6576,0.6684,33924581.86
2025-10-16,0.6684,0.6847,0.6333,0.6454,42533017.77
2025-10-17,0.6454,0.6561,0.5923,0.6246,55762613.06
2025-10-18,0.6246,0.6408,0.6229,0.6343,12476810.59
2025-10-19,0.6343,0.6653,0.6225,0.6528,23521641.93
2025-10-20,0.6528,0.676,0.6391,0.6624,30273476.08
2025-10-21,0.6624,0.6855,0.637,0.6427,65671762.36
2025-10-22,0.6427,0.6468,0.6066,0.6237,77772458.66
2025-10-23,0.6237,0.6539,0.6227,0.6429,47642365.72
2025-10-24,0.6429,0.6633,0.6386,0.656,46400440.83
2025-10-25,0.656,0.6595,0.6481,0.6543,20986941.2
2025-10-26,0.6543,0.6881,0.6466,0.6812,46652536.09
2025-10-27,0.6812,0.6936,0.6636,0.667,50064297.24
2025-10-28,0.667,0.6755,0.636,0.6459,59622176.62
2025-10-29,0.6459,0.6603,0.6256,0.64,67881422.04
2025-10-30,0.64,0.6487,0.5865,0.6014,85057646.23
2025-10-31,0.6014,0.62,0.5979,0.6092,50776569.26
2025-11-01,0.6092,0.6176,0.6033,0.6127,22727545.69
2025-11-02,0.6127,0.6188,0.5923,0.6105,27991808.89
2025-11-03,0.6105,0.6122,0.53,0.5528,111136944.56
2025-11-04,0.5528,0.5632,0.49,0.5209,175149616.8
