timestamp,open,high,low,close,volume
2019-06-20,1.3,1.3,1.3,1.3,0.0
2019-06-21,1.3,3.8,1.3,3.1942,11456883.22
2019-06-22,3.1942,3.1942,1.8571,2.1996,9528749.77
2019-06-23,2.1996,2.2208,1.8,1.9203,11200000.21
2019-06-24,1.9203,2.0131,1.3165,1.4047,9600749.65
2019-06-25,1.4047,1.8887,1.32,1.53,4996487.75
2019-06-26,1.53,1.8658,1.5051,1.6025,2706432.49
2019-06-27,1.6025,1.6075,1.3727,1.4228,6502693.87
2019-06-28,1.4228,1.5754,1.3879,1.4497,7059584.54
2019-06-29,1.4497,1.5297,1.4064,1.4955,7266324.88
2019-06-30,1.4955,1.5802,1.393,1.4466,7308878.29
2019-07-01,1.4466,1.4658,1.2494,1.3505,7433739.82
2019-07-02,1.3505,1.3574,1.0345,1.1358,7580983.61
2019-07-03,1.1358,1.182,1.0671,1.1114,7538459.88
2019-07-04,1.1114,1.1363,0.981,1.0115,7542962.04
2019-07-05,1.0115,1.1713,0.9788,1.127,7454330.49
2019-07-06,1.127,1.1313,1.0286,1.0295,6632802.62
2019-07-07,1.0295,1.1079,1.026,1.0653,5207404.94
2019-07-08,1.0653,1.0666,1.0301,1.048,6631685.39
2019-07-09,1.048,1.089,1.0229,1.0434,7353242.26
2019-07-10,1.0434,1.1159,0.9501,1.0287,7352247.94
2019-07-11,1.0287,1.0359,0.8427,0.8581,7424111.23
2019-07-12,0.8581,0.9388,0.8017,0.8851,7461710.97
2019-07-13,0.8856,1.027,0.8671,0.939,7608911.28
2019-07-14,0.9388,1.0287,0.8168,0.8198,7329950.25
2019-07-15,0.82,0.8463,0.7374,0.8062,7475566.44
2019-07-16,0.8065,0.8228,0.6293,0.6451,7149503.28
2019-07-17,0.6449,0.7419,0.6082,0.6741,7669806.84
2019-07-18,0.6749,0.7055,0.64,0.6943,7617584.89
2019-07-19,0.6948,0.6948,0.6495,0.6683,7460861.99
2019-07-20,0.6682,0.75,0.6592,0.7072,7613345.95
2019-07-21,0.7077,0.7139,0.6583,0.6929,7591177.73
2019-07-22,0.6925,0.7047,0.6323,0.6427,7136116.25
2019-07-23,0.6432,0.6463,0.5641,0.5778,7930237.82
2019-07-24,0.5773,0.6147,0.5558,0.5991,7211814.97
2019-07-25,0.5981,0.6149,0.5799,0.6099,7866459.74
2019-07-26,0.6107,0.7201,0.5941,0.65,7548110.11
2019-07-27,0.6505,0.6669,0.5732,0.5787,7285817.06
2019-07-28,0.5788,0.5989,0.5585,0.5753,7748461.77
2019-07-29,0.5771,0.5934,0.5543,0.5709,7817095.75
2019-07-30,0.5704,0.5897,0.5563,0.5668,7927540.77
2019-07-31,0.5673,0.5777,0.5585,0.5672,7910851.56
2019-08-01,0.5672,0.5692,0.5093,0.5605,6803447.58
2019-08-02,0.5605,0.881,0.5532,0.8094,7944799.98
2019-08-03,0.8094,0.8575,0.7386,0.7444,7462321.98
2019-08-04,0.7444,0.762,0.694,0.7035,6259035.11
2019-08-05,0.7035,0.7999,0.6747,0.7908,4870067.67
2019-08-06,0.7908,0.801,0.6923,0.7037,5202668.74
2019-08-07,0.7037,0.7258,0.6813,0.6897,5646905.67
2019-08-08,0.6897,0.7734,0.6574,0.7279,5581548.47
2019-08-09,0.7279,0.8198,0.6892,0.8094,5633672.36
2019-08-10,0.8094,0.862,0.7623,0.8099,5678302.48
2019-08-11,0.8099,0.8813,0.8039,0.8183,5712175.12
2019-08-12,0.8183,0.8183,0.7693,0.8035,5651194.05
2019-08-13,0.8035,0.8435,0.7813,0.8071,5660657.34
2019-08-14,0.8071,0.8483,0.7107,0.7194,5645732.87
2019-08-15,0.7194,0.8154,0.6444,0.7082,5530840.77
2019-08-16,0.7082,0.7292,0.6758,0.6771,5685235.67
2019-08-17,0.6771,0.7152,0.6752,0.6837,5662278.55
2019-08-18,0.6837,0.6954,0.6646,0.6778,5692359.15
2019-08-19,0.6778,0.6786,0.65,0.6552,5667363.94
2019-08-20,0.6552,0.656,0.6029,0.6262,5672758.43
2019-08-21,0.6262,0.6279,0.5597,0.5675,8265369.32
2019-08-22,0.5675,0.5915,0.5319,0.5727,6768325.87
2019-08-23,0.5727,0.5895,0.5472,0.5747,6882892.25
2019-08-24,0.5747,0.579,0.5431,0.5787,8170242.63
2019-08-25,0.5787,0.5816,0.53,0.5389,6239406.21
2019-08-26,0.5389,0.5595,0.5205,0.5209,6768339.39
2019-08-27,0.5209,0.5494,0.5093,0.5227,7266723.0
2019-08-28,0.5227,0.5353,0.4293,0.4389,8494507.74
2019-08-29,0.4389,0.4464,0.3927,0.4003,12144522.32
2019-08-30,0.4003,0.426,0.3977,0.4167,7877247.45
2019-08-31,0.4167,0.4327,0.3948,0.4089,7855109.29
2019-09-01,0.4089,0.4187,0.379,0.3888,8776966.49
2019-09-02,0.3888,0.3945,0.3727,0.3942,10668035.63
2019-09-03,0.3942,0.404,0.3647,0.3689,8192320.86
2019-09-04,0.3689,0.3701,0.343,0.347,8217256.64
2019-09-05,0.347,0.3936,0.3378,0.3896,8540632.41
2019-09-06,0.3896,0.4183,0.3411,0.3463,15165198.09
2019-09-07,0.3463,0.3875,0.3386,0.3687,10667704.44
2019-09-08,0.3687,0.385,0.3528,0.3843,9688106.83
2019-09-09,0.3843,0.3899,0.3534,0.3679,10466028.84
2019-09-10,0.3679,0.391,0.3623,0.3643,7029042.29
2019-09-11,0.3643,0.3723,0.3421,0.3485,7583131.84
2019-09-12,0.3485,0.3507,0.3094,0.3186,11332252.03
2019-09-13,0.3186,0.345,0.3113,0.3181,8247962.65
2019-09-14,0.3181,0.3254,0.3092,0.3204,7853151.82
2019-09-15,0.3204,0.341,0.3193,0.3282,12315319.9
2019-09-16,0.3282,0.3368,0.3142,0.3216,8133119.62
2019-09-17,0.3216,0.3334,0.3096,0.3192,7523817.85
2019-09-18,0.3192,0.3599,0.3165,0.3406,11764478.97
2019-09-19,0.3406,0.3414,0.3075,0.3219,10527846.01
2019-09-20,0.3219,0.3301,0.3141,0.3206,7814876.55
2019-09-21,0.3206,0.3256,0.314,0.3157,4682012.08
2019-09-22,0.3157,0.3222,0.2958,0.2996,7813527.4
2019-09-23,0.2996,0.3014,0.2668,0.2672,8604420.59
2019-09-24,0.2672,0.2815,0.1732,0.1924,10218197.84
2019-09-25,0.1924,0.2153,0.1919,0.2043,18179989.59
2019-09-26,0.2043,0.2073,0.1673,0.1899,12503251.2
2019-09-27,0.1899,0.1974,0.1774,0.1894,13101848.84
2019-09-28,0.1894,0.2076,0.1872,0.2041,10290833.43
2019-09-29,0.2041,0.2425,0.1975,0.2246,11718146.71
2019-09-30,0.2246,0.257,0.2119,0.2494,13575326.13
2019-10-01,0.2494,0.2664,0.2273,0.2316,11329480.75
2019-10-02,0.2316,0.2408,0.2201,0.232,9009923.61
2019-10-03,0.232,0.2395,0.2221,0.2305,9088710.19
2019-10-04,0.2305,0.2362,0.2219,0.228,7660910.75
2019-10-05,0.228,0.2329,0.2188,0.2233,7341670.04
2019-10-06,0.2233,0.2273,0.2103,0.2121,8520327.27
2019-10-07,0.2121,0.2242,0.205,0.2183,7578353.59
2019-10-08,0.2183,0.2334,0.2138,0.2267,7541519.33
2019-10-09,0.2267,0.244,0.2254,0.2389,10870327.35
2019-10-10,0.2389,0.2682,0.2312,0.2542,12294302.34
2019-10-11,0.2542,0.2752,0.2514,0.2528,12200024.97
2019-10-12,0.2528,0.2618,0.2434,0.2579,11453546.8
2019-10-13,0.2579,0.2681,0.2458,0.2508,10809739.34
2019-10-14,0.2508,0.2678,0.2467,0.2674,9225021.99
2019-10-15,0.2674,0.2734,0.2448,0.2476,8910020.33
2019-10-16,0.2476,0.2507,0.2229,0.2286,11123582.68
2019-10-17,0.2286,0.2401,0.2276,0.2364,8405805.97
2019-10-18,0.2364,0.2393,0.2182,0.2253,10204684.91
2019-10-19,0.2253,0.2302,0.2217,0.2236,8062062.32
2019-10-20,0.2236,0.2266,0.2105,0.2242,9537835.32
2019-10-21,0.2242,0.2309,0.2223,0.227,7739353.73
2019-10-22,0.227,0.2277,0.2176,0.2181,8253148.38
2019-10-23,0.2181,0.2187,0.1958,0.2002,11665997.59
2019-10-24,0.2002,0.2065,0.1986,0.2011,8140239.76
2019-10-25,0.2011,0.2199,0.1988,0.2128,11627027.15
2019-10-26,0.2128,0.2369,0.2098,0.2157,15997315.58
2019-10-27,0.2157,0.2358,0.2075,0.218,10867373.43
2019-10-28,0.218,0.24,0.2179,0.2301,12434434.2
2019-10-29,0.2301,0.235,0.2228,0.2263,10113828.69
2019-10-30,0.2263,0.2272,0.2061,0.2111,8738836.54
2019-10-31,0.2111,0.2223,0.207,0.222,8737367.78
2019-11-01,0.222,0.2709,0.2148,0.2602,13509336.2
2019-11-02,0.2602,0.2803,0.25,0.2583,15254779.64
2019-11-03,0.2583,0.271,0.2414,0.2642,13065351.12
2019-11-04,0.2642,0.2708,0.2521,0.2567,12985123.46
2019-11-05,0.2567,0.2975,0.2451,0.2838,12573630.76
2019-11-06,0.2838,0.3103,0.2748,0.284,13961750.32
2019-11-07,0.284,0.2847,0.264,0.2708,10488521.2
2019-11-08,0.2708,0.2825,0.2458,0.2561,10666743.77
2019-11-09,0.2561,0.2641,0.252,0.2628,8573182.12
2019-11-10,0.2628,0.2742,0.2559,0.2684,9230939.82
2019-11-11,0.2684,0.2913,0.2564,0.2828,11032021.44
2019-11-12,0.2828,0.2872,0.2653,0.273,10090795.52
2019-11-13,0.273,0.2988,0.2688,0.2876,8818240.14
2019-11-14,0.2876,0.294,0.2734,0.2771,8935393.83
2019-11-15,0.2771,0.2862,0.2616,0.2648,8622986.92
2019-11-16,0.2648,0.2736,0.2627,0.2718,7746652.28
2019-11-17,0.2718,0.2795,0.2639,0.2667,9500094.57
2019-11-18,0.2667,0.2696,0.2442,0.2485,8491643.32
2019-11-19,0.2485,0.2515,0.2325,0.2437,8697252.23
2019-11-20,0.2437,0.2551,0.2367,0.2533,8109209.4
2019-11-21,0.2533,0.264,0.2309,0.2469,10935990.45
2019-11-22,0.2469,0.2507,0.1978,0.2173,12671773.36
2019-11-23,0.2173,0.2295,0.2074,0.2271,8942959.01
2019-11-24,0.2271,0.2272,0.1987,0.2015,9792149.3
2019-11-25,0.2015,0.2133,0.1845,0.2028,9793279.71
2019-11-26,0.2028,0.2205,0.2016,0.2194,7695010.78
2019-11-27,0.2194,0.2354,0.2089,0.2247,10233555.4
2019-11-28,0.2247,0.317,0.2196,0.2857,13759729.51
2019-11-29,0.2857,0.2992,0.2706,0.2747,11143885.65
2019-11-30,0.2747,0.2896,0.26,0.2652,10407624.84
2019-12-01,0.2652,0.2714,0.242,0.2651,9359488.17
2019-12-02,0.2651,0.2888,0.2599,0.2735,11881805.38
2019-12-03,0.2735,0.2984,0.2715,0.2882,11096398.77
2019-12-04,0.2882,0.2947,0.2625,0.2635,11394457.7
2019-12-05,0.2635,0.2675,0.254,0.2647,8959355.48
2019-12-06,0.2647,0.2726,0.2566,0.2679,8861873.16
2019-12-07,0.2679,0.2777,0.2605,0.2747,9339876.83
2019-12-08,0.2747,0.3029,0.2747,0.2929,12547453.12
2019-12-09,0.2929,0.3363,0.288,0.2941,15692238.44
2019-12-10,0.2941,0.2947,0.265,0.2746,14124153.6
2019-12-11,0.2746,0.2939,0.2746,0.2863,11456145.08
2019-12-12,0.2863,0.2898,0.268,0.2767,12349826.0
2019-12-13,0.2767,0.2778,0.2685,0.2724,8744476.01
2019-12-14,0.2724,0.2753,0.2502,0.2523,9853666.96
2019-12-15,0.2523,0.2691,0.2504,0.2663,9294073.08
2019-12-16,0.2663,0.2683,0.2388,0.2433,10736509.49
2019-12-17,0.2433,0.2442,0.2161,0.2189,8949108.3
2019-12-18,0.2189,0.2471,0.2144,0.2452,10947789.68
2019-12-19,0.2452,0.246,0.2264,0.2295,8782946.96
2019-12-20,0.2295,0.2467,0.221,0.2391,11001737.07
2019-12-21,0.2391,0.2417,0.2297,0.2395,9014385.86
2019-12-22,0.2395,0.254,0.2373,0.247,12604909.65
2019-12-23,0.247,0.2528,0.2357,0.2401,9711016.04
2019-12-24,0.2401,0.2407,0.2304,0.2309,8734870.18
2019-12-25,0.2309,0.2327,0.2244,0.2268,8669471.93
2019-12-26,0.2268,0.2423,0.2264,0.239,9173891.85
2019-12-27,0.239,0.2398,0.2209,0.2291,7965218.68
2019-12-28,0.2291,0.2371,0.2278,0.2329,7397041.62
2019-12-29,0.2329,0.2372,0.2275,0.2314,8310490.13
2019-12-30,0.2314,0.2354,0.2221,0.2242,7708879.81
2019-12-31,0.2242,0.2287,0.2142,0.2168,7939052.83
2020-01-01,0.2168,0.2246,0.2146,0.2198,7444704.28
2020-01-02,0.2198,0.2212,0.2106,0.2139,8374783.92
2020-01-03,0.2139,0.2302,0.2135,0.2274,11003164.37
2020-01-04,0.2274,0.2352,0.2247,0.2346,8507852.93
2020-01-05,0.2346,0.2382,0.2281,0.2295,7493892.14
2020-01-06,0.2295,0.2439,0.2284,0.2422,7831129.4
2020-01-07,0.2422,0.2434,0.228,0.2307,8395705.1
2020-01-08,0.2307,0.2358,0.2235,0.2283,8437693.95
2020-01-09,0.2283,0.2296,0.2207,0.2221,6671955.11
2020-01-10,0.2221,0.2277,0.2195,0.2258,6217293.79
2020-01-11,0.2258,0.2318,0.2236,0.2263,6187828.51
2020-01-12,0.2263,0.2311,0.2246,0.2279,6071443.95
2020-01-13,0.2279,0.2312,0.2237,0.2275,5862748.24
2020-01-14,0.2275,0.2352,0.2239,0.2302,8538971.21
2020-01-15,0.2302,0.2571,0.2259,0.2474,9935323.68
2020-01-16,0.2474,0.2508,0.2313,0.2415,7311187.88
2020-01-17,0.2415,0.2674,0.2401,0.2616,9187075.27
2020-01-18,0.2616,0.268,0.2475,0.259,7618875.01
2020-01-19,0.259,0.2613,0.2338,0.2399,6820738.43
2020-01-20,0.2399,0.2431,0.2315,0.2366,5495731.27
2020-01-21,0.2366,0.2557,0.2359,0.2485,6906678.03
2020-01-22,0.2485,0.2513,0.2432,0.2464,5932720.51
2020-01-23,0.2464,0.2475,0.2325,0.2358,5997538.68
2020-01-24,0.2358,0.2408,0.23,0.2318,6586468.5
2020-01-25,0.2318,0.2374,0.2293,0.2342,4191536.39
2020-01-26,0.2342,0.2385,0.233,0.2377,4903572.15
2020-01-27,0.2377,0.2428,0.237,0.2395,5426087.74
2020-01-28,0.2395,0.2467,0.2386,0.2433,6421355.34
2020-01-29,0.2433,0.2441,0.2385,0.2402,5271682.85
2020-01-30,0.2402,0.246,0.2369,0.2417,6685601.66
2020-01-31,0.2417,0.2635,0.2401,0.2474,7640925.6
2020-02-01,0.2474,0.2528,0.2435,0.2482,5958885.58
2020-02-02,0.2482,0.2597,0.2424,0.2534,8267790.16
2020-02-03,0.2534,0.2652,0.2478,0.2628,7706972.84
2020-02-04,0.2628,0.2879,0.2588,0.2806,10624638.74
2020-02-05,0.2806,0.2812,0.2652,0.2754,7467940.88
2020-02-06,0.2754,0.2934,0.2726,0.2885,7225736.22
2020-02-07,0.2885,0.3229,0.2809,0.313,9670150.0
2020-02-08,0.313,0.3211,0.2939,0.3076,8842894.84
2020-02-09,0.3076,0.3498,0.3043,0.3415,10031356.4
2020-02-10,0.3415,0.3748,0.3094,0.3587,12490337.72
2020-02-11,0.3587,0.3801,0.3424,0.369,10416411.3
2020-02-12,0.369,0.4085,0.362,0.3879,10068557.02
2020-02-13,0.3879,0.4047,0.3435,0.3492,10306279.41
2020-02-14,0.3492,0.3842,0.3425,0.3651,8601109.17
2020-02-15,0.3651,0.3896,0.3294,0.3355,9277151.5
2020-02-16,0.3355,0.3505,0.2911,0.3456,10391309.43
2020-02-17,0.3456,0.3456,0.2916,0.3301,10570552.74
2020-02-18,0.3301,0.3547,0.308,0.349,8737970.75
2020-02-19,0.349,0.3939,0.3362,0.3475,9426414.37
2020-02-20,0.3475,0.4499,0.3358,0.435,13099532.25
2020-02-21,0.435,0.4796,0.4106,0.418,11766597.71
2020-02-22,0.418,0.4682,0.4113,0.4496,37437281.31
2020-02-23,0.4496,0.4658,0.4261,0.4592,30706280.26
2020-02-24,0.4592,0.5015,0.4335,0.4949,43319438.67
2020-02-25,0.4949,0.4961,0.3755,0.3931,33450782.77
2020-02-26,0.3931,0.4096,0.3412,0.3643,32167905.93
2020-02-27,0.3643,0.3941,0.3398,0.3764,27716101.45
2020-02-28,0.3764,0.3842,0.3347,0.3484,24344770.94
2020-02-29,0.3484,0.3701,0.3246,0.3246,21006081.01
2020-03-01,0.3246,0.3477,0.3085,0.3203,16012306.3
2020-03-02,0.3203,0.3889,0.3115,0.3739,34449738.45
2020-03-03,0.3739,0.3874,0.3544,0.3691,28779547.93
2020-03-04,0.3691,0.4118,0.3655,0.3931,24696137.05
2020-03-05,0.3931,0.4095,0.3751,0.3785,18208248.82
2020-03-06,0.3785,0.3855,0.3622,0.3723,15181120.36
2020-03-07,0.3723,0.3823,0.337,0.3372,17954835.47
2020-03-08,0.3372,0.3404,0.2895,0.2903,20637682.99
2020-03-09,0.2903,0.2989,0.2504,0.2788,38217065.12
2020-03-10,0.2788,0.2972,0.2701,0.2816,30995932.87
2020-03-11,0.2816,0.2887,0.2501,0.2707,21185935.19
2020-03-12,0.2707,0.2713,0.1302,0.1377,46446430.93
2020-03-13,0.1377,0.1767,0.0961,0.1525,65047033.01
2020-03-14,0.1525,0.1668,0.1437,0.1474,40712662.59
2020-03-15,0.1474,0.1606,0.1416,0.1472,26334285.04
2020-03-16,0.1472,0.1476,0.1152,0.1264,39455312.28
2020-03-17,0.1264,0.1452,0.1237,0.1392,31473276.44
2020-03-18,0.1392,0.1431,0.1272,0.1406,29152642.04
2020-03-19,0.1406,0.1695,0.139,0.1573,48074562.89
2020-03-20,0.1573,0.1851,0.1459,0.158,31898873.8
2020-03-21,0.158,0.1652,0.1439,0.1529,19893376.0
2020-03-22,0.1529,0.1673,0.1434,0.1459,18288943.79
2020-03-23,0.1459,0.1624,0.1418,0.1592,29526809.4
2020-03-24,0.1592,0.1635,0.1512,0.1586,26239078.6
2020-03-25,0.1586,0.1615,0.1504,0.1537,31935893.73
2020-03-26,0.1537,0.1598,0.1502,0.1585,19770901.63
2020-03-27,0.1585,0.1685,0.1536,0.1536,25941479.43
2020-03-28,0.1536,0.1538,0.1438,0.1494,12567934.46
2020-03-29,0.1494,0.1525,0.1429,0.144,10712310.45
2020-03-30,0.144,0.1566,0.1435,0.1541,19011599.81
2020-03-31,0.1541,0.1581,0.1513,0.1537,25631263.74
2020-04-01,0.1537,0.1558,0.1475,0.1534,31452829.25
2020-04-02,0.1534,0.1633,0.1523,0.1578,21334485.76
2020-04-03,0.1578,0.1621,0.1533,0.1587,56174429.86
2020-04-04,0.1587,0.1791,0.1578,0.1771,57753120.09
2020-04-05,0.1771,0.1843,0.1662,0.1713,93305852.7
2020-04-06,0.1713,0.1885,0.168,0.1882,36161606.02
2020-04-07,0.1882,0.1988,0.1801,0.1849,33997400.45
2020-04-08,0.1849,0.2055,0.1835,0.2029,29032664.83
2020-04-09,0.2029,0.2106,0.1947,0.1994,41923394.72
2020-04-10,0.1994,0.2004,0.1698,0.1777,40335077.59
2020-04-11,0.1777,0.1863,0.1719,0.1785,64987757.84
2020-04-12,0.1785,0.1886,0.173,0.1777,74054267.59
2020-04-13,0.1777,0.1778,0.1677,0.1746,60430180.79
2020-04-14,0.1746,0.1824,0.17,0.1777,58279453.46
2020-04-15,0.1777,0.1829,0.1671,0.1673,66428527.41
2020-04-16,0.1673,0.1892,0.1635,0.184,45072405.65
2020-04-17,0.184,0.1931,0.1817,0.1866,58937530.26
2020-04-18,0.1866,0.201,0.1866,0.1987,43887091.18
2020-04-19,0.1987,0.1993,0.1849,0.188,46149640.06
2020-04-20,0.188,0.1931,0.1735,0.1766,21110383.28
2020-04-21,0.1766,0.1804,0.1742,0.1776,9192445.43
2020-04-22,0.1776,0.1868,0.1763,0.1859,25477919.23
2020-04-23,0.1859,0.1993,0.1805,0.1946,16449525.52
2020-04-24,0.1946,0.2145,0.1933,0.2086,14145211.8
2020-04-25,0.2086,0.223,0.2022,0.2112,15514664.58
2020-04-26,0.2112,0.2351,0.2106,0.2257,16095571.0
2020-04-27,0.2257,0.2276,0.206,0.2164,15419015.84
2020-04-28,0.2164,0.2237,0.2089,0.2155,13605258.21
2020-04-29,0.2155,0.2308,0.2144,0.2301,17043424.26
2020-04-30,0.2301,0.2333,0.202,0.2092,18855913.08
2020-05-01,0.2092,0.2226,0.2092,0.2138,13115713.12
2020-05-02,0.2138,0.2221,0.2123,0.2186,13670966.68
2020-05-03,0.2186,0.2217,0.2016,0.2059,16480139.35
2020-05-04,0.2059,0.2111,0.1892,0.2053,15749444.85
2020-05-05,0.2053,0.2121,0.202,0.2083,16501147.58
2020-05-06,0.2083,0.2107,0.1943,0.1968,16483897.01
2020-05-07,0.1968,0.205,0.1947,0.2035,15139032.9
2020-05-08,0.2035,0.2238,0.2015,0.2186,16748829.3
2020-05-09,0.2186,0.2246,0.2109,0.2133,15387725.34
2020-05-10,0.2133,0.2137,0.1794,0.1919,16132827.16
2020-05-11,0.1919,0.2,0.1763,0.1868,18431714.29
2020-05-12,0.1868,0.1991,0.1856,0.1931,14411316.51
2020-05-13,0.1931,0.1977,0.1892,0.1951,16318348.87
2020-05-14,0.1951,0.205,0.1927,0.1971,14085033.13
2020-05-15,0.1971,0.202,0.1911,0.1916,7348627.49
2020-05-16,0.1916,0.2003,0.1906,0.1982,6598048.23
2020-05-17,0.1982,0.2041,0.1966,0.1981,5709862.89
2020-05-18,0.1981,0.2041,0.1975,0.2011,5966082.48
2020-05-19,0.2011,0.202,0.1958,0.2007,5712040.88
2020-05-20,0.2007,0.2144,0.1985,0.2091,7444515.59
2020-05-21,0.2091,0.21,0.1839,0.1913,8165654.24
2020-05-22,0.1913,0.2091,0.1881,0.2043,12587734.93
2020-05-23,0.2043,0.2126,0.1997,0.2018,13755659.87
2020-05-24,0.2018,0.2115,0.1964,0.198,16039519.78
2020-05-25,0.198,0.2128,0.1942,0.2116,14929204.32
2020-05-26,0.2116,0.2228,0.2061,0.2186,16669225.83
2020-05-27,0.2186,0.2262,0.2146,0.2205,15175483.45
2020-05-28,0.2205,0.2277,0.2133,0.227,11777027.6
2020-05-29,0.227,0.2352,0.2229,0.2285,13998161.04
2020-05-30,0.2285,0.2439,0.2247,0.2436,14792372.53
2020-05-31,0.2436,0.2593,0.2288,0.2339,21202523.0
2020-06-01,0.2339,0.2577,0.2317,0.2493,16601440.99
2020-06-02,0.2493,0.259,0.236,0.246,12606609.39
2020-06-03,0.246,0.2461,0.2373,0.2418,10890806.44
2020-06-04,0.2418,0.2496,0.2392,0.2415,12246412.94
2020-06-05,0.2415,0.2431,0.2317,0.2317,12369517.69
2020-06-06,0.2317,0.2392,0.2295,0.2377,10812768.54
2020-06-07,0.2377,0.2378,0.2246,0.2315,10515793.72
2020-06-08,0.2315,0.2355,0.2296,0.2342,10538330.96
2020-06-09,0.2342,0.2436,0.2302,0.2423,10493882.83
2020-06-10,0.2423,0.249,0.2401,0.2468,11548960.16
2020-06-11,0.2468,0.2509,0.226,0.2311,14469418.18
2020-06-12,0.2311,0.234,0.226,0.2317,12108174.42
2020-06-13,0.2317,0.2358,0.2285,0.2348,9724614.82
2020-06-14,0.2348,0.2465,0.2294,0.233,15057544.2
2020-06-15,0.233,0.2337,0.21,0.2268,17663896.4
2020-06-16,0.2268,0.2409,0.2254,0.2352,29558841.09
2020-06-17,0.2352,0.2471,0.2304,0.244,34873525.48
2020-06-18,0.244,0.2515,0.2381,0.2405,36558377.17
2020-06-19,0.2405,0.2408,0.2308,0.2318,30849430.17
2020-06-20,0.2318,0.235,0.2263,0.2307,27846905.26
2020-06-21,0.2307,0.2407,0.2304,0.2327,27725833.61
2020-06-22,0.2327,0.2417,0.2322,0.2416,26052905.33
2020-06-23,0.2416,0.2516,0.2356,0.2498,23991657.403706226
2020-06-24,0.2498,0.2568,0.2311,0.239,28318034.555832025
2020-06-25,0.239,0.2403,0.2253,0.2341,24781007.49
2020-06-26,0.2341,0.2348,0.2208,0.223,24429148.15
2020-06-27,0.223,0.2231,0.1966,0.2053,26144375.65
2020-06-28,0.2053,0.2123,0.19,0.2074,26829172.26
2020-06-29,0.2074,0.2157,0.2063,0.2144,22847492.18
2020-06-30,0.2144,0.2149,0.2074,0.2087,19441113.46
2020-07-01,0.2087,0.2188,0.2075,0.2144,20865999.01
2020-07-02,0.2144,0.2182,0.2008,0.2049,23129714.31
2020-07-03,0.2049,0.2085,0.2022,0.2034,20993158.01
2020-07-04,0.2034,0.2179,0.203,0.2176,22329162.23
2020-07-05,0.2176,0.2194,0.2084,0.2156,22860533.16
2020-07-06,0.2156,0.2315,0.2151,0.2291,25902197.69
2020-07-07,0.2291,0.2363,0.2233,0.2326,23387983.38
2020-07-08,0.2326,0.2527,0.2295,0.2468,27063412.83
2020-07-09,0.2468,0.2548,0.2347,0.2411,28287794.25
2020-07-10,0.2411,0.2533,0.2281,0.2502,16803893.23
2020-07-11,0.2502,0.2943,0.2489,0.279,23958535.36
2020-07-12,0.279,0.2857,0.2611,0.2792,18343236.66
2020-07-13,0.2792,0.2916,0.26,0.2656,33773675.82
2020-07-14,0.2656,0.2774,0.2506,0.272,8707123.72
2020-07-15,0.272,0.2919,0.2607,0.2881,4442272.81
2020-07-16,0.2881,0.3593,0.2647,0.3547,5138784.49
2020-07-17,0.3547,0.385,0.3324,0.3465,5768285.71
2020-07-18,0.3465,0.3642,0.3322,0.3557,4559055.08
2020-07-19,0.3557,0.399,0.3392,0.3891,4667046.8
2020-07-20,0.3891,0.3959,0.3426,0.3576,5337017.13
2020-07-21,0.3576,0.3706,0.3352,0.346,4680990.06
2020-07-22,0.346,0.3597,0.3429,0.3454,3829144.98
2020-07-23,0.3454,0.3497,0.3236,0.329,3504644.31
2020-07-24,0.329,0.3309,0.3101,0.3118,3795285.01
2020-07-25,0.3118,0.3371,0.3104,0.319,4105188.35
2020-07-26,0.319,0.332,0.3039,0.3212,4053027.89
2020-07-27,0.3212,0.3246,0.2688,0.2875,5215426.24
2020-07-28,0.2875,0.3171,0.2767,0.314,4808357.38
2020-07-29,0.314,0.3281,0.3061,0.3081,4034861.1
2020-07-30,0.3081,0.3486,0.3034,0.335,4377504.8
2020-07-31,0.335,0.3482,0.3166,0.3271,3584427.28
2020-08-01,0.3271,0.3361,0.3215,0.3282,3519925.66
2020-08-02,0.3282,0.3373,0.262,0.3019,4238609.11
2020-08-03,0.3019,0.3231,0.2986,0.3095,3763747.07
2020-08-04,0.3095,0.3317,0.3092,0.3268,3749958.19
2020-08-05,0.3268,0.3462,0.3213,0.3354,4330816.77
2020-08-06,0.3354,0.3738,0.3333,0.3636,4504152.85
2020-08-07,0.3636,0.38,0.3389,0.3689,4512357.33
2020-08-08,0.3689,0.46,0.3678,0.4519,5256142.11
2020-08-09,0.4519,0.4714,0.4108,0.424,5175404.04
2020-08-10,0.424,0.4864,0.4063,0.4684,5580008.93
2020-08-11,0.4684,0.4877,0.397,0.4363,6650004.56
2020-08-12,0.4363,0.5443,0.4074,0.523,6670574.53
2020-08-13,0.523,0.6956,0.4985,0.6683,9229645.23
2020-08-14,0.6683,0.7594,0.6191,0.6383,5505288.17
2020-08-15,0.6383,0.7092,0.5984,0.6354,2525079.99
2020-08-16,0.6354,0.6645,0.6162,0.6287,1993491.27
2020-08-17,0.6287,0.6928,0.5818,0.5874,2110839.05
2020-08-18,0.5874,0.6068,0.5179,0.5566,2950895.87
2020-08-19,0.5566,0.6255,0.49,0.5966,4614375.02
2020-08-20,0.5966,0.6658,0.5918,0.6266,2738339.09
2020-08-21,0.6266,0.6341,0.48,0.5317,4024283.09
2020-08-22,0.5317,0.5862,0.51,0.5644,3658488.83
2020-08-23,0.5644,0.6375,0.5438,0.6129,2422385.27
2020-08-24,0.6129,0.6648,0.5939,0.6296,4513426.02
2020-08-25,0.6296,0.639,0.5301,0.5616,6539089.44
2020-08-26,0.5616,0.5889,0.5301,0.5494,5581252.26
2020-08-27,0.5494,0.5582,0.4909,0.5226,4569120.27
2020-08-28,0.5226,0.5624,0.5126,0.5335,4917506.23
2020-08-29,0.5335,0.5483,0.5178,0.5337,4116732.21
2020-08-30,0.5337,0.5504,0.5101,0.5177,3772929.38
2020-08-31,0.5177,0.5265,0.5015,0.5019,3917741.71
2020-09-01,0.5019,0.5532,0.4916,0.5172,4832528.88
2020-09-02,0.5172,0.5271,0.4213,0.4644,5739689.07
2020-09-03,0.4644,0.4713,0.3306,0.3483,6777927.65
2020-09-04,0.3483,0.3877,0.3328,0.374,6689696.03
2020-09-05,0.374,0.4001,0.3162,0.3417,6146268.94
2020-09-06,0.3417,0.3873,0.3188,0.3754,5848492.06
2020-09-07,0.3754,0.3847,0.3297,0.372,5773435.14
2020-09-08,0.372,0.3766,0.3368,0.349,5340499.95
2020-09-09,0.349,0.4332,0.3375,0.4127,5927746.67
2020-09-10,0.4127,0.4499,0.4013,0.413,5720034.79
2020-09-11,0.413,0.4151,0.3899,0.4114,5140650.13
2020-09-12,0.4114,0.4183,0.3971,0.4087,4781232.74
2020-09-13,0.4087,0.4163,0.3582,0.3773,4796075.63
2020-09-14,0.3773,0.3902,0.3658,0.382,4587873.5
2020-09-15,0.382,0.388,0.3513,0.3541,4410424.95
2020-09-16,0.3541,0.3629,0.3369,0.3594,4507872.16
2020-09-17,0.3594,0.376,0.3459,0.3567,4627669.45
2020-09-18,0.3567,0.3631,0.3283,0.3368,4394333.96
2020-09-19,0.3368,0.3459,0.3255,0.3422,3846724.32
2020-09-20,0.3422,0.3591,0.3116,0.3276,4458679.18
2020-09-21,0.3276,0.3303,0.2754,0.2869,5852585.93
2020-09-22,0.2869,0.3133,0.2763,0.3064,4292495.53
2020-09-23,0.3064,0.3101,0.2632,0.2683,5100868.15
2020-09-24,0.2683,0.3024,0.2638,0.2942,4695492.34
2020-09-25,0.2942,0.3277,0.288,0.317,4895800.3
2020-09-26,0.317,0.3421,0.3135,0.3253,4638173.34
2020-09-27,0.3253,0.3278,0.3032,0.3207,4113422.81
2020-09-28,0.3207,0.3503,0.3188,0.3275,4675018.17
2020-09-29,0.3275,0.3439,0.319,0.3398,4741779.2
2020-09-30,0.3398,0.356,0.3197,0.3466,3765876.48
2020-10-01,0.3466,0.3731,0.325,0.3345,2989243.57
2020-10-02,0.3345,0.3398,0.292,0.3157,3299220.22
2020-10-03,0.3157,0.3293,0.3122,0.3148,2275310.68
2020-10-04,0.3148,0.3207,0.3057,0.3126,2281819.41
2020-10-05,0.3126,0.3218,0.3076,0.3181,2126382.17
2020-10-06,0.3181,0.3213,0.2819,0.2866,2870748.4
2020-10-07,0.2866,0.3109,0.2769,0.3064,3250582.46
2020-10-08,0.3064,0.3152,0.2881,0.3085,2902116.49
2020-10-09,0.3085,0.3325,0.3003,0.3287,2596652.9
2020-10-10,0.3287,0.3396,0.32,0.3264,2736286.92
2020-10-11,0.3264,0.3381,0.3164,0.3322,2485273.01
2020-10-12,0.3322,0.3632,0.3284,0.3449,2913665.26
2020-10-13,0.3449,0.3562,0.332,0.3418,2674965.84
2020-10-14,0.3418,0.348,0.3197,0.3274,2747399.15
2020-10-15,0.3274,0.3328,0.306,0.3147,3108210.26
2020-10-16,0.3147,0.317,0.2949,0.2997,2759893.72
2020-10-17,0.2997,0.3182,0.2988,0.3132,2407977.11
2020-10-18,0.3132,0.3164,0.309,0.3154,1902209.42
2020-10-19,0.3154,0.3176,0.3016,0.3035,2168119.35
2020-10-20,0.3035,0.3039,0.2756,0.287,2946918.5
2020-10-21,0.287,0.3127,0.2848,0.3013,2506521.3
2020-10-22,0.3013,0.3256,0.3006,0.3162,2472326.19
2020-10-23,0.3162,0.3245,0.301,0.3091,2362864.42
2020-10-24,0.3091,0.3132,0.3031,0.3075,2170969.21
2020-10-25,0.3075,0.3123,0.2975,0.3021,2111941.68
2020-10-26,0.3021,0.3069,0.2851,0.2905,2541905.23
2020-10-27,0.2905,0.3006,0.2831,0.2879,2559556.35
2020-10-28,0.2879,0.2926,0.2672,0.2762,3271528.09
2020-10-29,0.2762,0.2844,0.2539,0.2569,2953175.82
2020-10-30,0.2569,0.2586,0.236,0.2543,3446882.92
2020-10-31,0.2543,0.2645,0.2482,0.2486,2570781.05
2020-11-01,0.2486,0.262,0.2443,0.2585,2254482.44
2020-11-02,0.2585,0.2627,0.2432,0.2472,2486539.58
2020-11-03,0.2472,0.2472,0.2255,0.2338,2609423.38
2020-11-04,0.2338,0.2445,0.2223,0.2388,2540742.87
2020-11-05,0.2388,0.2545,0.2336,0.248,2662408.81
2020-11-06,0.248,0.2822,0.2476,0.2762,3432720.51
2020-11-07,0.2762,0.2978,0.2426,0.2585,4449082.35
2020-11-08,0.2585,0.2765,0.2536,0.2669,3105529.16
2020-11-09,0.2669,0.28,0.2536,0.2603,2888798.34
2020-11-10,0.2603,0.2934,0.2558,0.2886,6985938.98
2020-11-11,0.2886,0.295,0.2765,0.2782,5001249.33
2020-11-12,0.2782,0.2784,0.26,0.2664,3754887.09
2020-11-13,0.2664,0.2823,0.2625,0.2802,4788270.5
2020-11-14,0.2802,0.2811,0.2625,0.2658,4383869.99
2020-11-15,0.2658,0.2728,0.2434,0.2517,36934370.57
2020-11-16,0.2517,0.2735,0.248,0.2708,24471868.14
2020-11-17,0.2708,0.2795,0.2679,0.2747,4519579.61
2020-11-18,0.2747,0.2862,0.2536,0.2676,7315023.57
2020-11-19,0.2676,0.272,0.2544,0.2655,4810124.65
2020-11-20,0.2655,0.2893,0.2637,0.2848,5214936.59
2020-11-21,0.2848,0.3249,0.2837,0.3172,9755017.07
2020-11-22,0.3172,0.324,0.2797,0.2975,11220384.36
2020-11-23,0.2975,0.3417,0.2932,0.336,10885476.4
2020-11-24,0.336,0.3757,0.3264,0.3578,24571045.28
2020-11-25,0.3578,0.4205,0.3315,0.343,27655150.6
2020-11-26,0.343,0.3569,0.2761,0.3014,35143473.9
2020-11-27,0.3014,0.3168,0.2847,0.3002,12901005.61
2020-11-28,0.3002,0.3249,0.2949,0.3125,6968193.43
2020-11-29,0.3125,0.3243,0.3005,0.3174,5391558.69
2020-11-30,0.3174,0.338,0.3126,0.3286,4670457.86
2020-12-01,0.3286,0.3471,0.3044,0.3079,3994576.2
2020-12-02,0.3079,0.3491,0.2998,0.3415,3442838.6
2020-12-03,0.3415,0.357,0.3377,0.3406,3033640.08
2020-12-04,0.3406,0.374,0.3214,0.3261,4531673.76
2020-12-05,0.3261,0.352,0.3176,0.3436,3323524.94
2020-12-06,0.3436,0.3493,0.3277,0.3365,3174405.83
2020-12-07,0.3365,0.3436,0.3231,0.3311,2510118.32
2020-12-08,0.3311,0.3328,0.2928,0.3011,4025991.7
2020-12-09,0.3011,0.3091,0.2858,0.3062,3264690.29
2020-12-10,0.3062,0.3077,0.2892,0.2935,2860580.23
2020-12-11,0.2935,0.2957,0.277,0.2877,2102560.14
2020-12-12,0.2877,0.3164,0.2877,0.3094,1533381.72
2020-12-13,0.3094,0.3208,0.3042,0.3093,1152829.78
2020-12-14,0.3093,0.3192,0.3032,0.313,1132129.07
2020-12-15,0.313,0.3405,0.3125,0.3244,1232916.89
2020-12-16,0.3244,0.3452,0.318,0.3405,1277458.35
2020-12-17,0.3405,0.3596,0.3243,0.3324,1936083.39
2020-12-18,0.3324,0.3647,0.3169,0.3527,1944217.66
2020-12-19,0.3527,0.3797,0.3497,0.3555,2179249.33
2020-12-20,0.3555,0.3583,0.3288,0.3391,1366840.63
2020-12-21,0.3391,0.3674,0.3085,0.3255,3375709.35
2020-12-22,0.3255,0.3486,0.3178,0.337,4582633.25
2020-12-23,0.337,0.352,0.2618,0.2901,7164162.64
2020-12-24,0.2901,0.3151,0.2812,0.3134,4198392.8
2020-12-25,0.3134,0.3292,0.3035,0.3088,2534055.99
2020-12-26,0.3088,0.3219,0.2997,0.3097,2759297.44
2020-12-27,0.3097,0.3383,0.301,0.3188,4509249.05
2020-12-28,0.3188,0.3583,0.3157,0.3583,4238694.94
2020-12-29,0.3583,0.3629,0.3203,0.3461,6796929.58
2020-12-30,0.3461,0.3593,0.327,0.3353,3319117.08
2020-12-31,0.3353,0.3372,0.3169,0.3356,3008389.86
2021-01-01,0.3356,0.4308,0.3312,0.3975,8530323.37
2021-01-02,0.3975,0.4609,0.3829,0.4084,6413318.07
2021-01-03,0.4084,0.4352,0.3987,0.4246,4421469.87
2021-01-04,0.4246,0.4602,0.3694,0.4461,4883761.07
2021-01-05,0.4461,0.4955,0.4045,0.4782,6491934.5
2021-01-06,0.4782,0.5274,0.4588,0.5102,4918667.93
2021-01-07,0.5102,0.518,0.4365,0.4609,3611245.43
2021-01-08,0.4609,0.4856,0.4126,0.4551,3138133.52
2021-01-09,0.4551,0.494,0.4165,0.4848,2464008.8
2021-01-10,0.4848,0.5146,0.4161,0.4594,2823797.81
2021-01-11,0.4594,0.4594,0.3727,0.4174,4534885.67
2021-01-12,0.4174,0.43,0.3916,0.3983,2274033.35
2021-01-13,0.3983,0.4527,0.3815,0.4509,1550052.79
2021-01-14,0.4509,0.4671,0.4305,0.4553,1368912.01
2021-01-15,0.4553,0.4981,0.4285,0.488,3226424.91
2021-01-16,0.488,0.549,0.485,0.5179,3744149.47
2021-01-17,0.5179,0.5871,0.4844,0.5864,4460018.78
2021-01-18,0.5864,0.6052,0.5424,0.5657,2861153.15
2021-01-19,0.5657,0.5726,0.5164,0.5222,1998008.66
2021-01-20,0.5222,0.5491,0.4857,0.5474,2683088.81
2021-01-21,0.5474,0.5486,0.4505,0.4606,3071341.97
2021-01-22,0.4606,0.5384,0.4306,0.51,2696750.92
2021-01-23,0.51,0.57,0.5028,0.5571,3269144.16
2021-01-24,0.5571,0.5808,0.5481,0.5628,2183088.68
2021-01-25,0.5628,0.633,0.5513,0.5566,2985293.32
2021-01-26,0.5566,0.618,0.5358,0.6017,2564792.1
2021-01-27,0.6017,0.6022,0.5259,0.5419,3260703.09
2021-01-28,0.5419,0.5784,0.5269,0.559,2226273.94
2021-01-29,0.559,0.6839,0.5519,0.6381,3555662.01
2021-01-30,0.6381,0.7034,0.6148,0.6639,4184937.97
2021-01-31,0.6639,0.6992,0.6227,0.6523,3942669.87
2021-02-01,0.6523,0.6659,0.6185,0.6427,2724448.55
2021-02-02,0.6427,0.6722,0.6259,0.6503,1743992.02
2021-02-03,0.6503,0.75,0.648,0.7407,2023173.09
2021-02-04,0.7407,0.758,0.6757,0.7057,3208840.92
2021-02-05,0.7057,0.8878,0.7007,0.8329,4259491.78
2021-02-06,0.8329,0.8616,0.7387,0.8095,3916534.81
2021-02-07,0.8095,0.8768,0.7705,0.8439,4400151.57
2021-02-08,0.8439,1.09,0.8414,1.0071,6154050.91
2021-02-09,1.0071,1.0767,0.9635,1.0284,3958243.07
2021-02-10,1.0284,1.0479,0.9207,1.0296,3069011.29
2021-02-11,1.0296,1.3011,1.0296,1.2423,5504107.67
2021-02-12,1.2423,1.8322,1.1791,1.714,7309178.93
2021-02-13,1.714,1.7914,1.3608,1.6703,5486211.4
2021-02-14,1.6703,1.6812,1.4071,1.4717,3352603.87
2021-02-15,1.4717,1.5463,1.2017,1.353,5798725.68
2021-02-16,1.353,1.4636,1.2702,1.3116,2992806.94
2021-02-17,1.3116,1.4182,1.2005,1.3695,2947750.75
2021-02-18,1.3695,1.4492,1.3547,1.3983,1928238.61
2021-02-19,1.3983,1.4261,1.3071,1.3735,1593351.82
2021-02-20,1.3735,1.4949,1.2494,1.3127,2957949.87
2021-02-21,1.3127,1.3881,1.1672,1.3002,844329.08
2021-02-22,1.3002,1.3035,0.8172,1.1429,1563540.32
2021-02-23,1.1429,1.1429,0.8428,1.0052,9900756.01
2021-02-24,1.0052,1.1833,0.958,1.0604,3123678.34
2021-02-25,1.0604,1.1485,0.9727,0.9814,2807141.84
2021-02-26,0.9814,1.0501,0.8992,0.9724,2748348.03
2021-02-27,0.9724,1.1907,0.9724,1.0983,2066371.37
2021-02-28,1.0983,1.1309,0.9479,1.014,2149314.94
2021-03-01,1.014,1.1072,1.0072,1.0887,1068547.18
2021-03-02,1.0887,1.166,1.041,1.0796,1267189.95
2021-03-03,1.0796,1.2294,1.0587,1.1808,1082935.36
2021-03-04,1.1808,1.2479,1.0513,1.0918,1819147.24
2021-03-05,1.0918,1.0941,1.0056,1.0541,980167.65
2021-03-06,1.0541,1.0691,1.0058,1.0532,516811.61
2021-03-07,1.0532,1.1357,1.053,1.1065,682558.74
2021-03-08,1.1065,1.165,1.0629,1.1537,645321.07
2021-03-09,1.1537,1.1844,1.1186,1.1811,610967.62
2021-03-10,1.1811,1.2276,1.0819,1.1094,793311.35
2021-03-11,1.1094,1.1256,1.0524,1.0812,616001.06
2021-03-12,1.0812,1.155,1.0339,1.0501,965551.28
2021-03-13,1.0501,1.173,1.0162,1.1401,767390.81
2021-03-14,1.1401,1.17,1.0904,1.124,810503.34
2021-03-15,1.124,1.3444,1.1155,1.1908,2527975.44
2021-03-16,1.1908,1.2461,1.1271,1.1975,1469197.83
2021-03-17,1.1975,1.2936,1.1555,1.2886,825097.0
2021-03-18,1.2886,1.3831,1.2417,1.2581,1031562.88
2021-03-19,1.2581,1.3088,1.2001,1.2495,408224.47
2021-03-20,1.2495,1.3131,1.2024,1.2094,314146.39
2021-03-21,1.2094,1.2337,1.152,1.1807,390020.35
2021-03-22,1.1807,1.2378,1.0802,1.1042,716708.31
2021-03-23,1.1042,1.1588,1.0665,1.1117,549035.08
2021-03-24,1.1117,1.1818,0.9897,1.0299,929064.18
2021-03-25,1.0299,1.0757,0.9823,1.0347,1051455.36
2021-03-26,1.0347,1.1228,1.0347,1.1153,281455.93
2021-03-27,1.1153,1.215,1.0929,1.1584,531970.03
2021-03-28,1.1584,1.2695,1.1473,1.2358,548760.75
2021-03-29,1.2358,1.4504,1.2162,1.4048,637869.75
2021-03-30,1.4048,1.4269,1.302,1.3234,470411.38
2021-03-31,1.3234,1.3714,1.2459,1.3349,603071.54
2021-04-01,1.3349,1.4009,1.2903,1.3225,493395.46
2021-04-02,1.3225,1.3657,1.3039,1.3577,319149.72
2021-04-03,1.3577,1.4679,1.2604,1.2634,906668.54
2021-04-04,1.2634,1.3472,1.2394,1.3077,345777.2
2021-04-05,1.3077,1.4254,1.2749,1.4046,456621.17
2021-04-06,1.4046,1.4853,1.34,1.3987,718760.76
2021-04-07,1.3987,1.4831,1.2519,1.3035,800602.35
2021-04-08,1.3035,1.3783,1.2935,1.3508,303690.92
2021-04-09,1.3508,1.4261,1.3213,1.3918,303033.72
2021-04-10,1.3918,1.4754,1.3571,1.3914,496307.17
2021-04-11,1.3914,1.5457,1.3633,1.5219,540494.57
2021-04-12,1.5219,1.5952,1.4351,1.4821,656188.04
2021-04-13,1.4821,1.5523,1.4175,1.5146,452660.41
2021-04-14,1.5146,1.5278,1.3843,1.4632,364238.26
2021-04-15,1.4632,1.6211,1.4469,1.5693,308475.01
2021-04-16,1.5693,1.5954,1.4083,1.5063,424258.96
2021-04-17,1.5063,1.7984,1.5063,1.6937,962587.73
2021-04-18,1.6937,1.7168,1.2341,1.4571,771954.8
2021-04-19,1.4571,1.5092,1.2816,1.2916,457560.48
2021-04-20,1.2916,1.3484,1.1599,1.2915,450835.4
2021-04-21,1.2915,1.3425,1.1924,1.2088,734496.71
2021-04-22,1.2088,1.3231,1.1369,1.1637,505243.72
2021-04-23,1.1637,1.1937,0.9185,1.1655,1534942.08
2021-04-24,1.1655,1.1695,1.0785,1.0883,205396.21
2021-04-25,1.0883,1.1919,1.0521,1.0928,294458.27
2021-04-26,1.0928,1.2464,1.0842,1.2356,321267.5
2021-04-27,1.2356,1.3302,1.2241,1.3081,260629.95
2021-04-28,1.3081,1.3352,1.2107,1.2888,310776.56
2021-04-29,1.2888,1.3808,1.243,1.3195,361052.02
2021-04-30,1.3195,1.4444,1.295,1.4012,209496.1
2021-05-01,1.4012,1.4185,1.3506,1.3934,159684.78
2021-05-02,1.3934,1.4109,1.3262,1.3863,182194.61
2021-05-03,1.3863,1.4726,1.3863,1.4351,134512.1
2021-05-04,1.4351,1.4435,1.2747,1.2747,222945.74
2021-05-05,1.2747,1.4511,1.2543,1.4402,193477.35
2021-05-06,1.4402,1.5784,1.4155,1.5421,318705.88
2021-05-07,1.5421,1.6919,1.4732,1.5757,352743.28
2021-05-08,1.5757,1.6181,1.4961,1.5172,380092.91
2021-05-09,1.5172,1.5284,1.4323,1.5132,222899.75
2021-05-10,1.5132,1.5558,1.3105,1.3708,709302.68
2021-05-11,1.3708,1.4785,1.3262,1.4747,397793.23
2021-05-12,1.4747,1.4987,1.2481,1.2689,415959.83
2021-05-13,1.2689,1.4496,1.2094,1.3512,406225.61
2021-05-14,1.3512,1.4879,1.3258,1.4747,197134.58
2021-05-15,1.4747,1.5316,1.3748,1.3839,225025.15
2021-05-16,1.3839,1.5377,1.3362,1.3976,204823.65
2021-05-17,1.3976,1.4093,1.2582,1.2856,230930.36
2021-05-18,1.2856,1.3916,1.2641,1.3663,132881.5
2021-05-19,1.3663,1.3867,0.7495,0.9342,1511289.33
2021-05-20,0.9342,1.1182,0.8416,1.1089,625230.98
2021-05-21,1.1089,1.1461,0.8476,0.9778,375279.24
2021-05-22,0.9778,1.0106,0.8559,0.9735,180188.68
2021-05-23,0.9735,1.0399,0.6795,0.8212,343300.32
2021-05-24,0.8212,1.0027,0.8041,0.9771,90768.65
2021-05-25,0.9771,1.0157,0.8687,0.9747,77075.71
2021-05-26,0.9747,1.057,0.955,1.0225,104691.59
2021-05-27,1.0225,1.0316,0.9377,0.9709,134750.51
2021-05-28,0.9709,0.9854,0.8472,0.8984,102971.73
2021-05-29,0.8984,0.9288,0.7913,0.8294,109156.15
2021-05-30,0.8294,0.893,0.7802,0.8491,122994.64
2021-05-31,0.8491,0.9375,0.8145,0.9365,106621.93
2021-06-01,0.9365,0.9495,0.8776,0.8949,82459.33
2021-06-02,0.8949,1.0687,0.8741,1.0182,194458.21
2021-06-03,1.0182,1.1504,1.007,1.1084,167506.22
2021-06-04,1.1084,1.1328,0.9731,1.0284,136716.24
2021-06-05,1.0284,1.0905,0.9534,0.9763,140146.3
2021-06-06,0.9763,1.0236,0.9654,1.0231,91638.25
2021-06-07,1.0231,1.0874,0.95,0.9632,159814.44
2021-06-08,0.9632,0.9744,0.86,0.9416,113691.89
2021-06-09,0.9416,1.139,0.9085,1.041,335404.51
2021-06-10,1.041,1.0476,0.9758,1.0476,105254.78
2021-06-11,1.0476,1.0778,0.9602,0.9684,82144.78
2021-06-12,0.9684,1.0118,0.9123,0.987,66121.85
2021-06-13,0.987,1.0637,0.9646,1.0382,79754.71
2021-06-14,1.0382,1.0826,1.0257,1.0521,77831.18
2021-06-15,1.0521,1.0903,1.0257,1.0312,104564.16
2021-06-16,1.0312,1.0562,0.996,1.0134,75764.71
2021-06-17,1.0134,1.0806,1.0134,1.0622,83792.12
2021-06-18,1.0622,1.09,0.9636,0.9868,101179.01
2021-06-19,0.9868,0.9907,0.9362,0.9371,80656.42
2021-06-20,0.9371,0.9524,0.881,0.9372,82122.42
2021-06-21,0.9372,0.9391,0.7516,0.7533,172002.11
2021-06-22,0.7533,0.8522,0.6726,0.7414,221122.47
2021-06-23,0.7414,0.8685,0.7148,0.8312,113269.74
2021-06-24,0.8312,0.8935,0.7968,0.8721,100485.27
2021-06-25,0.8721,0.8978,0.7795,0.7937,85613.57
2021-06-26,0.7937,0.8235,0.7609,0.8073,97510.58
2021-06-27,0.8073,0.8416,0.7715,0.8336,130853.12
2021-06-28,0.8336,0.8628,0.8223,0.8385,109883.92
2021-06-29,0.8385,0.9227,0.8385,0.8859,134675.53
2021-06-30,0.8859,0.9089,0.8345,0.8811,104226.58
2021-07-01,0.8811,0.8828,0.8123,0.8364,111794.85
2021-07-02,0.8364,0.8451,0.8,0.8451,103606.79
2021-07-03,0.8451,0.8833,0.8353,0.8755,101879.56
2021-07-04,0.8755,0.9135,0.8571,0.8794,99805.75
2021-07-05,0.8794,0.8912,0.8401,0.8731,114615.22
2021-07-06,0.8731,0.9312,0.8731,0.9142,117125.54
2021-07-07,0.9142,0.94,0.9027,0.9056,110126.64
2021-07-08,0.9056,0.906,0.8483,0.8685,114916.65
2021-07-09,0.8685,0.9309,0.83,0.9059,139010.64
2021-07-10,0.9059,0.9224,0.8685,0.8924,107950.83
2021-07-11,0.8924,0.9177,0.8858,0.8934,87128.8
2021-07-12,0.8934,0.9044,0.8508,0.8713,89747.22
2021-07-13,0.8713,0.8963,0.8496,0.8754,97424.19
2021-07-14,0.8754,0.8807,0.8245,0.8577,182614.97
2021-07-15,0.8577,0.8786,0.8213,0.8323,173321.29
2021-07-16,0.8323,0.8502,0.775,0.7841,141644.07
2021-07-17,0.7841,0.806,0.7729,0.7827,302638.14
2021-07-18,0.7827,0.8136,0.7759,0.7988,226560.69
2021-07-19,0.7988,0.8074,0.747,0.7486,427954.3
2021-07-20,0.7486,0.7647,0.6772,0.696,701404.19
2021-07-21,0.696,0.782,0.6817,0.7677,477329.51
2021-07-22,0.7677,0.7993,0.7548,0.7963,498446.33
2021-07-23,0.7963,0.8149,0.7715,0.8086,352440.7
2021-07-24,0.8086,0.846,0.8045,0.8264,367180.89
2021-07-25,0.8264,0.9069,0.7963,0.8894,391672.15
2021-07-26,0.8894,0.9321,0.8409,0.8488,451715.95
2021-07-27,0.8488,0.8713,0.8183,0.8561,366800.19
2021-07-28,0.8561,0.8709,0.8282,0.8427,347983.27
2021-07-29,0.8427,0.8546,0.8251,0.8462,270289.22
2021-07-30,0.8462,0.8551,0.8093,0.8522,290999.62
2021-07-31,0.8522,0.8572,0.8232,0.8409,258249.1
2021-08-01,0.8409,0.8763,0.8041,0.8128,357196.5
2021-08-02,0.8128,0.839,0.8008,0.8165,266744.44
2021-08-03,0.8165,0.8359,0.7919,0.8178,286654.41
2021-08-04,0.8178,0.8414,0.8026,0.8282,263519.77
2021-08-05,0.8282,0.8587,0.8106,0.8513,264373.35
2021-08-06,0.8513,0.8684,0.8235,0.8537,228715.76
2021-08-07,0.8537,0.8942,0.8449,0.8769,385084.81
2021-08-08,0.8769,0.8849,0.8174,0.8259,450501.41
2021-08-09,0.8259,0.8709,0.8059,0.856,383706.65
2021-08-10,0.856,0.9095,0.839,0.8834,321490.29
2021-08-11,0.8834,0.9689,0.8779,0.9122,450313.4
2021-08-12,0.9122,0.9646,0.8545,0.8842,612992.44
2021-08-13,0.8842,0.9556,0.8725,0.9549,379187.04
2021-08-14,0.9549,0.9801,0.9121,0.932,458934.13
2021-08-15,0.932,1.023,0.9259,0.9958,502595.07
2021-08-16,0.9958,1.0281,0.9367,0.9459,444763.99
2021-08-17,0.9459,0.9915,0.8804,0.8832,762233.17
2021-08-18,0.8832,0.9632,0.8481,0.9209,1433411.13
2021-08-19,0.9209,1.0725,0.9123,1.045,6379622.81
2021-08-20,1.045,1.1535,1.0398,1.1384,5401498.79
2021-08-21,1.1384,1.222,1.0514,1.1482,5189444.69
2021-08-22,1.1482,1.2441,1.1192,1.1567,3833199.81
2021-08-23,1.1567,1.1864,1.1095,1.1597,4136553.95
2021-08-24,1.1597,1.1599,1.0165,1.0391,10442172.25
2021-08-25,1.0391,1.0797,1.0007,1.0646,7577242.48
2021-08-26,1.0646,1.0752,0.9725,0.9909,9766820.19
2021-08-27,0.9909,1.0653,0.9602,1.065,6906783.56
2021-08-28,1.065,1.0726,1.0226,1.0374,6173203.39
2021-08-29,1.0374,1.0663,1.0003,1.0216,6102536.72
2021-08-30,1.0216,1.0956,0.9767,1.0195,4101077.3
2021-08-31,1.0195,1.1679,1.003,1.1132,3688362.77
2021-09-01,1.1132,1.184,1.0797,1.1598,1077113.4
2021-09-02,1.1598,1.1773,1.1232,1.1453,737172.32
2021-09-03,1.1453,1.2688,1.1093,1.2187,1321869.63
2021-09-04,1.2187,1.239,1.18,1.2074,812923.46
2021-09-05,1.2074,1.3502,1.1826,1.3149,1308257.62
2021-09-06,1.3149,1.4861,1.2941,1.462,1498937.79
2021-09-07,1.462,1.5157,1.015,1.2663,2761041.41
2021-09-08,1.2663,1.9608,1.2335,1.9125,7699247.94
2021-09-09,1.9125,2.4826,1.9052,2.3,4536325.14
2021-09-10,2.3,2.4232,1.8444,2.006,2233713.02
2021-09-11,2.006,2.2832,1.9704,1.9874,723899.66
2021-09-12,1.9874,2.465,1.9085,2.3835,861102.58
2021-09-13,2.3835,2.5481,1.9674,2.1712,975599.53
2021-09-14,2.1712,2.2632,1.99,2.0409,650022.13
2021-09-15,2.0409,2.0815,1.9996,2.0125,337242.65
2021-09-16,2.0125,2.2251,1.8644,2.0377,907327.91
2021-09-17,2.0377,2.1556,1.8975,1.9197,425466.75
2021-09-18,1.9197,2.1267,1.8942,2.0705,524378.75
2021-09-19,2.0705,2.1516,1.9431,1.9728,308855.77
2021-09-20,1.9728,1.973,1.5502,1.6697,929439.38
2021-09-21,1.6697,1.8233,1.5223,1.5708,722522.87
2021-09-22,1.5708,1.8947,1.5493,1.8418,671954.49
2021-09-23,1.8418,2.05,1.79,2.005,443946.2
2021-09-24,2.005,2.0057,1.69,1.7873,720932.3
2021-09-25,1.7873,1.8124,1.6954,1.7303,247271.9
2021-09-26,1.7303,1.7804,1.567,1.7803,357229.05
2021-09-27,1.7803,1.8558,1.668,1.6721,432692.7
2021-09-28,1.6721,1.7191,1.555,1.5652,353138.16
2021-09-29,1.5652,1.7474,1.5518,1.6058,329500.28
2021-09-30,1.6058,1.6629,1.5735,1.6262,300536.97
2021-10-01,1.6262,1.812,1.5945,1.7746,411766.83
2021-10-02,1.7746,1.8823,1.7123,1.7732,376594.68
2021-10-03,1.7732,1.9956,1.7314,1.981,452506.39
2021-10-04,1.981,2.09,1.8839,1.9406,637329.5
2021-10-05,1.9406,2.0586,1.92,1.9533,572685.23
2021-10-06,1.9533,1.9857,1.7781,1.8128,424872.17
2021-10-07,1.8128,1.9376,1.7512,1.888,328003.08
2021-10-08,1.888,1.998,1.8783,1.897,601425.25
2021-10-09,1.897,1.9479,1.8641,1.8909,177541.04
2021-10-10,1.8909,1.8917,1.761,1.7684,202157.39
2021-10-11,1.7684,1.8341,1.6794,1.716,214616.74
2021-10-12,1.716,1.7562,1.6085,1.7438,503544.77
2021-10-13,1.7438,1.8439,1.6886,1.837,221974.18
2021-10-14,1.837,1.88,1.7801,1.8076,300076.72
2021-10-15,1.8076,1.8091,1.7327,1.7556,227907.38
2021-10-16,1.7556,1.8475,1.7355,1.7959,483056.93
2021-10-17,1.7959,1.89,1.7272,1.7673,330045.85
2021-10-18,1.7673,1.788,1.715,1.7356,361969.09
2021-10-19,1.7356,1.7679,1.6853,1.7111,267473.73
2021-10-20,1.7111,1.8215,1.6858,1.7872,394310.16
2021-10-21,1.7872,1.8839,1.7523,1.7827,479426.7
2021-10-22,1.7827,1.9379,1.7722,1.859,376937.14
2021-10-23,1.859,1.9414,1.8461,1.9078,301697.23
2021-10-24,1.9078,1.9176,1.7807,1.8157,232327.82
2021-10-25,1.8157,2.0733,1.8066,2.0491,427165.13
2021-10-26,2.0491,2.1,1.9501,2.0431,541754.38
2021-10-27,2.0431,2.0866,1.6369,1.7889,831452.98
2021-10-28,1.7889,1.879,1.7513,1.8463,646259.71
2021-10-29,1.8463,1.9168,1.8359,1.8751,434801.0
2021-10-30,1.8751,1.8766,1.7814,1.8197,259130.51
2021-10-31,1.8197,1.8548,1.7559,1.8285,313560.81
2021-11-01,1.8285,1.8667,1.7771,1.8319,566257.42
2021-11-02,1.8319,1.9113,1.8302,1.86,461773.45
2021-11-03,1.86,1.9764,1.8212,1.9281,1053115.15
2021-11-04,1.9281,1.9608,1.8186,1.8569,465805.19
2021-11-05,1.8569,1.9141,1.8292,1.8425,353740.45
2021-11-06,1.8425,1.866,1.7781,1.833,367055.77
2021-11-07,1.833,1.87,1.8196,1.8663,342362.24
2021-11-08,1.8663,2.0862,1.8359,2.0469,855019.43
2021-11-09,2.0469,2.0553,1.9313,1.9441,555464.09
2021-11-10,1.9441,2.291,1.843,1.9353,1348454.08
2021-11-11,1.9353,2.0585,1.8766,2.0225,661019.86
2021-11-12,2.0225,2.3443,2.0041,2.1432,1672186.46
2021-11-13,2.1432,2.1606,2.0328,2.0763,537351.78
2021-11-14,2.0763,2.1077,1.919,1.9829,478996.85
2021-11-15,1.9829,2.0086,1.8598,1.8915,958273.93
2021-11-16,1.8915,1.8915,1.5696,1.7234,1199612.78
2021-11-17,1.7234,1.7593,1.5936,1.6591,968902.16
2021-11-18,1.6591,3.7196,1.6461,1.8486,6288897.59
2021-11-19,1.8486,1.9048,1.7524,1.8781,1104157.95
2021-11-20,1.8781,1.9044,1.7585,1.8377,550508.06
2021-11-21,1.8377,1.8908,1.7826,1.8305,585580.76
2021-11-22,1.8305,1.8357,1.7156,1.7384,794414.7
2021-11-23,1.7384,1.849,1.69,1.836,1258460.92
2021-11-24,1.836,1.8706,1.7202,1.7427,771953.21
2021-11-25,1.7427,1.8416,1.7251,1.8196,588205.79
2021-11-26,1.8196,1.8228,1.5873,1.6006,1063592.6
2021-11-27,1.6006,1.7242,1.6006,1.6792,681405.85
2021-11-28,1.6792,1.7144,1.5737,1.7144,1114624.23
2021-11-29,1.7144,1.831,1.6925,1.7717,783837.16
2021-11-30,1.7717,1.88,1.7308,1.8095,960100.33
2021-12-01,1.8095,2.0224,1.8024,1.962,1172930.07
2021-12-02,1.962,2.0402,1.85,1.8875,1003268.57
2021-12-03,1.8875,1.9408,1.6983,1.7497,688953.25
2021-12-04,1.7497,1.7497,1.3,1.6496,1647753.27
2021-12-05,1.6496,1.7624,1.5868,1.7624,1399921.8
2021-12-06,1.7624,1.8601,1.6142,1.7652,1597124.82
2021-12-07,1.7652,1.8098,1.6641,1.6845,676375.68
2021-12-08,1.6845,1.7,1.5937,1.7,430248.9
2021-12-09,1.7,1.7122,1.5458,1.5469,447511.48
2021-12-10,1.5469,1.5987,1.4572,1.461,638870.08
2021-12-11,1.461,1.576,1.4309,1.5242,419234.37
2021-12-12,1.5242,1.5648,1.5089,1.5404,278020.75
2021-12-13,1.5404,1.5587,1.3186,1.3205,615720.55
2021-12-14,1.3205,1.3925,1.3105,1.3814,504982.14
2021-12-15,1.3814,1.4539,1.305,1.4267,476034.28
2021-12-16,1.4267,1.4644,1.3837,1.3873,356762.36
2021-12-17,1.3873,1.403,1.3186,1.3478,440175.65
2021-12-18,1.3478,1.3986,1.326,1.3787,341934.63
2021-12-19,1.3787,1.4328,1.3531,1.3548,378111.91
2021-12-20,1.3548,1.3559,1.2441,1.2967,393373.93
2021-12-21,1.2967,1.3622,1.2906,1.356,342529.15
2021-12-22,1.356,1.4136,1.3428,1.3618,287925.88
2021-12-23,1.3618,1.4867,1.344,1.4667,462319.05
2021-12-24,1.4667,1.6484,1.446,1.574,687939.97
2021-12-25,1.574,1.6006,1.5316,1.576,186706.2
2021-12-26,1.576,1.6417,1.5452,1.6055,365666.7
2021-12-27,1.6055,1.7236,1.5795,1.6598,379345.87
2021-12-28,1.6598,1.661,1.4531,1.4656,354527.91
2021-12-29,1.4656,1.6404,1.4074,1.5809,362783.83
2021-12-30,1.5809,1.7631,1.5228,1.7295,504691.96
2021-12-31,1.7295,1.7832,1.5626,1.6605,671773.74
2022-01-01,1.6605,1.7658,1.6299,1.7415,263479.78
2022-01-02,1.7415,1.7827,1.63,1.6728,695913.96
2022-01-03,1.6728,1.835,1.6268,1.7912,432362.35
2022-01-04,1.7912,1.8443,1.6588,1.6706,571918.76
2022-01-05,1.6706,1.8,1.4516,1.5517,511035.33
2022-01-06,1.5517,1.6045,1.4847,1.5645,404559.38
2022-01-07,1.5645,1.5679,1.3955,1.4454,421252.44
2022-01-08,1.4454,1.4689,1.3162,1.384,358246.87
2022-01-09,1.384,1.4508,1.3694,1.4019,114167.5
2022-01-10,1.4019,1.4485,1.3013,1.3634,389523.94
2022-01-11,1.3634,1.4508,1.3487,1.4431,264386.49
2022-01-12,1.4431,1.5021,1.4389,1.4971,319992.9
2022-01-13,1.4971,1.5,1.3437,1.3603,395728.38
2022-01-14,1.3602,1.4106,1.3286,1.3841,433045.77
2022-01-15,1.3841,1.415,1.357,1.3819,161125.09
2022-01-16,1.3819,1.4456,1.3678,1.4299,260391.54
2022-01-17,1.4299,1.4388,1.3399,1.3468,266131.8
2022-01-18,1.3468,1.3603,1.2785,1.3178,282909.95
2022-01-19,1.3178,1.3223,1.2255,1.2658,463737.89
2022-01-20,1.2658,1.3264,1.1572,1.161,440991.16
2022-01-21,1.161,1.1945,1.0007,1.0321,826917.18
2022-01-22,1.0321,1.061,0.7956,0.9516,1109095.19
2022-01-23,0.9516,1.0037,0.92,0.9909,465654.12
2022-01-24,0.9909,0.9909,0.8183,0.9138,523447.64
2022-01-25,0.9138,0.9462,0.8686,0.9263,394913.65
2022-01-26,0.9263,0.9925,0.8922,0.9251,435653.02
2022-01-27,0.9251,0.9558,0.8565,0.9366,449129.35
2022-01-28,0.9366,0.9846,0.9223,0.9578,356223.25
2022-01-29,0.9578,1.0057,0.9555,0.9683,253731.07
2022-01-30,0.9683,0.989,0.93,0.9457,316438.49
2022-01-31,0.9457,0.97,0.904,0.9498,390162.88
2022-02-01,0.9498,0.99,0.9466,0.9666,253764.78
2022-02-02,0.9666,1.029,0.9212,0.9236,444731.0
2022-02-03,0.9236,0.9404,0.9012,0.9347,314700.91
2022-02-04,0.9347,0.9986,0.9267,0.9985,294053.27
2022-02-05,0.9985,1.0439,0.9827,1.0017,270594.38
2022-02-06,1.0017,1.0289,0.9728,1.0242,297812.87
2022-02-07,1.0242,1.1,0.9991,1.0678,620027.49
2022-02-08,1.0678,1.1,0.9876,1.0245,594508.94
2022-02-09,1.0245,1.0454,0.9966,1.0356,577743.7
2022-02-10,1.0356,1.0486,0.9761,0.9799,847971.92
2022-02-11,0.9799,0.9954,0.8973,0.9177,674620.46
2022-02-12,0.9177,0.9401,0.8894,0.9155,375617.45
2022-02-13,0.9155,0.9336,0.8831,0.8967,394077.39
2022-02-14,0.8967,0.9084,0.8726,0.9007,565783.44
2022-02-15,0.9007,0.9743,0.8988,0.9705,598873.82
2022-02-16,0.9705,1.0071,0.9533,0.9759,1001706.46
2022-02-17,0.9759,0.9879,0.887,0.8942,373172.03
2022-02-18,0.8942,0.9243,0.8749,0.8965,238062.09
2022-02-19,0.8965,0.9183,0.8714,0.8992,247696.44
2022-02-20,0.8992,0.901,0.8321,0.8444,284138.94
2022-02-21,0.8444,0.8773,0.7799,0.7842,356389.33
2022-02-22,0.7842,0.8193,0.7584,0.8095,329369.89
2022-02-23,0.8095,0.8499,0.7823,0.7846,232798.6
2022-02-24,0.7846,0.793,0.6888,0.7773,951205.87
2022-02-25,0.7773,0.8398,0.7687,0.8294,854562.3
2022-02-26,0.8294,0.88,0.8188,0.859,573101.76
2022-02-27,0.859,0.862,0.7825,0.7968,692232.58
2022-02-28,0.7968,0.8688,0.7841,0.8688,693659.69
2022-03-01,0.8688,0.8945,0.838,0.8563,741596.15
2022-03-02,0.8563,0.8586,0.8088,0.82,653181.78
2022-03-03,0.82,0.8502,0.7871,0.7963,698936.16
2022-03-04,0.7963,0.81,0.7526,0.7601,837551.49
2022-03-05,0.7601,0.7768,0.7438,0.7736,392105.33
2022-03-06,0.7736,0.7817,0.744,0.7453,596488.62
2022-03-07,0.7453,0.7717,0.7206,0.7289,763511.15
2022-03-08,0.7289,0.7597,0.7252,0.7402,797237.26
2022-03-09,0.7402,0.7794,0.7397,0.7662,548030.18
2022-03-10,0.7662,0.7807,0.7227,0.7309,722733.97
2022-03-11,0.7309,0.7317,0.6999,0.7013,505554.25
2022-03-12,0.7013,0.723,0.7013,0.705,430463.49
2022-03-13,0.705,0.7161,0.6766,0.6814,596769.77
2022-03-14,0.6814,0.7129,0.6743,0.7065,560635.39
2022-03-15,0.7065,0.7277,0.679,0.7159,776020.43
2022-03-16,0.7159,0.742,0.6969,0.7368,961169.09
2022-03-17,0.7368,0.7613,0.7215,0.7421,710114.18
2022-03-18,0.7421,0.7629,0.7249,0.7543,681352.59
2022-03-19,0.7543,0.7801,0.7521,0.7649,693489.48
2022-03-20,0.7649,0.7769,0.7339,0.7415,535533.36
2022-03-21,0.7415,0.8288,0.7308,0.8286,1377575.8
2022-03-22,0.8286,0.8517,0.7902,0.8261,1066062.9
2022-03-23,0.8261,0.8386,0.8048,0.8384,556571.48
2022-03-24,0.8384,0.9078,0.8211,0.8916,1466557.46
2022-03-25,0.8916,0.9503,0.882,0.8889,2218695.14
2022-03-26,0.8889,0.9196,0.8763,0.9123,721938.1
2022-03-27,0.9123,0.9498,0.8958,0.9489,588500.92
2022-03-28,0.9489,0.9737,0.8936,0.9049,1134443.03
2022-03-29,0.9049,0.9634,0.8992,0.9225,2340257.79
2022-03-30,0.9225,0.9558,0.882,0.9263,1174843.83
2022-03-31,0.9263,0.9878,0.9104,0.9305,1097077.76
2022-04-01,0.9305,0.9619,0.89,0.9389,756508.04
2022-04-02,0.9389,0.9761,0.8994,0.9064,944476.61
2022-04-03,0.9064,0.9473,0.8886,0.9353,460669.21
2022-04-04,0.9353,0.936,0.8508,0.8828,964909.08
2022-04-05,0.8828,0.9,0.831,0.8335,781606.91
2022-04-06,0.8335,0.8368,0.7657,0.7672,1257151.03
2022-04-07,0.7672,0.8078,0.7512,0.7993,823962.18
2022-04-08,0.7993,0.8095,0.7512,0.759,963989.65
2022-04-09,0.759,0.7892,0.7583,0.788,490155.5
2022-04-10,0.788,0.7898,0.7477,0.7508,416441.69
2022-04-11,0.7508,0.7605,0.6812,0.6932,1154841.63
2022-04-12,0.6932,0.7442,0.6862,0.7254,769154.13
2022-04-13,0.7254,0.7476,0.7141,0.746,620337.39
2022-04-14,0.746,0.7614,0.7153,0.7267,449611.84
2022-04-15,0.7267,0.7426,0.7212,0.7393,486472.4
2022-04-16,0.7393,0.7506,0.7286,0.7438,282129.19
2022-04-17,0.7438,0.7451,0.7062,0.7108,214461.5
2022-04-18,0.7108,0.7406,0.6884,0.7364,456588.62
2022-04-19,0.7364,0.7633,0.7287,0.7591,411816.79
2022-04-20,0.7591,0.771,0.7307,0.7414,684771.54
2022-04-21,0.7414,0.7737,0.7089,0.7176,528214.93
2022-04-22,0.7176,0.7315,0.7115,0.7195,532890.47
2022-04-23,0.7195,0.7235,0.7044,0.7069,313747.7
2022-04-24,0.7069,0.7145,0.6971,0.7014,337142.55
2022-04-25,0.7014,0.7061,0.6558,0.7031,800305.85
2022-04-26,0.7031,0.7276,0.643,0.656,835319.53
2022-04-27,0.656,0.6783,0.6491,0.6704,590585.33
2022-04-28,0.6704,0.7141,0.661,0.6998,1018595.23
2022-04-29,0.6998,0.7098,0.6199,0.6379,1131956.56
2022-04-30,0.6379,0.6397,0.5387,0.5681,894615.38
2022-05-01,0.5681,0.6053,0.5637,0.6015,1202446.92
2022-05-02,0.6015,0.647,0.5802,0.6158,1513857.78
2022-05-03,0.6158,0.7398,0.6115,0.6678,3026671.51
2022-05-04,0.6678,0.719,0.6533,0.7153,1779487.99
2022-05-05,0.7153,0.73,0.6155,0.6348,1458698.93
2022-05-06,0.6348,0.7232,0.616,0.6976,2710847.82
2022-05-07,0.6976,0.7737,0.6729,0.7494,3195420.66
2022-05-08,0.7494,0.7812,0.7076,0.7291,2634450.02
2022-05-09,0.7291,0.7554,0.5678,0.574,3337751.66
2022-05-10,0.574,0.6606,0.5526,0.5848,4909985.99
2022-05-11,0.5848,0.6065,0.4038,0.4505,13014000.08
2022-05-12,0.4505,0.4813,0.3586,0.4224,7502774.2
2022-05-13,0.4224,0.5087,0.4148,0.4427,3027304.23
2022-05-14,0.4427,0.4733,0.4185,0.4624,1399733.94
2022-05-15,0.4624,0.4939,0.4444,0.491,734015.61
2022-05-16,0.491,0.491,0.4382,0.4603,1761031.73
2022-05-17,0.4603,0.5078,0.4593,0.495,1937421.32
2022-05-18,0.495,0.5044,0.4313,0.4331,3163176.08
2022-05-19,0.4331,0.4643,0.4209,0.4511,5582211.44
2022-05-20,0.4511,0.4589,0.4199,0.4334,3030532.69
2022-05-21,0.4334,0.4433,0.4212,0.4349,1692883.48
2022-05-22,0.4349,0.4488,0.4242,0.4427,1705886.86
2022-05-23,0.4427,0.4524,0.4108,0.4165,1545958.97
2022-05-24,0.4165,0.422,0.3907,0.4187,1292266.71
2022-05-25,0.4187,0.4219,0.399,0.4055,975119.95
2022-05-26,0.4055,0.4122,0.367,0.3794,1894936.02
2022-05-27,0.3794,0.3847,0.3557,0.3599,1809714.73
2022-05-28,0.3599,0.3738,0.3552,0.3673,1412237.03
2022-05-29,0.3673,0.3797,0.3528,0.3789,941937.36
2022-05-30,0.3789,0.4236,0.3766,0.42,1363277.88
2022-05-31,0.42,0.4253,0.3954,0.4109,1746682.93
2022-06-01,0.4109,0.4281,0.3744,0.385,1349939.3
2022-06-02,0.385,0.3972,0.3767,0.3946,1114490.74
2022-06-03,0.3946,0.3968,0.3715,0.3809,516841.85
2022-06-04,0.3809,0.3906,0.3674,0.3881,426766.4
2022-06-05,0.3881,0.403,0.3793,0.3919,938196.99
2022-06-06,0.3919,0.4245,0.391,0.4131,576843.4
2022-06-07,0.4131,0.4135,0.3769,0.3988,944778.47
2022-06-08,0.3988,0.431,0.3987,0.4162,1576851.26
2022-06-09,0.4162,0.4184,0.4001,0.4042,695695.91
2022-06-10,0.4042,0.4046,0.3634,0.3689,1146303.63
2022-06-11,0.3689,0.3798,0.3387,0.349,1412250.1
2022-06-12,0.349,0.3518,0.3239,0.3251,1750844.96
2022-06-13,0.3251,0.3292,0.2878,0.3036,4696940.81
2022-06-14,0.3036,0.3122,0.2825,0.3094,2168535.04
2022-06-15,0.3094,0.3422,0.2786,0.3399,5379805.94
2022-06-16,0.3399,0.3461,0.296,0.302,1904302.31
2022-06-17,0.302,0.3185,0.2986,0.3101,1117865.3
2022-06-18,0.3101,0.3157,0.2757,0.2962,1832884.14
2022-06-19,0.2962,0.3197,0.2844,0.3146,1523635.94
2022-06-20,0.3146,0.3271,0.3018,0.3192,1934509.08
2022-06-21,0.3192,0.3439,0.3148,0.3255,1195313.36
2022-06-22,0.3255,0.3318,0.3124,0.3134,1118236.81
2022-06-23,0.3134,0.3376,0.312,0.3362,1292620.41
2022-06-24,0.3362,0.3589,0.3337,0.3498,1300893.75
2022-06-25,0.3498,0.3584,0.3352,0.3516,1111857.77
2022-06-26,0.3516,0.3603,0.3314,0.3337,1504245.26
2022-06-27,0.3337,0.347,0.324,0.3311,1353065.45
2022-06-28,0.3311,0.3373,0.3104,0.3126,1156546.69
2022-06-29,0.3126,0.3177,0.295,0.3012,1317490.53
2022-06-30,0.3012,0.317,0.2839,0.3133,2566613.03
2022-07-01,0.3133,0.3248,0.2992,0.3052,1584516.7
2022-07-02,0.3052,0.3125,0.2985,0.3078,1072749.81
2022-07-03,0.3078,0.3153,0.3004,0.3096,623913.91
2022-07-04,0.3096,0.3209,0.3,0.3196,1425617.09
2022-07-05,0.3196,0.3231,0.3014,0.3085,808499.81
2022-07-06,0.3085,0.3129,0.3022,0.3109,620409.16
2022-07-07,0.3109,0.3254,0.31,0.3229,1219051.22
2022-07-08,0.3229,0.3282,0.3095,0.3145,762586.55
2022-07-09,0.3145,0.3242,0.3139,0.3216,579101.73
2022-07-10,0.3216,0.3228,0.3057,0.31,540296.32
2022-07-11,0.31,0.3103,0.2964,0.2969,543855.7
2022-07-12,0.2969,0.3045,0.2918,0.2926,570644.7
2022-07-13,0.2926,0.311,0.29,0.3099,829547.58
2022-07-14,0.3099,0.3326,0.3013,0.3302,1245753.26
2022-07-15,0.3302,0.3326,0.3205,0.3274,799234.41
2022-07-16,0.3274,0.3455,0.3248,0.3406,1202128.99
2022-07-17,0.3406,0.3446,0.3326,0.3361,978595.44
2022-07-18,0.3361,0.3669,0.3361,0.3592,676963.08
2022-07-19,0.3592,0.3782,0.3463,0.3721,773957.41
2022-07-20,0.3721,0.3775,0.3416,0.3447,486971.41
2022-07-21,0.3447,0.3518,0.3335,0.3495,460852.27
2022-07-22,0.3495,0.3575,0.3334,0.3371,531358.91
2022-07-23,0.3371,0.3443,0.3258,0.3346,559493.05
2022-07-24,0.3346,0.3479,0.3344,0.3408,355636.54
2022-07-25,0.3408,0.3433,0.3114,0.3114,984534.66
2022-07-26,0.3114,0.3126,0.3012,0.3114,1113585.77
2022-07-27,0.3114,0.3292,0.3054,0.3286,1581777.08
2022-07-28,0.3286,0.3423,0.3189,0.3366,1554713.99
2022-07-29,0.3366,0.3451,0.3255,0.3358,1635505.67
2022-07-30,0.3358,0.3548,0.3296,0.3373,1162370.36
2022-07-31,0.3373,0.3558,0.3322,0.336,1017167.68
2022-08-01,0.336,0.3443,0.3307,0.3432,737884.84
2022-08-02,0.3432,0.348,0.3201,0.326,1326210.5
2022-08-03,0.326,0.3394,0.3179,0.3265,916183.19
2022-08-04,0.3265,0.3421,0.3257,0.3355,1106392.51
2022-08-05,0.3355,0.3597,0.3346,0.3587,1271578.71
2022-08-06,0.3587,0.3591,0.3469,0.3491,1320336.19
2022-08-07,0.3491,0.3654,0.342,0.3558,723144.68
2022-08-08,0.3558,0.3721,0.3535,0.3629,930469.35
2022-08-09,0.3629,0.3763,0.3403,0.3453,914746.95
2022-08-10,0.3453,0.3655,0.3356,0.3644,1373994.97
2022-08-11,0.3644,0.3706,0.3587,0.361,1111896.53
2022-08-12,0.361,0.366,0.3528,0.3653,1485832.29
2022-08-13,0.3653,0.3741,0.3642,0.3684,1657810.73
2022-08-14,0.3684,0.3837,0.3583,0.3638,1098877.57
2022-08-15,0.3638,0.3756,0.3502,0.3578,892250.65
2022-08-16,0.3578,0.3602,0.3491,0.3528,670726.13
2022-08-17,0.3528,0.3649,0.3374,0.3405,1986812.4
2022-08-18,0.3405,0.3478,0.3258,0.3337,1747530.22
2022-08-19,0.3337,0.3337,0.3003,0.3028,2775610.23
2022-08-20,0.3028,0.3128,0.294,0.3002,1168485.03
2022-08-21,0.3002,0.309,0.2974,0.3062,1024006.73
2022-08-22,0.3062,0.3067,0.2902,0.3033,1250403.12
2022-08-23,0.3033,0.3096,0.2929,0.3075,1539763.24
2022-08-24,0.3075,0.3093,0.2989,0.3024,1522409.97
2022-08-25,0.3024,0.3099,0.2997,0.307,2364332.28
2022-08-26,0.307,0.308,0.2798,0.2828,2010175.17
2022-08-27,0.2828,0.2905,0.2788,0.2887,956349.88
2022-08-28,0.2887,0.2952,0.2811,0.2824,820515.74
2022-08-29,0.2824,0.2992,0.2802,0.2979,1556210.04
2022-08-30,0.2979,0.3023,0.2841,0.2916,1303420.8
2022-08-31,0.2916,0.3011,0.2871,0.2887,1516023.56
2022-09-01,0.2887,0.2938,0.2833,0.2933,948419.69
2022-09-02,0.2933,0.307,0.2901,0.3025,2329325.1
2022-09-03,0.3025,0.3035,0.2952,0.3033,1436017.22
2022-09-04,0.3033,0.319,0.3031,0.3125,4791710.73
2022-09-05,0.3125,0.3145,0.2974,0.3043,1846201.87
2022-09-06,0.3043,0.3095,0.2807,0.2852,2767316.3
2022-09-07,0.2852,0.3015,0.2813,0.299,4523148.18
2022-09-08,0.299,0.308,0.2931,0.3076,3504193.61
2022-09-09,0.3076,0.3263,0.3075,0.3244,4918831.86
2022-09-10,0.3244,0.328,0.3176,0.3221,3357246.13
2022-09-11,0.3221,0.3306,0.3165,0.3266,3818367.32
2022-09-12,0.3266,0.3329,0.3171,0.3236,2118339.7
2022-09-13,0.3236,0.324,0.2946,0.2964,3347834.65
2022-09-14,0.2964,0.3047,0.2953,0.303,1415488.87
2022-09-15,0.303,0.3031,0.2891,0.295,1248116.24
2022-09-16,0.295,0.3005,0.2903,0.2977,1026741.34
2022-09-17,0.2977,0.3114,0.2975,0.3107,748836.05
2022-09-18,0.3107,0.3178,0.2894,0.293,2008552.11
2022-09-19,0.293,0.325,0.2915,0.3171,6229737.85
2022-09-20,0.3171,0.347,0.3171,0.3297,9512870.44
2022-09-21,0.3297,0.3401,0.3085,0.3351,9089683.04
2022-09-22,0.3351,0.3903,0.3287,0.3696,9353490.4
2022-09-23,0.3696,0.4098,0.3634,0.3989,9509880.14
2022-09-24,0.3989,0.4044,0.37,0.3857,4809745.74
2022-09-25,0.3857,0.4011,0.3781,0.388,3261469.75
2022-09-26,0.388,0.3919,0.3573,0.3693,1775607.31
2022-09-27,0.3693,0.3754,0.3375,0.3522,2461430.32
2022-09-28,0.3522,0.3567,0.332,0.3496,3411101.79
2022-09-29,0.3496,0.3642,0.3336,0.3554,3224860.61
2022-09-30,0.3554,0.3662,0.347,0.3532,3102967.41
2022-10-01,0.3532,0.3681,0.3523,0.3548,1709606.77
2022-10-02,0.3548,0.3723,0.3514,0.3543,1784623.38
2022-10-03,0.3543,0.3612,0.3434,0.3542,1743921.09
2022-10-04,0.3542,0.3597,0.3498,0.3578,1111573.11
2022-10-05,0.3578,0.3604,0.3442,0.3538,729999.55
2022-10-06,0.3538,0.3589,0.347,0.349,777032.38
2022-10-07,0.349,0.35,0.3358,0.3416,1014431.29
2022-10-08,0.3416,0.3416,0.3305,0.3346,1250982.15
2022-10-09,0.3346,0.3398,0.3304,0.339,926326.56
2022-10-10,0.339,0.34,0.3189,0.3194,1070038.78
2022-10-11,0.3194,0.3238,0.3086,0.3178,1466848.94
2022-10-12,0.3178,0.3211,0.3113,0.3137,896961.95
2022-10-13,0.3137,0.324,0.2864,0.3194,3699127.14
2022-10-14,0.3194,0.3297,0.3128,0.3174,1563371.98
2022-10-15,0.3174,0.3258,0.3123,0.3188,1363099.81
2022-10-16,0.3188,0.3278,0.3181,0.3225,884571.73
2022-10-17,0.3225,0.3318,0.3179,0.3301,1251437.22
2022-10-18,0.3301,0.3328,0.3154,0.3196,1253743.99
2022-10-19,0.3196,0.3205,0.3038,0.3075,1606093.35
2022-10-20,0.3075,0.3147,0.3029,0.3068,1020597.71
2022-10-21,0.3068,0.3137,0.2958,0.3131,928631.25
2022-10-22,0.3131,0.3147,0.3088,0.3135,469357.95
2022-10-23,0.3135,0.3167,0.3068,0.3156,521454.05
2022-10-24,0.3156,0.3166,0.3053,0.3146,910120.19
2022-10-25,0.3146,0.3393,0.3136,0.3311,2292377.88
2022-10-26,0.3311,0.3438,0.3288,0.339,2364286.08
2022-10-27,0.339,0.3441,0.325,0.3262,2253186.99
2022-10-28,0.3262,0.3375,0.3194,0.3331,2200877.23
2022-10-29,0.3331,0.3458,0.333,0.3394,2031182.3
2022-10-30,0.3394,0.3659,0.3356,0.3592,7833913.07
2022-10-31,0.3592,0.3804,0.3518,0.3586,6926795.46
2022-11-01,0.3586,0.3705,0.3463,0.3598,4002386.14
2022-11-02,0.3598,0.3655,0.3433,0.3617,4897056.62
2022-11-03,0.3617,0.3848,0.36,0.3695,8823889.49
2022-11-04,0.3695,0.43,0.3652,0.4148,7517322.61
2022-11-05,0.4148,0.4539,0.4035,0.4234,5159079.64
2022-11-06,0.4234,0.4487,0.4022,0.4028,3567790.67
2022-11-07,0.4028,0.4482,0.3964,0.4189,3712007.48
2022-11-08,0.4189,0.4201,0.2841,0.3334,15068584.34
2022-11-09,0.3334,0.3361,0.2525,0.2655,8058580.76
2022-11-10,0.2655,0.3282,0.2619,0.3206,6204785.34
2022-11-11,0.3206,0.3302,0.282,0.3031,4620903.86
2022-11-12,0.3031,0.3031,0.2709,0.2737,2859393.85
2022-11-13,0.2737,0.2779,0.2556,0.262,2530606.49
2022-11-14,0.262,0.2674,0.2373,0.262,3493316.56
2022-11-15,0.262,0.2915,0.2572,0.2815,3875417.82
2022-11-16,0.2815,0.2981,0.2642,0.2761,2022935.01
2022-11-17,0.2761,0.2798,0.2576,0.2677,2003402.7
2022-11-18,0.2677,0.2988,0.2672,0.2981,7519028.73
2022-11-19,0.2981,0.3126,0.2888,0.2983,12118261.89
2022-11-20,0.2983,0.2993,0.2535,0.2564,11586698.45
2022-11-21,0.2564,0.2571,0.238,0.2449,5110423.87
2022-11-22,0.2449,0.2487,0.2261,0.2415,5541112.49
2022-11-23,0.2415,0.2476,0.2359,0.2473,2051820.73
2022-11-24,0.2473,0.2493,0.238,0.2424,1679914.65
2022-11-25,0.2424,0.2457,0.234,0.2417,1151037.03
2022-11-26,0.2417,0.2473,0.2375,0.2409,1251866.6
2022-11-27,0.2409,0.2492,0.2391,0.2399,1373412.54
2022-11-28,0.2399,0.2418,0.2267,0.2358,3088922.32
2022-11-29,0.2358,0.2426,0.2337,0.2405,1392606.36
2022-11-30,0.2405,0.2497,0.2371,0.2477,2334599.68
2022-12-01,0.2477,0.2483,0.2385,0.2407,1269070.65
2022-12-02,0.2407,0.246,0.2356,0.2442,1678144.13
2022-12-03,0.2442,0.2461,0.2364,0.2375,1461003.67
2022-12-04,0.2375,0.2407,0.2367,0.2393,686314.55
2022-12-05,0.2393,0.2467,0.2334,0.2362,2138379.77
2022-12-06,0.2362,0.2369,0.2314,0.2338,900321.99
2022-12-07,0.2338,0.2345,0.2175,0.2209,4250822.11
2022-12-08,0.2209,0.2264,0.2179,0.2243,1625598.59
2022-12-09,0.2243,0.2262,0.2218,0.2258,1249273.98
2022-12-10,0.2258,0.2304,0.2249,0.2269,828374.83
2022-12-11,0.2269,0.2301,0.2203,0.2226,1099016.49
2022-12-12,0.2226,0.2226,0.2127,0.2184,1855334.58
2022-12-13,0.2184,0.2257,0.2096,0.2239,1924545.93
2022-12-14,0.2239,0.2261,0.2183,0.2209,915982.49
2022-12-15,0.2209,0.2285,0.2097,0.2102,8088080.05
2022-12-16,0.2102,0.2128,0.1808,0.1851,3565804.91
2022-12-17,0.1851,0.1952,0.1802,0.1945,2474020.38
2022-12-18,0.1945,0.1952,0.1871,0.1882,2584274.32
2022-12-19,0.1882,0.1912,0.1686,0.1742,3086424.68
2022-12-20,0.1742,0.1816,0.1739,0.1788,1403119.43
2022-12-21,0.1788,0.1805,0.1691,0.1706,2162427.2
2022-12-22,0.1706,0.172,0.1647,0.1719,1436705.75
2022-12-23,0.1719,0.1735,0.1687,0.1699,712130.06
2022-12-24,0.1699,0.1707,0.1674,0.1678,540541.94
2022-12-25,0.1678,0.1682,0.1623,0.1655,845857.97
2022-12-26,0.1655,0.1717,0.1648,0.1715,705394.15
2022-12-27,0.1715,0.1722,0.1646,0.1699,997732.27
2022-12-28,0.1699,0.1706,0.1607,0.1671,1660864.05
2022-12-29,0.1671,0.1677,0.1606,0.165,2064821.39
2022-12-30,0.165,0.1692,0.16,0.1691,1460569.16
2022-12-31,0.1691,0.1745,0.1672,0.1723,2832973.97
2023-01-01,0.1723,0.1788,0.1712,0.1773,3233250.49
2023-01-02,0.1773,0.183,0.1732,0.1809,1708806.25
2023-01-03,0.1809,0.1853,0.1798,0.1842,1426192.93
2023-01-04,0.1842,0.1915,0.1833,0.1869,2799583.12
2023-01-05,0.1869,0.1911,0.1819,0.1835,2527344.52
2023-01-06,0.1835,0.1899,0.1806,0.1892,2431917.65
2023-01-07,0.1892,0.1953,0.1877,0.1937,2461548.67
2023-01-08,0.1937,0.2004,0.1908,0.1991,1701815.96
2023-01-09,0.1991,0.2082,0.198,0.1996,2924178.72
2023-01-10,0.1996,0.2054,0.1969,0.2038,2335196.4
2023-01-11,0.2038,0.2107,0.1965,0.2101,2779499.36
2023-01-12,0.2101,0.2132,0.2027,0.2122,3486546.82
2023-01-13,0.2122,0.2221,0.2077,0.2206,2047567.27
2023-01-14,0.2206,0.2391,0.2137,0.229,8024754.1
2023-01-15,0.229,0.2406,0.2232,0.2403,5482720.78
2023-01-16,0.2403,0.2416,0.2241,0.234,4475566.21
2023-01-17,0.234,0.2364,0.2278,0.2283,3458972.82
2023-01-18,0.2283,0.2325,0.2078,0.2087,5886011.58
2023-01-19,0.2087,0.2184,0.208,0.2172,2176849.48
2023-01-20,0.2172,0.2401,0.2156,0.2392,2404946.79
2023-01-21,0.2392,0.2454,0.2309,0.2389,4082614.16
2023-01-22,0.2389,0.2547,0.2353,0.2455,6114929.64
2023-01-23,0.2455,0.2539,0.2452,0.2495,4193518.06
2023-01-24,0.2495,0.2598,0.2337,0.2365,2974122.85
2023-01-25,0.2365,0.2492,0.229,0.2443,1985085.06
2023-01-26,0.2443,0.2486,0.2392,0.245,1563529.14
2023-01-27,0.245,0.2595,0.2386,0.2544,1585852.96
2023-01-28,0.2544,0.2643,0.2499,0.2573,1298393.05
2023-01-29,0.2573,0.2645,0.2538,0.2616,998028.41
2023-01-30,0.2616,0.2624,0.2352,0.2393,1890860.17
2023-01-31,0.2393,0.244,0.2352,0.2412,2204819.39
2023-02-01,0.2412,0.2521,0.2308,0.2509,2014661.53
2023-02-02,0.2509,0.268,0.2509,0.2552,1680869.63
2023-02-03,0.2552,0.2734,0.2503,0.2707,2177720.17
2023-02-04,0.2707,0.2742,0.2652,0.2673,1338149.47
2023-02-05,0.2673,0.2701,0.2508,0.257,1817519.45
2023-02-06,0.257,0.2634,0.2537,0.2544,985835.12
2023-02-07,0.2544,0.286,0.2535,0.28,2710881.49
2023-02-08,0.28,0.2989,0.275,0.2894,5165085.07
2023-02-09,0.2894,0.2904,0.2455,0.2549,4832584.65
2023-02-10,0.2549,0.2634,0.2484,0.2509,2352023.91
2023-02-11,0.2509,0.2571,0.2477,0.2567,1847174.28
2023-02-12,0.2567,0.2595,0.2424,0.2475,767110.2
2023-02-13,0.2475,0.2483,0.2329,0.2432,717464.78
2023-02-14,0.2432,0.2556,0.2383,0.2531,819908.45
2023-02-15,0.2531,0.2739,0.2506,0.2722,1120656.2
2023-02-16,0.2722,0.2838,0.2567,0.2573,1420590.07
2023-02-17,0.2573,0.2752,0.2569,0.2712,909813.47
2023-02-18,0.2712,0.278,0.2683,0.2727,772091.67
2023-02-19,0.2727,0.2829,0.2671,0.278,927652.59
2023-02-20,0.278,0.2914,0.2685,0.285,975549.69
2023-02-21,0.285,0.2934,0.2734,0.2786,947426.14
2023-02-22,0.2786,0.2798,0.2619,0.2712,930939.78
2023-02-23,0.2712,0.279,0.2644,0.2684,759685.09
2023-02-24,0.2684,0.2697,0.251,0.2566,716188.16
2023-02-25,0.2566,0.2574,0.2438,0.2504,436313.32
2023-02-26,0.2504,0.2556,0.2482,0.2551,558864.55
2023-02-27,0.2551,0.2614,0.2497,0.2548,580084.38
2023-02-28,0.2548,0.2555,0.2423,0.2443,1060900.22
2023-03-01,0.2443,0.2539,0.2427,0.2508,1029168.22
2023-03-02,0.2508,0.2514,0.2395,0.242,1110914.6
2023-03-03,0.242,0.2421,0.2219,0.2331,1774679.85
2023-03-04,0.2331,0.2337,0.2205,0.2245,780320.41
2023-03-05,0.2245,0.2308,0.2226,0.2258,872789.62
2023-03-06,0.2258,0.2307,0.219,0.225,1730287.85
2023-03-07,0.225,0.2278,0.2126,0.217,2236276.57
2023-03-08,0.217,0.218,0.1989,0.2017,1835084.53
2023-03-09,0.2017,0.2072,0.1869,0.1936,1852378.37
2023-03-10,0.1936,0.195,0.1845,0.1883,3150337.51
2023-03-11,0.1883,0.1937,0.1789,0.187,3204087.86
2023-03-12,0.187,0.2018,0.1814,0.2009,2347301.49
2023-03-13,0.2009,0.2156,0.1938,0.2122,3618880.8
2023-03-14,0.2122,0.2285,0.2053,0.2225,4473764.86
2023-03-15,0.2225,0.2256,0.1987,0.2039,4019558.23
2023-03-16,0.2039,0.215,0.2008,0.2084,2936024.24
2023-03-17,0.2084,0.2272,0.2062,0.2267,3045947.05
2023-03-18,0.2267,0.2294,0.2136,0.2146,3038915.61
2023-03-19,0.2146,0.2245,0.2143,0.2195,2376278.42
2023-03-20,0.2195,0.2245,0.2075,0.2094,7118836.18
2023-03-21,0.2094,0.2259,0.2047,0.2231,7613207.24
2023-03-22,0.2231,0.2408,0.2084,0.2135,13157000.78
2023-03-23,0.2135,0.2224,0.2108,0.2192,4919339.3
2023-03-24,0.2192,0.2201,0.2061,0.2088,4713930.09
2023-03-25,0.2088,0.2114,0.2023,0.2063,1981152.34
2023-03-26,0.2063,0.2117,0.2051,0.2105,1695616.78
2023-03-27,0.2105,0.211,0.1958,0.1999,3248493.72
2023-03-28,0.1999,0.2044,0.1969,0.2017,2939850.24
2023-03-29,0.2017,0.2385,0.2017,0.2342,12511271.53
2023-03-30,0.2342,0.2395,0.2214,0.2246,8640940.01
2023-03-31,0.2246,0.2281,0.2181,0.2259,4408215.8
2023-04-01,0.2259,0.2281,0.219,0.2231,2604363.15
2023-04-02,0.2231,0.2247,0.2111,0.214,2451637.49
2023-04-03,0.214,0.2195,0.2072,0.2143,4902519.18
2023-04-04,0.2143,0.2208,0.2116,0.218,3317695.27
2023-04-05,0.218,0.224,0.2153,0.223,3202589.79
2023-04-06,0.223,0.2232,0.2155,0.2182,3226499.62
2023-04-07,0.2182,0.2198,0.2129,0.219,1665827.12
2023-04-08,0.219,0.2212,0.2141,0.216,1548967.82
2023-04-09,0.216,0.2183,0.2131,0.2163,1120070.3
2023-04-10,0.2163,0.2212,0.2128,0.2211,1360468.87
2023-04-11,0.2211,0.2236,0.2182,0.2199,1949278.93
2023-04-12,0.2199,0.2206,0.2116,0.215,3121380.85
2023-04-13,0.215,0.2226,0.213,0.221,1821369.89
2023-04-14,0.221,0.2322,0.2202,0.2273,4003579.01
2023-04-15,0.2273,0.2332,0.2235,0.2315,2633987.62
2023-04-16,0.2315,0.235,0.2257,0.2346,2380079.44
2023-04-17,0.2346,0.2353,0.2193,0.2208,4287636.44
2023-04-18,0.2208,0.2259,0.2176,0.2223,2874648.29
2023-04-19,0.2223,0.2223,0.1961,0.1991,3917813.21
2023-04-20,0.1991,0.2003,0.1882,0.1905,3628932.08
2023-04-21,0.1905,0.1912,0.1819,0.1852,4119476.87
2023-04-22,0.1852,0.1905,0.1847,0.1896,1702152.51
2023-04-23,0.1896,0.19,0.1824,0.1879,2535794.45
2023-04-24,0.1879,0.1902,0.1818,0.1853,2909594.83
2023-04-25,0.1853,0.189,0.1795,0.1877,2838676.37
2023-04-26,0.1877,0.193,0.1717,0.1807,4452384.52
2023-04-27,0.1807,0.1852,0.1797,0.1839,3878347.98
2023-04-28,0.1839,0.185,0.1804,0.1835,2022106.38
2023-04-29,0.1835,0.1858,0.1822,0.1835,1776483.57
2023-04-30,0.1835,0.1849,0.1794,0.1801,2161741.68
2023-05-01,0.1801,0.1814,0.1748,0.1775,2567827.54
2023-05-02,0.1775,0.1795,0.1743,0.1788,2205183.28
2023-05-03,0.1788,0.1818,0.1742,0.181,2456020.78
2023-05-04,0.181,0.1813,0.1752,0.177,1341880.47
2023-05-05,0.177,0.1831,0.1767,0.1811,2904031.35
2023-05-06,0.1811,0.1829,0.1726,0.1752,2391789.23
2023-05-07,0.1752,0.1755,0.1731,0.1732,1731351.7
2023-05-08,0.1732,0.174,0.1587,0.164,6623348.15
2023-05-09,0.164,0.167,0.163,0.1648,2272044.3
2023-05-10,0.1648,0.1707,0.1608,0.1688,3334267.05
2023-05-11,0.1688,0.1689,0.1587,0.1623,907857.32
2023-05-12,0.1623,0.1647,0.1573,0.1645,894333.99
2023-05-13,0.1645,0.1648,0.1611,0.1622,733167.24
2023-05-14,0.1622,0.1655,0.1607,0.1628,646135.8
2023-05-15,0.1628,0.1688,0.1609,0.167,711889.08
2023-05-16,0.167,0.1706,0.1647,0.1694,821989.82
2023-05-17,0.1694,0.174,0.1662,0.1722,563872.99
2023-05-18,0.1722,0.1725,0.1631,0.165,833519.63
2023-05-19,0.165,0.1679,0.1646,0.1648,728865.18
2023-05-20,0.1648,0.1656,0.1637,0.1644,437987.78
2023-05-21,0.1644,0.1649,0.1604,0.1616,410531.07
2023-05-22,0.1616,0.1625,0.1592,0.1612,594841.25
2023-05-23,0.1612,0.165,0.1609,0.1624,639741.49
2023-05-24,0.1624,0.1626,0.1541,0.1543,821350.6
2023-05-25,0.1543,0.1549,0.1496,0.1503,659315.94
2023-05-26,0.1503,0.1512,0.1472,0.1499,867529.93
2023-05-27,0.1499,0.1519,0.149,0.1503,573423.78
2023-05-28,0.1503,0.1541,0.15,0.1531,670033.48
2023-05-29,0.1531,0.1543,0.1505,0.1516,747512.37
2023-05-30,0.1516,0.1527,0.149,0.1514,725600.3
2023-05-31,0.1514,0.1527,0.1453,0.1477,847180.21
2023-06-01,0.1477,0.1489,0.1447,0.1481,696578.45
2023-06-02,0.1481,0.1525,0.147,0.1516,684382.87
2023-06-03,0.1516,0.1522,0.1499,0.1507,745154.65
2023-06-04,0.1507,0.1536,0.1497,0.1517,473046.8
2023-06-05,0.1517,0.1521,0.1319,0.1379,1441821.91
2023-06-06,0.1379,0.1386,0.1335,0.1373,774383.72
2023-06-07,0.1373,0.1373,0.124,0.1249,1262272.02
2023-06-08,0.1249,0.1255,0.1207,0.1234,1120318.81
2023-06-09,0.1234,0.1263,0.1216,0.124,1301551.62
2023-06-10,0.124,0.124,0.0905,0.1108,2187882.52
2023-06-11,0.1108,0.1131,0.107,0.1108,854490.76
2023-06-12,0.1108,0.1134,0.108,0.1127,770062.94
2023-06-13,0.1127,0.1168,0.1113,0.1131,1061749.79
2023-06-14,0.1131,0.1192,0.1103,0.113,1344174.21
2023-06-15,0.113,0.1162,0.1077,0.1123,1340790.31
2023-06-16,0.1123,0.1178,0.1095,0.1161,1560338.31
2023-06-17,0.1161,0.123,0.1152,0.1185,899861.94
2023-06-18,0.1185,0.1193,0.1144,0.1149,2847503.49
2023-06-19,0.1149,0.1177,0.1139,0.1164,1779982.2
2023-06-20,0.1164,0.1221,0.1134,0.1213,1720556.15
2023-06-21,0.1213,0.1266,0.121,0.1257,1549224.86
2023-06-22,0.1257,0.1291,0.1245,0.1248,1523996.99
2023-06-23,0.1248,0.1389,0.1245,0.1353,946386.17
2023-06-24,0.1353,0.1359,0.1306,0.1329,1404789.52
2023-06-25,0.1329,0.141,0.1323,0.1372,1135888.69
2023-06-26,0.1372,0.1394,0.1284,0.1295,937767.83
2023-06-27,0.1295,0.1305,0.1267,0.1271,836459.71
2023-06-28,0.1271,0.1273,0.1148,0.1185,1269886.63
2023-06-29,0.1185,0.1242,0.1181,0.1201,1098215.6
2023-06-30,0.1201,0.1245,0.1136,0.1219,2593075.29
2023-07-01,0.1219,0.128,0.1192,0.128,2011659.12
2023-07-02,0.128,0.128,0.1215,0.1236,1662212.52
2023-07-03,0.1236,0.1302,0.1221,0.1285,2224865.19
2023-07-04,0.1285,0.1286,0.1231,0.124,1501009.66
2023-07-05,0.124,0.1252,0.1178,0.12,1326341.91
2023-07-06,0.12,0.1227,0.1118,0.1132,1694569.11
2023-07-07,0.1132,0.1147,0.1114,0.1124,1240796.02
2023-07-08,0.1124,0.1134,0.1095,0.1116,1254843.36
2023-07-09,0.1116,0.1131,0.1101,0.1107,847208.2
2023-07-10,0.1107,0.1125,0.1073,0.1098,1084148.98
2023-07-11,0.1098,0.1116,0.1056,0.1087,1349906.64
2023-07-12,0.1087,0.1112,0.1056,0.1059,3145562.93
2023-07-13,0.1059,0.122,0.1028,0.1218,6131296.28
2023-07-14,0.1218,0.1234,0.1099,0.1132,7292264.72
2023-07-15,0.1132,0.1155,0.1115,0.1136,1488531.45
2023-07-16,0.1136,0.1215,0.1114,0.1157,3716734.55
2023-07-17,0.1157,0.1265,0.1146,0.1202,7424124.07
2023-07-18,0.1202,0.1206,0.1116,0.114,3227758.9
2023-07-19,0.114,0.1162,0.1117,0.1138,1627353.86
2023-07-20,0.1138,0.1183,0.1125,0.1152,2777027.92
2023-07-21,0.1152,0.1164,0.1131,0.1155,1293912.89
2023-07-22,0.1155,0.1171,0.1134,0.1146,1993298.19
2023-07-23,0.1146,0.1175,0.1137,0.116,1785768.91
2023-07-24,0.116,0.1163,0.1075,0.1097,1778383.28
2023-07-25,0.1097,0.1104,0.1085,0.1098,803602.85
2023-07-26,0.1098,0.1124,0.1079,0.1109,1079893.41
2023-07-27,0.1109,0.1129,0.1091,0.1099,1073852.14
2023-07-28,0.1099,0.1114,0.1081,0.1105,2084107.2
2023-07-29,0.1105,0.1117,0.1096,0.1114,2177920.8
2023-07-30,0.1114,0.1125,0.1076,0.1096,1177906.3
2023-07-31,0.1096,0.1111,0.1083,0.1098,1498490.61
2023-08-01,0.1098,0.1111,0.1053,0.111,1310935.06
2023-08-02,0.111,0.1112,0.1058,0.107,1464853.68
2023-08-03,0.107,0.1082,0.1058,0.1064,1149001.08
2023-08-04,0.1064,0.1077,0.1047,0.106,1401764.25
2023-08-05,0.106,0.1069,0.1046,0.1066,1325595.52
2023-08-06,0.1066,0.1105,0.1062,0.1098,1428612.67
2023-08-07,0.1098,0.1121,0.1078,0.1121,12303420.66
2023-08-08,0.1121,0.119,0.1117,0.1131,5684409.0
2023-08-09,0.1131,0.1146,0.1113,0.1131,2655090.17
2023-08-10,0.1131,0.1135,0.1113,0.1125,1131512.23
2023-08-11,0.1125,0.1137,0.1113,0.1124,963772.29
2023-08-12,0.1124,0.116,0.1117,0.1157,2245959.24
2023-08-13,0.1157,0.1178,0.1131,0.1169,1543566.74
2023-08-14,0.1169,0.1187,0.1144,0.115,2378849.57
2023-08-15,0.115,0.1152,0.105,0.1084,2586030.84
2023-08-16,0.1084,0.1096,0.0996,0.1026,8555697.12
2023-08-17,0.1026,0.1043,0.082,0.093,2351344.57
2023-08-18,0.093,0.097,0.0922,0.0952,2028186.73
2023-08-19,0.0952,0.0981,0.0946,0.0966,2127776.8
2023-08-20,0.0966,0.0977,0.0959,0.0972,2039978.66
2023-08-21,0.0972,0.0974,0.0935,0.0964,929768.59
2023-08-22,0.0964,0.0974,0.0926,0.0972,1398302.0
2023-08-23,0.0972,0.0999,0.096,0.0988,1063850.09
2023-08-24,0.0988,0.0991,0.0953,0.0973,951857.36
2023-08-25,0.0973,0.0979,0.0953,0.0967,1369561.94
2023-08-26,0.0967,0.097,0.0952,0.0953,655007.77
2023-08-27,0.0953,0.096,0.0944,0.0952,1500564.04
2023-08-28,0.0952,0.0979,0.0925,0.0971,1565864.86
2023-08-29,0.0971,0.1017,0.0948,0.1005,1388773.34
2023-08-30,0.1005,0.1008,0.093,0.0967,5048201.94
2023-08-31,0.0967,0.097,0.0913,0.0932,5243475.47
2023-09-01,0.0932,0.0951,0.0905,0.092,1375178.65
2023-09-02,0.092,0.0944,0.0916,0.0943,2037376.23
2023-09-03,0.0943,0.095,0.0929,0.0944,850974.42
2023-09-04,0.0944,0.0964,0.0925,0.0939,758104.19
2023-09-05,0.0939,0.0944,0.0929,0.0941,984448.96
2023-09-06,0.0941,0.0949,0.0913,0.0942,1128135.56
2023-09-07,0.0942,0.0982,0.0935,0.0979,1553659.75
2023-09-08,0.0979,0.0985,0.0945,0.0961,1534137.08
2023-09-09,0.0961,0.0968,0.0939,0.0939,1270736.66
2023-09-10,0.0939,0.0942,0.0889,0.092,837164.65
2023-09-11,0.092,0.0924,0.0873,0.0886,1664546.84
2023-09-12,0.0886,0.0924,0.0883,0.0895,1757517.87
2023-09-13,0.0895,0.092,0.0888,0.0908,1018075.25
2023-09-14,0.0908,0.094,0.0904,0.0933,1296295.08
2023-09-15,0.0933,0.097,0.0929,0.0964,1293951.99
2023-09-16,0.0964,0.098,0.0952,0.0975,1502918.23
2023-09-17,0.0975,0.0976,0.0935,0.0951,1372678.22
2023-09-18,0.0951,0.0985,0.0939,0.0963,1817371.93
2023-09-19,0.0963,0.0981,0.0952,0.0972,994611.65
2023-09-20,0.0972,0.1004,0.0937,0.1003,2257726.89
2023-09-21,0.1003,0.1035,0.0967,0.0973,1558090.78
2023-09-22,0.0973,0.1027,0.0962,0.102,1757115.05
2023-09-23,0.102,0.1031,0.0994,0.1007,1138322.31
2023-09-24,0.1007,0.103,0.0998,0.1012,1593434.47
2023-09-25,0.1012,0.1021,0.0971,0.0976,1315511.96
2023-09-26,0.0976,0.0991,0.0944,0.0956,1277462.46
2023-09-27,0.0956,0.0972,0.0937,0.0958,1583425.29
2023-09-28,0.0958,0.0985,0.0954,0.0975,1935532.75
2023-09-29,0.0975,0.1026,0.097,0.1015,2049564.27
2023-09-30,0.1015,0.1057,0.1005,0.1032,2690291.17
2023-10-01,0.1032,0.1078,0.1028,0.1062,1178295.7
2023-10-02,0.1062,0.1066,0.0985,0.1013,4381007.35
2023-10-03,0.1013,0.1032,0.1001,0.101,1557178.91
2023-10-04,0.101,0.1013,0.0971,0.0993,5256403.61
2023-10-05,0.0993,0.1011,0.0976,0.1001,2068888.23
2023-10-06,0.1001,0.1018,0.0979,0.1006,1309327.66
2023-10-07,0.1006,0.1013,0.0995,0.0998,1085145.2
2023-10-08,0.0998,0.1031,0.0993,0.1013,2191104.43
2023-10-09,0.1013,0.1014,0.0948,0.0966,2018143.55
2023-10-10,0.0966,0.0971,0.0946,0.0951,1243762.75
2023-10-11,0.0951,0.0956,0.0931,0.0949,1304009.48
2023-10-12,0.0949,0.0955,0.0931,0.0936,1520570.33
2023-10-13,0.0936,0.0967,0.0934,0.095,2425011.44
2023-10-14,0.095,0.096,0.0944,0.0953,1250992.65
2023-10-15,0.0953,0.096,0.0941,0.0944,1575776.41
2023-10-16,0.0944,0.0982,0.0939,0.0949,2713870.44
2023-10-17,0.0949,0.095,0.0907,0.0913,3057633.41
2023-10-18,0.0913,0.0922,0.0897,0.0899,2894070.27
2023-10-19,0.0899,0.0905,0.0878,0.0895,2812579.16
2023-10-20,0.0895,0.0927,0.0889,0.0911,1833615.47
2023-10-21,0.0911,0.0943,0.0909,0.0941,1738734.03
2023-10-22,0.0941,0.095,0.0921,0.0943,1384041.96
2023-10-23,0.0943,0.0988,0.0931,0.0983,2873877.7
2023-10-24,0.0983,0.1028,0.095,0.1008,7958720.6
2023-10-25,0.1008,0.1034,0.0982,0.1007,2630944.56
2023-10-26,0.1007,0.1038,0.0979,0.1012,2740359.93
2023-10-27,0.1012,0.1017,0.0981,0.0992,2175498.29
2023-10-28,0.0992,0.1025,0.0991,0.1017,1463221.47
2023-10-29,0.1017,0.1072,0.1002,0.1065,1891032.21
2023-10-30,0.1065,0.1125,0.1049,0.1122,4539543.57
2023-10-31,0.1122,0.1139,0.1059,0.1093,2970705.61
2023-11-01,0.1093,0.1157,0.1067,0.1145,5002001.81
2023-11-02,0.1145,0.1154,0.1085,0.1113,6928441.06
2023-11-03,0.1113,0.1135,0.1069,0.1114,4459348.88
2023-11-04,0.1114,0.1156,0.11,0.1148,2897963.44
2023-11-05,0.1148,0.1233,0.1144,0.1214,5962652.08
2023-11-06,0.1214,0.13,0.1189,0.129,4187269.3
2023-11-07,0.129,0.1298,0.1184,0.1236,3284890.33
2023-11-08,0.1236,0.1281,0.1225,0.1268,2781014.57
2023-11-09,0.1268,0.1317,0.1071,0.1239,6742375.59
2023-11-10,0.1239,0.1283,0.1197,0.1279,4711290.92
2023-11-11,0.1279,0.1362,0.1244,0.1335,4207840.76
2023-11-12,0.1335,0.1483,0.1279,0.1462,8557471.47
2023-11-13,0.1462,0.1476,0.1323,0.1333,5021681.7
2023-11-14,0.1333,0.1367,0.1229,0.129,3199764.53
2023-11-15,0.129,0.1453,0.1285,0.1423,6694823.0
2023-11-16,0.1423,0.1472,0.1328,0.1357,5237576.81
2023-11-17,0.1357,0.1399,0.128,0.136,1781564.96
2023-11-18,0.136,0.1362,0.1263,0.1346,1609263.41
2023-11-19,0.1346,0.1425,0.1304,0.1407,1644386.63
2023-11-20,0.1407,0.1504,0.1378,0.1415,3924669.39
2023-11-21,0.1415,0.1427,0.1235,0.1236,4348072.9
2023-11-22,0.1236,0.1347,0.1232,0.1324,2412535.5
2023-11-23,0.1324,0.1343,0.128,0.1306,1565241.29
2023-11-24,0.1306,0.1353,0.1303,0.1335,2755664.85
2023-11-25,0.1335,0.1419,0.1327,0.1404,3000373.13
2023-11-26,0.1404,0.1409,0.1336,0.136,1991890.86
2023-11-27,0.136,0.1386,0.129,0.1316,1632836.4
2023-11-28,0.1316,0.135,0.1285,0.1329,1600398.54
2023-11-29,0.1329,0.1344,0.1301,0.1342,3022818.24
2023-11-30,0.1342,0.1396,0.1313,0.1338,2912356.56
2023-12-01,0.1338,0.1395,0.1328,0.1394,4685149.44
2023-12-02,0.1394,0.1484,0.1386,0.1478,4025005.54
2023-12-03,0.1478,0.1549,0.1466,0.1512,6166475.08
2023-12-04,0.1512,0.16,0.1461,0.1533,5244887.46
2023-12-05,0.1533,0.155,0.1496,0.1537,3843549.2
2023-12-06,0.1537,0.1579,0.1509,0.153,4437832.76
2023-12-07,0.153,0.1649,0.1527,0.1638,5670232.83
2023-12-08,0.1638,0.1856,0.1624,0.1844,10653990.61
2023-12-09,0.1844,0.2234,0.1837,0.1998,19160107.32
2023-12-10,0.1998,0.2044,0.1892,0.2014,6893857.9
2023-12-11,0.2014,0.2085,0.1655,0.2026,8241106.79
2023-12-12,0.2026,0.2146,0.1932,0.1981,5231669.05
2023-12-13,0.1981,0.2037,0.1844,0.2008,3708705.28
2023-12-14,0.2008,0.2179,0.1964,0.2161,5340006.63
2023-12-15,0.2161,0.2168,0.1944,0.1962,4384626.64
2023-12-16,0.1962,0.2043,0.1933,0.1982,2419966.58
2023-12-17,0.1982,0.2008,0.1899,0.1904,1622100.43
2023-12-18,0.1904,0.1958,0.177,0.1957,2586160.59
2023-12-19,0.1957,0.2051,0.1906,0.1922,2300712.29
2023-12-20,0.1922,0.2037,0.189,0.1982,2871261.38
2023-12-21,0.1982,0.23,0.1947,0.2239,6452643.4
2023-12-22,0.2239,0.2528,0.2225,0.2393,8954137.93
2023-12-23,0.2393,0.2428,0.2282,0.2354,3310471.66
2023-12-24,0.2354,0.2477,0.2255,0.2303,4711192.35
2023-12-25,0.2303,0.2395,0.2272,0.2383,2309999.97
2023-12-26,0.2383,0.2424,0.2168,0.2351,2792967.27
2023-12-27,0.2351,0.2355,0.2231,0.2288,1366358.69
2023-12-28,0.2288,0.2382,0.2215,0.2338,2634543.53
2023-12-29,0.2338,0.243,0.2207,0.2266,2728919.75
2023-12-30,0.2266,0.2278,0.2184,0.2212,1209118.81
2023-12-31,0.2212,0.2326,0.2185,0.2227,1866443.36
2024-01-01,0.2227,0.2398,0.2198,0.2386,2307898.22
2024-01-02,0.2386,0.2445,0.2243,0.2269,3261485.08
2024-01-03,0.2269,0.2305,0.1845,0.2047,4283721.65
2024-01-04,0.2047,0.2101,0.198,0.2074,2530816.98
2024-01-05,0.2074,0.208,0.188,0.1967,2812418.6
2024-01-06,0.1967,0.1967,0.1789,0.1898,1665106.35
2024-01-07,0.1898,0.1939,0.1763,0.1782,1382892.55
2024-01-08,0.1782,0.2005,0.1637,0.195,3163567.85
2024-01-09,0.195,0.203,0.1797,0.1857,2587408.23
2024-01-10,0.1857,0.2048,0.1785,0.1994,2022810.21
2024-01-11,0.1994,0.207,0.1952,0.2026,3664412.35
2024-01-12,0.2026,0.2044,0.1806,0.1867,2609906.33
2024-01-13,0.1867,0.1918,0.1804,0.1895,2601025.78
2024-01-14,0.1895,0.1929,0.183,0.1838,2369492.57
2024-01-15,0.1838,0.1911,0.1835,0.1884,1171489.87
2024-01-16,0.1884,0.1975,0.1873,0.1959,1423584.51
2024-01-17,0.1959,0.1988,0.1888,0.1912,1227557.46
2024-01-18,0.1912,0.1936,0.1761,0.179,1648310.93
2024-01-19,0.179,0.1795,0.1675,0.1732,1653785.16
2024-01-20,0.1732,0.1739,0.1699,0.172,947472.69
2024-01-21,0.172,0.1746,0.17,0.1701,1149721.09
2024-01-22,0.1701,0.1718,0.1596,0.1612,1501814.74
2024-01-23,0.1612,0.1654,0.1487,0.1601,1897077.19
2024-01-24,0.1601,0.1644,0.158,0.1634,1438263.41
2024-01-25,0.1634,0.1639,0.1584,0.161,1331692.2
2024-01-26,0.161,0.1691,0.1596,0.1665,1446768.24
2024-01-27,0.1665,0.1685,0.164,0.1676,1812136.41
2024-01-28,0.1676,0.169,0.162,0.1643,1241029.79
2024-01-29,0.1643,0.1692,0.1628,0.1688,1893965.6
2024-01-30,0.1688,0.1711,0.1633,0.1646,1593405.67
2024-01-31,0.1646,0.1689,0.1573,0.1592,1559336.99
2024-02-01,0.1592,0.1607,0.1549,0.1589,1280660.11
2024-02-02,0.1589,0.1643,0.1583,0.161,1383423.14
2024-02-03,0.161,0.1683,0.1609,0.1656,2213986.79
2024-02-04,0.1656,0.1656,0.1582,0.1588,928540.73
2024-02-05,0.1588,0.1624,0.156,0.16,1236563.72
2024-02-06,0.16,0.1625,0.1577,0.1623,1227694.75
2024-02-07,0.1623,0.1686,0.1603,0.1681,1876792.78
2024-02-08,0.1681,0.1704,0.1663,0.1689,3039378.96
2024-02-09,0.1689,0.1756,0.1685,0.1744,2986880.2
2024-02-10,0.1744,0.1779,0.1708,0.1754,5947006.29
2024-02-11,0.1754,0.1805,0.1722,0.1804,2833615.64
2024-02-12,0.1804,0.1837,0.174,0.183,2440985.78
2024-02-13,0.183,0.1854,0.1732,0.1776,2597954.38
2024-02-14,0.1776,0.1846,0.1746,0.1836,1790988.54
2024-02-15,0.1836,0.1917,0.1827,0.1873,3014791.7
2024-02-16,0.1873,0.1973,0.1864,0.1942,1916868.11
2024-02-17,0.1942,0.1944,0.1835,0.1904,1563888.7
2024-02-18,0.1904,0.1973,0.1898,0.1963,1329086.47
2024-02-19,0.1963,0.2042,0.1959,0.2037,2114396.52
2024-02-20,0.2037,0.2042,0.1892,0.1963,2617624.84
2024-02-21,0.1963,0.1973,0.1815,0.1889,2290790.33
2024-02-22,0.1889,0.1944,0.1843,0.1889,2545910.44
2024-02-23,0.1889,0.1905,0.1821,0.1854,2057327.31
2024-02-24,0.1854,0.1976,0.1817,0.197,3379489.73
2024-02-25,0.197,0.2111,0.1937,0.2078,4445845.84
2024-02-26,0.2078,0.2125,0.1965,0.212,3140130.34
2024-02-27,0.212,0.2122,0.2017,0.2084,3690292.48
2024-02-28,0.2084,0.2242,0.1923,0.2106,4200498.74
2024-02-29,0.2106,0.2312,0.2061,0.2118,5507711.97
2024-03-01,0.2118,0.2285,0.2118,0.2283,2488455.96
2024-03-02,0.2283,0.248,0.2256,0.2479,3966506.13
2024-03-03,0.2479,0.2572,0.2225,0.251,5187389.36
2024-03-04,0.251,0.265,0.2421,0.2506,5245201.65
2024-03-05,0.2506,0.2709,0.2,0.231,7113470.58
2024-03-06,0.231,0.2603,0.2207,0.2602,6704793.24
2024-03-07,0.2602,0.2844,0.2583,0.2798,7312615.36
2024-03-08,0.2798,0.2815,0.2583,0.2711,4099232.11
2024-03-09,0.2711,0.277,0.2655,0.2691,4383750.12
2024-03-10,0.2691,0.2737,0.2557,0.2628,7265282.53
2024-03-11,0.2628,0.3016,0.2497,0.2916,8740931.3
2024-03-12,0.2916,0.3196,0.275,0.3172,7527390.81
2024-03-13,0.3172,0.3298,0.3052,0.3184,7884830.28
2024-03-14,0.3184,0.3207,0.291,0.312,5274298.5
2024-03-15,0.312,0.3212,0.272,0.2989,5589384.45
2024-03-16,0.2989,0.3107,0.261,0.2673,3259423.72
2024-03-17,0.2673,0.2809,0.252,0.2752,4306331.69
2024-03-18,0.2752,0.2752,0.246,0.2516,2227742.42
2024-03-19,0.2516,0.253,0.2193,0.2306,3691518.06
2024-03-20,0.2306,0.2522,0.2188,0.2506,4219067.2
2024-03-21,0.2506,0.256,0.2424,0.2488,2079013.85
2024-03-22,0.2488,0.2547,0.2339,0.2412,2483774.16
2024-03-23,0.2412,0.2558,0.2368,0.2484,1327620.4
2024-03-24,0.2484,0.2583,0.2476,0.2562,2560684.45
2024-03-25,0.2562,0.273,0.2531,0.268,2895275.33
2024-03-26,0.268,0.2863,0.2672,0.2799,2987416.74
2024-03-27,0.2799,0.2902,0.2662,0.2708,3669911.34
2024-03-28,0.2708,0.2753,0.2625,0.2728,3567344.04
2024-03-29,0.2728,0.2831,0.2639,0.2685,2759816.22
2024-03-30,0.2685,0.271,0.2589,0.2602,2329087.76
2024-03-31,0.2602,0.2681,0.2593,0.268,1736667.86
2024-04-01,0.268,0.2699,0.2446,0.2513,3644608.92
2024-04-02,0.2513,0.2514,0.2304,0.2343,3426857.91
2024-04-03,0.2343,0.2441,0.2263,0.2321,1945265.88
2024-04-04,0.2321,0.2417,0.2253,0.2371,1658408.28
2024-04-05,0.2371,0.2381,0.2215,0.2295,1466187.62
2024-04-06,0.2295,0.2361,0.228,0.2337,1011877.66
2024-04-07,0.2337,0.2374,0.232,0.2353,2737291.81
2024-04-08,0.2353,0.248,0.2304,0.2454,2319234.85
2024-04-09,0.2454,0.246,0.2308,0.2319,1299787.68
2024-04-10,0.2319,0.2331,0.2179,0.2306,2976709.01
2024-04-11,0.2306,0.2347,0.2266,0.2276,1385838.34
2024-04-12,0.2276,0.2325,0.1819,0.1935,3422643.4
2024-04-13,0.1935,0.1935,0.1471,0.1677,4331366.53
2024-04-14,0.1677,0.1819,0.1618,0.1794,2022516.96
2024-04-15,0.1794,0.1878,0.1642,0.1703,1818789.57
2024-04-16,0.1703,0.1805,0.1647,0.1745,1386012.13
2024-04-17,0.1745,0.1761,0.162,0.1685,2017421.22
2024-04-18,0.1685,0.1763,0.163,0.1747,1193987.42
2024-04-19,0.1747,0.1791,0.1597,0.1749,1838031.3
2024-04-20,0.1749,0.1919,0.1726,0.1916,1182122.42
2024-04-21,0.1916,0.1926,0.1832,0.1874,942700.33
2024-04-22,0.1874,0.1978,0.1867,0.1952,1164235.67
2024-04-23,0.1952,0.1966,0.1899,0.1937,1497558.72
2024-04-24,0.1937,0.263,0.1932,0.2112,3620116.26
2024-04-25,0.2112,0.2127,0.1968,0.1999,1161156.98
2024-04-26,0.1999,0.214,0.1926,0.1978,1569087.16
2024-04-27,0.1978,0.2022,0.1897,0.1983,1035511.76
2024-04-28,0.1983,0.2012,0.1918,0.1928,767336.75
2024-04-29,0.1928,0.1947,0.1845,0.1904,1252676.34
2024-04-30,0.1904,0.1926,0.1703,0.1779,1686270.15
2024-05-01,0.1779,0.1831,0.1659,0.1807,1293304.71
2024-05-02,0.1807,0.1842,0.175,0.1811,1180418.2
2024-05-03,0.1811,0.1942,0.1798,0.1918,1282230.14
2024-05-04,0.1918,0.196,0.1898,0.1927,1043284.48
2024-05-05,0.1927,0.2,0.1909,0.1965,1048769.89
2024-05-06,0.1965,0.2027,0.1927,0.1939,1330942.73
2024-05-07,0.1939,0.1984,0.1904,0.1907,1013307.19
2024-05-08,0.1907,0.1942,0.1855,0.1872,853764.95
2024-05-09,0.1872,0.1945,0.1842,0.1934,903634.6
2024-05-10,0.1934,0.1944,0.1817,0.1833,808680.68
2024-05-11,0.1833,0.1857,0.1784,0.1789,893144.95
2024-05-12,0.1789,0.1814,0.1758,0.1768,826370.73
2024-05-13,0.1768,0.1808,0.17,0.1777,1055403.45
2024-05-14,0.1777,0.1785,0.1707,0.1714,952678.59
2024-05-15,0.1714,0.1834,0.1699,0.1798,1055955.02
2024-05-16,0.1798,0.1816,0.1704,0.174,1053589.51
2024-05-17,0.174,0.185,0.1726,0.1829,1500613.46
2024-05-18,0.1829,0.1867,0.1822,0.1828,1527523.28
2024-05-19,0.1828,0.183,0.1747,0.1749,1059346.44
2024-05-20,0.1749,0.1888,0.1726,0.1886,3028630.22
2024-05-21,0.1886,0.196,0.1855,0.1883,1393605.06
2024-05-22,0.1883,0.1894,0.1824,0.1856,947409.38
2024-05-23,0.1856,0.1878,0.1727,0.1817,2666119.83
2024-05-24,0.1817,0.189,0.1777,0.1885,3371825.47
2024-05-25,0.1885,0.1956,0.1884,0.1935,1169370.83
2024-05-26,0.1935,0.1942,0.1871,0.1895,1056110.04
2024-05-27,0.1895,0.1999,0.1892,0.1966,1124406.79
2024-05-28,0.1966,0.1975,0.1895,0.1942,1130445.57
2024-05-29,0.1942,0.1958,0.1891,0.1894,2067201.06
2024-05-30,0.1894,0.1949,0.1861,0.1898,972288.24
2024-05-31,0.1898,0.191,0.1853,0.1882,986502.09
2024-06-01,0.1882,0.1896,0.186,0.1881,953869.8
2024-06-02,0.1881,0.1896,0.182,0.1824,1095975.96
2024-06-03,0.1824,0.1891,0.1809,0.1838,1090837.04
2024-06-04,0.1838,0.187,0.1791,0.186,1058852.32
2024-06-05,0.186,0.1899,0.1857,0.1886,1609016.22
2024-06-06,0.1886,0.1889,0.1833,0.1857,784911.92
2024-06-07,0.1857,0.1933,0.1604,0.1748,2095357.66
2024-06-08,0.1748,0.1767,0.1636,0.166,1232895.68
2024-06-09,0.166,0.1714,0.1654,0.1705,1648300.13
2024-06-10,0.1705,0.1721,0.1656,0.1665,1885818.04
2024-06-11,0.1665,0.1684,0.1554,0.1589,1979888.25
2024-06-12,0.1589,0.1698,0.1552,0.166,1285228.41
2024-06-13,0.166,0.167,0.1556,0.1559,1345536.12
2024-06-14,0.1559,0.1593,0.1475,0.1512,1843945.87
2024-06-15,0.1512,0.155,0.1499,0.1524,1028606.1
2024-06-16,0.1524,0.1564,0.15,0.1557,676329.59
2024-06-17,0.1557,0.1567,0.1418,0.145,1435460.95
2024-06-18,0.145,0.1457,0.1275,0.1338,2524089.52
2024-06-19,0.1338,0.1411,0.1324,0.1388,1407102.31
2024-06-20,0.1388,0.1464,0.1379,0.1382,1312377.89
2024-06-21,0.1382,0.1423,0.1364,0.1392,3520774.68
2024-06-22,0.1392,0.1392,0.1336,0.1338,1541486.52
2024-06-23,0.1338,0.1367,0.1315,0.1324,1822130.12
2024-06-24,0.1324,0.1356,0.1256,0.1353,4039358.94
2024-06-25,0.1353,0.143,0.1342,0.1411,1237819.53
2024-06-26,0.1411,0.1428,0.1393,0.1409,1085761.1
2024-06-27,0.1409,0.1444,0.1374,0.1428,1169244.4
2024-06-28,0.1428,0.1452,0.1396,0.1397,2511794.82
2024-06-29,0.1397,0.1427,0.1381,0.1393,1461503.2
2024-06-30,0.1393,0.1449,0.137,0.1446,906982.96
2024-07-01,0.1446,0.149,0.1438,0.1472,2212321.02
2024-07-02,0.1472,0.1513,0.1466,0.1502,1919958.31
2024-07-03,0.1502,0.1512,0.1414,0.1427,2429482.32
2024-07-04,0.1427,0.1432,0.1312,0.1313,4144398.74
2024-07-05,0.1313,0.1335,0.1147,0.1305,3693512.18
2024-07-06,0.1305,0.1394,0.1288,0.1386,2208282.37
2024-07-07,0.1386,0.1388,0.1258,0.1266,1219038.77
2024-07-08,0.1266,0.1375,0.1215,0.1334,2490007.28
2024-07-09,0.1334,0.1411,0.1326,0.1397,649112.84
2024-07-10,0.1397,0.1417,0.1366,0.1394,1792357.06
2024-07-11,0.1394,0.1431,0.1366,0.1371,1007800.27
2024-07-12,0.1371,0.1387,0.134,0.1381,1120520.65
2024-07-13,0.1381,0.1448,0.1378,0.1433,1209510.53
2024-07-14,0.1433,0.1536,0.1433,0.152,915978.46
2024-07-15,0.152,0.1597,0.1519,0.1578,2192257.76
2024-07-16,0.1578,0.1623,0.1529,0.1584,1476361.48
2024-07-17,0.1584,0.1624,0.1544,0.1544,1295066.1
2024-07-18,0.1544,0.1575,0.1495,0.1518,1164022.25
2024-07-19,0.1518,0.1595,0.1495,0.1578,1611341.33
2024-07-20,0.1578,0.1613,0.1565,0.1582,639004.5
2024-07-21,0.1582,0.1609,0.1511,0.1592,1177566.48
2024-07-22,0.1592,0.1598,0.1508,0.1511,728244.68
2024-07-23,0.1511,0.1527,0.1421,0.1435,1055500.02
2024-07-24,0.1435,0.1467,0.139,0.1398,812856.11
2024-07-25,0.1398,0.14,0.1327,0.1372,990344.72
2024-07-26,0.1372,0.143,0.1364,0.1426,1546848.03
2024-07-27,0.1426,0.1461,0.1403,0.1428,728270.16
2024-07-28,0.1428,0.1431,0.1374,0.1392,472131.92
2024-07-29,0.1392,0.145,0.1386,0.1391,725121.28
2024-07-30,0.1391,0.1427,0.1356,0.1375,1911814.26
2024-07-31,0.1375,0.142,0.1354,0.1356,2174753.27
2024-08-01,0.1356,0.1369,0.1255,0.1348,1871313.34
2024-08-02,0.1348,0.1358,0.12,0.1242,2385088.28
2024-08-03,0.1242,0.1265,0.1169,0.1205,2322658.31
2024-08-04,0.1205,0.1225,0.1101,0.1146,2384943.8
2024-08-05,0.1146,0.1154,0.0939,0.1101,8467115.96
2024-08-06,0.1101,0.1162,0.1092,0.1126,2478978.58
2024-08-07,0.1126,0.1172,0.105,0.1098,8379984.7
2024-08-08,0.1098,0.1227,0.1075,0.1223,3325440.99
2024-08-09,0.1223,0.1223,0.1181,0.1201,2348306.19
2024-08-10,0.1201,0.1226,0.118,0.121,1010423.21
2024-08-11,0.121,0.124,0.115,0.1152,556544.78
2024-08-12,0.1152,0.1207,0.1142,0.1196,754054.73
2024-08-13,0.1196,0.1217,0.1158,0.1213,687870.86
2024-08-14,0.1213,0.1223,0.117,0.1195,939455.85
2024-08-15,0.1195,0.122,0.1147,0.1156,767882.13
2024-08-16,0.1156,0.1203,0.1133,0.1156,3400868.17
2024-08-17,0.1156,0.1188,0.1146,0.1186,1011476.6
2024-08-18,0.1186,0.1208,0.1169,0.1188,1272036.93
2024-08-19,0.1188,0.1248,0.1171,0.1238,3313398.86
2024-08-20,0.1238,0.1299,0.1233,0.1279,5453205.39
2024-08-21,0.1279,0.1377,0.1265,0.1346,4353787.91
2024-08-22,0.1346,0.1371,0.1341,0.1357,3612400.56
2024-08-23,0.1357,0.1453,0.1352,0.1442,1927053.3
2024-08-24,0.1442,0.1485,0.1418,0.1465,3719524.19
2024-08-25,0.1465,0.1468,0.141,0.1415,900349.9
2024-08-26,0.1415,0.143,0.1341,0.1345,2271577.17
2024-08-27,0.1345,0.1365,0.1256,0.1282,3012580.94
2024-08-28,0.1282,0.1314,0.1249,0.127,5121582.25
2024-08-29,0.127,0.1328,0.125,0.1267,2094172.45
2024-08-30,0.1267,0.1293,0.122,0.1283,725868.93
2024-08-31,0.1283,0.1292,0.1231,0.1232,3062591.69
2024-09-01,0.1232,0.1235,0.1175,0.1184,2048259.17
2024-09-02,0.1184,0.1261,0.1178,0.1255,1360269.19
2024-09-03,0.1255,0.1271,0.1191,0.1193,1985988.17
2024-09-04,0.1193,0.1246,0.1143,0.1224,501408.96
2024-09-05,0.1224,0.1224,0.1159,0.1177,1307761.24
2024-09-06,0.1177,0.1212,0.1117,0.1164,1062628.53
2024-09-07,0.1164,0.1226,0.1154,0.1209,886325.49
2024-09-08,0.1209,0.1268,0.1201,0.1251,2115898.32
2024-09-09,0.1251,0.1293,0.1239,0.1278,684950.67
2024-09-10,0.1278,0.1297,0.1258,0.1297,772939.01
2024-09-11,0.1297,0.1297,0.1225,0.1269,785605.93
2024-09-12,0.1269,0.1306,0.1265,0.1301,608576.52
2024-09-13,0.1301,0.1336,0.127,0.1332,1738339.47
2024-09-14,0.1332,0.1337,0.1303,0.1311,475006.97
2024-09-15,0.1311,0.1317,0.1259,0.1262,1637461.19
2024-09-16,0.1262,0.128,0.1222,0.1236,464355.3
2024-09-17,0.1236,0.1275,0.1221,0.124,433668.12
2024-09-18,0.124,0.1279,0.1192,0.1279,1532919.38
2024-09-19,0.1279,0.1335,0.1279,0.1314,1937148.81
2024-09-20,0.1314,0.1354,0.1302,0.1329,1568946.93
2024-09-21,0.1329,0.1364,0.1318,0.1363,571770.43
2024-09-22,0.1363,0.1366,0.1296,0.1322,825606.6
2024-09-23,0.1322,0.1355,0.1298,0.1342,2825155.03
2024-09-24,0.1342,0.1396,0.1312,0.1384,1869389.0
2024-09-25,0.1384,0.1423,0.1366,0.1373,1840589.14
2024-09-26,0.1373,0.1442,0.1345,0.1436,1311941.13
2024-09-27,0.1436,0.1471,0.1429,0.1441,1044051.4
2024-09-28,0.1441,0.1451,0.139,0.1412,984502.86
2024-09-29,0.1412,0.1436,0.1387,0.1412,980025.9
2024-09-30,0.1412,0.1415,0.1332,0.1341,902947.84
2024-10-01,0.1341,0.1373,0.1213,0.1248,1927913.48
2024-10-02,0.1248,0.1286,0.1195,0.1211,1128128.02
2024-10-03,0.1211,0.1243,0.1184,0.1221,1297339.03
2024-10-04,0.1221,0.1278,0.1213,0.1261,1343289.94
2024-10-05,0.1261,0.1278,0.1234,0.1258,960889.6
2024-10-06,0.1258,0.128,0.1247,0.1269,1038676.58
2024-10-07,0.1269,0.1298,0.1243,0.1245,906536.44
2024-10-08,0.1245,0.1264,0.1203,0.1213,2655497.23
2024-10-09,0.1213,0.1241,0.1178,0.1187,920820.27
2024-10-10,0.1187,0.1207,0.1156,0.1185,743709.88
2024-10-11,0.1185,0.1224,0.1179,0.1213,771417.07
2024-10-12,0.1213,0.1241,0.1206,0.1218,1184605.5
2024-10-13,0.1218,0.1229,0.1188,0.1209,904289.26
2024-10-14,0.1209,0.1274,0.1196,0.1268,1295534.69
2024-10-15,0.1268,0.1286,0.1225,0.1258,3372628.53
2024-10-16,0.1258,0.1261,0.1223,0.1231,2903921.12
2024-10-17,0.1231,0.124,0.1175,0.1198,1565333.5
2024-10-18,0.1198,0.1239,0.1195,0.1232,1067538.7
2024-10-19,0.1232,0.1266,0.1216,0.1233,1524741.52
2024-10-20,0.1233,0.1308,0.1217,0.1304,1268674.05
2024-10-21,0.1304,0.1316,0.1248,0.1257,1662038.97
2024-10-22,0.1257,0.1284,0.1223,0.1242,1642339.15
2024-10-23,0.1242,0.1246,0.118,0.1213,1523526.47
2024-10-24,0.1213,0.1232,0.1197,0.1221,1156541.39
2024-10-25,0.1221,0.1225,0.1104,0.1146,2176586.08
2024-10-26,0.1146,0.1154,0.1116,0.1146,1875438.86
2024-10-27,0.1146,0.1171,0.1139,0.1159,1274477.2
2024-10-28,0.1159,0.1195,0.1131,0.1184,1495350.99
2024-10-29,0.1184,0.1245,0.1184,0.1239,1689567.79
2024-10-30,0.1239,0.1241,0.1201,0.1206,1401416.0
2024-10-31,0.1206,0.1212,0.1134,0.1143,1524405.24
2024-11-01,0.1143,0.1176,0.1121,0.1146,1409034.48
2024-11-02,0.1146,0.1172,0.1131,0.1137,1085193.38
2024-11-03,0.1137,0.1142,0.105,0.1096,3233543.37
2024-11-04,0.1096,0.1117,0.105,0.1094,3244539.42
2024-11-05,0.1094,0.1155,0.1092,0.1141,2222432.46
2024-11-06,0.1141,0.1223,0.1141,0.1217,2705658.26
2024-11-07,0.1217,0.125,0.1199,0.1225,4561403.28
2024-11-08,0.1225,0.1315,0.1205,0.1313,5492966.49
2024-11-09,0.1313,0.1341,0.1282,0.1338,3403680.66
2024-11-10,0.1338,0.1505,0.1331,0.1453,8274021.38
2024-11-11,0.1453,0.1595,0.1415,0.1593,6800545.55
2024-11-12,0.1593,0.1636,0.1443,0.1541,21136644.91
2024-11-13,0.1541,0.156,0.1393,0.1453,13142992.08
2024-11-14,0.1453,0.1555,0.1412,0.1454,14347269.82
2024-11-15,0.1454,0.1911,0.1454,0.1853,64418517.24
2024-11-16,0.1853,0.2191,0.1824,0.1966,59283126.1
2024-11-17,0.1966,0.1999,0.1793,0.1838,21309179.08
2024-11-18,0.1838,0.2316,0.1816,0.216,43670434.97
2024-11-19,0.216,0.2384,0.2046,0.223,43908639.81
2024-11-20,0.223,0.2284,0.2079,0.2109,36051359.65
2024-11-21,0.2109,0.2223,0.2028,0.2142,51544054.06
2024-11-22,0.2142,0.2639,0.2142,0.2585,64502413.7
2024-11-23,0.2585,0.3211,0.2582,0.2936,102081533.55
2024-11-24,0.2936,0.3286,0.2557,0.284,84204020.47
2024-11-25,0.284,0.2933,0.2563,0.2597,51405505.89
2024-11-26,0.2597,0.2989,0.2509,0.2974,39106783.97
2024-11-27,0.2974,0.31,0.2866,0.293,49601143.26
2024-11-28,0.293,0.3298,0.2828,0.3225,33655225.72
2024-11-29,0.3225,0.4702,0.3181,0.4417,107992184.78
2024-11-30,0.4417,0.4833,0.3978,0.4438,91587983.5
2024-12-01,0.4438,0.5233,0.4236,0.4853,97162908.99
2024-12-02,0.4853,0.555,0.4562,0.5043,80005307.46
2024-12-03,0.5043,0.6141,0.504,0.5056,71545902.07
2024-12-04,0.5056,0.54,0.4661,0.4782,44266366.69
2024-12-05,0.4782,0.4933,0.4371,0.4497,41028800.75
2024-12-06,0.4497,0.515,0.4301,0.4984,45908566.51
2024-12-07,0.4984,0.5293,0.466,0.5089,28869250.31
2024-12-08,0.5089,0.522,0.4843,0.4969,14697829.06
2024-12-09,0.4969,0.4972,0.35,0.4161,18225362.09
2024-12-10,0.4161,0.4343,0.3708,0.4236,51740101.79
2024-12-11,0.4236,0.465,0.4008,0.452,21135232.8
2024-12-12,0.452,0.4787,0.4209,0.428,22034651.92
2024-12-13,0.428,0.4554,0.4155,0.4374,12329138.17
2024-12-14,0.4374,0.4376,0.4071,0.4211,9444990.66
2024-12-15,0.4211,0.4353,0.4066,0.4318,7367315.31
2024-12-16,0.4318,0.4369,0.4015,0.4131,10745546.07
2024-12-17,0.4131,0.4437,0.404,0.4121,22593252.12
2024-12-18,0.4121,0.4154,0.3626,0.3681,19257841.85
2024-12-19,0.3681,0.3833,0.3208,0.3322,32948076.44
2024-12-20,0.3322,0.3565,0.2827,0.3475,32524774.53
2024-12-21,0.3475,0.3756,0.3242,0.3282,19866162.73
2024-12-22,0.3282,0.357,0.3166,0.3476,17979750.9
2024-12-23,0.3476,0.3794,0.3346,0.3764,24143403.38
2024-12-24,0.3764,0.4135,0.3625,0.3963,15761136.25
2024-12-25,0.3963,0.4012,0.3777,0.3811,6846470.81
2024-12-26,0.3811,0.384,0.344,0.3465,8434106.68
2024-12-27,0.3465,0.3695,0.3292,0.3331,10247699.06
2024-12-28,0.3331,0.3515,0.3284,0.3452,7298094.01
2024-12-29,0.3452,0.3498,0.3221,0.3253,8950661.21
2024-12-30,0.3253,0.35,0.3109,0.3283,12448547.08
2024-12-31,0.3283,0.354,0.3168,0.3345,13435289.14
2025-01-01,0.3345,0.3861,0.3273,0.3761,18951852.17
2025-01-02,0.3761,0.4092,0.3761,0.3923,14011922.98
2025-01-03,0.3923,0.4271,0.3923,0.419,11315527.94
2025-01-04,0.419,0.4315,0.4055,0.41,11983022.82
2025-01-05,0.41,0.4161,0.3963,0.405,8896282.64
2025-01-06,0.405,0.4316,0.3965,0.415,10742719.96
2025-01-07,0.415,0.426,0.3711,0.3726,14451446.68
2025-01-08,0.3726,0.3823,0.3397,0.3592,13673888.92
2025-01-09,0.3592,0.3636,0.3355,0.3417,9360581.46
2025-01-10,0.3417,0.3851,0.3384,0.3725,12084442.34
2025-01-11,0.3725,0.3861,0.3585,0.3777,5979361.23
2025-01-12,0.3777,0.3799,0.3534,0.3603,6984458.8
2025-01-13,0.3603,0.3739,0.3237,0.3493,12374119.83
2025-01-14,0.3493,0.3779,0.3454,0.3726,8204894.61
2025-01-15,0.3726,0.4497,0.3698,0.4445,21987168.48
2025-01-16,0.4445,0.4842,0.4256,0.4633,25042146.03
2025-01-17,0.4633,0.4967,0.4626,0.4683,16052795.21
2025-01-18,0.4683,0.4749,0.4337,0.4456,12824138.19
2025-01-19,0.4456,0.4585,0.3881,0.398,22958178.7
2025-01-20,0.398,0.4797,0.3838,0.43,28603027.19
2025-01-21,0.43,0.4456,0.4058,0.4243,13337580.94
2025-01-22,0.4243,0.4321,0.4029,0.4054,9165668.48
2025-01-23,0.4054,0.423,0.3894,0.4102,9596955.54
2025-01-24,0.4102,0.4267,0.3922,0.4001,7309270.69
2025-01-25,0.4001,0.4096,0.3937,0.4034,4879376.7
2025-01-26,0.4034,0.4189,0.3813,0.3815,7916197.41
2025-01-27,0.3815,0.3884,0.3448,0.3867,19360382.56
2025-01-28,0.3867,0.3917,0.3575,0.363,9373813.23
2025-01-29,0.363,0.3859,0.3537,0.3694,8556005.2
2025-01-30,0.3694,0.396,0.3654,0.3875,5988625.01
2025-01-31,0.3875,0.402,0.374,0.3791,5921097.11
2025-02-01,0.3791,0.3859,0.3446,0.3476,5347260.92
2025-02-02,0.3476,0.3564,0.2834,0.3,15013301.63
2025-02-03,0.3,0.3186,0.2088,0.3129,43654096.18
2025-02-04,0.3129,0.3168,0.2782,0.2912,11550985.36
2025-02-05,0.2912,0.2994,0.2778,0.2813,6693430.66
2025-02-06,0.2813,0.2977,0.2635,0.267,10018723.15
2025-02-07,0.267,0.2952,0.2604,0.2696,8770116.44
2025-02-08,0.2696,0.278,0.2641,0.2761,3847102.39
2025-02-09,0.2761,0.2882,0.2583,0.2752,6133254.1
2025-02-10,0.2752,0.2977,0.2685,0.2902,5287427.45
2025-02-11,0.2902,0.3135,0.2824,0.286,5907125.68
2025-02-12,0.286,0.3056,0.276,0.3025,10677943.34
2025-02-13,0.3025,0.3074,0.2852,0.2934,7377408.41
2025-02-14,0.2934,0.3087,0.2904,0.2964,6635244.89
2025-02-15,0.2964,0.3027,0.281,0.2844,3023432.38
2025-02-16,0.2844,0.2855,0.2732,0.2752,1537171.97
2025-02-17,0.2752,0.2839,0.2658,0.2702,16741148.85
2025-02-18,0.2702,0.2721,0.2448,0.2574,35800895.78
2025-02-19,0.2574,0.2644,0.2518,0.2614,19438454.76
2025-02-20,0.2614,0.2723,0.2599,0.271,27641928.44
2025-02-21,0.271,0.2899,0.2551,0.2639,42953886.98
2025-02-22,0.2639,0.2721,0.2618,0.2662,23696233.93
2025-02-23,0.2662,0.269,0.2543,0.2596,16427703.84
2025-02-24,0.2596,0.2615,0.2249,0.2273,45899416.7
2025-02-25,0.2273,0.2375,0.2091,0.2319,63894781.06
2025-02-26,0.2319,0.2421,0.2254,0.2362,41548413.7
2025-02-27,0.2362,0.2437,0.2301,0.2373,27401411.28
2025-02-28,0.2373,0.243,0.2122,0.2379,60417716.09
2025-03-01,0.2379,0.2587,0.234,0.2533,42067255.51
2025-03-02,0.2533,0.3074,0.2439,0.2909,127395269.71
2025-03-03,0.2909,0.2994,0.2355,0.2381,82974695.19
2025-03-04,0.2381,0.2431,0.2166,0.2384,92580057.26
2025-03-05,0.2384,0.2548,0.2342,0.2501,44613808.64
2025-03-06,0.2501,0.2601,0.2399,0.2402,33715789.5
2025-03-07,0.2402,0.248,0.226,0.2331,45944792.0
2025-03-08,0.2331,0.2364,0.2231,0.2247,24534747.09
2025-03-09,0.2247,0.2268,0.199,0.2011,39829237.45
2025-03-10,0.2011,0.2146,0.181,0.1839,57526597.21
2025-03-11,0.1839,0.2003,0.1736,0.1912,42511119.24
2025-03-12,0.1912,0.2014,0.186,0.1957,28946091.09
2025-03-13,0.1957,0.2016,0.1884,0.1958,23925117.07
2025-03-14,0.1958,0.2051,0.1941,0.1985,17033391.26
2025-03-15,0.1985,0.204,0.1978,0.1998,11773266.87
2025-03-16,0.1998,0.2017,0.1845,0.1864,18315078.87
2025-03-17,0.1864,0.1949,0.1861,0.1912,13758570.09
2025-03-18,0.1912,0.1917,0.18,0.1865,15674073.64
2025-03-19,0.1865,0.2013,0.1851,0.1997,24946469.79
2025-03-20,0.1997,0.202,0.1923,0.1952,18238532.0
2025-03-21,0.1952,0.1968,0.1868,0.1874,11346659.15
2025-03-22,0.1874,0.1916,0.1863,0.1881,8889919.82
2025-03-23,0.1881,0.192,0.1869,0.1918,9572273.6
2025-03-24,0.1918,0.2075,0.1905,0.2036,18414541.72
2025-03-25,0.2036,0.2147,0.2006,0.2119,16141538.29
2025-03-26,0.2119,0.2185,0.2031,0.2067,14817604.46
2025-03-27,0.2067,0.216,0.2057,0.212,15998839.98
2025-03-28,0.212,0.2159,0.1967,0.1997,16332805.28
2025-03-29,0.1997,0.2009,0.1801,0.1841,14334107.06
2025-03-30,0.1841,0.1874,0.1773,0.1795,9835019.86
2025-03-31,0.1795,0.182,0.1724,0.18,17138372.65
2025-04-01,0.18,0.1937,0.1791,0.1889,14910152.96
2025-04-02,0.1889,0.1958,0.1736,0.1768,27148413.31
2025-04-03,0.1768,0.1815,0.1682,0.181,18092958.44
2025-04-04,0.181,0.1927,0.1761,0.1862,22559087.9
2025-04-05,0.1862,0.19,0.1802,0.1833,9926115.65
2025-04-06,0.1833,0.1853,0.1582,0.1622,18748248.63
2025-04-07,0.1622,0.175,0.146,0.1666,39541236.75
2025-04-08,0.1666,0.1737,0.1529,0.1551,21602742.13
2025-04-09,0.1551,0.1849,0.1487,0.1801,42150138.4
2025-04-10,0.1801,0.1817,0.1698,0.1765,19547678.06
2025-04-11,0.1765,0.1859,0.1753,0.1797,19332250.51
2025-04-12,0.1797,0.1976,0.177,0.191,24092446.34
2025-04-13,0.191,0.1918,0.1795,0.1829,16621848.25
2025-04-14,0.1829,0.2004,0.1826,0.1889,34795516.9
2025-04-15,0.1889,0.1992,0.1785,0.1795,28237467.59
2025-04-16,0.1795,0.1859,0.177,0.1813,20961570.49
2025-04-17,0.1813,0.19,0.1792,0.187,11814385.71
2025-04-18,0.187,0.1926,0.1851,0.1893,10499769.04
2025-04-19,0.1893,0.1946,0.1892,0.1929,6427047.04
2025-04-20,0.1929,0.1964,0.189,0.1929,8086003.83
2025-04-21,0.1929,0.2036,0.1914,0.1929,15123102.1
2025-04-22,0.1929,0.21,0.1894,0.2096,19017513.66
2025-04-23,0.2096,0.2219,0.2078,0.2137,21027967.48
2025-04-24,0.2137,0.226,0.2066,0.2257,17510702.59
2025-04-25,0.2257,0.2337,0.2207,0.2275,16650126.79
2025-04-26,0.2275,0.2388,0.2261,0.2285,12163845.34
2025-04-27,0.2285,0.2305,0.2185,0.2214,10973983.47
2025-04-28,0.2214,0.2357,0.2151,0.2307,18092116.3
2025-04-29,0.2307,0.236,0.2233,0.2265,12476778.26
2025-04-30,0.2265,0.2307,0.2125,0.22,16161891.84
2025-05-01,0.22,0.228,0.2155,0.2172,16034018.27
2025-05-02,0.2172,0.2238,0.2127,0.2156,12685896.61
2025-05-03,0.2156,0.2156,0.2043,0.2073,8775481.95
2025-05-04,0.2073,0.2098,0.1985,0.1995,8486011.09
2025-05-05,0.1995,0.2053,0.1948,0.1992,10920012.75
2025-05-06,0.1992,0.2023,0.1909,0.1993,16631915.96
2025-05-07,0.1993,0.2027,0.1941,0.1993,13269797.45
2025-05-08,0.1993,0.2272,0.199,0.2257,21174618.45
2025-05-09,0.2257,0.2403,0.2232,0.2328,25901410.3
2025-05-10,0.2328,0.2535,0.2301,0.2534,19291521.59
2025-05-11,0.2534,0.2574,0.2353,0.2396,19579563.34
2025-05-12,0.2396,0.2593,0.2296,0.2421,29639034.14
2025-05-13,0.2421,0.2512,0.2255,0.2471,18937428.78
2025-05-14,0.2471,0.251,0.2346,0.2367,15700642.15
2025-05-15,0.2367,0.2397,0.2197,0.2259,17622420.21
2025-05-16,0.2259,0.2312,0.2201,0.2231,11737598.34
2025-05-17,0.2231,0.2238,0.2112,0.2158,11703815.12
2025-05-18,0.2158,0.2316,0.2119,0.2273,14132361.98
2025-05-19,0.2273,0.2289,0.2102,0.2221,10799972.75
2025-05-20,0.2221,0.2275,0.2161,0.2244,7682539.99
2025-05-21,0.2244,0.2333,0.2211,0.2306,14333159.98
2025-05-22,0.2306,0.2429,0.2298,0.2415,13116472.03
2025-05-23,0.2415,0.2479,0.2229,0.2239,15890571.81
2025-05-24,0.2239,0.2292,0.2192,0.2207,8349987.76
2025-05-25,0.2207,0.2218,0.2111,0.2216,8740245.08
2025-05-26,0.2216,0.2286,0.2152,0.219,9904843.63
2025-05-27,0.219,0.2269,0.2135,0.2219,9267689.38
2025-05-28,0.2219,0.2245,0.2122,0.2175,9321341.86
2025-05-29,0.2175,0.2232,0.209,0.2096,11701368.38
2025-05-30,0.2096,0.2106,0.1908,0.1924,18834141.11
2025-05-31,0.1924,0.1973,0.1857,0.1938,10039509.36
2025-06-01,0.1938,0.1982,0.1895,0.1955,8181709.93
2025-06-02,0.1955,0.1994,0.1901,0.1986,8484314.76
2025-06-03,0.1986,0.2028,0.1956,0.1973,7995126.47
2025-06-04,0.1973,0.201,0.1893,0.1914,7926478.69
2025-06-05,0.1914,0.194,0.1771,0.1809,15690364.67
2025-06-06,0.1809,0.1921,0.1801,0.1872,9375938.74
2025-06-07,0.1872,0.194,0.1863,0.1909,5062244.29
2025-06-08,0.1909,0.1935,0.1864,0.1906,7155509.31
2025-06-09,0.1906,0.2,0.1876,0.1995,9386899.09
2025-06-10,0.1995,0.2083,0.1972,0.2082,11971081.74
2025-06-11,0.2082,0.2091,0.1951,0.1971,12754746.96
2025-06-12,0.1971,0.1977,0.1787,0.1804,19875568.14
2025-06-13,0.1804,0.1815,0.1682,0.1807,31690211.36
2025-06-14,0.1807,0.1811,0.1737,0.177,8707935.62
2025-06-15,0.177,0.1794,0.1711,0.1765,8276622.07
2025-06-16,0.1765,0.1864,0.1739,0.1759,12553014.59
2025-06-17,0.1759,0.1791,0.1658,0.1695,17533847.06
2025-06-18,0.1695,0.1725,0.165,0.1706,15026697.49
2025-06-19,0.1706,0.1727,0.1673,0.1692,15716692.13
2025-06-20,0.1692,0.1722,0.161,0.1672,23788524.9
2025-06-21,0.1672,0.1695,0.1564,0.1627,19052560.46
2025-06-22,0.1627,0.1648,0.1518,0.1601,34018111.34
2025-06-23,0.1601,0.1799,0.1579,0.1791,25704255.67
2025-06-24,0.1791,0.1839,0.1771,0.1827,20151393.25
2025-06-25,0.1827,0.1849,0.175,0.1756,16454346.54
2025-06-26,0.1756,0.1802,0.1702,0.1721,14262004.29
2025-06-27,0.1721,0.1764,0.169,0.1747,10891010.45
2025-06-28,0.1747,0.1773,0.173,0.1764,7405513.76
2025-06-29,0.1764,0.1876,0.1753,0.1858,13004928.97
2025-06-30,0.1858,0.1873,0.1767,0.1854,16274384.55
2025-07-01,0.1854,0.1922,0.1694,0.1709,36301537.82
2025-07-02,0.1709,0.1843,0.1706,0.1811,29963518.73
2025-07-03,0.1811,0.1888,0.1811,0.1821,15614412.49
2025-07-04,0.1821,0.1835,0.1714,0.1735,16523819.6
2025-07-05,0.1735,0.1764,0.172,0.1745,8821216.28
2025-07-06,0.1745,0.1792,0.1734,0.177,8344996.97
2025-07-07,0.177,0.1792,0.173,0.1759,11630167.28
2025-07-08,0.1759,0.181,0.1729,0.1792,11508322.29
2025-07-09,0.1792,0.1938,0.1783,0.1921,20406426.06
2025-07-10,0.1921,0.2126,0.1901,0.2121,26834901.97
2025-07-11,0.2121,0.237,0.2103,0.2182,44972759.8
2025-07-12,0.2182,0.2278,0.2124,0.219,24686270.36
2025-07-13,0.219,0.2702,0.217,0.2638,109180419.22
2025-07-14,0.2638,0.31,0.2624,0.2796,120967845.81
2025-07-15,0.2796,0.2946,0.2689,0.2837,72982753.96
2025-07-16,0.2837,0.2966,0.2742,0.2846,54541515.72
2025-07-17,0.2846,0.3291,0.2771,0.3186,98868606.65
2025-07-18,0.3186,0.336,0.2883,0.2936,84626663.66
2025-07-19,0.2936,0.2969,0.2818,0.2913,31548911.32
2025-07-20,0.2913,0.3067,0.2857,0.2911,33476623.04
2025-07-21,0.2911,0.3115,0.2863,0.2981,46127050.4
2025-07-22,0.2981,0.3001,0.2792,0.2967,35841321.05
2025-07-23,0.2967,0.2967,0.2577,0.2675,43047829.17
2025-07-24,0.2675,0.2735,0.2493,0.2616,36290866.86
2025-07-25,0.2616,0.2706,0.2513,0.2669,31433694.81
2025-07-26,0.2669,0.2814,0.2648,0.2745,22762766.9
2025-07-27,0.2745,0.291,0.2731,0.2859,30954142.78
2025-07-28,0.2859,0.2882,0.2628,0.2651,32624884.41
2025-07-29,0.2651,0.2731,0.255,0.2606,24706678.7
2025-07-30,0.2606,0.2629,0.2412,0.2537,30174953.01
2025-07-31,0.2537,0.2674,0.243,0.2441,34104170.72
2025-08-01,0.2441,0.2466,0.2299,0.236,45433887.5
2025-08-02,0.236,0.2405,0.2235,0.2275,25033308.56
2025-08-03,0.2275,0.2445,0.2233,0.2439,23395648.13
2025-08-04,0.2439,0.2508,0.2413,0.2482,24445584.12
2025-08-05,0.2482,0.2492,0.2333,0.2376,23736431.2
2025-08-06,0.2376,0.2469,0.2307,0.2428,20199408.39
2025-08-07,0.2428,0.2644,0.2418,0.2644,37226348.63
2025-08-08,0.2644,0.2694,0.2563,0.2664,55477537.09
2025-08-09,0.2664,0.2775,0.2653,0.27,34361268.73
2025-08-10,0.27,0.2765,0.2594,0.2664,21614401.82
2025-08-11,0.2664,0.2804,0.2501,0.2531,46412033.65
2025-08-12,0.2531,0.2776,0.2495,0.2714,38631150.21
2025-08-13,0.2714,0.2821,0.2676,0.2805,38426797.02
2025-08-14,0.2805,0.29,0.2475,0.2537,63120710.95
2025-08-15,0.2537,0.2661,0.2461,0.254,35282365.76
2025-08-16,0.254,0.2637,0.2518,0.2608,19202913.07
2025-08-17,0.2608,0.2752,0.2587,0.2649,20252279.03
2025-08-18,0.2649,0.2662,0.248,0.255,35543814.36
2025-08-19,0.255,0.2585,0.237,0.238,32035758.83
2025-08-20,0.238,0.2601,0.2366,0.2568,28290416.71
2025-08-21,0.2568,0.2591,0.2463,0.2484,16569073.31
2025-08-22,0.2484,0.2696,0.2391,0.2665,36378459.99
2025-08-23,0.2665,0.2673,0.2566,0.264,15632631.21
2025-08-24,0.264,0.2825,0.2528,0.2715,41826292.37
2025-08-25,0.2715,0.2744,0.2418,0.246,45671083.34
2025-08-26,0.246,0.2591,0.2431,0.2547,29462149.33
2025-08-27,0.2547,0.2569,0.2465,0.2474,21612998.65
2025-08-28,0.2474,0.2563,0.2453,0.2529,18093558.42
2025-08-29,0.2529,0.2539,0.232,0.2364,27448692.87
2025-08-30,0.2364,0.2373,0.2296,0.2336,13149206.41
2025-08-31,0.2336,0.2397,0.2312,0.2315,13982593.06
2025-09-01,0.2315,0.2377,0.2218,0.2277,26597689.01
2025-09-02,0.2277,0.235,0.2257,0.2333,16516886.36
2025-09-03,0.2333,0.2368,0.2301,0.2329,7734188.72
2025-09-04,0.2329,0.2341,0.2249,0.2272,7478153.43
2025-09-05,0.2272,0.2363,0.2266,0.2295,11858786.75
2025-09-06,0.2295,0.2305,0.2248,0.2273,5393233.74
2025-09-07,0.2273,0.2329,0.227,0.2307,6769929.38
2025-09-08,0.2307,0.2393,0.2301,0.2364,10073918.32
2025-09-09,0.2364,0.2435,0.2315,0.2331,12191004.76
2025-09-10,0.2331,0.2429,0.2319,0.2394,8959117.39
2025-09-11,0.2394,0.245,0.2373,0.2442,8364605.7
2025-09-12,0.2442,0.2493,0.2403,0.2485,8160255.55
2025-09-13,0.2485,0.2604,0.2471,0.2529,12720824.9
2025-09-14,0.2529,0.2535,0.2384,0.2394,8497467.07
2025-09-15,0.2394,0.2432,0.228,0.2327,9681700.69
2025-09-16,0.2327,0.2401,0.2292,0.2375,6819010.73
2025-09-17,0.2375,0.247,0.2317,0.2442,9168575.47
2025-09-18,0.2442,0.2507,0.2406,0.2461,7938523.95
2025-09-19,0.2461,0.2491,0.2322,0.234,8467433.13
2025-09-20,0.234,0.2387,0.2323,0.2355,5907460.23
2025-09-21,0.2355,0.2377,0.2297,0.231,5504066.15
2025-09-22,0.231,0.2322,0.2016,0.214,16978432.36
2025-09-23,0.214,0.2178,0.2091,0.2108,6300272.24
2025-09-24,0.2108,0.2186,0.2072,0.2128,6609674.37
2025-09-25,0.2128,0.2135,0.2,0.203,13759201.7
2025-09-26,0.203,0.2108,0.2001,0.2085,8944718.3
2025-09-27,0.2085,0.2086,0.2041,0.2056,4098191.91
2025-09-28,0.2056,0.2089,0.1999,0.2081,4641134.65
2025-09-29,0.2081,0.2106,0.2034,0.2075,9239666.08
2025-09-30,0.2075,0.2105,0.201,0.2079,6605684.15
2025-10-01,0.2079,0.2217,0.2053,0.221,9487690.56
2025-10-02,0.221,0.2276,0.2184,0.2251,7585259.66
2025-10-03,0.2251,0.2308,0.22,0.2248,9019822.53
2025-10-04,0.2248,0.2254,0.2158,0.2197,5311925.92
2025-10-05,0.2197,0.2304,0.2174,0.2186,8062169.21
2025-10-06,0.2186,0.2309,0.2163,0.2292,8397446.22
2025-10-07,0.2292,0.2308,0.218,0.2189,9600811.17
2025-10-08,0.2189,0.2274,0.2155,0.2241,6594799.95
2025-10-09,0.2241,0.2245,0.2125,0.2203,8523615.97
2025-10-10,0.2203,0.2255,0.1081,0.1752,43736649.04
2025-10-11,0.1752,0.1931,0.1738,0.1817,28553778.33
2025-10-12,0.1817,0.2073,0.1789,0.2025,13943657.66
2025-10-13,0.2025,0.2149,0.1985,0.213,13597801.22
2025-10-14,0.213,0.2142,0.1908,0.2054,13663911.9
2025-10-15,0.2054,0.2087,0.1934,0.1965,8593388.25
2025-10-16,0.1965,0.1992,0.1827,0.1852,8420506.27
2025-10-17,0.1852,0.188,0.1697,0.1772,11786974.56
2025-10-18,0.1772,0.1815,0.1766,0.1798,4595346.2
2025-10-19,0.1798,0.1883,0.1767,0.1836,5624922.5
2025-10-20,0.1836,0.1912,0.1795,0.1867,6662758.21
2025-10-21,0.1867,0.1955,0.1774,0.1812,8975783.04
2025-10-22,0.1812,0.1848,0.1749,0.1784,8570089.2
2025-10-23,0.1784,0.1859,0.1779,0.1814,4191132.84
2025-10-24,0.1814,0.187,0.1804,0.1856,4535873.12
2025-10-25,0.1856,0.1871,0.1824,0.1853,3162915.75
2025-10-26,0.1853,0.1922,0.183,0.1907,3943072.83
2025-10-27,0.1907,0.1934,0.1842,0.1857,5844862.07
2025-10-28,0.1857,0.1994,0.1814,0.1844,11984591.2
2025-10-29,0.1844,0.1899,0.1805,0.1837,7735386.05
2025-10-30,0.1837,0.187,0.1673,0.174,8092341.51
2025-10-31,0.174,0.1792,0.173,0.1773,5560598.92
2025-11-01,0.1773,0.1813,0.1751,0.1793,4175905.81
2025-11-02,0.1793,0.1809,0.1727,0.1783,4943104.5
2025-11-03,0.1783,0.1788,0.1539,0.1602,10881817.96
2025-11-04,0.1602,0.163,0.1449,0.1539,15169969.79
