timestamp,open,high,low,close,volume
2019-04-23,0.1,5.91381,0.1,4.07005,866742.67
2019-04-24,4.07005,4.08041,3.00158,3.72402,1973186.12
2019-04-25,3.72402,3.8784,3.17314,3.30042,1380465.46
2019-04-26,3.30042,3.8636,3.15626,3.65981,1094834.77
2019-04-27,3.65981,3.73589,3.38867,3.40541,1050545.2
2019-04-28,3.40541,5.19999,3.38802,4.50922,1291927.68
2019-04-29,4.50922,4.70234,3.68879,3.74189,950363.72
2019-04-30,3.74189,4.06788,3.74189,3.91029,1471975.38
2019-05-01,3.91029,4.62278,3.90282,4.39729,1382398.75
2019-05-02,4.39729,4.64999,4.19717,4.6083,1362195.71
2019-05-03,4.6083,5.38502,4.56329,5.33508,1636053.14
2019-05-04,5.33508,5.66002,4.72681,5.23932,1928753.9
2019-05-05,5.23932,5.23932,4.77001,4.83668,1415536.2
2019-05-06,4.83668,4.85109,3.10016,4.76499,1419186.9
2019-05-07,4.76499,5.07202,4.6013,4.6013,910493.2
2019-05-08,4.6013,4.62604,4.28038,4.37648,913049.51
2019-05-09,4.37648,4.50211,3.51002,3.90401,892879.62
2019-05-10,3.90401,4.18616,3.70501,3.85771,946177.11
2019-05-11,3.85771,4.17491,3.74997,4.12,945878.48
2019-05-12,4.12,4.12008,3.69671,3.8027,1062533.97
2019-05-13,3.8027,4.19467,3.79148,3.93582,867712.17
2019-05-14,3.93582,4.11618,3.83536,4.0225,645889.21
2019-05-15,4.0225,4.63561,4.01879,4.54378,956028.44
2019-05-16,4.54378,4.78466,4.00257,4.27268,1397713.46
2019-05-17,4.27268,4.80002,3.99751,4.4149,834371.67
2019-05-18,4.4149,5.06113,4.33998,4.70689,1155735.25
2019-05-19,4.70689,5.15405,4.65496,4.8655,1357654.53
2019-05-20,4.8655,4.8655,4.45051,4.66782,1339984.56
2019-05-21,4.66782,4.79902,4.49078,4.74042,1472514.71
2019-05-22,4.74042,4.80983,4.30518,4.30519,1315545.33
2019-05-23,4.30519,4.35741,4.10257,4.32225,4342383.19
2019-05-24,4.32225,4.7538,4.27054,4.45435,4652156.62
2019-05-25,4.45435,4.59263,4.30046,4.37853,4356046.39
2019-05-26,4.37853,4.5376,4.23609,4.48641,4292384.1
2019-05-27,4.48641,4.69899,4.48635,4.66664,4469640.87
2019-05-28,4.66664,4.85537,4.50731,4.78939,4393205.07
2019-05-29,4.78939,4.86069,4.52001,4.70097,3353428.52
2019-05-30,4.70097,6.54414,4.68676,5.88833,2706467.72
2019-05-31,5.88833,5.94815,5.27304,5.81574,2872223.36
2019-06-01,5.81574,6.34802,5.64937,5.75239,2948666.15
2019-06-02,5.75239,6.38423,5.61177,6.38404,2567495.31
2019-06-03,6.38404,7.24669,6.06147,6.54123,2691948.65
2019-06-04,6.54123,6.85698,5.83198,5.93887,2911263.48
2019-06-05,5.93887,6.2768,5.60352,6.14619,2635495.28
2019-06-06,6.14619,6.17626,5.65,5.96234,1914692.85
2019-06-07,5.96234,6.59072,5.86243,6.28912,1337220.21
2019-06-08,6.28912,6.34642,5.98,6.13596,1400276.32
2019-06-09,6.13596,6.21609,5.6963,5.81191,1343428.13
2019-06-10,5.81191,6.11547,5.7122,6.07594,1376917.52
2019-06-11,6.07594,6.16797,5.77299,5.90631,1349897.31
2019-06-12,5.90631,6.26443,5.87763,6.14028,1109687.54
2019-06-13,6.14028,6.49979,5.99915,6.26739,1342385.88
2019-06-14,6.21837,6.27957,5.89763,6.24285,941443.92
2019-06-15,6.24285,6.27999,6.09784,6.1674,1443149.43
2019-06-16,6.1674,6.74674,6.12075,6.7123,1417690.02
2019-06-17,6.7123,7.09885,6.30118,7.00023,1404259.21
2019-06-18,7.00023,7.03823,6.48524,6.59025,1539501.81
2019-06-19,6.59025,6.80503,6.57585,6.63109,1556315.77
2019-06-20,6.3387,6.49853,6.3257,6.48746,491557.16
2019-06-21,6.48746,6.58385,6.34205,6.50641,1628682.56
2019-06-22,6.50641,6.90716,6.44807,6.77723,1610923.17
2019-06-23,6.77723,7.17277,6.70875,6.83615,1616584.66
2019-06-24,6.83615,6.83847,6.54925,6.66775,1638039.06
2019-06-25,6.66775,6.75199,6.5,6.58817,1220552.5
2019-06-26,6.58817,6.84981,6.14092,6.35742,636885.81
2019-06-27,6.35742,6.42752,5.38012,5.53755,631187.22
2019-06-28,5.53755,5.96329,5.47703,5.92308,1032490.91
2019-06-29,5.92308,6.17217,5.64335,6.06268,1456273.45
2019-06-30,6.06268,6.11004,5.42771,5.44175,1445001.95
2019-07-01,5.44175,5.70838,5.15791,5.48358,1545973.86
2019-07-02,5.48358,5.65892,5.12007,5.33362,1586006.97
2019-07-03,5.33362,5.62598,5.30498,5.57958,1490688.98
2019-07-04,5.57958,5.76838,5.46959,5.47547,1417919.67
2019-07-05,5.47547,5.50002,5.32872,5.35742,1395841.78
2019-07-06,5.35742,5.6,5.2426,5.3004,1274985.61
2019-07-07,5.3004,5.41671,5.24,5.39508,924185.24
2019-07-08,5.39508,5.40781,5.1,5.17416,1128982.76
2019-07-09,5.17416,5.20111,4.90683,4.98332,1244407.88
2019-07-10,4.98332,4.98935,4.20472,4.48452,1315098.61
2019-07-11,4.48452,4.64828,4.04898,4.35672,1357550.49
2019-07-12,4.35672,4.60951,4.3042,4.48502,1285099.3
2019-07-13,4.48503,4.52654,4.15028,4.26609,1314265.19
2019-07-14,4.26608,4.28006,3.78999,3.82024,1266340.81
2019-07-15,3.82299,4.4582,3.56431,4.13798,1351738.8
2019-07-16,4.13803,4.21573,3.54999,3.64977,1314922.02
2019-07-17,3.65138,4.02642,3.57006,3.82772,1414982.64
2019-07-18,3.82777,4.17632,3.68011,4.09153,1388303.77
2019-07-19,4.0915,4.16313,3.7866,3.89993,1471979.19
2019-07-20,3.89988,4.17803,3.89904,4.05101,1556111.83
2019-07-21,4.051,4.31066,3.96412,4.22,1558336.49
2019-07-22,4.22002,4.29866,3.89219,3.99999,1450711.3
2019-07-23,4.00002,4.00003,3.6853,3.71195,1570213.78
2019-07-24,3.71002,4.07206,3.61232,3.89693,1554144.67
2019-07-25,3.89693,4.02807,3.77928,3.79016,1548513.28
2019-07-26,3.80398,3.91707,3.70226,3.88403,1540666.38
2019-07-27,3.88398,3.99802,3.58003,3.62221,1519911.79
2019-07-28,3.62219,3.67288,3.50001,3.60432,1559314.58
2019-07-29,3.60527,3.683,3.54534,3.60176,1564079.87
2019-07-30,3.60185,3.62404,3.5001,3.58528,1579753.51
2019-07-31,3.58417,3.746,3.57522,3.64412,1601879.26
2019-08-01,3.64412,3.65402,3.44006,3.53947,1432253.38
2019-08-02,3.53947,3.89914,3.50134,3.65101,1557620.78
2019-08-03,3.65101,3.76481,3.6265,3.69201,1219989.78
2019-08-04,3.69201,3.75905,3.57479,3.593,632616.3
2019-08-05,3.593,3.858,3.59202,3.77095,394878.75
2019-08-06,3.77095,3.7793,3.51661,3.55249,738356.25
2019-08-07,3.55249,3.68804,3.46463,3.4836,770276.43
2019-08-08,3.4836,3.50204,3.14399,3.27996,804316.66
2019-08-09,3.27996,3.32,3.07952,3.14105,793753.12
2019-08-10,3.14105,3.38101,3.13951,3.34298,820290.21
2019-08-11,3.34298,3.5508,3.27444,3.54302,815523.05
2019-08-12,3.54302,3.65005,3.33039,3.34101,836354.72
2019-08-13,3.34101,3.34905,3.14853,3.25699,813074.83
2019-08-14,3.25699,3.29666,2.85304,2.85304,824254.74
2019-08-15,2.85304,2.98989,2.70388,2.8918,822288.3
2019-08-16,2.8918,3.01955,2.81058,2.88389,831684.78
2019-08-17,2.88389,2.91104,2.83022,2.90902,813971.45
2019-08-18,2.90902,2.98711,2.8632,2.97244,812630.43
2019-08-19,2.97244,2.97393,2.77099,2.8946,817819.25
2019-08-20,2.8946,2.92472,2.7591,2.86759,819029.47
2019-08-21,2.86759,2.87015,2.59029,2.66222,958876.02
2019-08-22,2.66222,2.743,2.57596,2.71248,695191.72
2019-08-23,2.71248,2.76016,2.64313,2.70801,701582.37
2019-08-24,2.70801,2.72204,2.59706,2.69812,754186.72
2019-08-25,2.69812,2.728,2.60301,2.63208,621580.68
2019-08-26,2.63208,2.69815,2.594,2.61395,744270.45
2019-08-27,2.61395,2.63603,2.50001,2.57106,483725.88
2019-08-28,2.57106,2.61699,2.31018,2.31904,775185.01
2019-08-29,2.31904,2.32898,2.15027,2.16189,1037554.04
2019-08-30,2.16189,2.22401,2.0923,2.15989,617734.21
2019-08-31,2.15989,2.16087,1.97836,2.01799,659618.39
2019-09-01,2.01799,2.23218,2.00001,2.12602,862141.62
2019-09-02,2.12602,2.17002,2.05932,2.12102,771432.94
2019-09-03,2.12102,2.21907,2.11599,2.15102,805321.43
2019-09-04,2.15102,2.15598,2.0143,2.03901,646429.23
2019-09-05,2.03901,2.03905,1.9,1.9488,646541.24
2019-09-06,1.9488,2.24493,1.94032,2.02938,1203910.29
2019-09-07,2.02938,2.28,2.02922,2.1657,1099420.96
2019-09-08,2.1657,2.91093,2.1493,2.72001,1313096.97
2019-09-09,2.72001,2.96427,2.43212,2.73501,1396159.7
2019-09-10,2.73501,2.94084,2.50799,2.58596,908161.72
2019-09-11,2.58596,2.70318,2.39909,2.571,811665.19
2019-09-12,2.571,3.2,2.49318,3.07003,1465972.62
2019-09-13,3.07003,3.3,2.98789,3.16778,1196694.84
2019-09-14,3.16778,3.23799,2.9829,3.102,928009.77
2019-09-15,3.102,3.54142,3.09398,3.42781,1275662.26
2019-09-16,3.42781,3.55949,3.1459,3.3258,888360.39
2019-09-17,3.3258,3.43343,3.192,3.30257,798019.12
2019-09-18,3.30257,3.39541,3.23379,3.29237,858897.15
2019-09-19,3.29237,3.29237,2.92302,3.12784,1049174.25
2019-09-20,3.12784,3.24683,3.05082,3.18646,655952.69
2019-09-21,3.18646,3.2817,3.02365,3.06617,545004.39
2019-09-22,3.06617,3.07265,2.80089,2.90339,673109.62
2019-09-23,2.90339,2.90349,2.56609,2.57098,591560.23
2019-09-24,2.57098,2.659,1.93401,2.20409,1109039.68
2019-09-25,2.20409,2.41898,2.12526,2.29396,1925844.39
2019-09-26,2.29396,2.3412,2.0473,2.21499,1127089.62
2019-09-27,2.21499,2.28415,2.14129,2.27113,1097610.83
2019-09-28,2.27113,2.29801,2.16923,2.27202,812594.43
2019-09-29,2.27202,2.28023,2.1,2.19599,671338.6
2019-09-30,2.19599,2.66807,2.16329,2.65099,1281732.92
2019-10-01,2.65099,2.66,2.47804,2.53706,1084458.45
2019-10-02,2.53706,2.62101,2.41519,2.60201,957963.39
2019-10-03,2.60201,2.67307,2.48113,2.582,919780.26
2019-10-04,2.582,2.61505,2.45499,2.56404,778906.36
2019-10-05,2.56404,2.78198,2.53606,2.76707,962137.96
2019-10-06,2.76707,2.78503,2.56513,2.63303,878497.39
2019-10-07,2.63303,2.95204,2.54,2.88884,1001563.66
2019-10-08,2.88884,3.06603,2.80798,2.89999,1278282.23
2019-10-09,2.89999,3.01008,2.82,2.89694,1275786.66
2019-10-10,2.89694,2.99621,2.71893,2.89629,1305249.34
2019-10-11,2.89629,2.91618,2.71706,2.81091,989744.84
2019-10-12,2.81091,2.852,2.76798,2.82801,758030.07
2019-10-13,2.82801,2.9069,2.792,2.86655,773956.33
2019-10-14,2.86655,3.119,2.8665,3.09124,1064652.43
2019-10-15,3.09124,3.15399,2.89299,2.92928,1144051.31
2019-10-16,2.92928,2.94874,2.68481,2.83294,1331129.32
2019-10-17,2.83294,2.94466,2.73499,2.90259,1111518.52
2019-10-18,2.90259,2.91994,2.68346,2.74058,1097696.86
2019-10-19,2.74058,2.79256,2.69357,2.74552,897581.33
2019-10-20,2.74552,2.93344,2.68318,2.89999,895042.71
2019-10-21,2.89999,2.99575,2.83046,2.98458,937309.54
2019-10-22,2.98458,3.01217,2.84935,2.86662,967091.18
2019-10-23,2.86662,2.89451,2.55264,2.67851,1445048.27
2019-10-24,2.67851,2.84421,2.6244,2.81155,1019394.67
2019-10-25,2.81155,3.11646,2.76539,3.04558,1557816.35
2019-10-26,3.04558,3.25562,2.97037,3.07959,1810503.23
2019-10-27,3.07959,3.2936,2.96465,3.19354,1255977.22
2019-10-28,3.19354,3.3389,3.07552,3.10463,1211926.35
2019-10-29,3.10463,3.18799,3.06115,3.1466,1231927.84
2019-10-30,3.1466,3.19634,2.95191,3.01123,1133793.3
2019-10-31,3.01123,3.30318,3.00342,3.26477,1161515.36
2019-11-01,3.26477,3.28817,3.16055,3.25404,1044360.71
2019-11-02,3.25404,3.46362,3.24601,3.41269,977130.38
2019-11-03,3.41269,3.43965,3.27897,3.37441,968431.5
2019-11-04,3.37441,3.64343,3.32108,3.61291,1175062.15
2019-11-05,3.61291,3.81288,3.5,3.75074,1491179.67
2019-11-06,3.75074,3.88184,3.70367,3.8423,1233827.18
2019-11-07,3.8423,3.87549,3.64767,3.87424,1302091.65
2019-11-08,3.87424,4.03064,3.64885,3.80749,1297998.02
2019-11-09,3.80749,3.97028,3.79406,3.96374,974370.12
2019-11-10,3.96374,4.27385,3.88707,4.18935,1300049.6
2019-11-11,4.18935,4.37196,4.06025,4.3534,1122989.17
2019-11-12,4.3534,4.35352,4.02102,4.21369,1196765.39
2019-11-13,4.21369,4.23791,3.96001,3.9769,992933.49
2019-11-14,3.9769,4.00662,3.78144,4.00616,970338.08
2019-11-15,4.00616,4.14035,3.80005,3.92286,1243828.21
2019-11-16,3.92286,3.97343,3.83253,3.96482,849973.45
2019-11-17,3.96482,3.97258,3.8001,3.89083,848886.06
2019-11-18,3.89083,3.89234,3.50732,3.60587,1070572.65
2019-11-19,3.60587,3.61632,3.33493,3.51075,1206057.82
2019-11-20,3.51075,3.58646,3.29726,3.33359,1069876.43
2019-11-21,3.33359,3.42369,3.11169,3.19157,1325028.97
2019-11-22,3.19157,3.29636,2.63824,2.93083,1880517.62
2019-11-23,2.93083,3.23304,2.85544,3.21912,1292951.79
2019-11-24,3.21912,3.26933,2.98681,3.08927,1458631.26
2019-11-25,3.08927,3.53056,2.98242,3.38899,1629893.39
2019-11-26,3.38899,3.66146,3.37844,3.47406,1214971.48
2019-11-27,3.47406,3.7677,3.27003,3.56963,1571668.53
2019-11-28,3.56963,3.75532,3.48591,3.67148,1113526.07
2019-11-29,3.67148,4.09652,3.67123,4.00477,1193374.66
2019-11-30,4.00477,4.0876,3.81375,3.92602,1127611.25
2019-12-01,3.92602,3.92611,3.57733,3.80629,1366844.48
2019-12-02,3.80629,3.89516,3.59281,3.67396,1132364.1
2019-12-03,3.67396,3.81175,3.62829,3.63071,1068605.06
2019-12-04,3.63071,3.78035,3.42508,3.5546,1485885.49
2019-12-05,3.5546,3.61673,3.45656,3.48533,1105958.89
2019-12-06,3.48533,3.69808,3.45312,3.65624,996035.34
2019-12-07,3.65624,3.86624,3.64452,3.76133,1206756.89
2019-12-08,3.76133,3.9867,3.68413,3.91976,1064012.84
2019-12-09,3.91976,3.94043,3.63767,3.66559,1151602.18
2019-12-10,3.66559,3.73721,3.51316,3.5816,1296721.01
2019-12-11,3.5816,3.86389,3.56647,3.82445,1208250.21
2019-12-12,3.82445,4.17303,3.74848,4.09433,1477115.94
2019-12-13,4.09433,4.22922,3.96251,3.99147,1216715.49
2019-12-14,3.99147,4.3,3.97759,4.25179,1382984.05
2019-12-15,4.25179,4.71275,4.17009,4.51491,1513661.07
2019-12-16,4.51491,4.52559,4.01104,4.05564,1728597.51
2019-12-17,4.05564,4.13229,3.53324,3.6461,1926184.81
2019-12-18,3.6461,4.55373,3.5928,4.26851,2284069.31
2019-12-19,4.26851,4.35851,4.06979,4.26623,1800549.7
2019-12-20,4.26623,4.37653,4.13551,4.30548,1245832.47
2019-12-21,4.30548,4.32762,4.03441,4.05018,1237289.14
2019-12-22,4.05018,4.27144,4.04352,4.25548,1305104.53
2019-12-23,4.25548,4.35959,4.146,4.30056,1320286.24
2019-12-24,4.30056,4.40956,4.25343,4.3902,1330890.01
2019-12-25,4.3902,4.39042,4.15684,4.26108,1121718.98
2019-12-26,4.26108,4.63179,4.261,4.55024,1469369.0
2019-12-27,4.55024,4.77879,4.45288,4.49886,1306225.88
2019-12-28,4.49886,4.70685,4.38462,4.39356,1162146.36
2019-12-29,4.39356,4.45359,4.21079,4.25055,1310242.88
2019-12-30,4.25055,4.39697,4.11549,4.15866,1160956.02
2019-12-31,4.15866,4.31165,4.10405,4.22175,1174070.52
2020-01-01,4.22175,4.48152,4.20786,4.38101,1024290.91
2020-01-02,4.38101,4.38262,4.07256,4.09746,1145235.89
2020-01-03,4.09746,4.35894,3.99609,4.23283,1440288.49
2020-01-04,4.23283,4.37435,4.22176,4.25311,889595.47
2020-01-05,4.25311,4.35849,4.17575,4.20555,928814.36
2020-01-06,4.20555,4.23855,4.00697,4.10481,1191362.73
2020-01-07,4.10481,4.24012,4.05803,4.08497,1204606.63
2020-01-08,4.08497,4.17163,3.95294,3.99042,1272740.17
2020-01-09,3.99042,4.24853,3.94693,4.23593,1209230.31
2020-01-10,4.23593,4.43094,4.18196,4.26367,1441085.15
2020-01-11,4.26367,4.42757,4.26121,4.2655,968195.27
2020-01-12,4.2655,4.33364,4.21449,4.24998,851410.32
2020-01-13,4.24998,4.31416,4.10002,4.24369,988746.1
2020-01-14,4.24369,4.65507,4.20372,4.53334,1614085.24
2020-01-15,4.53334,4.96004,4.40049,4.57744,1905358.29
2020-01-16,4.57744,5.39874,4.18471,5.08261,1748803.45
2020-01-17,5.08261,5.30283,4.67841,5.00249,1851166.13
2020-01-18,5.00249,5.02127,4.59948,4.62206,1322037.8
2020-01-19,4.62206,4.76635,4.36888,4.51776,1389545.9
2020-01-20,4.51776,4.66433,4.39962,4.49894,1249515.66
2020-01-21,4.49894,4.74002,4.45954,4.63886,1020403.19
2020-01-22,4.63886,4.694,4.55331,4.65648,1028627.67
2020-01-23,4.65648,4.6835,4.37497,4.4566,1178927.43
2020-01-24,4.4566,4.52211,4.3386,4.48376,963473.63
2020-01-25,4.48376,4.48504,4.34764,4.38097,743278.63
2020-01-26,4.38097,4.50045,4.35562,4.47247,886710.35
2020-01-27,4.47247,4.66597,4.39756,4.51089,1088950.8
2020-01-28,4.51089,4.59883,4.47656,4.57887,1137828.53
2020-01-29,4.57887,4.59138,4.36187,4.40697,1098572.07
2020-01-30,4.40697,4.4751,4.3069,4.40986,1080475.95
2020-01-31,4.40986,4.61277,4.30005,4.39085,1219424.97
2020-02-01,4.39085,4.45056,4.30002,4.38249,879764.86
2020-02-02,4.38249,4.47558,4.24167,4.40792,1013766.71
2020-02-03,4.40792,4.482,4.23572,4.26513,1091041.86
2020-02-04,4.26513,4.26665,4.01002,4.21613,1383255.13
2020-02-05,4.21613,4.34604,4.13979,4.3197,1371854.98
2020-02-06,4.3197,4.59796,4.25662,4.5848,1335894.98
2020-02-07,4.5848,4.93896,4.51746,4.81732,1519765.8
2020-02-08,4.81732,4.82935,4.4955,4.6292,1387846.67
2020-02-09,4.6292,4.78326,4.60642,4.75219,1163530.46
2020-02-10,4.75219,4.80026,4.5548,4.77129,1456081.81
2020-02-11,4.77129,5.19758,4.68637,5.0971,1509433.99
2020-02-12,5.0971,5.31833,5.05002,5.10472,1682875.68
2020-02-13,5.10472,5.23509,4.83017,4.90767,1907003.52
2020-02-14,4.90767,5.13648,4.8522,5.11051,1447208.71
2020-02-15,5.11051,5.13025,4.39663,4.60336,1648797.36
2020-02-16,4.60336,4.74643,4.00487,4.39105,2250331.09
2020-02-17,4.39105,4.42101,3.89706,4.27005,2183938.27
2020-02-18,4.27005,4.49751,3.95895,4.43555,1686966.88
2020-02-19,4.43555,4.68906,4.08761,4.14505,1314346.01
2020-02-20,4.14505,4.5453,4.10507,4.46647,2184370.02
2020-02-21,4.46647,4.96633,4.40563,4.94612,2011247.81
2020-02-22,4.94612,5.09349,4.66226,5.01309,2791691.1
2020-02-23,5.01309,5.08267,4.7234,4.80682,2829107.18
2020-02-24,4.80682,4.92484,4.19997,4.39087,3579935.61
2020-02-25,4.39087,4.4004,3.98005,4.05291,3364651.34
2020-02-26,4.05291,4.07308,3.46271,3.64392,4473274.45
2020-02-27,3.64392,3.85443,3.34792,3.69328,4556000.28
2020-02-28,3.69328,3.75088,3.42373,3.54542,4152877.74
2020-02-29,3.54542,3.68185,3.43667,3.43936,2467747.75
2020-03-01,3.43936,3.54591,3.25489,3.34665,2254992.09
2020-03-02,3.34665,3.76983,3.33339,3.7039,3687457.92
2020-03-03,3.7039,3.70537,3.5066,3.62412,2776451.83
2020-03-04,3.62412,3.88894,3.61554,3.74174,2646950.46
2020-03-05,3.74174,3.93123,3.73034,3.75578,2733032.14
2020-03-06,3.75578,3.87699,3.70342,3.85519,2112673.15
2020-03-07,3.85519,3.85978,3.56855,3.6134,1841150.85
2020-03-08,3.6134,3.61344,3.05207,3.07359,4074317.56
2020-03-09,3.07359,3.16242,2.82534,3.02792,5226487.77
2020-03-10,3.02792,3.19251,2.88025,3.061,4285512.84
2020-03-11,3.061,3.10363,2.70648,2.99092,3323053.82
2020-03-12,2.99092,3.01966,1.47436,1.62084,10686533.48
2020-03-13,1.62084,1.93099,1.05904,1.79834,13850734.81
2020-03-14,1.79834,1.98516,1.68245,1.8403,6580197.33
2020-03-15,1.8403,2.07708,1.82219,1.92112,5235148.27
2020-03-16,1.92112,1.92116,1.50001,1.6674,8380248.77
2020-03-17,1.6674,1.85627,1.63754,1.76743,4989105.01
2020-03-18,1.76743,1.83971,1.64844,1.80925,4441819.56
2020-03-19,1.80925,2.14101,1.76926,2.068,4452496.35
2020-03-20,2.068,2.46763,1.81328,2.16296,8803045.9
2020-03-21,2.16296,2.23586,1.99118,2.16595,4911438.18
2020-03-22,2.16595,2.22518,1.90717,1.91414,3506482.16
2020-03-23,1.91414,2.13,1.88124,2.10678,4839512.29
2020-03-24,2.10678,2.22495,2.07561,2.14274,4243817.68
2020-03-25,2.14274,2.14972,2.00029,2.03026,1509534.01
2020-03-26,2.03026,2.17428,2.03022,2.17291,2086337.74
2020-03-27,2.17291,2.20457,1.96564,1.9917,2283673.91
2020-03-28,1.9917,1.99179,1.871,1.97166,2823345.93
2020-03-29,1.97166,1.97969,1.84831,1.85072,2434612.01
2020-03-30,1.85072,2.03066,1.84485,1.95581,2999965.38
2020-03-31,1.95581,1.98951,1.89161,1.9478,2806894.58
2020-04-01,1.9478,1.98289,1.88347,1.96754,2928062.98
2020-04-02,1.96754,2.10186,1.95558,1.98189,3276064.38
2020-04-03,1.98189,2.05944,1.95665,1.97843,2575324.17
2020-04-04,1.97843,2.0507,1.96247,2.0231,2455206.92
2020-04-05,2.0231,2.09636,2.01064,2.06508,1981207.91
2020-04-06,2.06508,2.4138,2.06485,2.40689,4497631.69
2020-04-07,2.40689,2.4929,2.30384,2.34779,3956423.03
2020-04-08,2.34779,2.49027,2.30529,2.49027,3276511.01
2020-04-09,2.49027,2.62186,2.37474,2.56978,3103812.83
2020-04-10,2.56978,2.59048,2.19083,2.31088,4291922.51
2020-04-11,2.31088,2.37783,2.23232,2.30569,3963265.11
2020-04-12,2.30569,2.39695,2.24683,2.29675,2810379.54
2020-04-13,2.29675,2.29684,2.1738,2.25793,3266949.63
2020-04-14,2.25793,2.4477,2.22272,2.35555,3597241.96
2020-04-15,2.35555,2.43156,2.26977,2.27032,3671543.26
2020-04-16,2.27032,2.44482,2.19338,2.41663,3294650.23
2020-04-17,2.41663,2.42682,2.35051,2.36491,2008955.88
2020-04-18,2.36491,2.51986,2.36491,2.50924,2420411.23
2020-04-19,2.50924,2.5401,2.37642,2.37975,2569142.51
2020-04-20,2.37975,2.43717,2.25981,2.26852,2870466.78
2020-04-21,2.26852,2.32079,2.25662,2.27184,2303052.59
2020-04-22,2.27184,2.40807,2.25955,2.3879,1318754.95
2020-04-23,2.3879,2.48906,2.3288,2.42076,1609867.51
2020-04-24,2.42076,2.7981,2.42073,2.74588,2150534.95
2020-04-25,2.74588,2.95017,2.67252,2.87076,2062496.11
2020-04-26,2.87076,2.89802,2.76488,2.8036,1567050.72
2020-04-27,2.8036,2.82885,2.65678,2.7658,1557145.19
2020-04-28,2.7658,2.84322,2.70473,2.79616,1259018.13
2020-04-29,2.79616,2.97905,2.78694,2.92796,1779420.43
2020-04-30,2.92796,3.07204,2.70508,2.735,2332949.14
2020-05-01,2.735,2.92803,2.735,2.82495,1437863.1
2020-05-02,2.82495,2.89111,2.79698,2.87107,1207591.14
2020-05-03,2.87107,2.90206,2.72905,2.77011,1433403.92
2020-05-04,2.77011,2.79409,2.57701,2.76021,2055870.37
2020-05-05,2.76021,2.78018,2.66596,2.70895,1671853.47
2020-05-06,2.70895,2.75615,2.61601,2.61995,1353072.28
2020-05-07,2.61995,2.79208,2.59899,2.72099,1564322.49
2020-05-08,2.72099,2.84517,2.67194,2.79995,1443586.17
2020-05-09,2.79995,2.85209,2.72299,2.75302,1501198.42
2020-05-10,2.75302,2.75314,2.34999,2.50925,1784895.45
2020-05-11,2.50925,2.54865,2.28765,2.3897,1721769.15
2020-05-12,2.3897,2.52153,2.38955,2.47682,995742.67
2020-05-13,2.47682,2.57371,2.43739,2.54241,994157.16
2020-05-14,2.54241,2.55557,2.45159,2.52041,989568.4
2020-05-15,2.52041,2.56547,2.42159,2.46562,678014.11
2020-05-16,2.46562,2.56267,2.44863,2.5615,513839.87
2020-05-17,2.5615,2.62013,2.53202,2.54581,550945.11
2020-05-18,2.54581,2.65709,2.54554,2.59754,501102.84
2020-05-19,2.59754,2.61909,2.52009,2.61411,114112.02
2020-05-20,2.61411,2.70311,2.54708,2.70206,139272.05
2020-05-21,2.70206,2.72822,2.45713,2.50799,158047.96
2020-05-22,2.50799,2.67807,2.48703,2.647,234220.47
2020-05-23,2.647,2.66616,2.57205,2.59176,226654.37
2020-05-24,2.59176,2.64633,2.49906,2.50307,230216.91
2020-05-25,2.50307,2.62106,2.46098,2.60603,267973.38
2020-05-26,2.60603,2.62717,2.53498,2.57903,241452.84
2020-05-27,2.57903,2.68703,2.57401,2.60002,201286.64
2020-05-28,2.60002,2.67197,2.56593,2.66404,168161.01
2020-05-29,2.66404,2.69641,2.62806,2.67832,210530.72
2020-05-30,2.67832,2.82903,2.64001,2.81503,231515.95
2020-05-31,2.81503,2.87401,2.70105,2.72893,321063.53
2020-06-01,2.72893,2.85915,2.70895,2.85602,286150.45
2020-06-02,2.85602,2.95216,2.63902,2.75717,256338.87
2020-06-03,2.75717,2.91307,2.734,2.90409,254677.58
2020-06-04,2.90409,3.14411,2.8882,3.10608,314200.2
2020-06-05,3.10608,3.19712,3.03615,3.09205,304245.19
2020-06-06,3.09205,3.15209,3.04215,3.05629,229233.49
2020-06-07,3.05629,3.10622,2.87093,3.02033,247738.34
2020-06-08,3.02033,3.1561,2.99217,3.14707,236550.2
2020-06-09,3.14707,3.18211,3.08403,3.11408,231752.49
2020-06-10,3.11408,3.1254,3.03005,3.11309,214572.77
2020-06-11,3.11309,3.12803,2.72916,2.76703,281531.46
2020-06-12,2.76703,2.92016,2.7382,2.86022,233090.36
2020-06-13,2.86022,2.89614,2.81419,2.86913,194219.26
2020-06-14,2.86913,2.87224,2.72017,2.7515,176515.32
2020-06-15,2.7515,2.77526,2.5422,2.70413,320959.47
2020-06-16,2.70413,2.75648,2.67515,2.72523,228807.67
2020-06-17,2.72523,2.73726,2.64819,2.70213,223575.78
2020-06-18,2.70213,2.70213,2.61306,2.64398,199872.13
2020-06-19,2.64398,2.64966,2.57814,2.59717,216413.28
2020-06-20,2.59717,2.62267,2.5393,2.6204,168720.89
2020-06-21,2.6204,2.62766,2.58011,2.60047,180327.25
2020-06-22,2.60047,2.71637,2.60019,2.6894,211367.28
2020-06-23,2.6894,2.8351,2.65515,2.77213,174487.63752204814
2020-06-24,2.77213,2.87689,2.64822,2.68029,210142.57346319885
2020-06-25,2.68029,2.68826,2.55006,2.62125,176723.76
2020-06-26,2.62125,2.6514,2.51226,2.62123,166809.94
2020-06-27,2.62123,2.71223,2.28532,2.42832,214266.23
2020-06-28,2.42832,2.55332,2.39708,2.51041,173732.33
2020-06-29,2.51041,2.67147,2.4702,2.6403,200360.82
2020-06-30,2.6403,2.67112,2.57329,2.59311,142364.13
2020-07-01,2.59311,2.6766,2.57226,2.65501,151845.56
2020-07-02,2.65501,2.78538,2.60316,2.65323,220305.03
2020-07-03,2.65323,2.80091,2.65323,2.6812,200120.0
2020-07-04,2.6812,2.78321,2.6812,2.78321,205081.61
2020-07-05,2.78321,2.98309,2.74418,2.93713,280340.43
2020-07-06,2.93713,3.12632,2.91908,3.01609,250651.75
2020-07-07,3.01609,3.27418,2.9601,3.24599,279944.32
2020-07-08,3.24599,3.57212,3.1618,3.55487,330119.25
2020-07-09,3.55487,3.80114,3.39797,3.78478,287809.71
2020-07-10,3.78478,4.13278,3.56881,4.05888,223760.99
2020-07-11,4.05888,4.45466,3.87881,3.92186,262023.27
2020-07-12,3.92186,4.16932,3.89684,4.02093,165793.65
2020-07-13,4.02093,4.33278,3.7399,3.8738,385489.66
2020-07-14,3.8738,4.03191,3.79687,3.95397,109563.77
2020-07-15,3.95397,4.13694,3.86076,4.04182,45538.88
2020-07-16,4.04182,4.28705,3.74793,4.07682,86126.29
2020-07-17,4.07682,4.25169,3.95376,4.14586,101874.97
2020-07-18,4.14586,4.5077,4.10785,4.35975,211290.75
2020-07-19,4.35975,4.51246,3.97686,4.19882,169965.48
2020-07-20,4.19882,4.25384,3.86875,3.87912,99120.02
2020-07-21,3.87912,4.05481,3.7819,4.00782,83372.64
2020-07-22,4.00782,4.07579,3.89582,4.00988,73108.2
2020-07-23,4.00988,4.09424,3.92173,3.96083,69810.31
2020-07-24,3.96083,3.96596,3.78601,3.82086,74738.5
2020-07-25,3.82086,3.9548,3.77185,3.91485,76937.26
2020-07-26,3.91485,3.9149,3.69689,3.80912,79965.71
2020-07-27,3.80912,3.91019,3.30106,3.58692,139959.68
2020-07-28,3.58692,3.7839,3.55982,3.74692,103316.2
2020-07-29,3.74692,3.85329,3.61302,3.63184,82399.15
2020-07-30,3.63184,3.75791,3.58666,3.70928,72754.12
2020-07-31,3.70928,3.83383,3.70281,3.79147,70822.06
2020-08-01,3.79147,4.12274,3.79146,4.07988,111890.31
2020-08-02,4.07988,4.22779,3.39803,3.90383,132388.02
2020-08-03,3.90383,4.06622,3.79081,3.84787,103481.79
2020-08-04,3.84787,4.05072,3.81777,4.01687,88324.79
2020-08-05,4.01687,4.204,3.94277,4.14489,101137.75
2020-08-06,4.14489,4.24785,4.10974,4.17266,87575.06
2020-08-07,4.17266,4.19491,3.88182,4.00983,83314.58
2020-08-08,4.00983,4.43586,3.97381,4.4325,81340.53
2020-08-09,4.4325,5.43038,4.2977,5.27655,197753.29
2020-08-10,5.27655,5.86438,5.09645,5.46539,224102.86
2020-08-11,5.46539,5.56441,4.69953,4.91862,160671.01
2020-08-12,4.91862,5.998,4.86059,5.90923,214304.23
2020-08-13,5.90923,6.53805,5.46032,6.07817,293302.39
2020-08-14,6.07817,6.594,5.92621,6.08925,656678.65
2020-08-15,6.08925,6.345,5.9253,6.07025,94931.37
2020-08-16,6.07025,6.3811,5.78032,6.23921,119142.9
2020-08-17,6.23921,6.30925,5.90129,5.90631,98437.97
2020-08-18,5.90631,6.15436,5.52637,5.81334,101620.14
2020-08-19,5.81334,5.92632,5.3115,5.65651,111984.59
2020-08-20,5.65651,6.36718,5.55049,6.28924,141399.99
2020-08-21,6.28924,6.58814,5.60004,5.60007,164872.25
2020-08-22,5.60007,6.49015,5.39746,6.42512,196801.54
2020-08-23,6.42512,8.57546,6.33926,8.50759,749748.8
2020-08-24,8.50759,8.53145,7.67079,8.20744,482229.2
2020-08-25,8.20744,8.8656,7.78775,8.36354,813163.25
2020-08-26,8.36354,8.64683,7.6557,7.70777,384547.73
2020-08-27,7.70777,7.9106,6.89596,7.2829,323369.08
2020-08-28,7.2829,7.8277,7.12481,7.56172,222267.74
2020-08-29,7.56172,7.60375,7.26486,7.27379,130068.22
2020-08-30,7.27379,7.89156,7.23584,7.62872,149276.25
2020-08-31,7.62872,7.79966,7.17474,7.19523,148511.91
2020-09-01,7.19523,7.6288,6.99686,7.22476,180628.35
2020-09-02,7.22476,7.31729,6.37099,6.62704,148830.59
2020-09-03,6.62704,6.73503,4.5727,4.90484,213606.69
2020-09-04,4.90484,5.64721,4.70925,5.46936,366278.03
2020-09-05,5.46936,5.66233,4.58157,4.91458,343240.2
2020-09-06,4.91458,5.33573,4.45966,5.17653,229816.56
2020-09-07,5.17653,5.25042,4.57263,5.04938,200659.74
2020-09-08,5.04938,5.14851,4.74258,4.94656,200519.44
2020-09-09,4.94656,5.48438,4.89099,5.31238,154365.86
2020-09-10,5.31238,5.55637,5.1776,5.32047,147355.59
2020-09-11,5.32047,5.39038,5.0515,5.34947,171033.55
2020-09-12,5.34947,5.70527,5.18333,5.60038,188470.45
2020-09-13,5.60038,5.85032,5.10655,5.31349,249952.82
2020-09-14,5.31349,5.53033,5.13715,5.37643,160816.15
2020-09-15,5.37643,5.44744,4.8014,4.85845,272881.28
2020-09-16,4.85845,5.17345,4.70064,5.11932,150311.79
2020-09-17,5.11932,5.21152,4.87153,5.06152,97984.14
2020-09-18,5.06152,5.20565,4.78015,4.9743,80864.3
2020-09-19,4.9743,5.0355,4.86045,4.93846,74801.34
2020-09-20,4.93846,5.08178,4.53365,4.66052,80101.84
2020-09-21,4.66052,4.72768,3.95771,4.0728,113738.67
2020-09-22,4.0728,4.26382,4.03082,4.20679,93662.89
2020-09-23,4.20679,4.29874,3.79681,3.83993,229898.47
2020-09-24,3.83993,4.54378,3.80004,4.47777,241877.86
2020-09-25,4.47777,4.79651,4.3526,4.78658,234157.97
2020-09-26,4.78658,4.80958,4.46844,4.59769,191348.85
2020-09-27,4.59769,4.7886,4.52062,4.72337,210861.95
2020-09-28,4.72337,5.17852,4.72324,4.82004,229832.91
2020-09-29,4.82004,5.36745,4.80055,5.29941,238744.76
2020-09-30,5.29941,5.56027,5.19242,5.36534,201685.64
2020-10-01,5.36534,5.59147,4.96411,5.13348,132525.12
2020-10-02,5.13348,5.26251,4.65507,4.89957,151083.9
2020-10-03,4.89957,5.12465,4.87,5.00856,113784.25
2020-10-04,5.00856,5.36835,4.8677,5.30835,129036.51
2020-10-05,5.30835,5.39163,5.17675,5.36424,116014.32
2020-10-06,5.36424,5.39152,4.67859,4.73418,144309.99
2020-10-07,4.73418,4.93559,4.56361,4.8714,127990.65
2020-10-08,4.8714,5.11856,4.62059,5.02844,127986.47
2020-10-09,5.02844,5.28849,4.93385,5.15047,115714.08
2020-10-10,5.15047,5.7023,5.15044,5.53217,125725.37
2020-10-11,5.53217,6.26109,5.42034,6.07226,154511.67
2020-10-12,6.07226,6.2341,5.78938,5.96816,145027.45
2020-10-13,5.96816,6.1792,5.80225,6.00755,141742.59
2020-10-14,6.00755,6.12918,5.62632,5.72631,128103.92
2020-10-15,5.72631,5.90323,5.50032,5.76334,127696.22
2020-10-16,5.76334,5.83451,5.31445,5.39827,136492.55
2020-10-17,5.39827,5.51526,5.2864,5.46445,117932.77
2020-10-18,5.46445,5.77723,5.41674,5.76226,98611.73
2020-10-19,5.76226,5.7694,5.45978,5.50028,106275.55
2020-10-20,5.50028,5.5004,4.99054,5.02142,128263.34
2020-10-21,5.02142,5.48039,5.00005,5.23751,116027.03
2020-10-22,5.23751,5.56736,5.22764,5.44631,121902.0
2020-10-23,5.44631,5.49335,5.15618,5.36025,120304.6
2020-10-24,5.36025,5.58626,5.25924,5.5402,107863.28
2020-10-25,5.5402,5.64431,5.24759,5.28963,111769.31
2020-10-26,5.28963,5.36009,4.98447,5.1416,119020.1
2020-10-27,5.1416,5.31751,5.06898,5.13734,102287.7
2020-10-28,5.13734,5.1475,4.71866,4.79904,209484.98
2020-10-29,4.79904,4.85755,4.52571,4.62815,184058.93
2020-10-30,4.62815,4.7054,4.35273,4.61963,316954.45
2020-10-31,4.61963,4.79653,4.58901,4.61084,186497.88
2020-11-01,4.61084,4.84455,4.54099,4.73957,184862.62
2020-11-02,4.73957,4.86646,4.5584,4.59807,242554.5
2020-11-03,4.59807,4.59969,4.30877,4.47194,264570.91
2020-11-04,4.47194,4.47477,4.20707,4.38185,213204.46
2020-11-05,4.38185,4.58166,4.2796,4.50084,257230.06
2020-11-06,4.50084,4.94749,4.47537,4.88092,361191.46
2020-11-07,4.88092,5.15663,4.51745,4.61168,699673.06
2020-11-08,4.61168,4.90054,4.55728,4.80683,282145.97
2020-11-09,4.80683,5.18935,4.66642,5.14538,400566.25
2020-11-10,5.14538,5.27439,4.9107,5.07843,254269.74
2020-11-11,5.07843,5.27439,5.00709,5.02741,227034.75
2020-11-12,5.02741,5.29493,4.94079,5.02683,280028.51
2020-11-13,5.02683,5.24991,5.01495,5.20945,182395.87
2020-11-14,5.20945,5.23043,4.99389,5.03678,180595.06
2020-11-15,5.03678,5.11346,4.86169,4.96798,167914.01
2020-11-16,4.96798,5.17335,4.92813,5.08009,161145.35
2020-11-17,5.08009,5.36335,5.06785,5.28327,182565.6
2020-11-18,5.28327,5.31735,4.95,5.10096,308695.34
2020-11-19,5.10096,5.20732,4.9859,5.08742,164723.23
2020-11-20,5.08742,5.45974,5.07569,5.26574,232570.58
2020-11-21,5.26574,5.937,5.26186,5.92431,424658.77
2020-11-22,5.92431,5.96595,5.26,5.47818,519680.52
2020-11-23,5.47818,5.90603,5.43361,5.80662,339126.94
2020-11-24,5.80662,6.41028,5.66558,5.95145,908694.61
2020-11-25,5.95145,6.45971,5.72188,5.9065,981176.52
2020-11-26,5.9065,6.30281,5.00454,5.32736,1920396.72
2020-11-27,5.32736,5.43323,5.09932,5.35532,445611.48
2020-11-28,5.35532,5.53525,5.2234,5.43024,177910.95
2020-11-29,5.43024,5.53523,5.31811,5.41984,133100.92
2020-11-30,5.41984,5.673,5.31134,5.56401,819924.56
2020-12-01,5.56401,5.70995,5.11363,5.25277,598322.83
2020-12-02,5.25277,5.53819,5.20533,5.50619,200117.72
2020-12-03,5.50619,5.64389,5.36398,5.49824,137469.33
2020-12-04,5.49824,5.5282,5.00166,5.04915,198140.55
2020-12-05,5.04915,5.29337,4.97455,5.25402,119286.4
2020-12-06,5.25402,5.28001,5.08311,5.20904,88396.62
2020-12-07,5.20904,5.21634,5.07267,5.09074,56925.29
2020-12-08,5.09074,5.12845,4.65,4.72967,180821.47
2020-12-09,4.72967,4.87254,4.56556,4.79554,249466.97
2020-12-10,4.79554,4.81659,4.64905,4.65012,105055.39
2020-12-11,4.65012,4.85356,4.48452,4.70781,138824.51
2020-12-12,4.70781,5.11348,4.70592,5.05595,66164.54
2020-12-13,5.05595,5.36181,5.04913,5.19037,70663.34
2020-12-14,5.19037,5.30331,5.03487,5.22238,58421.37
2020-12-15,5.22238,5.35324,5.06476,5.28494,48987.33
2020-12-16,5.28494,5.49421,5.15522,5.48109,116906.11
2020-12-17,5.48109,5.72317,5.29276,5.35274,141291.87
2020-12-18,5.35274,5.43914,5.21652,5.3239,81007.17
2020-12-19,5.3239,5.42485,5.25742,5.27963,42782.64
2020-12-20,5.27963,5.34753,4.90635,5.02752,75091.31
2020-12-21,5.02752,5.27157,4.8005,5.04101,97603.68
2020-12-22,5.04101,5.09611,4.74123,4.94412,86072.41
2020-12-23,4.94412,4.99251,4.26647,4.39171,193534.15
2020-12-24,4.39171,4.99252,4.23616,4.95392,132236.93
2020-12-25,4.95392,5.04657,4.75475,4.91358,114320.06
2020-12-26,4.91358,4.97087,4.73769,4.8047,90881.51
2020-12-27,4.8047,5.01008,4.58914,4.8361,134779.48
2020-12-28,4.8361,5.56,4.81325,5.38294,249974.22
2020-12-29,5.38294,5.68221,5.03979,5.62959,425393.05
2020-12-30,5.62959,5.82402,5.39606,5.43194,209905.91
2020-12-31,5.43194,6.48658,5.24742,6.46648,213436.4
2021-01-01,6.46648,6.49036,5.63313,5.85677,193287.58
2021-01-02,5.85677,5.87058,5.219,5.40758,199846.64
2021-01-03,5.40758,5.9172,5.2888,5.81914,200737.57
2021-01-04,5.81914,6.25923,5.27569,6.03086,335242.42
2021-01-05,6.03086,6.36982,5.65538,6.20268,249047.03
2021-01-06,6.20268,6.92911,5.87009,6.66046,226586.34
2021-01-07,6.66046,6.83638,6.00001,6.26144,238756.3
2021-01-08,6.26144,6.34095,5.5,5.94149,247204.44
2021-01-09,5.94149,6.73056,5.81428,6.54264,182628.4
2021-01-10,6.54264,7.13039,5.96928,6.42258,363826.9
2021-01-11,6.42258,6.42258,5.01191,5.72195,462945.89
2021-01-12,5.72195,6.13091,5.42723,5.69851,253574.89
2021-01-13,5.69851,6.24712,5.55258,6.2427,136315.6
2021-01-14,6.2427,6.5731,6.1555,6.46718,168535.09
2021-01-15,6.46718,8.47762,6.43563,7.91099,644866.29
2021-01-16,7.91099,9.53922,7.54529,9.02835,493605.03
2021-01-17,9.02835,9.18753,8.01816,8.51635,326405.5
2021-01-18,8.51635,9.84574,8.51635,9.53044,292195.6
2021-01-19,9.53044,10.17386,8.85403,8.92727,207546.45
2021-01-20,8.92727,9.44892,7.98615,8.8972,291969.96
2021-01-21,8.8972,8.95219,7.07173,7.15763,335793.36
2021-01-22,7.15763,8.44142,6.63715,8.03073,325168.58
2021-01-23,8.03073,8.66779,7.85748,8.32531,218175.04
2021-01-24,8.32531,8.7775,7.88901,8.23824,150368.6
2021-01-25,8.23824,8.52935,7.69599,7.73897,169475.33
2021-01-26,7.73897,7.94288,7.38893,7.7308,170031.41
2021-01-27,7.7308,7.74895,6.75268,6.95986,233808.64
2021-01-28,6.95986,8.47835,6.85145,8.03422,252515.53
2021-01-29,8.03422,8.47466,7.7112,7.98708,231098.32
2021-01-30,7.98708,8.29117,7.7407,8.04749,135595.35
2021-01-31,8.04749,8.88721,7.71032,8.135,184656.22
2021-02-01,8.135,9.27124,7.83823,9.27124,214649.24
2021-02-02,9.27124,9.38699,8.71413,8.90528,182537.64
2021-02-03,8.90528,9.40853,8.75667,9.28343,124472.18
2021-02-04,9.28343,9.49469,8.66102,9.16451,90957.6
2021-02-05,9.16451,12.81325,9.02939,12.20528,173632.44
2021-02-06,12.20528,13.6,11.30217,12.00021,170539.85
2021-02-07,12.00021,13.96261,11.5,13.86632,195990.1
2021-02-08,13.86632,14.96531,13.30536,14.18155,150104.77
2021-02-09,14.18155,15.46372,13.8205,15.05001,92603.72
2021-02-10,15.05001,15.44107,13.60317,14.99098,132502.79
2021-02-11,14.99098,18.31093,14.83313,17.60361,121026.23
2021-02-12,17.60361,22.06678,17.29743,21.13474,153259.92
2021-02-13,21.13474,22.02479,19.20969,20.23568,94786.15
2021-02-14,20.23568,20.64651,18.58977,19.12953,89212.42
2021-02-15,19.12953,24.95404,14.85899,22.59362,251818.23
2021-02-16,22.59362,26.34019,22.2056,25.18843,165865.43
2021-02-17,25.18843,25.79545,22.54156,23.84289,87612.38
2021-02-18,23.84289,25.08678,22.82435,23.10287,54081.76
2021-02-19,23.10287,23.50597,21.61493,22.86632,45632.29
2021-02-20,22.86632,24.64572,20.48763,21.71936,130400.71
2021-02-21,21.71936,23.0,20.0,21.51169,63167.01
2021-02-22,21.51169,22.0,16.99981,21.54767,40019.96
2021-02-23,21.54767,23.15,16.10267,20.07742,20002.44
2021-02-24,20.07742,21.40639,17.0,19.26436,13457.53
2021-02-25,19.26436,21.16429,17.8,17.83536,30079.83
2021-02-26,17.83536,18.99271,16.641,18.92875,21265.13
2021-02-27,18.92875,20.64774,16.16,18.93758,16416.72
2021-02-28,18.93758,19.11265,16.0,17.3257,14966.05
2021-03-01,17.3257,18.39478,17.10844,18.18774,15913.9
2021-03-02,18.18774,20.17448,18.13866,18.64868,14932.45
2021-03-03,18.64868,21.47796,18.15,21.08956,15777.89
2021-03-04,21.08956,21.59367,18.23908,18.7736,17233.5
2021-03-05,18.7736,19.68,17.78463,18.65487,16745.69
2021-03-06,18.65487,19.25,18.21322,18.93538,14643.77
2021-03-07,18.93538,19.5,18.33745,19.16173,15939.35
2021-03-08,19.16173,19.8,18.50182,19.09338,15576.11
2021-03-09,19.09338,20.24318,17.6,20.24318,19135.15
2021-03-10,20.24318,20.34959,17.8,18.6147,38272.71
2021-03-11,18.6147,19.51301,18.2,18.77331,28635.24
2021-03-12,18.77331,19.2,17.70465,17.86026,36948.33
2021-03-13,17.86026,19.7,17.08,19.26101,34576.74
2021-03-14,19.26101,19.38309,18.18,18.4176,21251.98
2021-03-15,18.4176,20.47954,17.9,19.84558,56398.43
2021-03-16,19.84558,22.0123,18.66,21.02303,88580.77
2021-03-17,21.02303,21.59552,19.63368,20.90312,65593.76
2021-03-18,20.90312,24.48267,20.59387,22.11587,97748.65
2021-03-19,22.11587,23.19171,21.53434,22.2171,41173.79
2021-03-20,22.2171,22.71482,20.76199,20.85985,28994.74
2021-03-21,20.85985,21.21791,19.95916,20.52909,33270.26
2021-03-22,20.52909,21.06114,19.0,19.23508,54160.47
2021-03-23,19.23508,19.84112,18.72556,18.75347,36693.96
2021-03-24,18.75347,19.77739,16.48895,17.53242,65108.98
2021-03-25,17.53242,17.97204,16.73984,17.11156,72808.87
2021-03-26,17.11156,18.95661,17.08531,18.93902,29607.5
2021-03-27,18.93902,19.18008,18.03485,18.71108,33120.86
2021-03-28,18.71108,19.84388,18.44128,19.29865,35046.65
2021-03-29,19.29865,20.89209,19.07404,20.28289,41382.32
2021-03-30,20.28289,20.61694,19.50135,19.96309,22878.36
2021-03-31,19.96309,20.07094,18.20901,19.06851,39866.66
2021-04-01,19.06851,19.9,18.95867,19.50235,32125.21
2021-04-02,19.50235,20.40281,19.1766,20.32548,42147.44
2021-04-03,20.32548,22.52901,19.99,20.07309,113186.02
2021-04-04,20.07309,21.91105,19.7255,21.54805,47441.39
2021-04-05,21.54805,22.2491,20.0,21.41442,53218.87
2021-04-06,21.41442,23.16403,21.09064,21.65645,98618.69
2021-04-07,21.65645,22.07521,18.67623,19.55648,75949.29
2021-04-08,19.55648,20.61176,19.49126,20.51994,21476.0
2021-04-09,20.51994,21.50143,20.51071,21.39069,40219.22
2021-04-10,21.39069,22.61839,20.538,21.02411,73128.85
2021-04-11,21.02411,23.48035,20.74749,23.43369,42262.5
2021-04-12,23.43369,23.75159,21.22601,22.02808,65104.33
2021-04-13,22.02808,24.83411,21.39154,23.84033,66824.96
2021-04-14,23.84033,27.16509,22.83171,27.16509,101099.75
2021-04-15,27.16509,28.47009,25.99911,27.82438,40288.81
2021-04-16,27.82438,28.11693,23.80013,25.48914,38398.39
2021-04-17,25.48914,27.48106,24.3322,24.38262,38232.87
2021-04-18,24.38262,24.74322,15.94205,21.39479,98913.06
2021-04-19,21.39479,22.21838,18.92119,19.21153,35451.96
2021-04-20,19.21153,21.54136,17.67416,21.24621,48183.48
2021-04-21,21.24621,21.46057,19.39824,19.57562,41884.72
2021-04-22,19.57562,21.50485,18.57652,18.79644,60948.63
2021-04-23,18.79644,20.48924,16.63498,20.48924,97989.58
2021-04-24,20.48924,20.5,18.36423,18.45829,12555.07
2021-04-25,18.45829,19.6136,17.7,18.67794,13212.59
2021-04-26,18.67794,22.75439,18.49251,22.0617,23891.38
2021-04-27,22.0617,23.41134,21.75474,23.00778,15988.11
2021-04-28,23.00778,24.1048,21.82748,22.94588,16146.28
2021-04-29,22.94588,22.97028,21.18951,22.19638,12765.92
2021-04-30,22.19638,23.43977,21.72147,22.73129,10606.06
2021-05-01,22.73129,24.43636,22.46309,23.80008,24342.9
2021-05-02,23.80008,23.90714,22.31369,23.10418,16162.59
2021-05-03,23.10418,23.75693,22.45591,22.95515,7214.97
2021-05-04,22.95515,23.28535,20.92307,20.96346,22608.33
2021-05-05,20.96346,24.84947,20.65121,24.80607,15226.59
2021-05-06,24.80607,27.01879,24.16787,25.54381,27497.85
2021-05-07,25.54381,32.2224,25.0,28.66357,74097.78
2021-05-08,28.66357,31.13148,26.90956,29.39912,70835.27
2021-05-09,29.39912,29.94317,26.44973,28.73109,35356.17
2021-05-10,28.73109,29.8659,23.8242,25.36711,33208.67
2021-05-11,25.36711,27.01675,23.91523,26.90174,56685.5
2021-05-12,26.90174,27.76722,22.49149,22.7667,28472.25
2021-05-13,22.7667,25.28046,21.92919,23.49524,25110.89
2021-05-14,23.49524,25.83452,23.43405,25.82049,14488.17
2021-05-15,25.82049,28.69972,24.48272,24.48765,29198.79
2021-05-16,24.48765,26.61497,22.76927,24.2936,19711.63
2021-05-17,24.2936,24.2936,20.68545,21.06838,20908.16
2021-05-18,21.06838,23.3951,20.82852,22.87223,15268.86
2021-05-19,22.87223,23.48313,9.63,13.76527,79789.08
2021-05-20,13.76527,17.31427,12.17435,16.90059,69969.96
2021-05-21,16.90059,17.54356,11.38709,13.57515,86229.84
2021-05-22,13.57515,13.68026,11.47089,12.23537,55215.7
2021-05-23,12.23537,13.07981,8.54419,11.68321,54835.84
2021-05-24,11.68321,14.47631,11.12979,14.47631,42408.15
2021-05-25,14.47631,14.93788,12.39248,13.91677,30079.55
2021-05-26,13.91677,15.62664,13.62733,15.23292,21796.94
2021-05-27,15.23292,15.28389,13.59686,14.47926,25297.87
2021-05-28,14.47926,14.60023,12.01904,12.70052,34802.17
2021-05-29,12.70052,14.38032,11.39517,12.03577,34697.87
2021-05-30,12.03577,13.10518,11.28015,12.56962,19647.59
2021-05-31,12.56962,13.97936,11.88589,13.97936,16419.75
2021-06-01,13.97936,14.5129,13.38097,13.74382,15286.94
2021-06-02,13.74382,15.30762,13.59238,14.85712,13134.06
2021-06-03,14.85712,17.18774,14.66647,16.6499,24014.7
2021-06-04,16.6499,17.09074,14.03353,15.06435,22603.25
2021-06-05,15.06435,16.31556,14.24764,14.86678,18027.36
2021-06-06,14.86678,15.39714,14.49021,15.08549,8022.69
2021-06-07,15.08549,15.76497,13.32509,13.43694,12057.21
2021-06-08,13.43694,13.78274,12.04246,13.57912,14729.66
2021-06-09,13.57912,13.98753,12.60935,13.92961,13263.32
2021-06-10,13.92961,14.04939,12.57454,12.80233,15972.1
2021-06-11,12.80233,12.93236,11.58,11.93379,10385.64
2021-06-12,11.93379,12.0368,10.93655,11.59035,12943.14
2021-06-13,11.59035,12.51448,11.32479,12.51448,7637.38
2021-06-14,12.51448,13.37515,12.2478,13.23801,10715.22
2021-06-15,13.23801,13.56413,12.66163,12.96376,7383.27
2021-06-16,12.96376,13.45289,12.346,13.40343,9960.41
2021-06-17,13.40343,14.61149,13.30661,13.60342,27271.6
2021-06-18,13.60342,13.61223,11.95616,12.40989,20021.4
2021-06-19,12.40989,12.70326,11.82202,11.88752,14975.94
2021-06-20,11.88752,12.3933,11.05638,11.98679,13403.23
2021-06-21,11.98679,12.09707,9.49328,9.52863,38524.81
2021-06-22,9.52863,10.55544,7.84888,8.96329,38388.6
2021-06-23,8.96329,10.47087,8.59067,9.59464,25053.96
2021-06-24,9.59464,10.68786,9.01914,10.35997,22682.91
2021-06-25,10.35997,10.68912,8.87373,9.11543,19537.69
2021-06-26,9.11543,9.57742,8.66374,9.57742,16141.42
2021-06-27,9.57742,10.07204,9.42842,10.07204,15784.59
2021-06-28,10.07204,10.87287,9.92982,10.87287,10577.48
2021-06-29,10.87287,12.84327,10.83721,11.59482,24331.63
2021-06-30,11.59482,12.01938,11.03576,12.01938,22942.91
2021-07-01,12.01938,12.05136,10.73008,11.05667,18572.48
2021-07-02,11.05667,11.7942,10.4,11.7942,14463.21
2021-07-03,11.7942,12.1949,11.52779,11.7999,17040.12
2021-07-04,11.7999,12.43881,11.52714,12.30694,9085.41
2021-07-05,12.30694,13.9253,11.95652,13.56575,20436.36
2021-07-06,13.56575,14.00997,12.86014,13.1297,10417.67
2021-07-07,13.1297,13.52189,12.84984,12.97658,8018.16
2021-07-08,12.97658,12.98339,11.70019,11.93182,10464.58
2021-07-09,11.93182,13.65422,11.47196,13.14046,17597.7
2021-07-10,13.14046,14.46898,13.00492,14.38569,12607.97
2021-07-11,14.38569,14.80663,13.9038,14.03476,12001.96
2021-07-12,14.03476,14.09184,12.79919,13.01458,9357.97
2021-07-13,13.01458,13.71856,11.83553,12.12091,16568.05
2021-07-14,12.12091,12.19838,11.05508,11.71968,15460.32
2021-07-15,11.71968,12.03945,10.68527,11.44793,10898.0
2021-07-16,11.44793,13.14192,10.98807,11.16264,22085.65
2021-07-17,11.16264,11.47218,10.74867,10.99739,16216.3
2021-07-18,10.99739,11.58885,10.78636,10.98094,12302.62
2021-07-19,10.98094,11.04117,9.90703,9.97131,18843.92
2021-07-20,9.97131,10.17029,8.98912,9.46394,27072.14
2021-07-21,9.46394,10.6939,9.15899,10.42526,24904.66
2021-07-22,10.42526,11.59436,10.1957,11.36403,25692.65
2021-07-23,11.36403,11.52627,10.7111,11.44491,20220.0
2021-07-24,11.44491,11.75552,11.0844,11.43533,14976.58
2021-07-25,11.43533,11.60202,10.99744,11.43873,11179.91
2021-07-26,11.43873,12.42664,11.3461,11.38876,25993.06
2021-07-27,11.38876,11.78619,11.04241,11.71223,14729.64
2021-07-28,11.71223,11.94978,11.40095,11.56988,11541.2
2021-07-29,11.56988,11.86178,11.33681,11.78015,9473.22
2021-07-30,11.78015,12.16053,11.44302,12.13399,12341.83
2021-07-31,12.13399,12.91191,11.88491,12.57754,15423.76
2021-08-01,12.57754,13.4508,12.16335,12.34786,22563.21
2021-08-02,12.34786,12.74321,12.15349,12.46968,8388.41
2021-08-03,12.46968,12.62783,11.79413,12.10609,10693.99
2021-08-04,12.10609,12.88582,11.97319,12.80014,11010.12
2021-08-05,12.80014,13.22675,12.43115,13.03339,11349.49
2021-08-06,13.03339,14.01019,12.74492,13.57447,12295.15
2021-08-07,13.57447,14.32891,13.45714,14.01506,20538.77
2021-08-08,14.01506,14.23097,13.0245,13.12666,13766.72
2021-08-09,13.12666,14.04463,12.67581,13.66206,14020.23
2021-08-10,13.66206,14.38775,13.47136,14.09601,26674.44
2021-08-11,14.09601,15.42599,14.09346,14.58582,43570.62
2021-08-12,14.58582,15.17876,13.55218,14.06456,44813.57
2021-08-13,14.06456,15.31944,13.86148,15.21285,31057.84
2021-08-14,15.21285,15.7568,14.70978,15.54721,37881.37
2021-08-15,15.54721,15.94041,14.88042,15.8965,30838.89
2021-08-16,15.8965,16.6685,15.50383,15.81854,45468.85
2021-08-17,15.81854,17.46112,15.08882,16.00121,86283.78
2021-08-18,16.00121,18.55326,15.00745,17.96894,187312.38
2021-08-19,17.96894,20.40429,17.79849,18.70075,529539.31
2021-08-20,18.70075,19.98827,18.38543,18.91537,306695.11
2021-08-21,18.91537,23.84613,18.54362,22.07089,450989.87
2021-08-22,22.07089,24.68405,21.03184,21.81602,320603.64
2021-08-23,21.81602,23.08468,21.30002,21.83629,536357.6
2021-08-24,21.83629,21.98961,19.24695,19.63785,751107.87
2021-08-25,19.63785,20.83732,18.65362,20.00265,703599.47
2021-08-26,20.00265,20.31525,17.79514,17.95273,775822.03
2021-08-27,17.95273,20.52259,17.30623,20.46737,880552.54
2021-08-28,20.46737,21.40599,19.53955,21.31668,671634.96
2021-08-29,21.31668,22.40312,20.35505,21.20015,988670.12
2021-08-30,21.20015,23.88028,19.51424,22.21,677729.02
2021-08-31,22.21,26.23467,21.61663,22.82755,863651.94
2021-09-01,22.82755,25.98631,22.12889,25.41945,132201.93
2021-09-02,25.41945,25.7377,23.60156,24.15698,20696.09
2021-09-03,24.15698,24.93342,23.18734,24.11937,33240.38
2021-09-04,24.11937,25.42695,23.77111,24.42874,30307.29
2021-09-05,24.42874,26.18138,23.83513,25.74401,23623.95
2021-09-06,25.74401,27.05133,23.86049,25.11199,33415.73
2021-09-07,25.11199,27.4194,17.53509,20.99209,77914.43
2021-09-08,20.99209,21.84907,18.47915,20.58287,50211.4
2021-09-09,20.58287,28.4,20.48424,26.86683,105195.51
2021-09-10,26.86683,30.3711,24.65838,29.3336,114707.25
2021-09-11,29.3336,30.86744,26.74941,27.22882,59050.51
2021-09-12,27.22882,35.2,26.03025,35.01991,74166.5
2021-09-13,35.01991,38.90588,30.35674,35.83606,175131.03
2021-09-14,35.83606,37.83832,32.86218,34.07199,70525.93
2021-09-15,34.07199,35.28513,32.73688,34.08463,36265.44
2021-09-16,34.08463,37.17061,31.26175,37.17061,60677.33
2021-09-17,37.17061,38.0,32.53796,33.42916,55299.09
2021-09-18,33.42916,41.4,32.73473,40.64376,61245.31
2021-09-19,40.64376,44.52268,37.82934,44.27078,55271.88
2021-09-20,44.27078,44.698,33.43496,33.82626,96940.51
2021-09-21,33.82626,37.15124,28.90899,30.35708,75592.4
2021-09-22,30.35708,39.95,29.38962,39.83123,67491.98
2021-09-23,39.83123,43.31109,38.81422,41.47876,78866.94
2021-09-24,41.47876,44.28883,36.26673,42.71396,97273.94
2021-09-25,42.71396,42.96923,38.88,39.46009,51070.36
2021-09-26,39.46009,41.67498,35.48158,39.78508,59855.53
2021-09-27,39.78508,40.71024,36.67709,37.23975,34186.0
2021-09-28,37.23975,37.84348,33.40236,33.61839,28156.22
2021-09-29,33.61839,36.60898,32.77022,33.90679,26019.35
2021-09-30,33.90679,36.24764,33.45137,36.22978,25224.9
2021-10-01,36.22978,38.5139,34.79478,37.86391,27750.84
2021-10-02,37.86391,41.56002,37.16695,38.6648,24445.92
2021-10-03,38.6648,40.72209,37.82393,38.78808,21500.24
2021-10-04,38.78808,38.78808,36.1112,36.80755,22827.23
2021-10-05,36.80755,38.27999,35.45456,36.76286,22597.53
2021-10-06,36.76286,36.82117,33.02364,35.20369,34875.25
2021-10-07,35.20369,37.90868,33.81074,36.67427,37960.9
2021-10-08,36.67427,36.8651,34.8335,34.9404,20911.58
2021-10-09,34.9404,36.09995,34.68657,35.12813,11206.83
2021-10-10,35.12813,35.13641,32.18888,32.42854,14077.54
2021-10-11,32.42854,34.36487,31.03123,32.04602,23396.66
2021-10-12,32.04602,34.3488,29.95742,33.44647,39725.65
2021-10-13,33.44647,34.86306,31.68969,34.56574,26528.56
2021-10-14,34.56574,35.75746,33.50605,33.79783,19577.03
2021-10-15,33.79783,34.11499,32.25561,32.98818,17248.66
2021-10-16,32.98818,34.60816,32.93733,33.14727,12486.5
2021-10-17,33.14727,34.24401,31.18036,32.40055,11346.14
2021-10-18,32.40055,32.66353,31.12139,31.8543,10803.03
2021-10-19,31.8543,35.34618,31.49306,34.99137,23015.84
2021-10-20,34.99137,36.85968,33.55548,35.90709,16293.11
2021-10-21,35.90709,36.79036,33.92083,34.33878,21553.7
2021-10-22,34.33878,36.11804,33.64807,34.04243,18952.64
2021-10-23,34.04243,37.16545,33.80961,35.70219,18403.67
2021-10-24,35.70219,35.98699,33.51381,34.30091,10496.31
2021-10-25,34.30091,35.53657,34.17655,35.30199,19775.41
2021-10-26,35.30199,43.17477,35.0,42.82902,93977.34
2021-10-27,42.82902,43.20853,35.11892,36.68424,166543.08
2021-10-28,36.68424,40.5765,36.15174,38.07629,122234.12
2021-10-29,38.07629,41.01742,38.02977,39.45615,34205.21
2021-10-30,39.45615,39.53819,36.21838,37.24244,14759.98
2021-10-31,37.24244,37.71875,35.25902,37.20706,28945.75
2021-11-01,37.20706,38.1472,34.77163,37.3053,37184.16
2021-11-02,37.3053,38.34825,36.32403,37.03693,26794.17
2021-11-03,37.03693,38.61002,35.57635,38.46585,122286.06
2021-11-04,38.46585,39.18291,36.1861,37.52772,30047.45
2021-11-05,37.52772,38.93181,36.38762,36.81697,22114.75
2021-11-06,36.81697,37.0359,34.27381,36.2184,18514.63
2021-11-07,36.2184,36.45837,35.49695,35.65211,9305.68
2021-11-08,35.65211,36.93703,35.01232,36.64729,17038.38
2021-11-09,36.64729,37.93713,35.54115,35.79781,25347.54
2021-11-10,35.79781,37.25382,28.15815,32.11109,76260.79
2021-11-11,32.11109,33.98477,31.69147,32.99799,32250.16
2021-11-12,32.99799,32.99799,30.61277,32.06124,27431.61
2021-11-13,32.06124,33.15773,31.92639,32.52565,12671.07
2021-11-14,32.52565,33.23684,31.13097,31.90513,17053.39
2021-11-15,31.90513,33.70046,31.30131,31.43696,20194.95
2021-11-16,31.43696,31.44196,27.46132,28.35557,48522.27
2021-11-17,28.35557,29.62596,26.92127,29.40172,38553.22
2021-11-18,29.40172,29.78235,25.33598,26.64553,46499.22
2021-11-19,26.64553,28.5155,26.03616,28.12106,28168.56
2021-11-20,28.12106,29.81872,27.84806,29.39145,19022.2
2021-11-21,29.39145,31.97134,28.34746,30.92051,25326.32
2021-11-22,30.92051,33.74513,28.98305,32.12515,56324.85
2021-11-23,32.12515,33.20659,30.68736,32.1361,36811.24
2021-11-24,32.1361,32.1361,29.20849,29.6506,26444.29
2021-11-25,29.6506,30.87074,29.30802,29.73431,18567.93
2021-11-26,29.73431,30.26876,25.19308,26.94357,47359.0
2021-11-27,26.94357,28.00674,26.48087,26.75739,19275.08
2021-11-28,26.75739,27.58258,24.71977,27.41469,32213.15
2021-11-29,27.41469,28.40773,26.7323,28.11869,20561.47
2021-11-30,28.11869,29.31362,26.98555,27.47524,37235.17
2021-12-01,27.47524,28.23839,26.27383,26.6746,30777.48
2021-12-02,26.6746,28.61343,25.65823,28.38585,26653.61
2021-12-03,28.38585,33.57628,27.717,32.7953,97637.35
2021-12-04,32.7953,32.89781,21.02765,28.13842,153840.02
2021-12-05,28.13842,29.24492,23.64316,24.59851,65355.75
2021-12-06,24.59851,24.76717,22.04172,24.40389,68598.0
2021-12-07,24.40389,25.41337,23.81282,24.27344,36937.77
2021-12-08,24.27344,25.97632,22.86779,25.22303,39354.54
2021-12-09,25.22303,25.5799,22.44719,22.46039,33121.47
2021-12-10,22.46039,23.84392,21.86942,22.5353,39762.47
2021-12-11,22.5353,24.73668,22.03903,24.3856,39620.78
2021-12-12,24.3856,25.18363,23.52177,24.54368,23145.58
2021-12-13,24.54368,24.92189,21.08961,21.75135,40056.75
2021-12-14,21.75135,22.11882,20.99536,21.78231,30612.12
2021-12-15,21.78231,22.83138,20.23003,22.29775,39500.29
2021-12-16,22.29775,23.4614,21.67889,21.74092,17065.95
2021-12-17,21.74092,22.04203,20.41143,21.2007,28794.77
2021-12-18,21.2007,23.21964,20.92951,23.18324,14700.2
2021-12-19,23.18324,23.6993,22.06662,22.16108,16043.61
2021-12-20,22.16108,22.42015,20.73503,21.50954,12597.95
2021-12-21,21.50954,23.67394,21.49566,23.61927,10281.35
2021-12-22,23.61927,28.41786,23.37449,27.34411,26488.19
2021-12-23,27.34411,28.83738,26.41528,28.33777,18305.74
2021-12-24,28.33777,29.7213,25.83,26.86572,19834.85
2021-12-25,26.86572,29.65683,26.67623,29.65368,12952.3
2021-12-26,29.65368,32.23462,28.59888,32.12794,30538.38
2021-12-27,32.12794,32.64745,29.59835,29.6608,16185.11
2021-12-28,29.6608,29.68181,26.15914,26.58164,24774.21
2021-12-29,26.58164,29.0,25.15701,27.92798,26444.43
2021-12-30,27.92798,30.50342,26.48087,30.16952,25984.65
2021-12-31,30.16952,33.25543,30.13893,32.44575,28949.96
2022-01-01,32.44575,36.99194,32.39958,36.2977,28996.8
2022-01-02,36.2977,36.83044,34.24557,35.56229,29330.98
2022-01-03,35.56229,39.7923,34.26765,39.18387,59825.67
2022-01-04,39.18387,43.92803,37.51764,42.04133,63578.28
2022-01-05,42.04133,43.19074,34.68048,38.59508,54220.31
2022-01-06,38.59508,41.40287,35.45,40.08115,46679.2
2022-01-07,40.08115,44.84875,37.78374,38.55478,72502.4
2022-01-08,38.55478,40.32073,34.08462,35.82576,36215.08
2022-01-09,35.82576,37.83834,34.27028,34.95909,12665.1
2022-01-10,34.95909,38.12129,32.879,37.90974,41948.27
2022-01-11,37.90974,39.8395,36.18462,38.65616,24196.61
2022-01-12,38.65616,42.29218,38.65616,40.19159,21602.59
2022-01-13,40.19159,41.23396,38.06585,38.44697,35151.75
2022-01-14,38.44498,40.79098,36.74144,40.47257,25340.28
2022-01-15,40.47257,40.88612,39.13813,39.13813,22655.78
2022-01-16,39.13813,43.79145,38.89145,43.63659,19807.59
2022-01-17,43.63659,44.49916,37.97927,39.14695,26095.81
2022-01-18,39.14695,40.03684,36.28618,38.2883,25327.23
2022-01-19,38.2883,38.79271,35.37844,37.03685,20318.14
2022-01-20,37.03685,42.07412,36.97143,39.11019,30442.83
2022-01-21,39.11019,41.06693,32.15488,34.60477,63041.48
2022-01-22,34.60477,35.03628,27.32344,29.28799,73679.08
2022-01-23,29.28799,34.67762,29.13932,34.65199,58946.8
2022-01-24,34.65199,37.01516,29.87895,36.01415,70940.95
2022-01-25,36.01415,37.14497,34.796,35.84005,39244.33
2022-01-26,35.84005,36.20941,31.28756,32.32915,38935.27
2022-01-27,32.32915,32.90719,28.60431,30.05842,33917.62
2022-01-28,30.05842,30.32327,27.70734,29.48439,27304.06
2022-01-29,29.48439,30.20338,28.34692,29.07075,17273.07
2022-01-30,29.07075,29.17262,26.41115,27.17794,15974.12
2022-01-31,27.17794,28.92359,25.52495,28.05927,25907.72
2022-02-01,28.05927,29.81697,27.79824,28.85919,22148.83
2022-02-02,28.85919,28.97812,26.13374,26.30906,16605.78
2022-02-03,26.30906,29.72126,25.60413,29.62068,28121.51
2022-02-04,29.62068,31.37404,28.57592,31.08306,22050.25
2022-02-05,31.08306,32.25734,29.9738,30.73686,17677.56
2022-02-06,30.73686,31.9368,30.12653,31.2748,17468.1
2022-02-07,31.2748,33.08925,30.51054,31.62629,26980.21
2022-02-08,31.62629,32.5578,29.76976,30.40038,23258.06
2022-02-09,30.40038,31.4478,29.60633,30.91997,29371.1
2022-02-10,30.91997,31.27399,28.73343,29.09325,16605.3
2022-02-11,29.09325,29.33156,26.21533,26.58246,18527.33
2022-02-12,26.58246,28.32572,26.01649,27.02811,26909.92
2022-02-13,27.02811,27.59156,25.91473,26.19114,11623.26
2022-02-14,26.19114,27.41707,25.39538,27.15423,15778.26
2022-02-15,27.15423,29.18976,27.1541,28.95407,22647.81
2022-02-16,28.95407,29.21459,27.62251,28.45611,24693.5
2022-02-17,28.45611,30.8239,27.50205,28.0601,46222.4
2022-02-18,28.0601,29.03458,26.75204,26.87729,44388.5
2022-02-19,26.87729,27.40785,26.08922,26.66523,13882.35
2022-02-20,26.66523,26.82552,25.44306,26.08056,55510.72
2022-02-21,26.08056,27.27367,23.64617,23.78401,101691.29
2022-02-22,23.78401,24.95372,23.0,24.83973,93322.3
2022-02-23,24.83973,26.89835,24.60971,25.13065,90162.39
2022-02-24,25.13065,25.5107,21.59698,24.89179,173674.11
2022-02-25,24.89179,27.41233,24.28298,27.25425,50163.02
2022-02-26,27.25425,30.32374,27.18562,29.82707,46921.82
2022-02-27,29.82707,29.95002,26.33,26.72981,42130.94
2022-02-28,26.72981,31.72742,26.40029,31.38758,52342.55
2022-03-01,31.38758,32.99451,30.23505,31.10606,53195.02
2022-03-02,31.10606,32.77271,29.87727,32.22351,54111.52
2022-03-03,32.22351,34.40003,31.1903,34.05525,62351.66
2022-03-04,34.05525,34.64176,30.30765,30.45441,60810.97
2022-03-05,30.45441,31.64526,29.55118,30.89882,38465.73
2022-03-06,30.89882,30.90894,27.9425,28.10425,30924.9
2022-03-07,28.10425,29.51081,27.16394,28.34398,50071.25
2022-03-08,28.34398,29.25833,27.35779,27.87365,41782.21
2022-03-09,27.87365,31.28591,27.79566,30.04282,43029.25
2022-03-10,30.04282,30.49999,27.4373,28.02747,82029.38
2022-03-11,28.02747,28.48529,26.92435,27.51437,466477.02
2022-03-12,27.51437,28.2591,27.17444,27.19442,158463.81
2022-03-13,27.19442,27.51429,26.00215,26.25058,398037.01
2022-03-14,26.25058,27.17561,25.78616,26.84981,346286.13
2022-03-15,26.84981,27.72664,26.17634,26.89285,375224.68
2022-03-16,26.89285,29.04539,26.54562,28.96912,410614.83
2022-03-17,28.96912,29.0051,28.09967,28.15572,111140.48
2022-03-18,28.15572,28.75,27.21272,28.63385,216738.63
2022-03-19,28.63385,29.40406,28.35539,28.63647,173751.17
2022-03-20,28.63647,28.82248,27.51245,27.82403,202050.97
2022-03-21,27.82403,28.38216,27.58074,27.95709,231887.14
2022-03-22,27.95709,28.96398,27.65478,28.02998,126862.99
2022-03-23,28.02998,28.36164,27.24057,28.22341,323286.89
2022-03-24,28.22341,29.42622,27.97557,29.25827,542168.7
2022-03-25,29.25827,29.98687,27.70245,28.11607,597780.7
2022-03-26,28.11607,28.94771,28.00885,28.79659,219808.66
2022-03-27,28.79659,29.95063,28.10728,29.95063,206919.86
2022-03-28,29.95063,31.48204,29.07619,29.37223,640204.67
2022-03-29,29.37223,31.67142,29.32601,30.20201,598185.61
2022-03-30,30.20201,31.29896,29.28611,29.99478,311587.1
2022-03-31,29.99478,31.29999,28.43909,28.87177,377747.53
2022-04-01,28.87177,29.65397,27.72654,29.38876,185014.5
2022-04-02,29.38876,32.77055,29.24929,31.2874,339194.39
2022-04-03,31.2874,33.259,30.54559,31.93534,326033.21
2022-04-04,31.93534,32.52836,30.08322,30.86654,204812.9
2022-04-05,30.86654,31.19694,29.18437,29.26971,162162.43
2022-04-06,29.26971,29.41209,26.73057,26.89752,375097.34
2022-04-07,26.89752,27.88914,26.30148,27.69288,197551.8
2022-04-08,27.69288,28.93076,26.64118,26.86378,283008.11
2022-04-09,26.86378,27.41301,26.63096,27.26298,116854.54
2022-04-10,27.26298,27.40368,26.41705,26.49503,99077.09
2022-04-11,26.49503,26.57957,23.32951,23.83303,331412.67
2022-04-12,23.83303,25.48741,23.68873,24.61553,232386.27
2022-04-13,24.61553,25.20683,24.11937,24.67207,112034.75
2022-04-14,24.67207,25.14039,23.76232,23.95176,120321.01
2022-04-15,23.95176,24.38304,23.79161,24.10257,94933.3
2022-04-16,24.10257,24.41891,23.8688,24.17489,31541.21
2022-04-17,24.17489,24.46436,23.11015,23.23064,62615.62
2022-04-18,23.23064,24.12324,22.45534,24.04721,182605.84
2022-04-19,24.04721,24.72144,23.74981,24.65565,94725.23
2022-04-20,24.65565,25.07865,23.99284,24.2819,92166.61
2022-04-21,24.2819,24.93453,22.92865,23.29748,119421.72
2022-04-22,23.29748,23.85246,22.90513,23.08343,110517.88
2022-04-23,23.08343,23.48126,22.76041,23.2029,46104.55
2022-04-24,23.2029,23.29331,22.27787,22.30037,53850.92
2022-04-25,22.30037,22.35137,20.80957,22.11164,149709.41
2022-04-26,22.11164,22.27873,20.0,20.29778,152843.74
2022-04-27,20.29778,21.86304,20.14833,21.42495,219148.8
2022-04-28,21.42495,21.46792,20.43702,20.74889,173506.32
2022-04-29,20.74889,20.8774,19.23031,19.42885,197624.6
2022-04-30,19.42885,19.55545,17.27347,17.85801,258526.56
2022-05-01,17.85801,18.67007,17.57206,17.98918,271637.52
2022-05-02,17.98918,18.34491,17.23748,17.78558,246427.05
2022-05-03,17.78558,18.97657,17.45679,17.55158,215753.46
2022-05-04,17.55158,20.02717,17.4722,19.90393,289150.55
2022-05-05,19.90393,20.31356,17.24092,17.84339,465463.09
2022-05-06,17.84339,18.00158,17.1235,17.64835,469764.59
2022-05-07,17.64835,17.69535,16.04233,16.42213,278094.12
2022-05-08,16.42213,16.53056,15.56038,15.71626,305619.26
2022-05-09,15.71626,15.98029,12.3751,12.49038,1225526.38
2022-05-10,12.49038,15.30395,11.98332,13.57121,2370595.91
2022-05-11,13.57121,13.98503,9.23573,10.78374,4596200.49
2022-05-12,10.78374,11.54955,8.55233,9.65296,8867803.0
2022-05-13,9.65296,11.63813,9.01535,10.30357,1859438.78
2022-05-14,10.30357,11.06701,9.56223,10.80897,534895.57
2022-05-15,10.80897,12.45728,10.34056,12.34967,366125.55
2022-05-16,12.34967,12.46351,10.94203,11.05068,751505.74
2022-05-17,11.05068,11.91329,10.76866,11.46621,346034.47
2022-05-18,11.46621,11.76591,10.0188,10.11823,565550.32
2022-05-19,10.11823,10.96466,9.82469,10.82315,540573.78
2022-05-20,10.82315,12.21035,10.77025,11.18701,812776.48
2022-05-21,11.18701,11.50099,10.78554,11.05472,354822.73
2022-05-22,11.05472,11.59064,10.92811,11.39987,298754.28
2022-05-23,11.39987,12.33043,10.9684,11.14208,466190.99
2022-05-24,11.14208,11.37904,10.44009,11.08655,380686.69
2022-05-25,11.08655,11.38045,10.62047,10.73804,334856.12
2022-05-26,10.73804,10.90222,9.19775,9.6118,586360.07
2022-05-27,9.6118,9.90118,9.05056,9.26266,743421.27
2022-05-28,9.26266,9.67881,9.16749,9.41966,368354.51
2022-05-29,9.41966,9.66774,9.15927,9.59012,232482.98
2022-05-30,9.59012,10.59529,9.50783,10.50282,319021.8
2022-05-31,10.50282,10.84187,10.06043,10.32107,399840.88
2022-06-01,10.32107,10.49679,9.14018,9.34412,373124.67
2022-06-02,9.34412,9.7026,9.19235,9.63984,253509.17
2022-06-03,9.63984,9.69603,8.91823,9.18285,238399.3
2022-06-04,9.18285,9.27886,8.9,9.24957,150096.17
2022-06-05,9.24957,9.38645,9.04066,9.17675,137991.99
2022-06-06,9.17675,9.75594,9.16,9.46241,190928.15
2022-06-07,9.46241,9.47834,8.56732,9.20082,418228.8
2022-06-08,9.20082,9.4297,8.68525,8.76106,316333.19
2022-06-09,8.76106,9.19116,8.64233,8.78734,274361.2
2022-06-10,8.78734,8.99823,8.02345,8.10103,424366.0
2022-06-11,8.10103,8.3475,7.36115,7.54745,434570.24
2022-06-12,7.54745,7.74021,6.92375,7.07908,708780.53
2022-06-13,7.07908,7.19739,5.88396,6.51745,1391404.77
2022-06-14,6.51745,6.7998,5.93975,6.36195,1172373.41
2022-06-15,6.36195,7.34255,5.92919,7.34255,1459237.97
2022-06-16,7.34255,7.51498,6.18161,6.34149,1054357.49
2022-06-17,6.34149,6.60681,6.25265,6.38145,893111.83
2022-06-18,6.38145,6.51121,5.56641,6.07809,1128984.51
2022-06-19,6.07809,6.8707,5.85616,6.77221,914952.4
2022-06-20,6.77221,6.9714,6.48308,6.81146,698866.1
2022-06-21,6.81146,7.18122,6.66516,6.93215,636580.08
2022-06-22,6.93215,7.6143,6.5787,7.05313,826553.11
2022-06-23,7.05313,8.1935,7.05313,8.12969,632078.99
2022-06-24,8.12969,8.58285,7.95455,8.25087,480071.05
2022-06-25,8.25087,8.70293,7.98508,8.66871,392403.0
2022-06-26,8.66871,8.73942,8.01704,8.05738,373633.28
2022-06-27,8.05738,8.59979,7.74311,7.78061,398461.47
2022-06-28,7.78061,8.02064,7.25793,7.33868,408038.95
2022-06-29,7.33868,7.5056,7.03139,7.39215,411686.88
2022-06-30,7.39215,7.62669,6.88281,7.57148,695879.16
2022-07-01,7.57148,8.36595,7.1874,8.09271,647627.29
2022-07-02,8.09271,8.34099,7.93874,8.05995,331169.2
2022-07-03,8.05995,8.3,7.77514,8.08817,285484.35
2022-07-04,8.08817,8.92234,7.86655,8.74827,292076.53
2022-07-05,8.74827,9.32071,8.34673,8.92817,491948.26
2022-07-06,8.92817,9.46061,8.77236,8.8942,537174.03
2022-07-07,8.8942,9.569,8.70046,9.35913,245331.59
2022-07-08,9.35913,9.70215,8.89582,8.97253,217219.81
2022-07-09,8.97253,9.36639,8.95913,8.98911,138292.43
2022-07-10,8.98911,9.00162,8.5192,8.78196,181970.61
2022-07-11,8.78196,9.10328,8.17308,8.17902,366937.91
2022-07-12,8.17902,8.42071,7.72128,7.81414,345315.42
2022-07-13,7.81414,8.25388,7.42007,8.21776,396547.67
2022-07-14,8.21776,9.06456,8.08935,8.98841,360046.36
2022-07-15,8.98841,9.49635,8.87677,9.05812,295427.24
2022-07-16,9.05812,9.40436,8.7974,9.23896,205647.09
2022-07-17,9.23896,9.36466,8.86692,8.91691,211493.1
2022-07-18,8.91691,9.8655,8.87083,9.5806,365932.89
2022-07-19,9.5806,10.77502,9.23221,10.5237,749591.78
2022-07-20,10.5237,10.6342,9.59182,9.68319,456523.12
2022-07-21,9.68319,11.26629,9.61388,11.05292,749058.72
2022-07-22,11.05292,11.3909,10.31634,10.63189,450547.48
2022-07-23,10.63189,11.21526,9.75013,10.13458,375255.4
2022-07-24,10.13458,10.30817,9.89512,9.97577,242818.56
2022-07-25,9.97577,10.0086,8.9616,8.96292,315659.28
2022-07-26,8.96292,9.70065,8.58877,9.22141,608380.05
2022-07-27,9.22141,10.31338,9.01986,10.30999,531647.79
2022-07-28,10.30999,11.15639,10.07762,10.87583,517485.77
2022-07-29,10.87583,11.47704,10.35466,11.16836,376653.64
2022-07-30,11.16836,11.36885,10.51793,10.69766,255491.12
2022-07-31,10.69766,11.06367,10.28832,10.35134,204051.68
2022-08-01,10.35134,10.78838,10.05301,10.39621,209696.56
2022-08-02,10.39621,10.46535,9.7672,9.90879,260696.22
2022-08-03,9.90879,10.53744,9.64053,10.15445,119186.78
2022-08-04,10.15445,10.61848,10.12151,10.35478,217156.56
2022-08-05,10.35478,10.98976,10.30343,10.96106,159697.53
2022-08-06,10.96106,10.9999,10.56906,10.62893,76956.53
2022-08-07,10.62893,11.6033,10.4617,11.35894,190984.6
2022-08-08,11.35894,12.16335,11.21443,11.81282,193216.05
2022-08-09,11.81282,12.24432,11.08027,11.38348,240158.47
2022-08-10,11.38348,12.04073,10.54969,11.97269,305159.36
2022-08-11,11.97269,12.31312,11.67556,11.75169,184355.16
2022-08-12,11.75169,12.08365,11.42901,12.04874,131579.48
2022-08-13,12.04874,12.39996,11.84462,11.90002,104508.97
2022-08-14,11.90002,12.18106,11.44261,11.58252,115105.02
2022-08-15,11.58252,11.94678,11.17528,11.39872,139422.34
2022-08-16,11.39872,11.6633,11.17581,11.377,203078.84
2022-08-17,11.377,11.92371,11.1839,11.74249,337970.16
2022-08-18,11.74249,12.30504,11.4196,11.44536,389251.6
2022-08-19,11.44536,11.44536,10.1508,10.74633,584359.05
2022-08-20,10.74633,10.97245,9.9722,10.22662,322180.1
2022-08-21,10.22662,10.78533,10.21632,10.6438,169261.97
2022-08-22,10.6438,11.12512,10.04616,11.09104,308625.7
2022-08-23,11.09104,12.34225,10.9697,12.12964,570717.56
2022-08-24,12.12964,13.42446,11.59595,13.01232,871877.68
2022-08-25,13.01232,13.34507,12.56849,12.85502,528878.05
2022-08-26,12.85502,13.11745,11.35148,11.55349,673026.02
2022-08-27,11.55349,11.55349,10.69187,11.17003,380923.61
2022-08-28,11.17003,11.37047,10.4571,10.5809,271894.1
2022-08-29,10.5809,11.71971,10.1803,11.44523,312158.68
2022-08-30,11.44523,12.16328,11.12148,11.91885,415598.89
2022-08-31,11.91885,12.33855,11.55272,11.81675,411279.42
2022-09-01,11.81675,12.8443,11.45153,12.72711,443674.05
2022-09-02,12.72711,13.06892,12.32447,12.61079,305364.85
2022-09-03,12.61079,12.87711,12.13115,12.62639,228507.67
2022-09-04,12.62639,13.04509,12.41,13.04509,175914.86
2022-09-05,13.04509,13.35514,12.47616,12.62869,149953.56
2022-09-06,12.62869,12.98057,11.74422,11.77627,356213.34
2022-09-07,11.77627,13.24351,11.52971,12.93032,305012.4
2022-09-08,12.93032,14.13814,12.62795,13.87967,405022.81
2022-09-09,13.87967,17.04904,13.75458,16.10547,997428.01
2022-09-10,16.10547,16.39716,15.49,16.00199,690164.32
2022-09-11,16.00199,16.29434,15.23989,15.70528,341197.92
2022-09-12,15.70528,16.5,14.99292,15.52754,603521.91
2022-09-13,15.52754,16.18,13.70568,13.87285,713375.34
2022-09-14,13.87285,14.46122,13.37617,13.96453,418113.25
2022-09-15,13.96453,15.50002,13.20819,14.90046,1014462.22
2022-09-16,14.90046,16.79146,14.60004,16.59213,942631.9
2022-09-17,16.59213,16.95869,16.05372,16.4068,356271.04
2022-09-18,16.4068,16.40823,14.56787,14.70844,474047.69
2022-09-19,14.70844,16.06665,14.61954,15.61138,885934.18
2022-09-20,15.61138,15.89099,13.8176,13.91683,447904.33
2022-09-21,13.91683,15.07975,12.95278,13.34895,942571.69
2022-09-22,13.34895,14.99407,13.26695,14.64209,872954.03
2022-09-23,14.64209,15.28446,13.4361,14.22307,1007068.35
2022-09-24,14.22307,14.29076,13.55474,13.62982,409641.8
2022-09-25,13.62982,14.83338,13.58603,13.96534,520803.79
2022-09-26,13.96534,14.89058,13.75596,13.91297,751355.5
2022-09-27,13.91297,14.74408,13.17076,13.51217,549631.55
2022-09-28,13.51217,13.58353,12.6298,12.99634,550730.08
2022-09-29,12.99634,13.08708,12.43088,12.77337,433850.32
2022-09-30,12.77337,13.24439,12.61088,13.0238,428972.6
2022-10-01,13.0238,13.09466,12.48974,12.67765,138355.31
2022-10-02,12.67765,12.90099,11.96139,11.99155,260710.55
2022-10-03,11.99155,12.96798,11.81323,12.85843,441066.3
2022-10-04,12.85843,13.28669,12.7486,13.00538,257616.48
2022-10-05,13.00538,13.13252,12.61711,13.00401,215541.58
2022-10-06,13.00401,13.45156,12.87044,13.01517,292110.96
2022-10-07,13.01517,13.09064,12.65376,13.05533,163265.43
2022-10-08,13.05533,13.34819,12.96002,13.14735,114146.94
2022-10-09,13.14735,13.26994,13.03425,13.19581,95483.93
2022-10-10,13.19581,13.26531,12.34248,12.43351,142149.48
2022-10-11,12.43351,12.53619,12.11706,12.16398,171492.52
2022-10-12,12.16398,12.2162,11.6785,11.74645,199147.91
2022-10-13,11.74645,11.8067,10.55551,11.33852,622460.54
2022-10-14,11.33852,12.2867,11.29977,11.64338,396097.53
2022-10-15,11.64338,11.7778,11.43948,11.51484,102832.09
2022-10-16,11.51484,11.84288,11.50379,11.70084,84539.8
2022-10-17,11.70084,12.49501,11.64262,12.42689,181586.31
2022-10-18,12.42689,12.76629,12.11173,12.51214,229948.08
2022-10-19,12.51214,12.6301,11.70042,11.75467,223234.2
2022-10-20,11.75467,12.007,11.238,11.39318,257588.54
2022-10-21,11.39318,11.783,10.92463,11.73948,282146.55
2022-10-22,11.73948,11.88891,11.46535,11.71522,84545.66
2022-10-23,11.71522,12.1358,11.42656,12.11381,128749.42
2022-10-24,12.11381,12.17289,11.5771,11.65164,154207.6
2022-10-25,11.65164,12.35925,11.54398,12.00061,225652.61
2022-10-26,12.00061,12.53861,11.9222,12.27917,261493.59
2022-10-27,12.27917,13.21969,12.26278,12.65309,600796.31
2022-10-28,12.65309,13.82868,12.59915,13.53589,967581.61
2022-10-29,13.53589,13.85525,13.34435,13.46942,479454.26
2022-10-30,13.46942,14.11843,13.30799,13.92165,503677.54
2022-10-31,13.92165,14.49807,13.7864,14.31912,642329.5
2022-11-01,14.31912,14.45707,13.85345,14.07519,221920.36
2022-11-02,14.07519,14.24417,13.0279,13.29483,418504.57
2022-11-03,13.29483,13.89589,13.23703,13.51048,294050.37
2022-11-04,13.51048,15.18927,13.41578,15.03169,658192.31
2022-11-05,15.03169,15.82385,14.95986,15.37896,622943.17
2022-11-06,15.37896,15.40748,14.43302,14.452,380479.39
2022-11-07,14.452,14.79531,13.86209,14.26823,538125.68
2022-11-08,14.26823,14.43637,11.26676,12.14611,2137347.37
2022-11-09,12.14611,12.31252,9.39506,9.78968,2807334.96
2022-11-10,9.78968,12.50213,9.57535,12.17054,2653801.0
2022-11-11,12.17054,12.41516,11.16882,11.66828,1442459.99
2022-11-12,11.66828,11.70491,10.84679,10.94418,674242.19
2022-11-13,10.94418,11.10298,10.04194,10.18336,659074.17
2022-11-14,10.18336,10.70281,9.62071,10.32916,1051959.95
2022-11-15,10.32916,10.88273,10.1874,10.55831,641079.3
2022-11-16,10.55831,10.64264,9.95836,10.15326,417914.68
2022-11-17,10.15326,10.20019,9.85113,9.91617,267962.85
2022-11-18,9.91617,10.24449,9.77721,9.9712,366149.75
2022-11-19,9.9712,10.05448,9.73909,9.99376,308633.27
2022-11-20,9.99376,10.04609,9.31729,9.35394,994027.02
2022-11-21,9.35394,9.36632,8.79,9.0114,1727384.9
2022-11-22,9.0114,9.56956,8.73115,9.54553,1135796.22
2022-11-23,9.54553,9.97404,9.5361,9.93555,857767.09
2022-11-24,9.93555,10.22554,9.78526,10.15592,720580.44
2022-11-25,10.15592,10.18318,9.7652,10.00395,466600.48
2022-11-26,10.00395,10.44693,9.9962,10.10767,454432.46
2022-11-27,10.10767,10.33134,9.89957,9.92633,232471.49
2022-11-28,9.92633,9.97063,9.43555,9.86078,700191.81
2022-11-29,9.86078,10.29829,9.83887,10.18224,553802.89
2022-11-30,10.18224,10.64864,10.18224,10.498,995733.65
2022-12-01,10.498,10.57657,10.13497,10.2679,580094.67
2022-12-02,10.2679,10.38738,10.12037,10.3653,752634.06
2022-12-03,10.3653,10.40863,9.96902,10.01946,618536.84
2022-12-04,10.01946,10.28352,10.01946,10.25608,487767.1
2022-12-05,10.25608,10.56944,10.14584,10.26297,1121263.06
2022-12-06,10.26297,10.37834,9.99465,10.1669,852066.61
2022-12-07,10.1669,10.1833,9.5,9.61657,1186213.16
2022-12-08,9.61657,9.86386,9.47237,9.83335,646363.09
2022-12-09,9.83335,9.89544,9.63238,9.75606,426697.66
2022-12-10,9.75606,10.42032,9.63828,9.94463,819699.07
2022-12-11,9.94463,9.98449,9.51443,9.53606,314778.01
2022-12-12,9.53606,9.66971,9.42114,9.6179,610876.38
2022-12-13,9.6179,9.887,9.13298,9.75352,826655.57
2022-12-14,9.75352,10.01676,9.54218,9.59418,737539.43
2022-12-15,9.59418,9.67267,9.37289,9.42648,416088.96
2022-12-16,9.42648,9.52188,8.4426,8.585,1024624.97
2022-12-17,8.585,8.81527,8.47046,8.80622,641336.96
2022-12-18,8.80622,8.94078,8.75217,8.85693,396636.81
2022-12-19,8.85693,8.94192,8.56826,8.64312,947188.25
2022-12-20,8.64312,9.04615,8.54604,8.95204,422334.66
2022-12-21,8.95204,9.05242,8.76422,8.86761,216336.9
2022-12-22,8.86761,9.00747,8.67473,8.99067,252731.57
2022-12-23,8.99067,9.04864,8.88641,8.91229,148694.76
2022-12-24,8.91229,9.04896,8.88494,8.96268,124573.63
2022-12-25,8.96268,9.11913,8.82974,9.01004,186142.14
2022-12-26,9.01004,9.19459,9.00632,9.18259,131143.41
2022-12-27,9.18259,9.43434,9.13528,9.21546,362232.12
2022-12-28,9.21546,9.27104,8.90732,9.13266,588915.5
2022-12-29,9.13266,9.39461,9.02292,9.33102,347635.74
2022-12-30,9.33102,9.39761,9.22068,9.38153,247768.12
2022-12-31,9.38153,9.46575,9.26529,9.35466,116938.84
2023-01-01,9.35466,9.47696,9.30281,9.46197,116329.6
2023-01-02,9.46197,10.03838,9.38447,9.81529,449150.99
2023-01-03,9.81529,10.33733,9.75839,10.1578,510758.78
2023-01-04,10.1578,10.45326,10.05221,10.19576,357860.22
2023-01-05,10.19576,10.23164,9.99023,10.08389,173195.22
2023-01-06,10.08389,10.29283,9.9143,10.24693,225764.1
2023-01-07,10.24693,10.36876,10.13982,10.19292,93396.09
2023-01-08,10.19292,10.60078,9.99142,10.54785,355469.68
2023-01-09,10.54785,11.50263,10.51985,11.11201,904514.56
2023-01-10,11.11201,11.34476,10.85791,11.32442,499145.95
2023-01-11,11.32442,11.8876,11.05278,11.85286,749137.46
2023-01-12,11.85286,12.35155,11.55534,12.278,116417.48
2023-01-13,12.278,12.51,11.91704,12.40693,74438.06
2023-01-14,12.40693,13.409,12.08506,12.86993,149488.7
2023-01-15,12.86993,13.09564,12.3746,12.77958,79212.18
2023-01-16,12.77958,13.04921,12.0591,12.34366,69453.31
2023-01-17,12.34366,12.63148,12.06,12.15707,65211.66
2023-01-18,12.15707,12.52872,11.40398,11.54092,93788.01
2023-01-19,11.54092,12.0907,11.53586,12.01515,54999.47
2023-01-20,12.01515,13.26688,11.93,13.14694,91506.45
2023-01-21,13.14694,13.61256,12.86312,13.08413,77036.39
2023-01-22,13.08413,13.77429,12.8,13.32879,100595.47
2023-01-23,13.32879,13.58,12.86825,13.06966,63168.09
2023-01-24,13.06966,13.38037,12.34524,12.4456,60712.08
2023-01-25,12.4456,13.7309,12.14763,13.55686,81217.06
2023-01-26,13.55686,13.6882,12.83819,13.11313,75401.56
2023-01-27,13.11313,13.60106,12.67625,13.53096,72834.97
2023-01-28,13.53096,13.88398,13.0469,13.21705,56301.15
2023-01-29,13.21705,13.96698,13.022,13.80961,395209.27
2023-01-30,13.80961,13.9929,12.77244,13.07953,684389.47
2023-01-31,13.07953,13.47761,13.03288,13.36278,561457.48
2023-02-01,13.36278,14.95,13.28178,14.91607,1667586.07
2023-02-02,14.91607,15.2,14.24442,14.41306,493030.21
2023-02-03,14.41306,15.44638,14.37752,14.98556,479868.45
2023-02-04,14.98556,15.08606,14.58768,14.6728,178346.09
2023-02-05,14.6728,14.7998,14.08862,14.73422,386822.29
2023-02-06,14.73422,14.8886,14.0,14.13401,287774.37
2023-02-07,14.13401,15.04577,14.10097,14.9649,325280.05
2023-02-08,14.9649,15.38841,14.58065,15.14206,458425.85
2023-02-09,15.14206,15.355,13.20494,13.52011,658522.03
2023-02-10,13.52011,13.99623,13.40553,13.70509,408788.29
2023-02-11,13.70509,13.78756,13.41872,13.74252,136397.77
2023-02-12,13.74252,13.95061,13.39043,13.53828,154978.15
2023-02-13,13.53828,13.53994,12.67561,13.12806,372023.31
2023-02-14,13.12806,13.58658,12.82,13.40534,330677.84
2023-02-15,13.40534,14.3103,13.23275,14.28783,179409.25
2023-02-16,14.28783,14.39401,13.38414,13.43419,458246.59
2023-02-17,13.43419,14.32331,13.3482,14.18757,237567.17
2023-02-18,14.18757,14.47069,13.93205,14.28761,173721.9
2023-02-19,14.28761,14.77608,13.96825,14.14985,246817.95
2023-02-20,14.14985,14.58347,13.82229,14.41412,52510.65
2023-02-21,14.41412,14.62207,13.6246,13.86835,18872.82
2023-02-22,13.86835,14.00361,13.2375,13.58711,20932.54
2023-02-23,13.58711,13.92509,13.47398,13.73825,18500.07
2023-02-24,13.73825,13.83769,12.87319,13.06951,27313.14
2023-02-25,13.06951,13.19171,12.48564,12.84222,16798.37
2023-02-26,12.84222,13.0943,12.7679,12.96329,17128.93
2023-02-27,12.96329,13.1035,12.59909,12.78428,18540.42
2023-02-28,12.78428,12.8062,12.13,12.26477,19850.15
2023-03-01,12.26477,12.9326,12.2279,12.79109,26697.53
2023-03-02,12.79109,12.85282,12.16626,12.45572,29198.3
2023-03-03,12.45572,12.46721,11.5849,12.0014,30590.94
2023-03-04,12.0014,12.07309,11.61904,11.8446,14585.46
2023-03-05,11.8446,12.25357,11.84129,12.02722,17471.82
2023-03-06,12.02722,12.20703,11.84925,11.967,17372.54
2023-03-07,11.967,12.08111,11.45138,11.75006,22338.65
2023-03-08,11.75006,11.81142,10.87761,10.96605,33467.67
2023-03-09,10.96605,11.04466,10.4748,11.02417,66519.42
2023-03-10,11.02417,11.37935,10.3254,11.13544,76864.74
2023-03-11,11.13544,11.34461,10.56867,11.02316,60338.26
2023-03-12,11.02316,11.70125,10.88825,11.6832,48715.24
2023-03-13,11.683,12.208,11.287,11.985,52509.15
2023-03-14,11.985,13.477,11.874,13.049,84293.19
2023-03-15,13.049,13.329,11.61,12.41,83897.46
2023-03-16,12.41,12.973,12.295,12.811,69502.13
2023-03-17,12.811,13.239,12.622,13.161,67033.19
2023-03-18,13.161,13.416,12.122,12.218,67344.91
2023-03-19,12.218,13.056,12.057,12.292,56241.45
2023-03-20,12.292,12.43,11.483,11.539,114049.9
2023-03-21,11.539,12.157,11.285,11.912,93408.64
2023-03-22,11.912,11.99,10.93,11.323,96668.37
2023-03-23,11.323,11.938,11.236,11.679,67092.11
2023-03-24,11.679,11.715,10.985,11.187,108182.82
2023-03-25,11.187,11.329,10.921,11.09,48092.57
2023-03-26,11.09,11.463,11.032,11.323,37462.36
2023-03-27,11.323,11.353,10.622,10.839,65568.66
2023-03-28,10.839,11.412,10.685,11.21,78115.41
2023-03-29,11.21,11.548,11.127,11.43,66591.68
2023-03-30,11.43,11.556,10.929,11.149,76073.02
2023-03-31,11.149,11.385,10.989,11.184,54020.05
2023-04-01,11.184,11.495,11.051,11.39,56489.2
2023-04-02,11.39,11.583,10.976,11.129,65793.93
2023-04-03,11.129,11.262,10.7,11.146,84895.45
2023-04-04,11.146,11.427,11.03,11.275,64653.92
2023-04-05,11.275,11.588,11.135,11.519,65930.86
2023-04-06,11.519,11.618,11.242,11.322,60128.12
2023-04-07,11.322,11.351,10.921,11.045,65563.03
2023-04-08,11.045,11.193,10.883,10.96,39617.93
2023-04-09,10.96,11.086,10.865,11.03,27946.39
2023-04-10,11.03,11.228,10.911,11.181,43484.19
2023-04-11,11.181,11.4,11.114,11.269,53602.29
2023-04-12,11.269,11.347,10.93,11.313,51997.51
2023-04-13,11.313,11.989,11.237,11.807,65773.23
2023-04-14,11.807,12.459,11.793,12.247,147930.34
2023-04-15,12.247,12.475,12.05,12.373,50813.53
2023-04-16,12.373,12.897,12.373,12.667,99566.93
2023-04-17,12.667,12.936,12.316,12.347,71120.04
2023-04-18,12.347,12.769,12.161,12.553,45610.4
2023-04-19,12.553,12.586,11.49,11.7,97306.57
2023-04-20,11.7,12.118,11.291,11.392,96599.32
2023-04-21,11.392,11.486,10.65,10.81,92170.42
2023-04-22,10.81,11.1,10.705,11.034,56103.87
2023-04-23,11.034,11.046,10.595,10.814,59502.95
2023-04-24,10.814,10.982,10.652,10.903,51828.06
2023-04-25,10.903,11.081,10.66,11.05,51214.03
2023-04-26,11.05,11.382,10.213,10.937,103334.4
2023-04-27,10.937,11.778,10.879,11.52,127935.73
2023-04-28,11.52,11.764,11.316,11.714,59714.96
2023-04-29,11.714,11.817,11.554,11.71,34018.08
2023-04-30,11.71,11.945,11.461,11.519,49352.57
2023-05-01,11.519,11.565,10.834,11.005,83957.55
2023-05-02,11.005,11.104,10.901,11.033,62999.67
2023-05-03,11.033,11.161,10.749,11.102,58939.53
2023-05-04,11.102,11.139,10.891,10.979,29286.82
2023-05-05,10.979,11.3,10.96,11.217,39768.03
2023-05-06,11.217,11.287,10.764,10.847,18218.95
2023-05-07,10.847,11.083,10.776,10.969,18416.77
2023-05-08,10.969,11.138,10.453,10.587,44763.4
2023-05-09,10.587,10.711,10.178,10.376,31601.79
2023-05-10,10.376,11.12,10.221,10.993,31509.62
2023-05-11,10.993,11.073,10.523,11.035,62121.83
2023-05-12,11.035,11.277,10.739,11.147,39266.42
2023-05-13,11.147,11.17,10.818,10.881,8012.81
2023-05-14,10.881,11.104,10.813,10.921,15243.94
2023-05-15,10.921,11.106,10.735,10.793,12652.8
2023-05-16,10.793,10.95,10.7,10.889,13017.38
2023-05-17,10.889,11.077,10.724,10.927,17234.01
2023-05-18,10.927,11.0,10.501,10.73,45947.58
2023-05-19,10.73,10.748,10.45,10.612,33777.02
2023-05-20,10.612,10.641,10.519,10.609,7991.13
2023-05-21,10.609,10.622,10.425,10.471,13722.08
2023-05-22,10.471,10.575,10.33,10.486,22923.03
2023-05-23,10.486,10.624,10.444,10.525,10774.53
2023-05-24,10.525,10.53,10.21,10.415,29747.99
2023-05-25,10.415,10.55,10.247,10.479,26839.98
2023-05-26,10.479,10.603,10.421,10.532,18738.21
2023-05-27,10.532,10.6,10.461,10.55,19513.6
2023-05-28,10.55,10.953,10.511,10.933,11415.06
2023-05-29,10.933,10.964,10.702,10.748,31721.69
2023-05-30,10.748,10.897,10.723,10.835,21559.27
2023-05-31,10.835,10.884,10.423,10.456,10459.6
2023-06-01,10.456,10.488,10.224,10.328,28945.77
2023-06-02,10.328,10.667,10.263,10.653,27512.14
2023-06-03,10.653,10.767,10.547,10.697,11815.15
2023-06-04,10.697,10.85,10.655,10.748,12077.7
2023-06-05,10.748,10.816,9.884,10.014,61489.93
2023-06-06,10.014,10.28,9.818,10.15,26945.93
2023-06-07,10.15,10.164,9.36,9.436,28162.79
2023-06-08,9.436,9.617,9.338,9.436,15713.15
2023-06-09,9.436,9.473,9.149,9.177,30287.1
2023-06-10,9.177,9.177,7.375,8.238,73219.76
2023-06-11,8.238,8.508,8.117,8.446,31768.34
2023-06-12,8.446,8.834,8.294,8.74,32931.42
2023-06-13,8.74,8.948,8.546,8.648,10056.37
2023-06-14,8.648,8.839,8.385,8.5,37366.01
2023-06-15,8.5,8.765,8.413,8.662,24976.9
2023-06-16,8.662,8.94,8.56,8.766,19064.94
2023-06-17,8.766,8.981,8.692,8.905,36388.52
2023-06-18,8.905,8.932,8.5,8.564,14654.56
2023-06-19,8.564,8.636,8.36,8.597,33973.08
2023-06-20,8.597,8.79,8.269,8.774,58716.07
2023-06-21,8.774,9.125,8.75,9.035,41805.9
2023-06-22,9.035,9.41,9.0,9.002,33427.65
2023-06-23,9.002,9.428,8.989,9.316,22651.35
2023-06-24,9.316,9.482,9.1,9.384,14562.8
2023-06-25,9.384,9.743,9.358,9.45,14191.36
2023-06-26,9.45,9.516,9.101,9.183,9373.58
2023-06-27,9.183,9.446,9.164,9.426,14071.53
2023-06-28,9.426,9.432,8.973,9.126,12544.55
2023-06-29,9.126,9.435,8.977,8.977,11092.24
2023-06-30,8.977,9.436,8.75,9.291,27816.64
2023-07-01,9.291,9.575,9.165,9.562,17617.11
2023-07-02,9.562,9.599,9.34,9.597,15688.36
2023-07-03,9.597,10.099,9.563,9.939,43469.91
2023-07-04,9.939,9.963,9.636,9.684,21345.85
2023-07-05,9.684,9.88,9.261,9.399,22925.53
2023-07-06,9.399,9.648,9.101,9.186,12161.44
2023-07-07,9.186,9.365,9.11,9.17,11870.38
2023-07-08,9.17,9.303,9.094,9.207,11207.12
2023-07-09,9.207,9.606,9.187,9.427,14326.78
2023-07-10,9.427,9.434,9.18,9.243,22451.85
2023-07-11,9.243,9.363,9.153,9.199,21598.42
2023-07-12,9.199,9.29,8.972,9.072,14809.61
2023-07-13,9.072,9.906,8.944,9.881,36224.05
2023-07-14,9.881,10.291,9.428,9.786,50520.55
2023-07-15,9.786,9.986,9.641,9.713,7851.08
2023-07-16,9.713,9.729,9.346,9.394,21072.58
2023-07-17,9.394,9.603,9.174,9.431,15064.53
2023-07-18,9.431,9.518,9.111,9.289,18938.94
2023-07-19,9.289,9.416,9.13,9.184,34851.55
2023-07-20,9.184,9.595,9.151,9.369,47951.47
2023-07-21,9.369,9.539,9.304,9.428,18779.04
2023-07-22,9.428,9.57,9.195,9.264,12466.88
2023-07-23,9.264,9.364,9.23,9.276,17946.64
2023-07-24,9.276,9.296,8.855,9.003,28611.94
2023-07-25,9.003,9.065,8.921,8.953,42339.19
2023-07-26,8.953,9.042,8.8,8.986,52274.17
2023-07-27,8.986,9.1,8.856,8.915,24302.25
2023-07-28,8.915,9.068,8.86,9.024,25244.29
2023-07-29,9.024,9.093,8.984,9.074,16312.4
2023-07-30,9.074,9.099,8.85,9.005,20860.36
2023-07-31,9.005,9.117,8.77,8.865,18046.45
2023-08-01,8.865,8.993,8.6,8.973,59202.48
2023-08-02,8.973,9.025,8.7,8.714,52698.32
2023-08-03,8.714,8.774,8.595,8.626,30382.32
2023-08-04,8.626,8.678,8.388,8.478,58605.05
2023-08-05,8.478,8.609,8.37,8.506,25585.8
2023-08-06,8.506,8.582,8.45,8.484,16011.89
2023-08-07,8.484,8.59,8.272,8.498,26564.78
2023-08-08,8.498,8.652,8.449,8.523,40418.81
2023-08-09,8.523,8.669,8.44,8.541,29356.14
2023-08-10,8.541,8.566,8.405,8.413,81138.75
2023-08-11,8.413,8.465,8.317,8.348,18085.2
2023-08-12,8.348,8.441,8.337,8.421,21942.64
2023-08-13,8.421,8.509,8.35,8.381,23506.13
2023-08-14,8.381,8.575,8.343,8.516,17921.42
2023-08-15,8.516,8.556,7.842,8.108,41945.95
2023-08-16,8.108,8.13,7.61,7.8,51174.57
2023-08-17,7.8,8.215,7.168,7.404,160591.97
2023-08-18,7.404,7.694,7.368,7.574,55241.96
2023-08-19,7.574,7.731,7.509,7.707,24805.86
2023-08-20,7.707,7.892,7.69,7.864,27407.72
2023-08-21,7.864,7.882,7.41,7.547,17563.18
2023-08-22,7.547,7.556,7.12,7.401,44349.79
2023-08-23,7.401,7.527,7.31,7.427,40037.89
2023-08-24,7.427,7.455,7.097,7.207,40229.64
2023-08-25,7.207,7.271,7.04,7.245,23473.63
2023-08-26,7.245,7.26,7.142,7.154,10346.57
2023-08-27,7.154,7.211,7.094,7.18,32961.15
2023-08-28,7.18,7.283,7.057,7.269,18980.4
2023-08-29,7.269,7.511,7.115,7.445,32416.09
2023-08-30,7.445,7.456,7.184,7.22,19305.64
2023-08-31,7.22,7.263,6.811,6.922,28723.34
2023-09-01,6.922,6.977,6.641,6.666,24540.2
2023-09-02,6.666,6.834,6.633,6.832,20905.07
2023-09-03,6.832,6.88,6.76,6.805,27299.34
2023-09-04,6.805,6.922,6.67,6.727,19253.87
2023-09-05,6.727,6.848,6.668,6.812,22719.93
2023-09-06,6.812,6.927,6.72,6.894,43659.92
2023-09-07,6.894,6.99,6.809,6.95,17476.5
2023-09-08,6.95,7.0,6.788,6.838,33010.62
2023-09-09,6.838,6.929,6.806,6.85,53037.4
2023-09-10,6.85,6.852,6.54,6.659,48887.46
2023-09-11,6.659,6.684,6.291,6.374,36714.13
2023-09-12,6.374,6.572,6.341,6.376,23860.43
2023-09-13,6.376,6.577,6.362,6.537,23996.62
2023-09-14,6.537,6.914,6.5,6.831,38283.51
2023-09-15,6.831,7.047,6.758,6.927,37366.08
2023-09-16,6.927,7.173,6.927,7.142,15358.47
2023-09-17,7.142,7.168,6.903,6.942,109365.72
2023-09-18,6.942,7.486,6.85,7.382,27344.4
2023-09-19,7.382,7.58,7.204,7.499,21068.01
2023-09-20,7.499,7.516,7.185,7.286,32977.14
2023-09-21,7.286,7.506,7.15,7.15,35534.77
2023-09-22,7.15,7.235,7.035,7.13,23153.54
2023-09-23,7.13,7.199,7.051,7.085,39461.62
2023-09-24,7.085,7.144,6.959,6.979,22492.88
2023-09-25,6.979,7.077,6.915,7.038,54400.63
2023-09-26,7.038,7.091,6.87,6.957,18902.47
2023-09-27,6.957,7.121,6.895,6.967,25461.24
2023-09-28,6.967,7.197,6.935,7.106,61417.96
2023-09-29,7.106,7.197,7.071,7.1,18062.69
2023-09-30,7.1,7.299,7.089,7.237,19392.71
2023-10-01,7.237,7.662,7.177,7.56,21262.81
2023-10-02,7.56,7.587,7.097,7.141,30105.68
2023-10-03,7.141,7.278,7.037,7.061,19629.61
2023-10-04,7.061,7.066,6.885,6.963,24139.65
2023-10-05,6.963,6.995,6.771,6.831,23180.4
2023-10-06,6.831,6.962,6.811,6.909,24446.48
2023-10-07,6.909,6.995,6.87,6.964,36111.36
2023-10-08,6.964,6.985,6.849,6.94,36264.03
2023-10-09,6.94,6.959,6.59,6.827,24365.66
2023-10-10,6.827,7.35,6.595,6.678,172519.92
2023-10-11,6.678,6.755,6.482,6.706,54944.07
2023-10-12,6.706,6.733,6.399,6.584,44118.04
2023-10-13,6.584,6.646,6.487,6.565,84196.34
2023-10-14,6.565,6.66,6.559,6.58,37036.1
2023-10-15,6.58,6.684,6.523,6.602,50975.74
2023-10-16,6.602,6.803,6.565,6.626,69659.42
2023-10-17,6.626,6.628,6.383,6.443,51175.99
2023-10-18,6.443,6.463,6.287,6.293,65837.7
2023-10-19,6.293,6.293,6.168,6.262,38197.38
2023-10-20,6.262,6.477,6.248,6.406,43068.91
2023-10-21,6.406,6.7,6.36,6.632,58115.89
2023-10-22,6.632,6.762,6.51,6.753,63317.53
2023-10-23,6.753,7.052,6.617,7.028,113788.76
2023-10-24,7.028,7.306,6.771,7.0,117417.84
2023-10-25,7.0,7.222,6.876,7.117,160418.93
2023-10-26,7.117,7.365,6.909,7.167,107469.33
2023-10-27,7.167,7.176,6.91,7.025,56405.53
2023-10-28,7.025,7.223,7.019,7.181,64742.73
2023-10-29,7.181,7.389,7.045,7.314,66121.25
2023-10-30,7.314,8.141,7.208,8.113,145582.46
2023-10-31,8.113,8.228,7.666,7.931,265421.41
2023-11-01,7.931,8.036,7.551,7.882,106007.25
2023-11-02,7.882,8.093,7.55,7.83,192481.19
2023-11-03,7.83,7.83,7.539,7.75,85372.98
2023-11-04,7.75,8.218,7.704,8.1,138945.8
2023-11-05,8.1,8.542,8.046,8.357,117578.08
2023-11-06,8.357,8.759,8.315,8.737,107781.86
2023-11-07,8.737,8.74,8.158,8.464,99219.2
2023-11-08,8.464,8.755,8.366,8.651,113727.82
2023-11-09,8.651,9.054,8.147,9.025,189883.35
2023-11-10,9.025,9.54,8.962,9.178,143078.15
2023-11-11,9.178,9.449,8.88,9.24,170890.53
2023-11-12,9.24,9.7,8.9,9.528,253198.33
2023-11-13,9.528,10.566,9.174,9.174,383754.62
2023-11-14,9.174,9.408,8.63,9.118,159843.04
2023-11-15,9.118,9.791,8.953,9.649,116783.82
2023-11-16,9.649,10.194,9.431,9.592,120753.04
2023-11-17,9.592,10.218,9.05,9.389,93599.61
2023-11-18,9.389,9.413,8.866,9.23,84099.28
2023-11-19,9.23,9.396,8.969,9.365,247053.29
2023-11-20,9.365,9.546,8.888,8.968,220812.57
2023-11-21,8.968,9.076,8.2,8.209,100083.51
2023-11-22,8.209,8.923,8.2,8.806,100594.89
2023-11-23,8.806,9.076,8.665,8.748,80640.73
2023-11-24,8.748,9.085,8.713,8.908,87251.69
2023-11-25,8.908,9.656,8.866,9.489,109743.05
2023-11-26,9.489,10.012,9.274,9.906,254685.83
2023-11-27,9.906,9.95,8.963,9.304,276716.02
2023-11-28,9.304,9.355,8.788,9.254,138405.91
2023-11-29,9.254,9.326,9.014,9.224,81775.54
2023-11-30,9.224,9.377,9.124,9.246,95725.62
2023-12-01,9.246,9.47,9.185,9.466,52330.37
2023-12-02,9.466,9.7,9.397,9.636,79868.41
2023-12-03,9.636,9.655,9.352,9.537,50258.18
2023-12-04,9.537,9.874,9.24,9.774,130865.29
2023-12-05,9.774,9.932,9.486,9.891,98846.4
2023-12-06,9.891,10.288,9.713,9.745,143658.03
2023-12-07,9.745,10.031,9.552,9.907,196960.99
2023-12-08,9.907,10.68,9.832,10.406,157358.08
2023-12-09,10.406,11.326,10.4,10.469,245872.94
2023-12-10,10.469,10.696,10.123,10.696,104741.73
2023-12-11,10.696,10.7,9.45,9.859,137632.37
2023-12-12,9.859,12.4,9.83,11.775,605105.42
2023-12-13,11.775,11.898,10.8,11.713,129453.55
2023-12-14,11.713,11.962,11.1,11.52,115826.97
2023-12-15,11.52,11.58,10.791,10.893,98511.16
2023-12-16,10.893,12.1,10.729,11.998,178204.63
2023-12-17,11.998,12.019,11.037,11.16,113471.92
2023-12-18,11.16,11.196,10.217,10.846,85752.32
2023-12-19,10.846,11.063,10.294,10.419,122260.25
2023-12-20,10.419,10.9,10.25,10.662,178317.34
2023-12-21,10.662,11.522,10.488,11.401,199364.56
2023-12-22,11.401,11.748,10.97,11.402,162008.78
2023-12-23,11.402,11.418,11.046,11.331,148747.15
2023-12-24,11.331,11.749,11.026,11.231,140675.93
2023-12-25,11.231,12.053,11.022,11.896,178883.89
2023-12-26,11.896,12.587,11.08,11.635,282538.97
2023-12-27,11.635,12.101,11.161,11.96,136878.27
2023-12-28,11.96,12.219,11.3,11.396,119395.6
2023-12-29,11.396,11.54,10.708,10.984,123932.15
2023-12-30,10.984,11.027,10.575,10.747,115772.9
2023-12-31,10.747,10.98,10.34,10.601,92109.37
2024-01-01,10.601,11.2,10.455,11.199,75225.26
2024-01-02,11.199,11.422,10.93,10.962,110261.07
2024-01-03,10.962,11.38,9.0,9.924,244764.86
2024-01-04,9.924,10.351,9.743,10.268,176958.26
2024-01-05,10.268,10.744,9.745,10.325,167591.09
2024-01-06,10.325,10.4,9.526,9.824,97447.22
2024-01-07,9.824,9.912,9.311,9.41,119829.68
2024-01-08,9.41,9.984,8.885,9.954,106094.34
2024-01-09,9.954,10.054,9.388,9.666,109226.36
2024-01-10,9.666,10.62,9.343,10.383,155206.84
2024-01-11,10.383,10.89,10.239,10.655,120943.73
2024-01-12,10.655,10.945,9.619,9.963,158528.69
2024-01-13,9.963,10.344,9.658,10.206,77904.24
2024-01-14,10.206,10.57,9.96,9.994,67549.84
2024-01-15,9.994,10.321,9.974,10.184,120525.51
2024-01-16,10.184,10.584,10.06,10.287,85435.54
2024-01-17,10.287,10.348,10.05,10.154,48795.1
2024-01-18,10.154,10.263,9.551,9.699,90211.95
2024-01-19,9.699,9.891,9.271,9.711,63613.91
2024-01-20,9.711,9.851,9.6,9.844,26680.06
2024-01-21,9.844,9.943,9.628,9.65,41193.81
2024-01-22,9.65,9.678,9.049,9.18,96288.85
2024-01-23,9.18,9.337,8.708,9.227,78722.9
2024-01-24,9.227,9.368,9.145,9.345,59873.09
2024-01-25,9.345,9.356,9.059,9.233,42238.38
2024-01-26,9.233,9.75,9.165,9.629,66637.23
2024-01-27,9.629,9.732,9.434,9.67,50623.0
2024-01-28,9.67,9.77,9.346,9.429,52565.45
2024-01-29,9.429,9.694,9.384,9.662,71693.28
2024-01-30,9.662,9.722,9.314,9.407,64303.2
2024-01-31,9.407,9.447,9.016,9.107,71532.25
2024-02-01,9.107,9.236,8.97,9.137,46563.39
2024-02-02,9.137,9.28,9.095,9.167,63954.72
2024-02-03,9.167,9.216,9.047,9.048,62557.66
2024-02-04,9.048,9.111,8.95,8.965,40525.86
2024-02-05,8.965,9.178,8.85,9.058,43579.82
2024-02-06,9.058,9.233,9.036,9.124,69910.18
2024-02-07,9.124,9.66,9.12,9.594,177875.04
2024-02-08,9.594,9.735,9.447,9.637,150361.89
2024-02-09,9.637,10.193,9.613,10.019,149475.55
2024-02-10,10.019,10.094,9.91,9.97,83368.15
2024-02-11,9.97,10.258,9.641,9.74,157098.29
2024-02-12,9.74,10.029,9.504,9.91,179404.78
2024-02-13,9.91,10.381,9.872,10.287,235442.39
2024-02-14,10.287,10.416,10.059,10.243,165690.91
2024-02-15,10.243,10.45,10.096,10.33,280570.98
2024-02-16,10.33,10.472,10.0,10.235,176847.62
2024-02-17,10.235,10.331,9.877,10.275,126434.88
2024-02-18,10.275,10.644,10.2,10.591,160714.31
2024-02-19,10.591,10.784,10.48,10.73,202087.19
2024-02-20,10.73,10.75,10.035,10.37,269470.56
2024-02-21,10.37,10.372,9.739,9.984,194996.34
2024-02-22,9.984,10.042,9.709,9.786,156932.63
2024-02-23,9.786,10.048,9.68,9.96,120597.13
2024-02-24,9.96,10.578,9.77,10.417,141491.57
2024-02-25,10.417,10.449,10.216,10.374,90946.51
2024-02-26,10.374,11.169,10.27,11.136,196650.71
2024-02-27,11.136,11.49,10.84,11.212,207023.37
2024-02-28,11.212,11.715,10.672,11.397,224871.46
2024-02-29,11.397,12.234,11.004,11.283,301430.54
2024-03-01,11.283,11.642,11.206,11.642,203769.91
2024-03-02,11.642,12.2,11.615,12.199,310205.03
2024-03-03,12.199,12.276,11.239,12.163,208111.01
2024-03-04,12.163,12.846,12.085,12.48,333495.91
2024-03-05,12.48,12.878,10.75,12.009,307838.47
2024-03-06,12.009,14.3,11.552,14.227,280646.63
2024-03-07,14.227,14.501,13.542,13.893,232279.06
2024-03-08,13.893,14.0,12.916,13.398,179421.87
2024-03-09,13.398,13.89,13.301,13.362,630089.46
2024-03-10,13.362,13.55,12.87,13.172,425922.19
2024-03-11,13.172,13.861,12.63,13.696,1895464.57
2024-03-12,13.696,13.828,12.66,13.407,1014802.8
2024-03-13,13.407,14.134,13.275,14.116,327710.49
2024-03-14,14.116,14.27,12.92,13.681,235318.21
2024-03-15,13.681,13.842,11.838,12.63,222955.78
2024-03-16,12.63,12.867,11.608,11.925,114139.32
2024-03-17,11.925,12.389,11.5,12.276,124468.99
2024-03-18,12.276,12.439,11.543,11.724,87826.31
2024-03-19,11.724,11.832,10.635,10.892,113476.96
2024-03-20,10.892,11.784,10.696,11.756,90769.72
2024-03-21,11.756,11.977,11.519,11.635,96354.13
2024-03-22,11.635,11.838,11.1,11.411,71059.38
2024-03-23,11.411,11.633,11.238,11.34,59365.49
2024-03-24,11.34,11.673,11.277,11.608,63180.29
2024-03-25,11.608,12.289,11.539,12.182,87609.27
2024-03-26,12.182,12.377,11.934,12.215,99552.51
2024-03-27,12.215,13.036,11.84,12.625,198013.97
2024-03-28,12.625,12.661,12.164,12.294,83400.98
2024-03-29,12.294,12.619,12.05,12.518,110654.9
2024-03-30,12.518,12.84,12.222,12.261,83159.27
2024-03-31,12.261,12.401,12.149,12.294,73754.37
2024-04-01,12.294,12.384,11.393,11.629,79271.05
2024-04-02,11.629,11.636,10.825,10.963,130547.91
2024-04-03,10.963,11.235,10.65,10.825,97003.48
2024-04-04,10.825,11.278,10.662,11.013,115053.3
2024-04-05,11.013,11.052,10.638,10.894,66031.88
2024-04-06,10.894,11.179,10.846,11.099,49461.68
2024-04-07,11.099,11.233,10.934,11.081,60440.15
2024-04-08,11.081,11.411,10.919,11.305,94983.28
2024-04-09,11.305,11.322,10.771,10.836,93310.82
2024-04-10,10.836,10.886,10.35,10.817,122262.45
2024-04-11,10.817,10.946,10.598,10.758,89316.23
2024-04-12,10.758,10.9,8.8,9.392,200541.01
2024-04-13,9.392,9.392,7.244,8.068,515022.62
2024-04-14,8.068,8.534,7.772,8.332,165751.77
2024-04-15,8.332,8.732,7.869,8.138,94483.49
2024-04-16,8.138,8.245,7.782,8.167,73737.69
2024-04-17,8.167,8.277,7.789,8.045,61383.31
2024-04-18,8.045,8.323,7.884,8.198,40390.31
2024-04-19,8.198,8.377,7.629,8.15,92374.3
2024-04-20,8.15,8.695,8.101,8.678,43886.54
2024-04-21,8.678,8.816,8.495,8.756,359683.0
2024-04-22,8.756,9.016,8.669,8.918,521334.36
2024-04-23,8.918,9.22,8.666,8.699,894898.92
2024-04-24,8.699,8.878,8.324,8.407,555789.57
2024-04-25,8.407,8.5,8.21,8.32,37550.22
2024-04-26,8.32,8.399,8.135,8.3,44896.05
2024-04-27,8.3,8.477,8.008,8.397,40727.8
2024-04-28,8.397,8.52,8.166,8.202,34367.39
2024-04-29,8.202,8.253,7.932,8.151,59127.62
2024-04-30,8.151,8.582,7.64,8.447,122899.64
2024-05-01,8.447,8.801,8.078,8.742,155551.15
2024-05-02,8.742,9.061,8.585,8.652,175159.57
2024-05-03,8.652,8.913,8.539,8.762,77145.68
2024-05-04,8.762,8.837,8.664,8.693,47183.08
2024-05-05,8.693,9.405,8.622,9.333,55911.41
2024-05-06,9.333,9.506,9.184,9.209,279343.78
2024-05-07,9.209,9.39,8.93,8.94,41635.36
2024-05-08,8.94,9.34,8.853,9.089,41147.54
2024-05-09,9.089,9.299,8.88,9.122,146347.37
2024-05-10,9.122,9.172,8.619,8.641,66621.62
2024-05-11,8.641,8.758,8.494,8.504,34490.99
2024-05-12,8.504,8.667,8.465,8.476,30462.11
2024-05-13,8.476,8.68,8.263,8.4,50415.53
2024-05-14,8.4,8.448,8.117,8.134,50912.21
2024-05-15,8.134,8.531,7.994,8.435,69969.91
2024-05-16,8.435,8.54,8.267,8.533,20395.36
2024-05-17,8.533,8.77,8.453,8.656,59585.28
2024-05-18,8.656,8.743,8.546,8.604,72424.04
2024-05-19,8.604,8.604,8.16,8.205,48701.14
2024-05-20,8.205,8.962,8.11,8.919,61019.84
2024-05-21,8.919,9.04,8.705,8.789,136446.83
2024-05-22,8.789,8.828,8.459,8.561,50218.21
2024-05-23,8.561,8.64,8.017,8.359,61986.5
2024-05-24,8.359,8.487,8.198,8.46,60721.4
2024-05-25,8.46,8.543,8.419,8.491,48765.73
2024-05-26,8.491,8.511,8.32,8.401,169109.58
2024-05-27,8.401,8.736,8.391,8.697,159186.39
2024-05-28,8.697,8.838,8.459,8.721,221467.64
2024-05-29,8.721,8.91,8.622,8.638,186070.61
2024-05-30,8.638,8.724,8.399,8.54,88650.27
2024-05-31,8.54,8.542,8.25,8.298,47819.35
2024-06-01,8.298,8.379,8.258,8.323,33415.06
2024-06-02,8.323,8.398,8.171,8.295,32998.24
2024-06-03,8.295,8.497,8.241,8.339,29207.26
2024-06-04,8.339,8.545,8.3,8.538,49000.8
2024-06-05,8.538,8.737,8.495,8.692,30907.12
2024-06-06,8.692,8.808,8.57,8.618,98157.08
2024-06-07,8.618,8.708,7.529,8.102,64035.43
2024-06-08,8.102,8.123,7.718,7.757,51443.61
2024-06-09,7.757,7.946,7.727,7.879,42086.19
2024-06-10,7.879,7.928,7.724,7.855,32680.66
2024-06-11,7.855,7.862,7.377,7.517,45971.74
2024-06-12,7.517,7.887,7.415,7.775,57903.32
2024-06-13,7.775,7.796,7.377,7.442,34364.65
2024-06-14,7.442,7.501,6.959,7.115,72778.25
2024-06-15,7.115,7.215,7.093,7.144,27928.37
2024-06-16,7.144,7.252,7.05,7.222,23348.96
2024-06-17,7.222,7.245,6.76,6.998,60089.32
2024-06-18,6.998,7.021,6.24,6.691,110782.61
2024-06-19,6.691,6.96,6.64,6.893,31418.89
2024-06-20,6.893,7.117,6.819,6.839,47515.32
2024-06-21,6.839,6.931,6.758,6.786,32285.73
2024-06-22,6.786,6.809,6.715,6.743,27583.59
2024-06-23,6.743,6.841,6.644,6.694,17419.34
2024-06-24,6.694,6.861,6.42,6.837,62281.96
2024-06-25,6.837,7.045,6.829,6.941,60437.42
2024-06-26,6.941,6.982,6.74,6.791,47449.06
2024-06-27,6.791,7.109,6.72,6.964,39396.8
2024-06-28,6.964,7.015,6.723,6.725,37418.54
2024-06-29,6.725,6.89,6.593,6.607,30769.94
2024-06-30,6.607,6.749,6.555,6.735,31105.37
2024-07-01,6.735,6.849,6.69,6.813,40361.56
2024-07-02,6.813,6.971,6.785,6.813,40546.12
2024-07-03,6.813,6.863,6.28,6.381,54581.44
2024-07-04,6.381,6.396,5.967,5.988,106261.06
2024-07-05,5.988,5.991,5.1,5.702,126368.11
2024-07-06,5.702,6.158,5.682,6.073,42076.65
2024-07-07,6.073,6.101,5.763,5.791,28387.79
2024-07-08,5.791,6.226,5.599,5.826,43185.66
2024-07-09,5.826,5.971,5.78,5.935,31867.7
2024-07-10,5.935,6.077,5.847,6.038,49145.9
2024-07-11,6.038,6.165,5.922,5.939,58638.86
2024-07-12,5.939,6.155,5.869,6.151,39417.16
2024-07-13,6.151,6.269,6.123,6.208,30318.42
2024-07-14,6.208,6.269,6.099,6.23,44472.63
2024-07-15,6.23,6.51,6.218,6.502,75560.87
2024-07-16,6.502,6.651,6.262,6.612,51452.12
2024-07-17,6.612,6.797,6.478,6.479,51152.75
2024-07-18,6.479,6.579,6.243,6.309,42312.32
2024-07-19,6.309,6.558,6.19,6.502,24513.88
2024-07-20,6.502,6.587,6.433,6.521,23537.05
2024-07-21,6.521,6.548,6.231,6.532,21854.63
2024-07-22,6.532,6.58,6.24,6.269,24778.54
2024-07-23,6.269,6.329,6.07,6.175,41099.55
2024-07-24,6.175,6.301,5.985,6.026,31220.17
2024-07-25,6.026,6.044,5.696,5.924,55384.53
2024-07-26,5.924,6.191,5.913,6.167,27939.77
2024-07-27,6.167,6.385,6.131,6.344,27663.81
2024-07-28,6.344,6.396,6.185,6.223,27894.77
2024-07-29,6.223,6.371,6.102,6.113,34444.27
2024-07-30,6.113,6.195,5.95,6.002,25801.22
2024-07-31,6.002,6.085,5.78,5.806,48787.77
2024-08-01,5.806,5.869,5.5,5.78,67667.88
2024-08-02,5.78,5.808,5.224,5.36,78119.88
2024-08-03,5.36,5.416,5.01,5.126,110848.73
2024-08-04,5.126,5.216,4.82,5.044,65374.11
2024-08-05,5.044,5.09,4.051,4.641,135756.61
2024-08-06,4.641,4.971,4.636,4.903,116090.5
2024-08-07,4.903,5.05,4.736,4.83,66416.82
2024-08-08,4.83,5.173,4.745,5.147,67645.26
2024-08-09,5.147,5.147,4.947,5.085,43244.85
2024-08-10,5.085,5.248,5.02,5.204,37692.82
2024-08-11,5.204,5.242,4.868,4.898,37185.79
2024-08-12,4.898,5.15,4.897,5.075,54458.95
2024-08-13,5.075,5.083,4.897,5.007,100082.12
2024-08-14,5.007,5.01,4.727,4.77,89291.02
2024-08-15,4.77,4.809,4.478,4.506,52119.74
2024-08-16,4.506,4.61,4.431,4.555,51942.47
2024-08-17,4.555,4.669,4.526,4.613,97731.54
2024-08-18,4.613,4.714,4.559,4.567,93222.73
2024-08-19,4.567,4.641,4.512,4.635,48774.74
2024-08-20,4.635,4.831,4.624,4.788,126069.86
2024-08-21,4.788,4.823,4.624,4.746,78395.13
2024-08-22,4.746,4.795,4.66,4.69,61442.5
2024-08-23,4.69,5.135,4.69,5.095,136531.56
2024-08-24,5.095,5.442,5.075,5.346,127900.56
2024-08-25,5.346,5.349,5.004,5.062,119621.62
2024-08-26,5.062,5.118,4.876,4.887,57730.59
2024-08-27,4.887,5.027,4.503,4.593,103681.39
2024-08-28,4.593,4.787,4.449,4.599,188597.64
2024-08-29,4.599,4.738,4.518,4.61,52719.66
2024-08-30,4.61,4.671,4.45,4.645,151012.07
2024-08-31,4.645,4.7,4.511,4.56,40344.29
2024-09-01,4.56,4.563,4.275,4.3,41125.7
2024-09-02,4.3,4.479,4.285,4.437,54243.06
2024-09-03,4.437,4.507,4.102,4.105,137593.11
2024-09-04,4.105,4.139,3.9,4.071,144501.5
2024-09-05,4.071,4.097,3.864,3.907,116400.21
2024-09-06,3.907,3.974,3.62,3.716,162387.43
2024-09-07,3.716,3.781,3.638,3.669,106676.33
2024-09-08,3.669,3.835,3.659,3.805,108276.71
2024-09-09,3.805,4.109,3.805,4.091,61303.39
2024-09-10,4.091,4.173,4.039,4.132,37774.75
2024-09-11,4.132,4.21,4.016,4.159,75540.59
2024-09-12,4.159,4.183,4.058,4.145,89048.54
2024-09-13,4.145,4.257,4.122,4.209,65281.12
2024-09-14,4.209,4.249,4.146,4.242,41567.54
2024-09-15,4.242,4.255,4.03,4.06,103398.99
2024-09-16,4.06,4.063,3.917,3.971,97661.62
2024-09-17,3.971,4.24,3.941,4.191,101681.75
2024-09-18,4.191,4.375,4.1,4.375,103248.17
2024-09-19,4.375,4.615,4.374,4.507,104728.58
2024-09-20,4.507,4.59,4.436,4.527,66719.63
2024-09-21,4.527,4.73,4.462,4.721,94508.62
2024-09-22,4.721,4.727,4.487,4.594,51293.08
2024-09-23,4.594,4.709,4.504,4.579,60703.46
2024-09-24,4.579,4.849,4.494,4.817,52636.55
2024-09-25,4.817,4.966,4.743,4.781,65205.97
2024-09-26,4.781,5.096,4.699,5.006,75305.16
2024-09-27,5.006,5.193,5.0,5.142,60368.4
2024-09-28,5.142,5.164,4.935,5.015,48018.84
2024-09-29,5.015,5.13,4.952,5.026,49299.03
2024-09-30,5.026,5.059,4.685,4.729,54215.01
2024-10-01,4.729,4.904,4.247,4.44,84350.47
2024-10-02,4.44,4.582,4.347,4.434,36368.39
2024-10-03,4.434,4.504,4.225,4.382,46914.8
2024-10-04,4.382,4.63,4.357,4.619,39678.76
2024-10-05,4.619,4.715,4.567,4.629,45555.14
2024-10-06,4.629,4.651,4.551,4.651,29694.79
2024-10-07,4.651,4.8,4.414,4.419,96992.7
2024-10-08,4.419,4.471,4.313,4.35,51156.03
2024-10-09,4.35,4.391,4.166,4.23,54913.13
2024-10-10,4.23,4.293,4.049,4.135,51425.72
2024-10-11,4.135,4.299,4.111,4.278,48581.15
2024-10-12,4.278,4.39,4.273,4.348,42657.41
2024-10-13,4.348,4.368,4.219,4.341,27883.02
2024-10-14,4.341,4.533,4.297,4.515,73362.07
2024-10-15,4.515,4.589,4.38,4.485,60817.57
2024-10-16,4.485,4.516,4.389,4.436,60547.3
2024-10-17,4.436,4.467,4.237,4.305,42122.4
2024-10-18,4.305,4.394,4.286,4.353,79815.73
2024-10-19,4.353,4.492,4.35,4.466,43786.23
2024-10-20,4.466,4.695,4.392,4.694,70879.15
2024-10-21,4.694,5.1,4.688,4.898,243404.67
2024-10-22,4.898,4.966,4.704,4.786,83907.81
2024-10-23,4.786,4.857,4.56,4.62,112214.93
2024-10-24,4.62,4.852,4.566,4.851,62130.1
2024-10-25,4.851,4.856,4.27,4.415,119536.78
2024-10-26,4.415,4.509,4.307,4.372,76732.82
2024-10-27,4.372,4.471,4.321,4.455,55103.15
2024-10-28,4.455,4.506,4.27,4.458,45642.7
2024-10-29,4.458,4.608,4.432,4.537,76441.97
2024-10-30,4.537,4.537,4.375,4.455,40825.22
2024-10-31,4.455,4.471,4.188,4.238,59429.74
2024-11-01,4.238,4.3,4.109,4.175,79844.29
2024-11-02,4.175,4.221,4.05,4.098,72632.78
2024-11-03,4.098,4.119,3.876,3.976,48668.48
2024-11-04,3.976,4.021,3.83,3.915,41749.03
2024-11-05,3.915,4.214,3.912,4.201,53599.31
2024-11-06,4.201,4.539,4.201,4.509,73374.77
2024-11-07,4.509,4.653,4.462,4.527,972785.29
2024-11-08,4.527,4.718,4.458,4.717,723575.42
2024-11-09,4.717,4.841,4.627,4.791,502371.1
2024-11-10,4.791,5.54,4.711,5.269,7584413.37
2024-11-11,5.269,5.685,5.159,5.664,1924981.53
2024-11-12,5.664,5.833,5.12,5.306,1263276.39
2024-11-13,5.306,5.361,4.839,5.121,921184.98
2024-11-14,5.121,5.306,4.874,4.954,249206.1
2024-11-15,4.954,5.3,4.825,5.26,308375.84
2024-11-16,5.26,6.204,5.245,6.12,315014.81
2024-11-17,6.12,6.655,5.58,5.691,899276.42
2024-11-18,5.691,6.602,5.67,6.466,309989.59
2024-11-19,6.466,6.826,6.137,6.259,820660.56
2024-11-20,6.259,6.638,6.07,6.196,466085.4
2024-11-21,6.196,6.5,5.997,6.42,512322.74
2024-11-22,6.42,7.623,6.33,7.548,1558318.68
2024-11-23,7.548,8.841,7.433,8.226,2224723.98
2024-11-24,8.226,9.571,8.058,8.752,2473003.75
2024-11-25,8.752,8.835,7.777,7.921,789938.38
2024-11-26,7.921,8.142,7.502,8.009,668701.57
2024-11-27,8.009,8.389,7.797,8.32,681548.63
2024-11-28,8.32,8.398,7.884,8.222,264329.94
2024-11-29,8.222,8.8,8.056,8.774,256941.74
2024-11-30,8.774,8.849,8.4,8.573,285074.64
2024-12-01,8.573,9.039,8.304,8.907,367070.35
2024-12-02,8.907,9.571,8.337,9.567,1615193.9
2024-12-03,9.567,10.022,8.892,9.591,1283031.68
2024-12-04,9.591,10.675,9.439,9.931,1729917.92
2024-12-05,9.931,10.074,9.342,9.58,1194285.75
2024-12-06,9.58,10.586,9.497,10.391,794912.3
2024-12-07,10.391,10.571,10.012,10.174,404928.01
2024-12-08,10.174,10.437,9.835,10.119,278392.27
2024-12-09,10.119,10.13,7.547,8.398,641794.15
2024-12-10,8.398,8.545,7.252,7.943,1173457.02
2024-12-11,7.943,8.922,7.596,8.82,427438.71
2024-12-12,8.82,9.293,8.613,8.947,630163.89
2024-12-13,8.947,9.46,8.736,9.197,540443.14
2024-12-14,9.197,9.35,8.651,8.967,276478.14
2024-12-15,8.967,9.303,8.685,9.1,181968.82
2024-12-16,9.1,9.3,8.641,8.887,358622.11
2024-12-17,8.887,8.98,8.397,8.543,406454.69
2024-12-18,8.543,8.667,7.624,7.656,573550.17
2024-12-19,7.656,7.706,6.618,6.814,943620.33
2024-12-20,6.814,7.098,5.828,6.913,1230852.08
2024-12-21,6.913,7.348,6.437,6.524,497247.3
2024-12-22,6.524,6.738,6.254,6.404,293796.68
2024-12-23,6.404,7.088,6.237,6.955,289702.86
2024-12-24,6.955,7.195,6.718,7.047,224292.42
2024-12-25,7.047,7.119,6.831,6.944,157023.94
2024-12-26,6.944,7.018,6.427,6.487,295533.44
2024-12-27,6.487,6.803,6.418,6.469,207569.53
2024-12-28,6.469,6.676,6.388,6.615,161103.89
2024-12-29,6.615,6.661,6.24,6.292,266936.79
2024-12-30,6.292,6.564,6.128,6.35,151790.46
2024-12-31,6.35,6.52,6.17,6.195,210996.5
2025-01-01,6.195,6.65,6.05,6.545,171335.39
2025-01-02,6.545,6.8,6.545,6.702,206121.84
2025-01-03,6.702,7.462,6.674,7.423,389334.13
2025-01-04,7.423,7.475,7.237,7.295,348610.02
2025-01-05,7.295,7.377,7.143,7.343,169687.63
2025-01-06,7.343,7.64,7.215,7.456,278324.71
2025-01-07,7.456,7.77,6.765,6.771,484937.58
2025-01-08,6.771,6.87,6.169,6.461,360727.73
2025-01-09,6.461,6.6,6.249,6.397,271184.19
2025-01-10,6.397,6.674,6.368,6.653,359320.88
2025-01-11,6.653,6.737,6.516,6.619,115067.76
2025-01-12,6.619,6.698,6.367,6.461,77046.06
2025-01-13,6.461,6.7,5.909,6.284,342320.23
2025-01-14,6.284,6.317,6.06,6.272,262882.23
2025-01-15,6.272,6.688,6.153,6.67,320010.16
2025-01-16,6.67,6.795,6.439,6.593,325074.56
2025-01-17,6.593,7.173,6.593,7.054,440510.21
2025-01-18,7.054,7.172,6.451,6.594,367927.55
2025-01-19,6.594,6.771,5.78,5.894,857879.18
2025-01-20,5.894,6.516,5.691,6.072,926841.04
2025-01-21,6.072,6.355,5.842,6.238,277414.17
2025-01-22,6.238,6.332,6.107,6.201,232318.08
2025-01-23,6.201,6.223,5.857,6.124,391280.11
2025-01-24,6.124,6.416,5.955,6.214,206818.47
2025-01-25,6.214,6.294,6.13,6.194,153873.86
2025-01-26,6.194,6.417,6.087,6.087,236232.17
2025-01-27,6.087,6.124,5.533,5.994,429036.04
2025-01-28,5.994,6.067,5.613,5.67,220330.31
2025-01-29,5.67,5.98,5.657,5.828,302473.35
2025-01-30,5.828,6.274,5.771,6.215,251802.37
2025-01-31,6.215,6.416,6.118,6.243,228459.82
2025-02-01,6.243,6.416,5.796,5.816,391263.7
2025-02-02,5.816,5.937,4.647,4.877,530952.18
2025-02-03,4.877,4.968,3.66,4.93,1755307.33
2025-02-04,4.93,4.978,4.404,4.69,403538.89
2025-02-05,4.69,4.841,4.63,4.672,426494.36
2025-02-06,4.672,4.735,4.358,4.412,276311.85
2025-02-07,4.412,4.675,4.254,4.374,406924.26
2025-02-08,4.374,4.591,4.324,4.571,182595.46
2025-02-09,4.571,4.785,4.389,4.57,250721.12
2025-02-10,4.57,4.839,4.436,4.819,194466.1
2025-02-11,4.819,4.982,4.635,4.704,238334.13
2025-02-12,4.704,5.105,4.534,5.069,454220.9
2025-02-13,5.069,5.149,4.928,4.99,262910.02
2025-02-14,4.99,5.087,4.866,4.909,329516.4
2025-02-15,4.909,5.042,4.794,4.831,177243.73
2025-02-16,4.831,4.876,4.73,4.765,113268.34
2025-02-17,4.765,4.946,4.709,4.816,168249.95
2025-02-18,4.816,4.897,4.443,4.572,779545.05
2025-02-19,4.572,4.707,4.489,4.689,905855.84
2025-02-20,4.689,4.976,4.668,4.924,1304568.56
2025-02-21,4.924,5.083,4.679,4.774,1500364.77
2025-02-22,4.774,5.029,4.743,4.965,1087918.38
2025-02-23,4.965,5.018,4.826,4.877,746254.54
2025-02-24,4.877,4.9,4.267,4.358,1638183.55
2025-02-25,4.358,4.548,4.109,4.455,2296110.13
2025-02-26,4.455,4.695,4.414,4.608,1622724.26
2025-02-27,4.608,4.782,4.474,4.573,1002396.16
2025-02-28,4.573,4.668,4.207,4.636,1819717.48
2025-03-01,4.636,4.662,4.422,4.494,652987.97
2025-03-02,4.494,4.929,4.409,4.908,1650835.9
2025-03-03,4.908,4.95,4.144,4.227,1780951.52
2025-03-04,4.227,4.254,3.888,4.161,2353932.72
2025-03-05,4.161,4.354,4.099,4.326,1082420.02
2025-03-06,4.326,4.438,4.231,4.256,938193.7
2025-03-07,4.256,4.444,4.07,4.262,1493382.21
2025-03-08,4.262,4.276,4.073,4.108,680364.75
2025-03-09,4.108,4.131,3.744,3.805,1196826.87
2025-03-10,3.805,4.041,3.572,3.58,1969577.33
2025-03-11,3.58,3.994,3.387,3.884,2225768.17
2025-03-12,3.884,3.975,3.753,3.887,1143993.0
2025-03-13,3.887,3.964,3.784,3.909,830106.61
2025-03-14,3.909,4.317,3.893,4.29,990211.92
2025-03-15,4.29,4.721,4.229,4.648,1462435.52
2025-03-16,4.648,4.757,4.5,4.613,1176094.79
2025-03-17,4.613,4.735,4.528,4.636,1067014.18
2025-03-18,4.636,4.833,4.529,4.722,1668794.44
2025-03-19,4.722,4.761,4.576,4.751,975733.35
2025-03-20,4.751,4.848,4.611,4.684,819429.57
2025-03-21,4.684,4.722,4.474,4.594,602762.6
2025-03-22,4.594,5.045,4.583,4.885,925317.44
2025-03-23,4.885,4.896,4.684,4.804,626115.48
2025-03-24,4.804,4.996,4.757,4.957,881856.71
2025-03-25,4.957,5.017,4.79,4.836,888597.83
2025-03-26,4.836,4.982,4.773,4.878,913615.93
2025-03-27,4.878,4.965,4.738,4.806,586510.54
2025-03-28,4.806,4.827,4.494,4.548,682782.04
2025-03-29,4.548,4.561,4.17,4.243,897993.26
2025-03-30,4.243,4.394,4.186,4.315,588727.51
2025-03-31,4.315,4.466,4.177,4.374,697137.58
2025-04-01,4.374,4.543,4.345,4.373,604345.97
2025-04-02,4.373,4.604,4.143,4.213,935763.98
2025-04-03,4.213,4.714,4.197,4.65,1019942.67
2025-04-04,4.65,5.089,4.616,4.99,2174786.4
2025-04-05,4.99,5.017,4.728,4.804,776710.16
2025-04-06,4.804,4.833,4.38,4.441,1287053.56
2025-04-07,4.441,4.581,4.041,4.331,2061711.82
2025-04-08,4.331,4.432,4.101,4.172,913284.36
2025-04-09,4.172,4.584,4.015,4.537,1266989.98
2025-04-10,4.537,4.543,4.227,4.337,816579.29
2025-04-11,4.337,4.418,4.202,4.245,852542.63
2025-04-12,4.245,4.398,4.162,4.353,854365.87
2025-04-13,4.353,4.391,4.054,4.147,809606.32
2025-04-14,4.147,4.278,4.062,4.132,733675.95
2025-04-15,4.132,4.184,3.972,3.979,643258.64
2025-04-16,3.979,4.096,3.925,4.021,637268.26
2025-04-17,4.021,4.195,3.99,4.112,764054.37
2025-04-18,4.112,4.225,4.071,4.122,398211.64
2025-04-19,4.122,4.252,4.122,4.211,392184.49
2025-04-20,4.211,4.264,4.104,4.148,433577.97
2025-04-21,4.148,4.294,4.048,4.062,771450.69
2025-04-22,4.062,4.338,3.979,4.311,1344460.04
2025-04-23,4.311,4.443,4.276,4.409,1136494.16
2025-04-24,4.409,4.615,4.281,4.55,926428.53
2025-04-25,4.55,4.63,4.423,4.543,727842.09
2025-04-26,4.543,4.733,4.543,4.588,934176.93
2025-04-27,4.588,4.625,4.363,4.379,1174215.51
2025-04-28,4.379,4.497,4.282,4.461,743768.81
2025-04-29,4.461,4.537,4.334,4.376,546352.64
2025-04-30,4.376,4.428,4.217,4.301,593447.04
2025-05-01,4.301,4.484,4.293,4.433,505101.73
2025-05-02,4.433,4.512,4.329,4.367,539776.42
2025-05-03,4.367,4.37,4.162,4.218,395787.86
2025-05-04,4.218,4.249,4.065,4.095,502165.68
2025-05-05,4.095,4.203,4.047,4.073,616553.77
2025-05-06,4.073,4.122,3.982,4.109,503831.66
2025-05-07,4.109,4.189,4.083,4.17,842124.9
2025-05-08,4.17,4.587,4.154,4.54,901840.97
2025-05-09,4.54,4.999,4.523,4.946,1777340.97
2025-05-10,4.946,5.393,4.856,5.385,1140306.22
2025-05-11,5.385,5.421,5.115,5.309,954300.67
2025-05-12,5.309,5.498,5.114,5.235,1214011.41
2025-05-13,5.235,5.363,5.0,5.263,1082633.91
2025-05-14,5.263,5.348,5.041,5.09,605720.03
2025-05-15,5.09,5.127,4.764,4.866,968364.32
2025-05-16,4.866,4.986,4.779,4.812,621015.29
2025-05-17,4.812,4.836,4.654,4.719,514003.46
2025-05-18,4.719,5.135,4.637,4.964,1463179.25
2025-05-19,4.964,5.004,4.582,4.779,754771.45
2025-05-20,4.779,4.885,4.657,4.849,603428.72
2025-05-21,4.849,5.067,4.779,4.973,780512.96
2025-05-22,4.973,5.229,4.97,5.219,705511.18
2025-05-23,5.219,5.344,4.77,4.792,1011551.03
2025-05-24,4.792,4.863,4.693,4.716,561955.3
2025-05-25,4.716,4.819,4.573,4.79,626299.14
2025-05-26,4.79,4.953,4.744,4.777,563031.76
2025-05-27,4.777,4.958,4.678,4.754,824489.47
2025-05-28,4.754,4.852,4.64,4.845,690556.54
2025-05-29,4.845,4.918,4.598,4.613,577726.14
2025-05-30,4.613,4.639,4.235,4.291,919876.71
2025-05-31,4.291,4.392,4.176,4.349,593099.04
2025-06-01,4.349,4.386,4.256,4.366,309493.0
2025-06-02,4.366,4.491,4.257,4.468,432424.57
2025-06-03,4.468,4.531,4.372,4.416,518395.1
2025-06-04,4.416,4.469,4.241,4.267,483438.17
2025-06-05,4.267,4.352,4.028,4.08,690455.51
2025-06-06,4.08,4.294,4.065,4.174,498254.46
2025-06-07,4.174,4.329,4.171,4.308,297530.16
2025-06-08,4.308,4.327,4.201,4.27,414366.08
2025-06-09,4.27,4.447,4.207,4.432,494587.06
2025-06-10,4.432,4.626,4.378,4.602,778777.61
2025-06-11,4.602,4.628,4.454,4.509,731340.85
2025-06-12,4.509,4.519,4.214,4.214,616966.79
2025-06-13,4.214,4.216,4.001,4.131,983593.87
2025-06-14,4.131,4.159,4.019,4.086,366995.9
2025-06-15,4.086,4.132,4.008,4.092,347576.71
2025-06-16,4.092,4.297,4.061,4.14,482567.41
2025-06-17,4.14,4.2,3.971,4.022,542621.38
2025-06-18,4.022,4.077,3.919,4.014,497268.48
2025-06-19,4.014,4.074,3.958,4.039,452299.97
2025-06-20,4.039,4.083,3.828,3.927,795595.63
2025-06-21,3.927,3.991,3.692,3.793,831280.67
2025-06-22,3.793,3.847,3.55,3.719,2107653.77
2025-06-23,3.719,4.097,3.708,4.073,962659.04
2025-06-24,4.073,4.139,3.992,4.076,1024520.63
2025-06-25,4.076,4.082,3.977,4.0,905011.02
2025-06-26,4.0,4.066,3.888,3.891,679883.21
2025-06-27,3.891,3.949,3.846,3.927,564623.46
2025-06-28,3.927,4.031,3.917,3.994,494986.82
2025-06-29,3.994,4.233,3.963,4.204,604088.81
2025-06-30,4.204,4.238,4.056,4.094,683915.1
2025-07-01,4.094,4.111,3.912,3.93,510477.29
2025-07-02,3.93,4.252,3.902,4.175,855107.32
2025-07-03,4.175,4.265,4.155,4.183,749840.78
2025-07-04,4.183,4.2,3.952,4.0,639746.06
2025-07-05,4.0,4.034,3.944,4.012,348312.32
2025-07-06,4.012,4.14,3.977,4.08,496900.67
2025-07-07,4.08,4.114,4.012,4.048,446853.69
2025-07-08,4.048,4.178,3.997,4.125,500606.89
2025-07-09,4.125,4.364,4.093,4.313,1062814.81
2025-07-10,4.313,4.629,4.287,4.617,1157683.64
2025-07-11,4.617,4.8,4.549,4.641,1985790.04
2025-07-12,4.641,4.732,4.493,4.58,784824.88
2025-07-13,4.58,4.758,4.564,4.68,732342.52
2025-07-14,4.68,4.854,4.488,4.556,1290997.61
2025-07-15,4.556,4.721,4.431,4.668,1298884.27
2025-07-16,4.668,4.88,4.605,4.744,1222067.51
2025-07-17,4.744,4.902,4.636,4.856,1452668.23
2025-07-18,4.856,5.156,4.781,4.856,2049196.71
2025-07-19,4.856,5.047,4.753,5.016,1025421.17
2025-07-20,5.016,5.282,4.982,5.174,1368857.56
2025-07-21,5.174,5.317,5.061,5.187,1482363.65
2025-07-22,5.187,5.21,4.921,5.109,1291882.52
2025-07-23,5.109,5.137,4.56,4.703,1755624.46
2025-07-24,4.703,4.803,4.459,4.625,1327304.83
2025-07-25,4.625,4.738,4.5,4.71,1220795.78
2025-07-26,4.71,4.838,4.667,4.765,576199.85
2025-07-27,4.765,4.89,4.736,4.873,575984.67
2025-07-28,4.873,4.951,4.608,4.642,1271112.55
2025-07-29,4.642,4.771,4.519,4.616,1439729.14
2025-07-30,4.616,4.617,4.248,4.417,2007349.49
2025-07-31,4.417,4.516,4.186,4.209,1415427.38
2025-08-01,4.209,4.263,4.04,4.141,1922231.59
2025-08-02,4.141,4.197,4.008,4.092,1017662.49
2025-08-03,4.092,4.285,4.036,4.272,728500.62
2025-08-04,4.272,4.339,4.23,4.31,922440.4
2025-08-05,4.31,4.319,4.137,4.23,1146435.54
2025-08-06,4.23,4.342,4.13,4.32,895382.64
2025-08-07,4.32,4.474,4.29,4.47,810820.63
2025-08-08,4.47,4.664,4.396,4.604,1934902.47
2025-08-09,4.604,4.791,4.604,4.73,1129980.27
2025-08-10,4.73,4.803,4.571,4.661,878224.78
2025-08-11,4.661,4.776,4.45,4.486,1258204.75
2025-08-12,4.486,4.793,4.464,4.707,1179544.13
2025-08-13,4.707,4.892,4.656,4.854,1526104.71
2025-08-14,4.854,4.917,4.432,4.521,1812319.49
2025-08-15,4.521,4.629,4.332,4.46,1185557.75
2025-08-16,4.46,4.604,4.447,4.572,651382.37
2025-08-17,4.572,4.758,4.541,4.622,822719.67
2025-08-18,4.622,4.627,4.379,4.464,1034421.73
2025-08-19,4.464,4.51,4.277,4.292,1001099.39
2025-08-20,4.292,4.507,4.266,4.472,748005.79
2025-08-21,4.472,4.518,4.4,4.429,882141.24
2025-08-22,4.429,4.856,4.296,4.819,2099498.51
2025-08-23,4.819,4.933,4.673,4.89,1466728.48
2025-08-24,4.89,4.971,4.653,4.79,1394312.02
2025-08-25,4.79,4.851,4.389,4.414,2270817.58
2025-08-26,4.414,4.583,4.388,4.526,1257668.23
2025-08-27,4.526,4.599,4.473,4.492,821534.76
2025-08-28,4.492,4.807,4.461,4.782,1016453.84
2025-08-29,4.782,4.809,4.426,4.483,1352330.51
2025-08-30,4.483,4.559,4.419,4.504,569317.73
2025-08-31,4.504,4.618,4.461,4.466,537089.7
2025-09-01,4.466,4.597,4.322,4.395,1164161.33
2025-09-02,4.395,4.471,4.35,4.431,680053.16
2025-09-03,4.431,4.565,4.403,4.521,473806.75
2025-09-04,4.521,4.54,4.338,4.386,542967.66
2025-09-05,4.386,4.556,4.365,4.441,784959.18
2025-09-06,4.441,4.458,4.36,4.41,286108.37
2025-09-07,4.41,4.51,4.408,4.485,394185.09
2025-09-08,4.485,4.598,4.475,4.539,516918.58
2025-09-09,4.539,4.678,4.489,4.59,628458.59
2025-09-10,4.59,4.716,4.557,4.68,444771.89
2025-09-11,4.68,4.704,4.59,4.692,249019.11
2025-09-12,4.692,4.754,4.601,4.748,290758.49
2025-09-13,4.748,4.887,4.732,4.823,416269.29
2025-09-14,4.823,4.828,4.611,4.635,259407.58
2025-09-15,4.635,4.676,4.455,4.509,380255.57
2025-09-16,4.509,4.574,4.418,4.546,343658.48
2025-09-17,4.546,4.639,4.452,4.614,343024.11
2025-09-18,4.614,4.704,4.556,4.672,328319.64
2025-09-19,4.672,4.75,4.451,4.477,369419.07
2025-09-20,4.477,4.499,4.421,4.453,211619.77
2025-09-21,4.453,4.511,4.399,4.4,329107.2
2025-09-22,4.4,4.423,4.026,4.16,683731.96
2025-09-23,4.16,4.222,4.098,4.127,268210.37
2025-09-24,4.127,4.228,4.072,4.152,278828.83
2025-09-25,4.152,4.163,3.942,4.012,462016.24
2025-09-26,4.012,4.183,3.965,4.115,315612.04
2025-09-27,4.115,4.161,4.056,4.112,213460.32
2025-09-28,4.112,4.187,4.023,4.182,231729.48
2025-09-29,4.182,4.185,4.009,4.113,317192.56
2025-09-30,4.113,4.113,3.976,4.101,274070.45
2025-10-01,4.101,4.256,4.064,4.137,899191.59
2025-10-02,4.137,4.32,4.129,4.314,638058.39
2025-10-03,4.314,4.352,4.194,4.278,467185.16
2025-10-04,4.278,4.294,4.088,4.136,299728.76
2025-10-05,4.136,4.306,4.113,4.147,419596.64
2025-10-06,4.147,4.307,4.109,4.272,459310.22
2025-10-07,4.272,4.297,4.04,4.057,568914.01
2025-10-08,4.057,4.205,4.01,4.173,294191.86
2025-10-09,4.173,4.186,3.987,4.056,418354.68
2025-10-10,4.056,4.188,1.57,2.945,2300503.46
2025-10-11,2.945,3.297,2.856,3.139,1778734.23
2025-10-12,3.139,3.551,3.036,3.483,825295.14
2025-10-13,3.483,3.665,3.444,3.646,709227.25
2025-10-14,3.646,3.668,3.294,3.471,799555.49
2025-10-15,3.471,3.52,3.281,3.334,495350.51
2025-10-16,3.334,3.42,3.199,3.257,602032.44
2025-10-17,3.257,3.307,3.017,3.151,624775.72
2025-10-18,3.151,3.234,3.142,3.184,237344.05
2025-10-19,3.184,3.287,3.116,3.229,358117.5
2025-10-20,3.229,3.327,3.179,3.274,379603.18
2025-10-21,3.274,3.373,3.169,3.188,492722.06
2025-10-22,3.188,3.226,3.03,3.115,387406.78
2025-10-23,3.115,3.236,3.108,3.183,312961.17
2025-10-24,3.183,3.229,3.127,3.186,405882.4
2025-10-25,3.186,3.197,3.135,3.15,200193.67
2025-10-26,3.15,3.284,3.118,3.254,326419.87
2025-10-27,3.254,3.285,3.159,3.179,377727.01
2025-10-28,3.179,3.214,3.034,3.099,439938.98
2025-10-29,3.099,3.178,3.036,3.096,362332.44
2025-10-30,3.096,3.154,2.854,2.951,538337.11
2025-10-31,2.951,3.033,2.936,2.962,434531.79
2025-11-01,2.962,3.047,2.945,3.029,296444.47
2025-11-02,3.029,3.078,2.952,3.054,386264.22
2025-11-03,3.054,3.064,2.47,2.506,1535167.83
2025-11-04,2.506,2.641,2.347,2.506,1316723.37
