timestamp,open,high,low,close,volume
2019-01-01,148.26,164.91,147.04,161.92,27199.5429
2019-01-02,161.92,171.27,159.01,168.78,25849.4217
2019-01-03,168.78,173.65,155.4,158.67,26371.4374
2019-01-04,158.67,162.45,151.44,157.99,26558.2017
2019-01-05,157.99,163.19,154.37,156.89,27099.8018
2019-01-06,156.89,164.65,155.45,162.22,25631.4364
2019-01-07,162.22,164.61,157.15,158.49,28035.9194
2019-01-08,158.49,161.13,155.31,158.25,29648.2669
2019-01-09,158.25,159.17,155.11,157.14,28005.9105
2019-01-10,157.14,162.16,128.04,131.08,32116.41387
2019-01-11,131.08,131.58,125.29,128.15,27598.34392
2019-01-12,128.15,135.67,127.57,131.45,22851.95654
2019-01-13,131.45,133.1,120.25,123.49,23731.36549
2019-01-14,123.49,134.69,121.26,130.613,22266.20608
2019-01-15,130.613,131.334,123.49,125.49,21829.2172
2019-01-16,125.49,129.338,125.139,126.792,30742.79137
2019-01-17,126.792,130.174,124.037,128.698,33695.84078
2019-01-18,128.698,129.01,124.367,126.22,27735.47393
2019-01-19,126.22,130.29,125.659,128.068,26930.728
2019-01-20,128.068,128.925,119.727,121.69,27955.00561
2019-01-21,121.69,122.93,120.05,121.23,25366.4438
2019-01-22,121.23,131.059,116.055,127.057,29176.16192
2019-01-23,127.057,134.63,126.24,131.21,32519.58771
2019-01-24,131.21,131.21,125.83,128.15,29724.56491
2019-01-25,128.15,128.32,125.0,126.845,25514.11407
2019-01-26,126.845,128.253,125.36,125.537,24781.1417
2019-01-27,125.537,126.38,118.34,121.409,26034.62688
2019-01-28,121.409,121.409,105.102,111.1,28160.57924
2019-01-29,111.1,112.252,105.912,109.62,27620.33336
2019-01-30,109.62,120.119,107.762,116.95,27218.21261
2019-01-31,116.95,120.4,112.8,113.49,27183.64153
2019-02-01,113.49,118.539,110.73,115.326,25784.86175
2019-02-02,115.326,122.282,114.967,121.19,25965.43111
2019-02-03,121.19,121.599,116.579,118.72,25587.99105
2019-02-04,118.72,120.881,117.497,118.98,25102.17687
2019-02-05,118.98,119.93,116.83,117.18,24377.43036
2019-02-06,117.18,122.702,111.324,114.64,25854.22759
2019-02-07,114.64,117.44,113.75,115.28,25669.1507
2019-02-08,115.28,131.86,114.16,129.3,26583.89432
2019-02-09,129.3,130.227,125.64,128.19,25945.25326
2019-02-10,128.19,128.711,121.4,126.71,25606.9079
2019-02-11,126.71,126.94,120.5,122.212,25761.05188
2019-02-12,122.212,123.51,118.388,122.496,23337.95734
2019-02-13,122.496,126.814,120.468,122.062,23032.40758
2019-02-14,122.062,124.12,119.99,120.88,23183.97364
2019-02-15,120.88,123.646,120.37,121.317,22399.27074
2019-02-16,121.317,122.92,121.083,121.59,22629.1042
2019-02-17,121.59,125.08,120.53,124.13,22082.63265
2019-02-18,124.13,148.426,123.95,143.532,25697.19081
2019-02-19,143.532,150.94,140.862,141.775,25302.31388
2019-02-20,141.775,147.917,138.093,146.821,23701.22866
2019-02-21,146.821,147.17,139.12,141.69,22301.26325
2019-02-22,141.69,145.06,140.21,143.19,21897.51288
2019-02-23,143.19,154.01,140.048,154.003,21886.28958
2019-02-24,154.003,157.3,126.542,126.999,22913.57926
2019-02-25,126.999,138.05,126.678,133.3,20176.48409
2019-02-26,133.3,137.45,130.959,132.25,17064.5228
2019-02-27,132.25,133.65,126.272,131.0,16698.81685
2019-02-28,131.0,132.99,128.7,130.083,19079.99568
2019-03-01,130.083,133.12,129.919,131.405,17838.6596
2019-03-02,131.405,131.95,127.97,130.43,17957.8087
2019-03-03,130.43,131.661,128.69,129.48,17309.57768
2019-03-04,129.48,130.556,120.75,123.23,19913.77025
2019-03-05,123.23,133.152,122.6,132.1,19689.97573
2019-03-06,132.1,133.11,128.898,131.241,19117.71511
2019-03-07,131.241,133.37,129.92,130.54,18725.87382
2019-03-08,130.54,132.003,126.09,127.7,18511.49138
2019-03-09,127.708,136.23,127.25,133.529,19724.59566
2019-03-10,133.48,133.79,129.9,131.181,16210.34939
2019-03-11,131.132,131.66,126.59,128.707,44668.03766
2019-03-12,127.07,129.612,125.816,129.12,53178.44323
2019-03-13,129.12,129.18,126.34,127.786,64320.94452
2019-03-14,127.786,134.902,127.53,132.33,64871.97477
2019-03-15,132.33,146.18,132.1,143.23,66066.42234
2019-03-16,143.23,161.43,143.23,155.898,65456.13041
2019-03-17,155.898,157.58,146.668,154.297,62198.77449
2019-03-18,154.297,166.28,153.855,161.035,32386.93495
2019-03-19,161.035,161.61,155.19,160.106,21616.52481
2019-03-20,160.106,160.12,154.361,158.72,10549.08275
2019-03-21,158.72,159.46,147.659,152.74,5914.4145
2019-03-22,152.74,159.282,151.504,157.499,24273.76358
2019-03-23,157.499,168.812,155.913,166.554,37272.73415
2019-03-24,166.554,166.554,161.176,164.08,39808.89753
2019-03-25,164.08,165.1,155.748,159.71,41011.22304
2019-03-26,159.71,160.85,153.03,159.29,43991.73526
2019-03-27,159.29,173.56,158.42,170.85,44428.71727
2019-03-28,170.85,170.87,166.005,167.95,42857.95979
2019-03-29,167.95,171.392,167.615,170.22,44236.57611
2019-03-30,170.22,171.58,164.802,166.916,51285.58738
2019-03-31,166.915,169.168,165.166,168.924,57049.74754
2019-04-01,168.924,169.714,166.777,167.112,52838.81209
2019-04-02,167.112,246.287,167.083,240.389,68582.34468
2019-04-03,240.389,346.082,240.249,298.552,52705.66007
2019-04-04,298.552,319.575,273.34,285.303,28107.27524
2019-04-05,285.303,298.22,281.053,291.519,14411.68567
2019-04-06,291.519,326.335,284.077,305.417,14358.96721
2019-04-07,305.417,324.86,299.028,318.532,14726.22442
2019-04-08,318.533,326.531,291.601,306.837,24693.30053
2019-04-09,306.89,306.92,288.804,293.405,21056.0525
2019-04-10,293.405,312.028,293.173,304.51,18608.86427
2019-04-11,304.51,304.847,253.333,270.258,14888.29896
2019-04-12,270.252,286.04,257.737,280.42,14242.52242
2019-04-13,280.42,284.457,270.64,277.043,23276.33957
2019-04-14,276.965,288.913,272.322,287.58,19129.70547
2019-04-15,287.58,330.057,286.549,312.299,21690.07531
2019-04-16,312.299,323.828,302.186,315.117,33145.37559
2019-04-17,315.117,319.939,303.548,308.597,23454.65161
2019-04-18,308.597,312.942,302.795,305.12,16837.65969
2019-04-19,305.12,310.979,291.132,305.067,25691.9167
2019-04-20,305.067,308.053,292.726,298.26,21891.98351
2019-04-21,298.26,301.408,277.014,288.088,27651.00884
2019-04-22,288.088,294.605,284.568,290.962,27628.43499
2019-04-23,290.962,310.356,285.712,286.69,39715.61042
2019-04-24,286.69,289.822,267.312,277.18,62421.22026
2019-04-25,277.18,282.832,265.23,268.203,51035.01288
2019-04-26,268.203,281.614,257.761,266.846,55463.40196
2019-04-27,266.846,269.7,261.633,265.695,41095.48376
2019-04-28,265.694,268.621,252.195,256.727,36616.83534
2019-04-29,256.727,256.727,232.467,238.192,31657.08934
2019-04-30,238.192,267.338,235.375,267.28,37378.12391
2019-05-01,267.28,277.806,264.66,271.336,36419.32896
2019-05-02,271.336,280.442,267.037,269.615,34311.0805
2019-05-03,269.615,298.885,267.787,293.165,51747.32295
2019-05-04,293.165,314.542,271.285,290.492,76021.68472
2019-05-05,290.492,301.63,285.768,293.27,66038.98347
2019-05-06,293.27,296.777,276.439,288.24,40621.48423
2019-05-07,288.24,300.0,284.702,285.689,53124.47706
2019-05-08,285.688,289.035,275.75,286.298,47730.09988
2019-05-09,286.298,294.022,277.89,284.292,24127.67402
2019-05-10,284.292,295.501,278.251,287.092,48449.98796
2019-05-11,287.092,383.124,287.069,355.598,81336.25593
2019-05-12,355.598,376.922,332.838,355.924,102375.99992
2019-05-13,355.924,404.397,349.167,383.957,82299.12768
2019-05-14,383.957,408.612,366.089,390.465,103888.72443
2019-05-15,390.465,409.372,368.191,402.267,78197.67168
2019-05-16,402.267,446.79,381.272,397.097,82504.95909
2019-05-17,397.097,409.56,335.688,365.261,102761.23142
2019-05-18,365.261,371.319,347.712,354.755,103591.20779
2019-05-19,354.755,426.233,354.534,413.962,95464.99317
2019-05-20,413.962,418.991,377.923,409.484,97340.68452
2019-05-21,409.484,444.506,396.776,412.445,90886.94946
2019-05-22,412.445,419.37,380.489,388.006,93682.56578
2019-05-23,388.006,407.502,368.755,404.292,96482.10852
2019-05-24,404.292,418.979,393.628,406.87,91905.79908
2019-05-25,406.87,412.426,395.904,402.416,89168.97625
2019-05-26,402.416,434.483,387.774,426.597,88705.16811
2019-05-27,426.597,455.952,419.509,438.874,83281.51852
2019-05-28,438.874,443.357,424.728,435.033,85249.9333
2019-05-29,435.033,465.336,419.583,455.382,86603.9775
2019-05-30,455.382,481.478,405.695,421.775,84249.52508
2019-05-31,421.775,445.822,413.817,444.57,66998.36182
2019-06-01,444.57,449.767,427.697,432.053,62572.50236
2019-06-02,432.053,449.466,430.838,441.021,60603.67105
2019-06-03,441.021,447.287,396.993,403.552,64988.72008
2019-06-04,403.552,405.707,364.788,382.917,45328.34651
2019-06-05,382.917,414.72,378.582,396.502,43239.08384
2019-06-06,396.502,400.154,370.231,396.962,62771.7691
2019-06-07,396.962,409.89,390.267,399.452,64968.11624
2019-06-08,399.452,404.65,386.136,392.786,66503.33891
2019-06-09,392.786,396.781,372.267,381.188,69755.50432
2019-06-10,381.188,399.331,374.398,393.334,69368.94755
2019-06-11,393.334,396.995,379.431,386.742,66339.80239
2019-06-12,386.742,400.012,382.94,396.045,61553.1582
2019-06-13,396.045,424.286,394.342,411.808,65078.94557
2019-06-14,407.763,420.546,398.546,419.645,42091.54933
2019-06-15,419.645,424.601,410.687,420.936,60213.86364
2019-06-16,420.936,437.688,416.304,425.418,63420.66173
2019-06-17,425.418,436.289,423.376,429.695,62479.72655
2019-06-18,429.695,429.695,402.259,412.883,65029.83066
2019-06-19,412.883,419.898,407.606,414.803,64941.41766
2019-06-20,407.827,415.355,406.545,411.659,19464.14891
2019-06-21,411.659,442.491,411.659,440.934,63675.44298
2019-06-22,440.934,549.629,435.054,485.875,61759.9113
2019-06-23,485.875,507.333,474.636,480.08,57499.5705
2019-06-24,480.08,481.765,465.149,481.647,57418.68072
2019-06-25,481.647,488.046,467.834,480.49,56938.7918
2019-06-26,480.49,526.635,461.237,494.263,139766.51148
2019-06-27,494.263,501.418,392.769,419.569,158928.29119
2019-06-28,419.569,444.474,405.957,436.994,149902.24555
2019-06-29,436.994,444.718,417.282,440.781,138316.26785
2019-06-30,440.781,448.611,400.004,402.593,133417.86918
2019-07-01,402.593,422.506,390.018,418.75,146539.69927
2019-07-02,418.75,424.387,383.727,408.565,151126.38483
2019-07-03,408.565,422.192,404.874,421.559,141522.98671
2019-07-04,421.559,422.039,398.433,400.005,152594.13568
2019-07-05,400.005,408.416,392.071,399.186,162752.38398
2019-07-06,399.186,417.04,397.952,406.228,134321.15605
2019-07-07,406.228,413.151,396.97,410.127,89692.20177
2019-07-08,410.127,418.866,404.039,417.13,133948.52731
2019-07-09,417.13,428.229,409.507,414.34,152673.30119
2019-07-10,414.34,422.423,378.735,389.528,158820.82289
2019-07-11,389.528,389.758,315.594,345.556,173526.75519
2019-07-12,345.556,364.999,336.527,354.978,170124.76281
2019-07-13,354.98,354.983,330.754,343.725,173842.98741
2019-07-14,343.727,345.93,273.804,281.287,152569.47435
2019-07-15,281.297,325.004,243.989,312.464,163999.49452
2019-07-16,312.465,317.432,267.247,296.008,201318.91021
2019-07-17,296.01,310.0,273.058,291.941,209900.74114
2019-07-18,291.945,322.822,283.645,313.9,182962.01644
2019-07-19,313.904,315.001,294.732,307.567,166879.94701
2019-07-20,307.568,342.937,304.794,324.391,161796.585
2019-07-21,324.228,332.271,310.388,321.131,159314.29175
2019-07-22,321.128,324.55,301.0,310.609,137968.4807
2019-07-23,310.605,315.429,291.714,297.731,154212.28681
2019-07-24,297.731,308.0,282.152,302.37,140134.0099
2019-07-25,302.366,312.002,294.05,302.396,145997.77792
2019-07-26,302.389,324.543,294.897,317.524,124379.5877
2019-07-27,317.294,324.359,298.474,305.621,124760.84074
2019-07-28,305.622,312.834,291.184,310.335,123511.88998
2019-07-29,310.537,314.926,301.951,305.83,109625.8816
2019-07-30,305.83,324.489,303.075,318.133,140130.20715
2019-07-31,318.134,337.001,317.491,328.723,145894.47348
2019-08-01,328.723,330.314,318.251,328.928,89880.79587
2019-08-02,328.928,334.176,319.804,327.743,138533.57104
2019-08-03,327.743,348.89,326.12,335.532,126452.7402
2019-08-04,335.532,338.519,328.869,335.163,102925.55275
2019-08-05,335.163,355.308,335.163,347.556,93837.65068
2019-08-06,347.556,354.963,330.528,335.819,145147.45113
2019-08-07,335.819,346.691,331.087,338.388,147918.95785
2019-08-08,338.388,339.614,326.363,333.684,146740.18468
2019-08-09,333.684,334.833,308.322,315.245,150679.23224
2019-08-10,315.245,324.258,304.882,316.116,151469.28268
2019-08-11,316.116,344.853,313.003,338.736,150680.47308
2019-08-12,338.736,340.312,327.771,330.021,149230.54509
2019-08-13,330.021,352.841,327.462,348.59,155634.58702
2019-08-14,348.59,359.543,306.377,311.816,163474.76595
2019-08-15,311.816,341.898,267.685,314.192,165544.06445
2019-08-16,314.192,316.005,298.443,308.82,156099.13247
2019-08-17,308.82,312.305,300.222,306.688,146117.38959
2019-08-18,306.688,324.861,302.354,316.91,149829.08572
2019-08-19,316.91,328.46,313.057,324.932,149543.24487
2019-08-20,324.932,325.842,311.605,315.567,146042.32148
2019-08-21,315.567,316.29,288.946,304.717,193189.64802
2019-08-22,304.717,315.691,293.81,311.931,166606.5957
2019-08-23,311.931,318.461,304.959,315.667,160503.05419
2019-08-24,315.667,316.141,298.825,305.319,172259.17469
2019-08-25,305.319,312.141,300.967,305.592,137484.50535
2019-08-26,305.592,314.998,304.689,311.274,274133.65114
2019-08-27,311.274,313.322,303.569,308.585,197769.42936
2019-08-28,308.585,309.885,285.002,292.014,248072.42606
2019-08-29,292.014,292.018,275.65,279.881,454486.10358
2019-08-30,279.881,284.207,270.321,278.851,293622.834
2019-08-31,278.851,284.666,270.985,279.002,274294.53213
2019-09-01,279.002,283.139,273.152,280.752,257106.56448
2019-09-02,280.752,295.005,279.135,292.66,326503.28876
2019-09-03,292.66,306.273,292.287,300.064,360111.56069
2019-09-04,300.064,301.422,292.183,293.958,231495.1808
2019-09-05,293.958,295.807,285.107,292.651,195441.16568
2019-09-06,292.651,301.57,280.111,286.594,361394.21259
2019-09-07,286.594,305.0,283.92,299.699,323458.88132
2019-09-08,299.699,310.512,294.437,306.562,349618.18961
2019-09-09,306.562,312.379,297.821,304.191,329577.46495
2019-09-10,304.191,310.779,299.121,304.375,183718.95906
2019-09-11,304.375,307.357,291.839,299.151,209942.95625
2019-09-12,299.151,301.87,294.621,300.034,245901.99234
2019-09-13,300.034,300.346,294.463,297.889,173349.13146
2019-09-14,297.889,306.85,295.491,304.234,202670.06229
2019-09-15,304.234,306.844,301.457,303.122,281889.26793
2019-09-16,303.122,309.223,299.991,307.506,205003.39961
2019-09-17,307.506,327.509,304.77,318.265,203141.14453
2019-09-18,318.265,332.789,318.265,323.517,350861.29181
2019-09-19,323.517,323.975,305.573,322.609,366429.17811
2019-09-20,322.609,324.788,308.61,315.178,262694.34108
2019-09-21,315.178,318.084,309.637,311.868,168129.08852
2019-09-22,311.868,311.983,302.161,306.542,209113.10457
2019-09-23,306.542,307.919,290.843,292.011,235949.09552
2019-09-24,292.011,293.379,204.267,217.922,320803.03197
2019-09-25,217.922,234.475,216.638,226.978,639246.09161
2019-09-26,226.978,227.288,204.119,213.907,290128.7794
2019-09-27,213.907,223.049,208.042,220.04,384034.71717
2019-09-28,220.04,229.67,217.437,227.002,287716.26256
2019-09-29,227.002,227.132,211.704,218.042,286501.14295
2019-09-30,218.042,230.176,212.308,227.081,337004.4393
2019-10-01,227.081,235.676,218.559,222.493,341104.85493
2019-10-02,222.493,225.412,220.065,224.707,274722.23407
2019-10-03,224.707,225.265,216.675,221.935,231663.66883
2019-10-04,221.935,225.13,218.001,221.325,244047.99198
2019-10-05,221.325,223.434,218.109,222.693,246969.09682
2019-10-06,222.693,223.083,215.711,220.141,217371.4122
2019-10-07,220.141,237.589,218.272,232.722,268842.3174
2019-10-08,232.722,239.068,227.385,231.636,276784.38297
2019-10-09,231.636,241.242,228.202,238.292,292397.56192
2019-10-10,238.292,239.712,228.751,229.458,238750.78045
2019-10-11,229.458,234.752,218.743,220.41,239955.59854
2019-10-12,220.41,227.988,220.41,224.162,192415.00776
2019-10-13,224.162,228.296,221.222,222.979,134457.13135
2019-10-14,222.979,230.202,222.549,227.956,131455.79386
2019-10-15,227.956,228.769,218.0,222.099,152215.90481
2019-10-16,222.099,225.439,213.772,216.813,177757.47744
2019-10-17,216.813,220.936,213.713,220.124,153556.00845
2019-10-18,220.124,220.5,208.888,211.758,191327.4441
2019-10-19,211.758,215.941,210.439,212.966,134759.95847
2019-10-20,212.966,226.67,210.716,224.49,170904.35698
2019-10-21,224.49,235.995,223.071,232.456,173113.4639
2019-10-22,232.456,234.01,225.496,226.867,224908.79107
2019-10-23,226.867,227.669,199.003,210.139,251064.02901
2019-10-24,210.139,217.468,206.0,211.954,211864.07873
2019-10-25,211.954,272.783,211.557,259.215,302734.78653
2019-10-26,259.215,281.436,242.04,252.499,395859.60964
2019-10-27,252.499,268.343,245.301,260.266,273223.97481
2019-10-28,260.266,275.094,258.002,263.898,277020.42433
2019-10-29,263.898,298.115,263.593,289.261,290111.57108
2019-10-30,289.261,306.378,283.058,288.782,259049.63003
2019-10-31,288.782,293.187,270.004,282.752,206137.53449
2019-11-01,282.752,283.074,270.503,278.239,189899.74956
2019-11-02,278.239,295.848,277.73,289.543,186786.68408
2019-11-03,289.543,303.857,282.453,291.263,225130.27323
2019-11-04,291.263,294.583,284.413,290.126,222587.68486
2019-11-05,290.126,298.344,286.33,292.597,175415.22893
2019-11-06,292.597,307.367,290.803,305.264,203584.62451
2019-11-07,305.264,306.254,286.3,291.831,178905.6591
2019-11-08,291.831,294.434,271.087,276.998,166820.21777
2019-11-09,276.998,283.747,275.979,282.572,138249.68622
2019-11-10,282.572,296.939,279.271,293.09,154449.07924
2019-11-11,293.09,296.816,281.847,286.491,150873.60925
2019-11-12,286.491,291.664,281.9,289.118,157254.67307
2019-11-13,289.118,289.418,281.945,285.226,137899.94792
2019-11-14,285.226,286.068,273.531,277.767,164888.42293
2019-11-15,277.767,279.412,259.923,263.043,167769.15179
2019-11-16,263.043,267.301,261.89,264.947,146129.72831
2019-11-17,264.947,270.0,260.001,265.868,156100.80387
2019-11-18,265.868,265.877,239.591,246.78,175155.43875
2019-11-19,246.78,248.783,233.388,242.126,194289.29265
2019-11-20,242.126,247.986,237.979,243.279,186020.39114
2019-11-21,243.279,246.884,219.72,226.499,224290.24321
2019-11-22,226.499,229.375,193.881,207.212,272338.34501
2019-11-23,207.212,218.0,200.525,214.868,194454.47779
2019-11-24,214.868,216.321,200.182,202.239,215386.96232
2019-11-25,202.239,215.798,192.0,206.689,212867.01319
2019-11-26,206.689,214.724,206.535,210.777,169824.65664
2019-11-27,210.777,224.884,203.515,218.974,213471.36897
2019-11-28,218.974,222.218,216.29,217.391,169960.90905
2019-11-29,217.391,226.339,216.971,223.802,163446.16619
2019-11-30,223.802,224.482,214.538,217.397,141552.61231
2019-12-01,217.397,217.969,209.569,214.251,181832.6913
2019-12-02,214.251,216.197,209.707,213.706,164087.97799
2019-12-03,213.706,215.918,210.959,211.477,159818.91531
2019-12-04,211.477,218.302,202.939,207.389,191632.282
2019-12-05,207.389,214.068,205.314,211.443,188112.40104
2019-12-06,211.443,213.568,209.132,212.774,160781.31572
2019-12-07,212.774,215.726,209.973,210.959,176850.91892
2019-12-08,210.959,214.659,208.199,212.402,148355.77096
2019-12-09,212.402,214.706,205.554,208.389,163063.52318
2019-12-10,208.389,209.101,203.772,206.557,166283.71035
2019-12-11,206.557,207.931,204.34,207.025,148111.8257
2019-12-12,207.025,207.902,204.003,206.686,172537.77659
2019-12-13,206.686,212.698,206.377,211.436,153798.2536
2019-12-14,211.436,212.909,204.986,206.014,146701.75807
2019-12-15,206.014,209.639,204.852,206.869,151594.06537
2019-12-16,206.869,207.383,194.097,196.413,192857.3964
2019-12-17,196.413,196.923,172.143,176.383,220737.40621
2019-12-18,176.383,191.83,170.0,188.937,269830.79049
2019-12-19,188.937,190.807,183.564,186.029,229218.82736
2019-12-20,186.029,190.731,183.95,187.359,197108.9947
2019-12-21,187.359,188.309,185.597,186.134,169437.33379
2019-12-22,186.134,197.316,185.783,196.206,217083.72098
2019-12-23,196.206,198.059,188.22,189.613,190848.85435
2019-12-24,189.613,191.563,185.027,188.46,202359.44725
2019-12-25,188.46,188.761,182.851,185.288,196293.49114
2019-12-26,185.288,194.687,184.045,187.734,182892.31675
2019-12-27,187.734,203.89,186.783,203.3,213432.34426
2019-12-28,203.3,209.903,202.466,206.192,227494.15971
2019-12-29,206.192,215.656,204.434,212.387,218332.12759
2019-12-30,212.387,215.059,205.724,208.586,197696.90634
2019-12-31,208.586,214.107,201.819,204.595,226807.6131
2020-01-01,204.595,208.746,203.344,204.427,200466.87875
2020-01-02,204.427,205.372,192.957,195.453,200088.25564
2020-01-03,195.453,225.769,191.865,222.191,265506.16662
2020-01-04,222.191,227.361,219.508,224.39,218403.02753
2020-01-05,224.39,227.38,221.0,222.788,183859.21134
2020-01-06,222.788,247.091,222.176,244.104,188513.67705
2020-01-07,244.104,246.569,232.1,242.558,215941.52798
2020-01-08,242.558,254.0,230.223,240.22,257126.80786
2020-01-09,240.22,243.88,231.417,238.1,183698.86389
2020-01-10,238.1,274.359,231.297,271.761,240632.35676
2020-01-11,271.761,278.961,259.113,261.281,251869.38494
2020-01-12,261.281,270.269,258.007,270.269,225318.58291
2020-01-13,270.269,272.34,261.285,267.025,214686.72652
2020-01-14,267.025,366.038,267.025,349.433,332481.11245
2020-01-15,349.433,361.701,313.158,339.94,317465.90888
2020-01-16,339.94,342.705,300.0,327.33,278406.81942
2020-01-17,327.33,382.452,319.43,367.975,351055.29993
2020-01-18,367.975,405.206,329.365,338.249,386344.21151
2020-01-19,338.249,365.84,320.001,339.491,312559.27241
2020-01-20,339.491,352.375,322.553,343.219,252862.2515
2020-01-21,343.219,347.636,332.614,343.672,234277.136
2020-01-22,343.672,354.271,339.546,349.04,220060.79769
2020-01-23,349.04,349.883,316.678,324.963,239377.48185
2020-01-24,324.963,327.615,297.138,318.572,258063.97953
2020-01-25,318.572,318.913,305.131,310.161,226397.16181
2020-01-26,310.161,349.514,307.285,347.866,237088.73515
2020-01-27,347.866,377.104,347.866,362.914,282154.22069
2020-01-28,362.914,385.202,361.254,378.71,250057.08178
2020-01-29,378.71,395.782,375.936,380.369,267756.87575
2020-01-30,380.369,399.367,372.5,392.509,244261.57213
2020-01-31,392.509,394.817,363.265,374.735,240634.35302
2020-02-01,374.735,389.228,373.286,380.101,235472.3293
2020-02-02,380.101,387.514,370.0,377.923,245276.52869
2020-02-03,377.923,392.986,375.127,384.52,208168.62749
2020-02-04,384.52,389.458,372.873,380.739,225200.59299
2020-02-05,380.739,445.556,378.754,445.554,259834.25529
2020-02-06,445.554,448.015,416.317,445.49,236545.94512
2020-02-07,445.49,459.376,432.571,439.246,224610.94767
2020-02-08,439.246,453.655,426.0,444.556,225754.8368
2020-02-09,444.556,460.0,435.001,450.374,243782.26679
2020-02-10,450.374,465.974,436.686,452.407,220876.85571
2020-02-11,452.407,468.095,440.009,461.303,201271.78526
2020-02-12,461.303,481.746,461.303,473.089,188458.02327
2020-02-13,473.089,484.645,460.216,477.209,216227.09363
2020-02-14,477.209,499.098,466.096,493.48,168010.40213
2020-02-15,493.48,494.982,423.09,439.002,196624.94573
2020-02-16,439.002,458.055,379.665,412.082,244403.6605
2020-02-17,412.082,416.828,367.0,411.205,274431.98175
2020-02-18,411.205,426.352,385.008,419.922,219660.31595
2020-02-19,419.922,423.375,370.906,379.0,192376.90673
2020-02-20,379.0,387.802,353.88,370.908,214374.70588
2020-02-21,370.908,387.419,367.283,377.481,183013.45611
2020-02-22,377.481,380.248,367.291,372.419,281790.60419
2020-02-23,372.419,403.881,371.914,402.403,291162.72266
2020-02-24,402.403,407.654,364.0,378.712,327695.13242
2020-02-25,378.712,379.599,345.913,352.964,337329.79741
2020-02-26,352.964,361.624,301.842,316.856,539635.69523
2020-02-27,316.856,334.634,307.389,324.193,371125.69694
2020-02-28,324.193,329.206,298.819,314.679,377055.67593
2020-02-29,314.679,322.287,305.669,306.15,255721.09521
2020-03-01,306.15,325.0,305.0,312.0,288601.36168
2020-03-02,312.0,342.307,310.136,339.028,298813.43021
2020-03-03,339.028,339.31,322.0,329.511,331867.04916
2020-03-04,329.511,331.805,311.0,319.752,228863.33201
2020-03-05,319.752,343.738,319.658,336.815,484099.71367
2020-03-06,336.815,352.059,333.008,350.619,496826.71705
2020-03-07,350.619,351.012,327.47,330.905,539709.68747
2020-03-08,330.905,330.905,268.29,272.526,794982.44892
2020-03-09,272.526,280.008,252.73,273.006,1108042.4041
2020-03-10,273.006,277.73,263.156,271.697,746787.50293
2020-03-11,271.697,274.767,250.409,266.986,772667.78411
2020-03-12,266.986,267.673,134.295,142.833,1656915.46526
2020-03-13,142.833,189.061,130.255,177.238,2312558.53521
2020-03-14,177.238,180.156,164.166,167.448,910371.30896
2020-03-15,167.448,190.0,165.386,178.097,858966.35018
2020-03-16,178.097,183.969,147.846,172.546,1795346.4073
2020-03-17,172.546,187.804,169.124,182.637,1071670.62307
2020-03-18,182.637,185.766,169.023,184.842,1045864.16607
2020-03-19,184.842,232.686,177.578,220.749,2080251.20357
2020-03-20,220.749,245.274,191.87,214.905,2381530.12291
2020-03-21,214.905,228.975,206.697,219.995,1823606.70988
2020-03-22,219.995,232.762,200.07,202.745,1811349.37934
2020-03-23,202.745,226.841,198.98,221.247,2084302.36254
2020-03-24,221.247,230.015,217.505,227.226,1779605.63967
2020-03-25,227.226,230.059,213.3,220.675,1475426.13821
2020-03-26,220.675,228.041,218.706,227.659,1356171.84493
2020-03-27,227.659,233.212,210.14,213.157,1241224.87703
2020-03-28,213.157,216.835,202.538,213.699,1179373.70598
2020-03-29,213.699,216.942,204.481,205.534,979718.63895
2020-03-30,205.534,226.449,205.534,220.003,1177082.21188
2020-03-31,220.003,223.773,215.773,218.338,1255066.18308
2020-04-01,218.338,224.671,211.556,223.608,1187967.0692
2020-04-02,223.608,248.41,222.053,231.826,1604386.09471
2020-04-03,231.826,241.826,230.178,236.084,1210272.45664
2020-04-04,236.084,241.856,231.962,238.054,1071938.58194
2020-04-05,238.054,239.623,224.791,231.01,964963.14452
2020-04-06,231.01,259.22,230.774,257.885,1617582.94431
2020-04-07,257.885,265.448,246.744,252.411,1179264.07387
2020-04-08,252.411,280.026,250.115,267.294,1279018.73335
2020-04-09,267.294,274.33,253.7,255.866,1197234.92306
2020-04-10,255.866,258.833,225.792,232.616,1393229.89826
2020-04-11,232.616,239.947,221.815,232.91,1393779.92624
2020-04-12,232.91,244.563,226.916,233.174,1461804.83058
2020-04-13,233.174,233.174,215.459,223.432,1537309.58231
2020-04-14,223.432,228.455,219.952,223.076,1259088.67634
2020-04-15,223.076,225.151,214.076,215.062,1110253.24774
2020-04-16,215.062,239.594,206.449,234.912,1723063.79694
2020-04-17,234.912,236.791,229.271,231.864,1284867.55384
2020-04-18,231.864,247.517,231.672,243.651,1154371.72881
2020-04-19,243.651,244.874,229.67,231.249,1099487.90165
2020-04-20,231.249,238.032,215.916,219.165,1462323.21097
2020-04-21,219.165,223.177,215.126,219.441,1149064.70515
2020-04-22,219.441,235.698,217.576,232.962,1212084.19826
2020-04-23,232.962,246.535,225.988,237.453,1096159.90693
2020-04-24,237.453,241.805,234.655,237.848,1058099.52763
2020-04-25,237.848,245.505,235.192,238.056,1131758.54954
2020-04-26,238.056,249.052,237.369,246.284,975853.70387
2020-04-27,246.284,247.642,234.177,242.748,1074302.99263
2020-04-28,242.748,243.074,237.118,241.14,935343.59943
2020-04-29,241.14,262.743,241.042,257.614,1284767.22239
2020-04-30,257.614,275.424,245.228,249.978,1566882.83171
2020-05-01,249.978,260.096,249.978,254.681,910041.40229
2020-05-02,254.681,261.073,252.212,260.875,887433.9485
2020-05-03,260.875,267.394,245.907,251.56,1148651.79983
2020-05-04,251.56,252.36,236.393,245.824,1144256.53302
2020-05-05,245.824,251.917,241.156,246.91,1031631.98582
2020-05-06,246.91,252.816,240.085,241.533,974944.31918
2020-05-07,241.533,256.387,236.898,251.863,1148859.35264
2020-05-08,251.863,265.055,248.062,260.155,1142995.02222
2020-05-09,260.155,277.044,258.465,265.339,1254489.64722
2020-05-10,265.339,265.54,221.792,232.963,1117076.30231
2020-05-11,232.963,237.589,218.302,235.12,1216341.29651
2020-05-12,235.12,238.944,228.367,233.041,863804.82335
2020-05-13,233.041,241.731,231.7,239.277,798598.38466
2020-05-14,239.277,245.569,233.979,242.378,849862.30202
2020-05-15,242.378,243.139,231.55,235.08,472146.76963
2020-05-16,235.08,240.608,233.701,236.49,404133.96716
2020-05-17,236.49,245.569,235.583,240.607,345358.3529
2020-05-18,240.607,255.147,240.314,248.4,333788.09635
2020-05-19,248.4,250.844,242.67,246.757,92892.54972
2020-05-20,246.757,247.453,235.382,239.784,80418.29359
2020-05-21,239.784,242.826,220.798,228.11,101301.50296
2020-05-22,228.11,236.312,225.004,234.62,151503.24694
2020-05-23,234.62,239.721,232.232,234.032,158210.38756
2020-05-24,234.032,237.316,222.718,222.718,167636.00394
2020-05-25,222.718,232.952,221.19,230.376,186927.06641
2020-05-26,230.376,231.105,223.922,227.996,229761.83203
2020-05-27,227.996,234.441,227.032,232.809,201340.53081
2020-05-28,232.809,240.9,229.032,239.806,213794.59097
2020-05-29,239.806,243.851,233.925,238.346,224655.14984
2020-05-30,238.346,253.42,236.199,252.326,275590.15028
2020-05-31,252.326,252.667,236.383,238.689,296672.77251
2020-06-01,238.689,254.774,237.485,253.167,253554.03991
2020-06-02,253.167,269.461,242.2,250.872,338168.78292
2020-06-03,250.872,253.803,246.242,253.123,230672.27585
2020-06-04,253.123,260.827,247.57,256.122,300956.05385
2020-06-05,256.122,263.336,254.533,256.139,318437.66307
2020-06-06,256.139,258.134,250.962,253.273,257071.56395
2020-06-07,253.273,255.775,245.49,253.54,255583.32359
2020-06-08,253.54,256.622,251.326,255.258,209691.65196
2020-06-09,255.258,256.904,250.541,253.927,163398.71576
2020-06-10,253.927,258.788,250.631,256.975,181203.02411
2020-06-11,256.975,257.962,231.453,234.841,249540.45208
2020-06-12,234.841,243.661,233.086,240.826,254445.67602
2020-06-13,240.826,242.164,237.211,240.698,197608.73445
2020-06-14,240.698,240.843,235.089,237.493,175783.90077
2020-06-15,237.493,238.256,224.492,235.559,318457.42238
2020-06-16,235.559,238.959,233.172,237.5,228169.65154
2020-06-17,237.5,242.84,234.972,240.383,230711.12374
2020-06-18,240.383,240.621,232.472,236.059,211609.12317
2020-06-19,236.059,236.502,230.46,233.415,235120.51150732042
2020-06-20,233.415,235.211,228.691,232.786,181514.69412087274
2020-06-21,232.786,233.99,229.747,230.319,152805.78925352677
2020-06-22,230.319,243.844,229.785,240.973,190743.96331056376
2020-06-23,240.973,244.248,239.229,240.676,178085.50446529707
2020-06-24,240.676,245.515,229.491,232.881,205454.8432264116
2020-06-25,232.881,234.834,226.306,232.476,189105.46833
2020-06-26,232.476,233.715,228.23,230.667,214415.96021
2020-06-27,230.667,231.539,205.11,216.38,212554.25351
2020-06-28,216.38,225.4,213.43,222.52,205149.94001
2020-06-29,222.52,227.46,218.75,225.22,194731.39222
2020-06-30,225.22,226.1,220.53,222.16,182620.9698
2020-07-01,222.16,226.76,220.93,223.68,179189.03599
2020-07-02,223.68,225.53,217.36,219.61,183129.22034
2020-07-03,219.61,223.76,219.49,220.9,171325.25141
2020-07-04,220.9,226.65,220.19,225.29,164825.39653
2020-07-05,225.29,225.9,216.07,222.24,186039.74102
2020-07-06,222.24,243.4,221.7,242.26,229358.51159
2020-07-07,242.26,244.17,235.0,237.82,187056.61707
2020-07-08,237.82,245.78,235.92,243.26,230888.29048
2020-07-09,243.26,245.67,233.03,238.14,200415.11892
2020-07-10,238.14,240.26,232.66,238.38,135090.43893
2020-07-11,238.38,239.34,234.71,236.63,40338.72945
2020-07-12,236.63,239.19,232.18,237.48,31264.30825
2020-07-13,237.48,237.91,224.56,232.19,53192.47789
2020-07-14,232.19,232.19,226.37,230.2,21770.54674
2020-07-15,230.2,230.78,226.07,227.48,14954.09838
2020-07-16,227.48,228.09,217.06,224.18,21053.69639
2020-07-17,224.18,225.63,221.94,222.61,18026.72307
2020-07-18,222.61,226.55,222.26,224.35,14758.34822
2020-07-19,224.35,228.81,220.24,227.76,20530.42336
2020-07-20,227.76,228.46,220.79,222.79,17875.57695
2020-07-21,222.79,232.47,222.21,230.34,21225.38835
2020-07-22,230.34,239.94,227.67,239.84,19192.14666
2020-07-23,239.84,242.81,235.31,238.39,21497.14661
2020-07-24,238.39,238.96,232.46,235.04,21127.7627
2020-07-25,235.04,253.44,234.74,251.13,29551.92953
2020-07-26,251.13,257.19,244.0,247.47,28175.03934
2020-07-27,247.47,274.99,247.07,268.6,51509.64534
2020-07-28,268.6,297.21,264.78,288.89,60613.49305
2020-07-29,288.89,294.04,285.18,287.82,47846.05389
2020-07-30,287.82,300.12,280.64,291.59,48768.52502
2020-07-31,291.59,306.23,286.96,300.56,44086.63741
2020-08-01,300.56,321.24,297.98,319.37,57909.96974
2020-08-02,319.37,337.76,246.27,283.8,91515.35334
2020-08-03,283.8,304.59,279.7,296.76,44545.54067
2020-08-04,296.76,303.1,281.88,288.07,37100.03511
2020-08-05,288.07,298.27,284.09,293.54,37174.75452
2020-08-06,293.54,319.57,287.32,308.93,43758.69412
2020-08-07,308.93,326.26,278.03,302.19,54015.87707
2020-08-08,302.19,309.47,297.3,305.36,35396.39632
2020-08-09,305.36,308.89,292.15,300.01,34888.39832
2020-08-10,300.01,309.15,285.98,302.38,35420.2906
2020-08-11,302.38,305.88,269.88,281.73,45992.39548
2020-08-12,281.73,289.99,271.07,284.76,42491.79342
2020-08-13,284.76,296.95,274.39,295.68,41537.39025
2020-08-14,295.68,297.79,287.53,293.39,21494.15883
2020-08-15,293.39,308.44,290.67,302.1,11372.39771
2020-08-16,302.1,313.76,294.58,308.23,11756.93863
2020-08-17,308.23,325.03,301.37,318.15,10970.94584
2020-08-18,318.15,324.37,300.89,303.16,10810.49813
2020-08-19,303.16,306.49,281.36,292.75,9638.16263
2020-08-20,292.75,296.29,288.74,294.69,10662.07556
2020-08-21,294.69,305.75,281.41,282.89,6495.17015
2020-08-22,282.89,287.74,276.04,286.66,4066.89951
2020-08-23,286.66,288.21,278.77,284.56,2911.01315
2020-08-24,284.56,295.12,281.99,290.73,19193.75665
2020-08-25,290.73,291.63,268.43,275.55,37260.69309
2020-08-26,275.55,278.99,270.94,274.84,30606.50463
2020-08-27,274.84,277.0,258.33,264.61,27048.97586
2020-08-28,264.61,271.9,261.06,268.64,28614.40882
2020-08-29,268.64,272.69,265.76,268.02,31003.4775
2020-08-30,268.02,279.54,267.7,279.37,25644.39713
2020-08-31,279.37,281.39,272.8,273.5,28155.15548
2020-09-01,273.5,296.96,269.13,292.04,36553.17532
2020-09-02,292.04,295.16,246.14,263.87,60792.94171
2020-09-03,263.87,266.3,200.95,213.67,67794.64774
2020-09-04,213.67,239.21,211.62,229.99,53376.32234
2020-09-05,229.99,234.57,214.13,225.72,49454.26294
2020-09-06,225.72,233.43,219.18,227.78,39978.33069
2020-09-07,227.78,229.93,215.6,228.78,39116.5325
2020-09-08,228.78,230.48,215.96,222.44,35102.88286
2020-09-09,222.44,228.32,218.5,224.07,27958.97845
2020-09-10,224.07,230.33,223.77,227.38,29949.76474
2020-09-11,227.38,228.5,220.68,225.19,27239.80712
2020-09-12,225.19,230.31,222.5,230.21,24503.22278
2020-09-13,230.21,234.72,219.45,222.16,29214.98906
2020-09-14,222.16,228.79,218.89,225.83,28596.57985
2020-09-15,225.83,241.52,224.93,235.27,37159.30389
2020-09-16,235.27,235.42,226.76,230.81,31983.66414
2020-09-17,230.81,239.29,229.6,232.88,29498.31251
2020-09-18,232.88,238.9,230.12,233.99,26225.12985
2020-09-19,233.99,237.59,231.54,233.18,26339.72179
2020-09-20,233.18,233.4,221.03,226.18,24623.93189
2020-09-21,226.18,228.99,208.66,212.38,30760.9088
2020-09-22,212.38,220.28,210.5,220.04,22356.71345
2020-09-23,220.04,220.07,203.55,207.81,29625.90749
2020-09-24,207.81,217.91,206.35,216.23,24591.76358
2020-09-25,216.23,218.0,210.84,216.52,25849.98347
2020-09-26,216.52,224.14,212.78,221.26,24365.13
2020-09-27,221.26,231.57,216.26,229.29,27410.18185
2020-09-28,229.29,234.84,224.04,225.85,29660.88109
2020-09-29,225.85,230.13,224.56,229.01,25251.95162
2020-09-30,229.01,230.99,225.19,227.95,20943.35151
2020-10-01,227.95,233.4,221.98,228.12,11394.66717
2020-10-02,228.12,228.33,212.73,219.64,11269.42261
2020-10-03,219.64,221.27,217.56,218.47,7472.4892
2020-10-04,218.47,222.87,216.38,220.9,8170.8451
2020-10-05,220.9,222.71,218.19,221.64,7236.22005
2020-10-06,221.64,230.27,215.93,219.64,10455.64985
2020-10-07,219.64,224.21,216.37,223.14,9154.40059
2020-10-08,223.14,236.21,221.28,233.66,10247.57388
2020-10-09,233.66,240.08,231.91,237.08,14334.10593
2020-10-10,237.08,246.32,235.8,237.28,17498.41587
2020-10-11,237.28,243.5,236.16,239.02,16053.4012
2020-10-12,239.02,243.91,233.41,239.69,13329.74666
2020-10-13,239.69,255.17,237.77,253.42,17067.39624
2020-10-14,253.42,260.09,250.24,258.96,16469.03191
2020-10-15,258.96,265.01,255.58,262.03,20289.03394
2020-10-16,262.03,266.51,244.19,250.1,24812.32487
2020-10-17,250.1,252.5,241.12,244.74,15800.86564
2020-10-18,244.74,250.62,243.82,249.22,11353.52456
2020-10-19,249.22,252.3,245.02,249.72,14682.81727
2020-10-20,249.72,249.98,238.02,240.76,25636.20164
2020-10-21,240.76,263.9,240.09,258.56,19851.21924
2020-10-22,258.56,274.57,258.28,268.17,20360.25984
2020-10-23,268.17,275.98,264.44,270.36,18770.60553
2020-10-24,270.36,277.62,267.64,275.81,15757.32912
2020-10-25,275.81,276.04,268.23,271.25,16080.31251
2020-10-26,271.25,273.21,253.21,259.42,38587.47204
2020-10-27,259.42,268.02,257.12,264.2,24406.64787
2020-10-28,264.2,280.66,259.17,268.1,64007.03112
2020-10-29,268.1,271.44,258.08,267.4,28285.58212
2020-10-30,267.4,270.34,255.32,261.93,39391.05344
2020-10-31,261.93,265.94,259.63,262.09,17602.62555
2020-11-01,262.09,270.52,260.3,267.84,15171.51325
2020-11-02,267.84,271.48,254.5,257.25,30932.72305
2020-11-03,257.25,258.79,234.65,244.14,41808.89411
2020-11-04,244.14,244.41,231.08,240.97,37959.18945
2020-11-05,240.97,252.0,240.61,249.51,42638.96784
2020-11-06,249.51,259.55,248.21,257.76,46067.64625
2020-11-07,257.76,276.98,245.35,253.8,101787.8764
2020-11-08,253.8,277.51,250.76,270.75,42514.75786
2020-11-09,270.75,273.93,257.61,264.21,47147.53712
2020-11-10,264.21,266.48,254.92,257.28,29492.53767
2020-11-11,257.28,262.47,255.26,256.89,24913.25172
2020-11-12,256.89,264.72,251.66,259.96,30998.23943
2020-11-13,259.96,262.46,249.12,259.24,21144.67297
2020-11-14,259.24,262.1,253.63,255.12,12480.30452
2020-11-15,255.12,260.28,237.83,240.42,20140.81691
2020-11-16,240.42,252.36,233.17,249.59,15037.34303
2020-11-17,249.59,258.33,248.45,255.25,12546.72736
2020-11-18,255.25,258.52,242.4,246.25,13537.18308
2020-11-19,246.25,249.99,241.47,245.93,11268.04762
2020-11-20,245.93,260.25,245.63,260.02,14216.06646
2020-11-21,260.02,307.57,256.63,304.81,22795.37476
2020-11-22,304.81,311.91,274.17,288.86,26333.22328
2020-11-23,288.86,326.52,283.07,323.22,28117.02374
2020-11-24,323.22,371.27,322.9,347.91,36416.91159
2020-11-25,347.91,362.23,298.62,313.12,27921.73812
2020-11-26,313.12,321.2,251.0,271.26,36836.82058
2020-11-27,271.26,278.82,255.83,265.39,21991.07436
2020-11-28,265.39,284.64,260.9,276.15,18575.08994
2020-11-29,276.15,289.02,272.22,285.06,17144.51131
2020-11-30,285.06,321.93,280.23,317.36,18690.30668
2020-12-01,317.36,320.59,272.35,287.46,21665.60429
2020-12-02,287.46,297.56,280.46,294.56,10405.38604
2020-12-03,294.56,297.18,285.73,292.26,8734.17958
2020-12-04,292.26,306.27,268.0,279.84,11827.16915
2020-12-05,279.84,289.9,274.69,289.42,7886.71593
2020-12-06,289.42,293.46,279.36,286.33,7576.92788
2020-12-07,286.33,290.73,281.13,283.78,7044.88716
2020-12-08,283.78,284.98,263.14,267.83,8555.21424
2020-12-09,267.83,271.11,255.38,268.92,9473.72891
2020-12-10,268.92,269.25,261.56,265.54,11391.59973
2020-12-11,265.54,266.93,256.28,259.11,14148.63716
2020-12-12,259.11,269.69,258.27,267.74,11328.3916
2020-12-13,267.74,282.64,265.71,275.9,11552.55738
2020-12-14,275.9,280.12,266.06,276.92,11913.34927
2020-12-15,276.92,298.83,271.25,288.34,17807.5542
2020-12-16,288.34,313.92,282.16,312.31,17948.5971
2020-12-17,312.31,331.27,302.72,310.67,22327.39869
2020-12-18,310.67,323.04,305.14,313.24,19159.71178
2020-12-19,313.24,325.24,309.45,317.97,17573.01151
2020-12-20,317.97,368.01,310.47,349.23,26726.40117
2020-12-21,349.23,380.04,308.41,313.14,43666.5885
2020-12-22,313.14,324.52,299.24,323.83,14724.00178
2020-12-23,323.83,326.04,266.34,274.85,17995.9486
2020-12-24,274.85,298.81,270.99,297.06,16928.99145
2020-12-25,297.06,324.74,293.47,319.01,20621.77265
2020-12-26,319.01,329.9,310.17,323.46,15178.64966
2020-12-27,323.46,366.19,308.22,337.66,20321.16133
2020-12-28,337.66,376.59,334.59,361.4,18343.94107
2020-12-29,361.4,366.83,331.12,352.3,37594.84387
2020-12-30,352.3,366.41,341.8,358.92,21570.34224
2020-12-31,358.92,361.1,335.17,341.78,13525.72864
2021-01-01,341.78,355.08,331.98,341.7,12122.06136
2021-01-02,341.7,367.65,333.04,354.1,19693.62443
2021-01-03,354.1,433.47,354.1,423.69,46941.46058
2021-01-04,423.69,463.82,383.83,405.66,61639.22612
2021-01-05,405.66,425.68,390.08,418.07,26087.58213
2021-01-06,418.07,457.41,411.31,453.62,30985.92264
2021-01-07,453.62,483.55,428.7,448.22,41966.78
2021-01-08,448.22,453.71,404.9,437.34,40570.15877
2021-01-09,437.34,588.49,417.72,574.8,55529.16219
2021-01-10,574.8,628.98,550.0,601.18,95987.89251
2021-01-11,601.18,602.12,399.92,476.7,155019.59932
2021-01-12,476.7,509.76,444.15,452.07,55605.37906
2021-01-13,452.07,500.33,435.86,496.28,34215.19351
2021-01-14,496.28,538.79,484.47,527.52,29677.96015
2021-01-15,527.52,535.76,453.37,491.45,37128.30647
2021-01-16,491.45,514.8,473.79,489.98,28848.66605
2021-01-17,489.98,495.32,461.87,479.56,18104.56571
2021-01-18,479.56,514.46,469.65,509.2,17674.65931
2021-01-19,509.2,552.95,503.08,506.47,25935.99242
2021-01-20,506.47,518.21,470.44,496.96,27970.62846
2021-01-21,496.96,499.16,406.17,418.43,35695.52399
2021-01-22,418.43,450.08,392.39,441.01,29840.79677
2021-01-23,441.01,443.53,419.18,431.11,17125.35265
2021-01-24,431.11,448.46,421.69,439.3,14601.88588
2021-01-25,439.3,464.9,430.87,432.52,17040.52026
2021-01-26,432.52,438.41,413.42,427.7,12122.63911
2021-01-27,427.7,427.91,369.93,377.79,19595.46842
2021-01-28,377.79,414.3,370.43,404.17,12953.26843
2021-01-29,404.17,434.83,391.6,407.26,29471.4745
2021-01-30,407.26,419.21,392.33,416.52,15688.89327
2021-01-31,416.52,416.59,391.0,399.63,9907.73863
2021-02-01,399.63,444.95,389.7,414.4,19838.42117
2021-02-02,414.4,434.67,411.13,430.23,15046.17955
2021-02-03,430.23,449.34,428.37,445.91,11101.72354
2021-02-04,445.91,454.84,413.46,421.39,20107.82986
2021-02-05,421.39,448.71,418.0,447.23,7446.37796
2021-02-06,447.23,489.98,445.91,458.05,24206.6313
2021-02-07,458.05,463.58,429.6,445.46,19045.59881
2021-02-08,445.46,488.08,436.72,484.04,14933.23897
2021-02-09,484.04,519.27,473.99,514.99,23650.03921
2021-02-10,514.99,538.39,468.55,494.79,47055.13342
2021-02-11,494.79,541.23,491.01,530.22,22796.14433
2021-02-12,530.22,579.25,510.78,575.42,26209.46223
2021-02-13,575.42,668.38,542.07,668.38,46735.21412
2021-02-14,668.38,748.54,653.24,719.82,46740.18798
2021-02-15,719.82,770.62,604.24,714.76,65526.21647
2021-02-16,714.76,744.71,669.61,705.84,34274.06864
2021-02-17,705.84,726.4,675.96,716.16,18993.47686
2021-02-18,716.16,729.68,690.12,703.79,11311.73646
2021-02-19,703.79,744.0,682.65,718.54,15524.08076
2021-02-20,718.54,748.67,631.54,678.68,27142.81464
2021-02-21,678.68,735.6,666.2,706.82,21257.82106
2021-02-22,706.82,709.24,536.09,629.06,52377.85549
2021-02-23,629.06,632.26,428.95,517.01,137848.87863
2021-02-24,517.01,555.89,495.9,526.99,54705.3915
2021-02-25,526.99,555.91,494.17,499.33,44960.41285
2021-02-26,499.33,508.32,457.95,484.52,55558.85706
2021-02-27,484.52,502.24,473.19,483.05,19317.737
2021-02-28,483.05,485.06,432.29,459.82,31239.17127
2021-03-01,459.82,505.68,457.74,501.33,13487.93556
2021-03-02,501.33,549.26,494.33,517.09,26226.39139
2021-03-03,517.09,555.04,510.88,522.0,16186.93677
2021-03-04,522.0,538.4,493.72,505.36,18417.633
2021-03-05,505.36,505.37,473.21,497.45,14405.11033
2021-03-06,497.45,505.16,482.39,500.39,6868.73376
2021-03-07,500.39,518.16,500.34,516.66,5023.02475
2021-03-08,516.66,529.36,500.78,529.02,7676.46218
2021-03-09,529.02,546.94,523.49,545.21,8151.3449
2021-03-10,545.21,568.11,517.73,546.64,15205.59954
2021-03-11,546.64,564.6,528.44,549.38,16521.50627
2021-03-12,549.38,564.06,510.14,538.38,21075.98289
2021-03-13,538.38,608.5,521.73,595.08,20394.1929
2021-03-14,595.08,601.89,552.85,552.85,12426.70615
2021-03-15,552.85,567.94,515.43,523.22,21268.02153
2021-03-16,523.22,537.87,503.04,528.69,12467.34738
2021-03-17,528.69,541.72,512.18,541.46,7218.76415
2021-03-18,541.46,546.77,523.55,528.07,5110.0967
2021-03-19,528.07,550.41,517.33,532.54,4475.67033
2021-03-20,532.54,551.58,529.53,535.86,3428.35864
2021-03-21,535.86,542.9,515.62,523.74,3874.48658
2021-03-22,523.74,539.09,507.22,509.17,10554.23589
2021-03-23,509.17,532.78,505.77,511.06,7736.22127
2021-03-24,511.06,529.18,443.52,474.15,10878.21683
2021-03-25,474.15,482.16,451.47,473.08,11612.29798
2021-03-26,473.08,507.54,470.54,505.59,4422.31688
2021-03-27,505.59,509.17,485.42,500.3,2893.14727
2021-03-28,500.3,505.25,488.24,497.28,2168.06817
2021-03-29,497.28,523.86,491.71,518.34,2677.43592
2021-03-30,518.34,536.07,511.55,525.39,3111.33615
2021-03-31,525.39,544.38,503.51,540.7,7072.57389
2021-04-01,540.7,559.91,529.33,555.5,8251.77927
2021-04-02,555.5,598.36,545.48,580.82,9179.89063
2021-04-03,580.82,595.74,529.86,530.97,16995.65249
2021-04-04,530.97,564.21,523.49,560.26,6977.97019
2021-04-05,560.26,647.53,553.78,647.53,17048.72461
2021-04-06,647.53,673.25,615.87,662.16,25164.74682
2021-04-07,662.16,694.37,595.59,616.04,27064.33805
2021-04-08,616.04,643.54,610.18,643.54,13238.11644
2021-04-09,643.54,649.61,625.63,631.12,7029.87014
2021-04-10,631.12,681.59,624.59,673.23,16105.72245
2021-04-11,673.23,715.44,670.0,689.85,14230.7363
2021-04-12,689.85,696.0,652.34,670.69,7715.76295
2021-04-13,670.69,751.56,667.09,745.23,15668.09005
2021-04-14,745.23,845.43,745.2,815.1,33326.76655
2021-04-15,815.1,876.3,798.36,865.13,15628.33129
2021-04-16,865.13,1172.21,816.36,1103.87,55134.7145
2021-04-17,1103.87,1213.33,989.92,991.63,47730.94034
2021-04-18,991.63,1014.87,808.21,973.71,54301.41623
2021-04-19,973.71,1040.09,873.56,890.38,30612.11366
2021-04-20,890.38,970.51,829.92,941.0,27508.99429
2021-04-21,941.0,998.0,900.76,909.45,24296.70089
2021-04-22,909.45,971.0,843.57,853.75,14670.51658
2021-04-23,853.75,873.86,688.67,839.87,32102.79102
2021-04-24,839.87,839.87,748.74,771.03,6107.30128
2021-04-25,771.03,806.37,716.18,758.65,3388.40546
2021-04-26,758.65,849.68,750.89,849.19,4337.7281
2021-04-27,849.19,891.29,832.34,890.75,3514.91509
2021-04-28,890.75,928.71,853.29,910.46,5254.68594
2021-04-29,910.46,914.4,859.69,880.3,2880.44867
2021-04-30,880.3,1000.0,869.73,995.19,3868.69717
2021-05-01,995.19,1030.87,976.4,1004.27,3491.16994
2021-05-02,1004.27,1009.66,951.56,972.77,2903.00595
2021-05-03,972.77,1048.57,971.49,1015.89,2977.96902
2021-05-04,1015.89,1055.08,933.52,951.06,9021.85112
2021-05-05,951.06,1476.41,939.98,1454.43,18643.79561
2021-05-06,1454.43,1605.98,1271.49,1508.69,24325.03059
2021-05-07,1508.69,1510.48,1273.24,1341.3,14889.92115
2021-05-08,1341.3,1448.0,1324.25,1400.66,13824.34672
2021-05-09,1400.66,1430.0,1285.26,1426.67,5100.46305
2021-05-10,1426.67,1569.85,1200.04,1320.61,17273.34801
2021-05-11,1320.61,1548.39,1302.62,1548.18,30741.44654
2021-05-12,1548.18,1639.59,1202.8,1234.47,14401.18847
2021-05-13,1234.47,1343.78,1135.9,1256.22,17273.89045
2021-05-14,1256.22,1360.95,1224.63,1296.7,6152.75524
2021-05-15,1296.7,1335.91,1163.18,1169.71,6798.95867
2021-05-16,1169.71,1281.82,1099.54,1165.98,7403.99175
2021-05-17,1165.98,1167.36,989.64,1069.0,13345.14309
2021-05-18,1069.0,1165.7,1053.62,1089.96,7392.0175
2021-05-19,1089.96,1111.67,490.62,693.73,63522.37619
2021-05-20,693.73,863.54,614.84,817.64,32058.20856
2021-05-21,817.64,850.74,604.36,687.91,21620.99493
2021-05-22,687.91,721.41,599.5,630.06,9794.1748
2021-05-23,630.06,659.67,468.46,551.94,12317.47135
2021-05-24,551.94,759.17,538.33,753.48,6093.88572
2021-05-25,753.48,792.31,669.85,719.61,5987.79875
2021-05-26,719.61,788.21,707.65,763.88,3594.50635
2021-05-27,763.88,806.29,700.85,748.95,3522.57615
2021-05-28,748.95,761.34,652.83,689.02,4983.23626
2021-05-29,689.02,721.17,618.36,651.25,3703.11142
2021-05-30,651.25,688.04,616.36,661.59,2511.31268
2021-05-31,661.59,711.06,634.75,702.73,2253.07275
2021-06-01,702.73,721.14,668.91,690.86,2090.23719
2021-06-02,690.86,716.32,674.92,697.37,1311.57366
2021-06-03,697.37,735.47,687.63,718.69,1240.51838
2021-06-04,718.69,719.92,642.9,671.08,2102.65847
2021-06-05,671.08,688.83,634.47,649.14,1367.65115
2021-06-06,649.14,669.76,644.85,655.9,634.84165
2021-06-07,655.9,670.0,591.38,596.42,1279.39465
2021-06-08,596.42,604.35,544.19,595.39,2312.71581
2021-06-09,595.39,634.41,566.26,633.65,1239.97522
2021-06-10,633.65,639.14,589.24,601.19,1206.60804
2021-06-11,601.19,610.94,569.68,576.72,1008.19796
2021-06-12,576.72,590.97,547.77,579.66,937.71952
2021-06-13,579.66,615.13,558.82,613.47,742.13688
2021-06-14,613.47,641.27,599.24,641.22,772.37327
2021-06-15,641.22,650.0,616.75,627.38,673.43244
2021-06-16,627.38,627.38,589.93,593.07,641.78849
2021-06-17,593.07,620.59,583.92,598.85,627.7362
2021-06-18,598.85,599.31,545.14,562.83,965.83507
2021-06-19,562.83,580.45,551.62,552.25,621.37249
2021-06-20,552.25,560.86,514.19,555.99,884.55225
2021-06-21,555.99,559.79,454.26,455.52,3236.85487
2021-06-22,455.52,477.65,387.88,443.22,4470.54572
2021-06-23,443.22,485.51,428.72,472.69,2427.75571
2021-06-24,472.69,495.56,455.37,487.01,1468.41615
2021-06-25,487.01,496.64,449.5,449.5,2110.96353
2021-06-26,449.5,464.43,428.59,459.48,2098.66304
2021-06-27,459.48,477.77,446.88,477.29,961.23918
2021-06-28,477.29,518.71,472.69,501.47,1179.20245
2021-06-29,501.47,546.65,499.9,523.0,1270.15366
2021-06-30,523.0,534.14,498.84,526.42,1281.79187
2021-07-01,526.42,526.52,486.26,496.16,848.96792
2021-07-02,496.16,504.55,475.94,496.06,1178.76368
2021-07-03,496.06,521.86,487.18,505.14,986.68324
2021-07-04,505.14,541.88,495.4,527.16,799.60961
2021-07-05,527.16,527.29,487.29,504.29,1159.74113
2021-07-06,504.29,525.95,500.09,511.83,1002.60821
2021-07-07,511.83,537.29,505.5,509.54,820.71196
2021-07-08,509.54,510.78,479.06,490.04,937.72009
2021-07-09,490.04,509.96,471.61,504.1,800.75754
2021-07-10,504.1,511.15,483.82,497.09,408.12663
2021-07-11,497.09,503.67,489.3,498.04,244.12216
2021-07-12,498.04,508.51,471.23,479.83,521.8295
2021-07-13,479.83,484.29,460.08,465.09,405.67787
2021-07-14,465.09,478.31,444.09,467.26,875.02049
2021-07-15,467.26,473.89,443.89,455.66,779.80404
2021-07-16,455.66,464.51,436.81,437.94,673.91487
2021-07-17,437.94,446.68,430.2,435.78,538.12189
2021-07-18,435.78,453.16,431.95,437.85,511.58524
2021-07-19,437.85,441.22,413.39,414.54,904.23086
2021-07-20,414.54,422.12,384.46,398.45,1665.7153
2021-07-21,398.45,435.43,392.16,430.27,1351.90621
2021-07-22,430.27,445.32,424.45,442.07,810.39613
2021-07-23,442.07,456.11,431.45,454.39,969.50426
2021-07-24,454.39,464.63,450.27,458.52,458.17457
2021-07-25,458.52,459.52,441.22,455.03,1286.43045
2021-07-26,455.03,517.78,452.83,481.55,5750.83871
2021-07-27,481.55,503.85,467.76,501.85,2824.18135
2021-07-28,501.85,519.45,490.49,511.07,2843.42336
2021-07-29,511.07,547.39,498.58,538.53,2391.20328
2021-07-30,538.53,553.04,518.47,553.04,1867.13961
2021-07-31,553.04,557.46,536.86,544.43,1245.00722
2021-08-01,544.43,562.93,515.6,527.11,1924.57019
2021-08-02,527.11,566.73,520.34,543.39,2003.5513
2021-08-03,543.39,551.77,522.66,538.16,1392.12148
2021-08-04,538.16,552.58,524.94,545.48,699.53709
2021-08-05,545.48,550.58,523.08,548.47,856.38132
2021-08-06,548.47,560.71,536.94,556.95,1279.49599
2021-08-07,556.95,590.05,553.49,583.36,2213.77985
2021-08-08,583.36,589.7,554.55,555.62,1775.73949
2021-08-09,555.62,600.77,543.25,591.43,1758.91745
2021-08-10,591.43,606.53,573.66,592.28,1546.11891
2021-08-11,592.28,632.22,590.53,620.84,2528.69684
2021-08-12,620.84,649.08,592.42,605.51,6629.27402
2021-08-13,605.51,655.3,601.54,654.51,1996.24787
2021-08-14,654.51,692.48,642.7,692.2,1466.43493
2021-08-15,692.2,709.07,673.0,703.14,1941.44195
2021-08-16,703.14,714.29,673.34,673.34,1426.37576
2021-08-17,673.34,690.65,637.85,639.38,1890.46901
2021-08-18,639.38,655.11,620.44,631.8,4146.87355
2021-08-19,631.8,660.24,619.91,660.14,9185.91337
2021-08-20,660.14,700.09,652.25,693.96,11782.55822
2021-08-21,693.96,699.99,671.33,675.5,15223.953
2021-08-22,675.5,689.38,652.09,672.03,10747.10938
2021-08-23,672.03,694.14,664.23,678.71,12583.40397
2021-08-24,678.71,683.52,634.48,637.0,9744.40133
2021-08-25,637.0,658.48,627.38,650.56,8295.24029
2021-08-26,650.56,656.11,604.05,606.37,10831.81242
2021-08-27,606.37,636.21,597.92,635.3,6959.27549
2021-08-28,635.3,646.64,622.56,646.54,6043.72204
2021-08-29,646.54,693.08,646.54,659.13,18013.97218
2021-08-30,659.13,664.8,630.28,632.6,5788.97258
2021-08-31,632.6,651.27,624.01,636.83,5399.14691
2021-09-01,636.83,657.07,625.66,655.76,3580.06699
2021-09-02,655.76,673.8,652.6,664.34,3735.41376
2021-09-03,664.34,721.25,651.05,713.32,7888.00503
2021-09-04,713.32,734.46,696.47,708.63,5500.0745
2021-09-05,708.63,767.14,698.43,764.57,4240.01349
2021-09-06,764.57,803.41,741.51,784.51,9357.59517
2021-09-07,784.51,787.36,590.45,671.74,8455.71772
2021-09-08,671.74,679.49,644.96,662.1,2569.65598
2021-09-09,662.1,673.14,655.84,661.21,2031.8498
2021-09-10,661.21,673.78,618.25,628.65,2305.44808
2021-09-11,628.65,647.79,626.03,636.17,1838.89106
2021-09-12,636.17,655.04,623.33,647.02,1506.11516
2021-09-13,647.02,660.36,591.92,613.92,5114.40126
2021-09-14,613.92,642.71,608.91,640.23,1516.04912
2021-09-15,640.23,656.71,632.31,652.6,1290.99048
2021-09-16,652.6,655.24,626.31,639.34,2603.6647
2021-09-17,639.34,647.65,613.05,621.03,3646.88757
2021-09-18,621.03,638.2,614.64,630.65,2776.89645
2021-09-19,630.65,647.09,602.06,608.83,3464.18203
2021-09-20,608.83,609.09,530.39,542.71,10364.02964
2021-09-21,542.71,552.21,496.99,503.99,10574.03742
2021-09-22,503.99,548.01,496.33,547.77,5919.56567
2021-09-23,547.77,553.71,532.42,552.45,3650.46059
2021-09-24,552.45,556.13,479.21,513.35,9130.28442
2021-09-25,513.35,523.13,502.0,516.88,6406.9173
2021-09-26,516.88,519.75,480.58,503.71,7309.91201
2021-09-27,503.71,515.07,487.64,488.1,4410.37682
2021-09-28,488.1,499.19,472.58,474.27,5781.13033
2021-09-29,474.27,497.96,471.52,484.98,4454.81631
2021-09-30,484.98,505.96,481.92,502.78,2884.66293
2021-10-01,502.78,544.57,500.57,543.41,3162.86325
2021-10-02,543.41,559.77,536.62,552.02,1932.13791
2021-10-03,552.02,578.98,544.6,571.26,2687.41493
2021-10-04,571.26,571.31,530.76,550.52,3965.98217
2021-10-05,550.52,600.05,548.79,594.77,3481.79605
2021-10-06,594.77,625.37,562.31,616.67,10575.53568
2021-10-07,616.67,635.82,598.06,611.03,10100.99136
2021-10-08,611.03,617.48,588.73,596.17,5160.89202
2021-10-09,596.17,624.02,591.64,614.8,4074.45404
2021-10-10,614.8,622.91,582.29,584.96,4966.30671
2021-10-11,584.96,618.24,577.36,601.39,6170.70414
2021-10-12,601.39,601.39,567.98,587.67,18907.79504
2021-10-13,587.67,594.53,571.63,593.04,14455.47254
2021-10-14,593.04,607.57,590.39,598.69,20248.06353
2021-10-15,598.69,636.79,585.56,625.5,36348.45742
2021-10-16,625.5,648.04,623.86,625.06,16031.3375
2021-10-17,625.06,628.53,590.11,612.22,14174.64086
2021-10-18,612.22,619.09,598.61,611.36,13643.60332
2021-10-19,611.36,624.78,599.87,618.26,9931.40611
2021-10-20,618.26,648.79,605.24,644.4,10064.95649
2021-10-21,644.4,655.63,621.58,623.16,15474.99498
2021-10-22,623.16,636.92,612.89,623.98,11567.76597
2021-10-23,623.98,637.47,615.12,628.91,7449.82284
2021-10-24,628.91,632.93,605.93,617.33,11364.37426
2021-10-25,617.33,628.31,615.01,621.24,7694.69817
2021-10-26,621.24,632.08,600.44,611.85,21149.32227
2021-10-27,611.85,619.23,536.1,548.15,50576.38806
2021-10-28,548.15,591.88,544.19,578.64,56039.05622
2021-10-29,578.64,596.46,574.33,594.39,20288.77527
2021-10-30,594.39,600.58,576.15,585.03,14950.78863
2021-10-31,585.03,604.61,574.08,596.72,26991.65967
2021-11-01,596.72,599.64,578.72,586.92,17132.08759
2021-11-02,586.92,608.41,582.52,598.17,12607.13427
2021-11-03,598.17,618.55,589.69,610.95,29648.52391
2021-11-04,610.95,612.97,586.45,595.66,14780.96867
2021-11-05,595.66,632.55,591.67,597.63,27559.63089
2021-11-06,597.63,602.29,577.0,587.26,12031.96106
2021-11-07,587.26,600.36,585.89,600.34,5727.44121
2021-11-08,600.34,642.35,598.92,638.35,20521.47271
2021-11-09,638.35,731.2,636.75,717.17,48752.30567
2021-11-10,717.17,728.9,645.7,663.11,50785.76957
2021-11-11,663.11,680.74,658.77,676.59,15566.27617
2021-11-12,676.59,684.29,646.81,668.23,18847.0949
2021-11-13,668.23,670.38,655.5,665.81,6506.73903
2021-11-14,665.81,679.49,657.27,679.4,6696.90438
2021-11-15,679.4,685.92,664.59,665.53,6497.3149
2021-11-16,665.53,665.61,572.26,598.08,43244.79202
2021-11-17,598.08,603.37,577.73,595.1,26271.62752
2021-11-18,595.1,601.5,542.97,554.21,37366.68823
2021-11-19,554.21,576.78,548.26,574.22,15871.20971
2021-11-20,574.22,587.77,565.16,584.39,11280.22203
2021-11-21,584.39,585.04,568.9,574.91,8649.32067
2021-11-22,574.91,577.37,547.68,556.76,19822.9151
2021-11-23,556.76,575.37,546.47,571.1,13961.2585
2021-11-24,571.1,619.87,558.49,618.95,28205.53242
2021-11-25,618.95,635.44,607.83,616.43,19273.26219
2021-11-26,616.43,618.54,541.29,556.12,27045.59324
2021-11-27,556.12,573.26,555.04,562.94,9634.78369
2021-11-28,562.94,569.21,531.45,569.21,17508.03046
2021-11-29,569.21,581.2,557.09,574.87,10774.96946
2021-11-30,574.87,587.47,557.11,569.59,17334.23255
2021-12-01,569.59,586.49,564.38,570.53,14556.33271
2021-12-02,570.53,573.72,558.16,561.6,9836.07281
2021-12-03,561.6,567.4,519.22,532.9,15684.29728
2021-12-04,532.9,534.45,347.88,473.18,110749.60131
2021-12-05,473.18,477.69,435.05,453.01,55622.37497
2021-12-06,453.01,480.37,419.01,474.83,52886.80773
2021-12-07,474.83,502.34,463.81,474.27,34974.34606
2021-12-08,474.27,488.04,463.68,480.0,37901.52181
2021-12-09,480.0,482.95,448.09,448.72,30556.04664
2021-12-10,448.72,468.51,436.87,438.42,34631.51151
2021-12-11,438.42,461.44,432.09,458.81,20751.31953
2021-12-12,458.81,462.4,441.92,457.97,9521.20282
2021-12-13,457.97,460.27,414.61,421.7,29475.31901
2021-12-14,421.7,441.93,418.63,436.79,32794.32975
2021-12-15,436.79,449.85,416.83,447.56,25928.41251
2021-12-16,447.56,453.57,437.23,438.24,12344.60601
2021-12-17,438.24,441.41,417.84,424.73,16922.37332
2021-12-18,424.73,439.13,419.18,435.83,12063.5342
2021-12-19,435.83,445.5,432.07,432.79,11680.23448
2021-12-20,432.79,439.88,419.02,430.23,18801.95779
2021-12-21,430.23,440.63,426.66,437.69,7605.76314
2021-12-22,437.69,446.86,434.68,438.2,8243.80715
2021-12-23,438.2,457.99,434.26,455.27,10454.82093
2021-12-24,455.27,460.99,448.88,451.38,11012.96785
2021-12-25,451.38,460.43,447.29,454.96,6458.58993
2021-12-26,454.96,455.28,444.65,451.45,5913.55537
2021-12-27,451.45,475.8,447.46,465.04,9899.20837
2021-12-28,465.04,465.21,438.15,438.58,16437.91114
2021-12-29,438.58,445.58,427.25,429.89,16358.50945
2021-12-30,429.89,437.05,424.09,431.57,14641.13242
2021-12-31,431.57,437.25,419.33,430.34,13617.69292
2022-01-01,430.34,445.87,430.17,444.91,8264.74536
2022-01-02,444.91,452.03,442.72,447.38,7904.29344
2022-01-03,447.38,447.65,431.1,434.39,7854.55483
2022-01-04,434.39,439.23,425.68,426.84,7895.83249
2022-01-05,426.84,432.18,390.84,399.31,17477.00467
2022-01-06,399.31,402.31,387.79,399.76,21352.46977
2022-01-07,399.76,401.51,375.64,385.48,29513.60692
2022-01-08,385.48,391.37,361.47,372.83,22608.99565
2022-01-09,372.83,380.82,370.1,376.96,6319.50095
2022-01-10,376.96,378.22,348.41,363.73,42124.88801
2022-01-11,363.73,374.75,361.84,369.62,11417.6602
2022-01-12,369.62,385.49,367.95,383.64,9918.03496
2022-01-13,383.64,391.33,376.98,378.01,11768.17659
2022-01-14,378.01,393.49,365.01,385.45,15719.11715
2022-01-15,385.45,392.86,383.16,390.76,5846.70072
2022-01-16,390.76,393.23,382.44,388.02,5236.56575
2022-01-17,388.02,389.16,373.18,380.7,11243.43034
2022-01-18,380.7,398.13,374.77,381.53,17859.93717
2022-01-19,381.53,384.35,365.83,369.05,10685.13876
2022-01-20,369.05,384.07,356.4,357.88,9084.67544
2022-01-21,357.88,359.88,308.55,314.95,44041.8485
2022-01-22,314.95,318.65,265.37,291.76,99376.1285
2022-01-23,291.76,303.29,288.0,302.44,42052.25718
2022-01-24,302.44,302.45,259.86,292.37,78635.40601
2022-01-25,292.37,294.38,281.67,291.45,30073.49623
2022-01-26,291.45,314.69,284.13,288.84,36786.90762
2022-01-27,288.84,294.77,278.57,289.57,31239.88112
2022-01-28,289.57,297.16,281.95,296.84,23554.56662
2022-01-29,296.84,301.99,291.27,298.73,12033.37781
2022-01-30,298.73,302.01,287.77,290.06,14276.31203
2022-01-31,290.06,290.34,278.16,284.78,17557.65194
2022-02-01,284.78,290.86,282.52,287.67,13109.31056
2022-02-02,287.67,296.56,276.55,277.98,19593.48785
2022-02-03,277.98,281.36,270.99,280.84,20691.30781
2022-02-04,280.84,306.79,276.5,306.09,18922.22748
2022-02-05,306.09,328.83,302.59,320.36,17880.59865
2022-02-06,320.36,328.03,312.38,324.73,14530.0883
2022-02-07,324.73,350.1,317.95,342.91,26450.94068
2022-02-08,342.91,355.7,325.11,335.09,30181.42847
2022-02-09,335.09,347.67,328.29,345.81,14115.44302
2022-02-10,345.81,362.25,336.5,340.73,17117.20535
2022-02-11,340.73,341.5,316.81,320.85,22270.66141
2022-02-12,320.85,330.38,312.19,330.35,19664.4034
2022-02-13,330.35,339.9,324.48,333.7,18179.3901
2022-02-14,333.7,337.42,318.54,330.49,17202.81912
2022-02-15,330.49,344.57,328.76,343.16,12260.17681
2022-02-16,343.16,343.29,329.15,334.23,15026.01756
2022-02-17,334.23,336.25,309.62,313.08,25027.90385
2022-02-18,313.08,318.94,306.47,310.06,30163.23378
2022-02-19,310.06,315.97,305.32,311.88,19074.78038
2022-02-20,311.88,312.57,296.92,302.57,40252.54704
2022-02-21,302.57,310.61,282.46,283.13,69042.48628
2022-02-22,283.13,295.45,275.95,293.29,64398.62193
2022-02-23,293.29,304.73,287.14,288.38,35406.40841
2022-02-24,288.38,309.11,259.77,300.75,131601.48382
2022-02-25,300.75,312.44,290.13,308.21,41059.99318
2022-02-26,308.21,324.07,307.06,314.57,29259.73969
2022-02-27,314.57,321.3,299.5,303.86,28680.63634
2022-02-28,303.86,338.9,300.54,338.87,28369.9605
2022-03-01,338.87,343.42,320.72,328.35,32621.94587
2022-03-02,328.35,331.19,318.28,320.38,29038.61837
2022-03-03,320.38,321.71,305.87,315.07,33094.92651
2022-03-04,315.07,315.29,285.77,290.22,71379.92328
2022-03-05,290.22,295.57,283.69,294.43,52440.21404
2022-03-06,294.43,296.25,281.51,281.7,91617.33395
2022-03-07,281.7,290.73,270.31,274.27,131068.69787
2022-03-08,274.27,289.55,272.54,284.48,103164.10014
2022-03-09,284.48,317.87,283.37,307.18,47118.76723
2022-03-10,307.18,308.85,283.9,289.53,44430.09498
2022-03-11,289.53,294.59,281.16,287.48,68873.48302
2022-03-12,287.48,294.25,287.37,290.7,35997.82969
2022-03-13,290.7,295.88,278.13,279.88,51556.29445
2022-03-14,279.88,289.93,277.66,289.51,64823.46747
2022-03-15,289.51,292.61,281.59,289.37,55627.5286
2022-03-16,289.37,302.04,286.39,299.57,78726.26599
2022-03-17,299.57,300.95,294.39,296.07,9557.11809
2022-03-18,296.07,306.61,290.58,305.77,16183.69209
2022-03-19,305.77,328.29,305.47,327.78,14547.45245
2022-03-20,327.78,332.32,315.78,327.16,30757.04673
2022-03-21,327.16,340.46,320.49,334.97,48009.32811
2022-03-22,334.97,386.49,334.18,375.49,68737.64815
2022-03-23,375.49,384.03,353.22,363.48,37698.7205
2022-03-24,363.48,367.32,351.89,365.96,45289.73108
2022-03-25,365.96,373.97,353.09,364.71,30748.92004
2022-03-26,364.71,366.35,356.67,361.59,13360.05834
2022-03-27,361.59,377.16,355.05,376.8,22200.56578
2022-03-28,376.8,385.82,364.25,367.94,37372.68655
2022-03-29,367.94,386.92,366.67,373.4,26422.34106
2022-03-30,373.4,386.39,362.43,380.02,28668.20588
2022-03-31,380.02,390.84,362.78,384.16,47617.24777
2022-04-01,384.16,389.12,363.4,376.93,27886.22184
2022-04-02,376.93,382.87,370.3,372.45,18508.89906
2022-04-03,372.45,381.37,368.19,378.54,8595.83232
2022-04-04,378.54,379.49,362.92,376.22,15333.40799
2022-04-05,376.22,381.93,364.99,365.14,11984.13287
2022-04-06,365.14,367.7,329.36,331.13,47929.29816
2022-04-07,331.13,339.87,326.47,336.23,18866.81408
2022-04-08,336.23,338.41,320.75,323.0,21891.49183
2022-04-09,323.0,327.43,321.55,325.67,9702.83781
2022-04-10,325.67,332.33,318.37,319.65,11981.44163
2022-04-11,319.65,320.98,290.91,294.64,25742.92456
2022-04-12,294.64,307.31,293.4,304.67,17773.73267
2022-04-13,304.67,349.05,301.28,340.9,45216.57325
2022-04-14,340.9,352.95,332.64,337.5,14000.09365
2022-04-15,337.5,345.01,333.3,340.94,15184.3659
2022-04-16,340.94,347.37,339.12,342.83,9567.11497
2022-04-17,342.83,348.67,327.24,328.01,9384.99769
2022-04-18,328.01,340.75,312.86,340.27,20285.21147
2022-04-19,340.27,342.78,332.65,340.19,10425.21954
2022-04-20,340.19,344.62,328.77,330.38,17224.92241
2022-04-21,330.38,345.52,311.35,315.75,17107.07994
2022-04-22,315.75,334.64,314.23,320.95,25060.00817
2022-04-23,320.95,324.12,311.43,312.5,6656.45801
2022-04-24,312.5,314.97,306.95,307.44,8654.6474
2022-04-25,307.44,315.63,299.83,314.42,17734.19731
2022-04-26,314.42,321.54,291.64,296.2,21953.34793
2022-04-27,296.2,309.24,293.52,306.88,20473.33353
2022-04-28,306.88,312.56,302.98,306.07,11671.13417
2022-04-29,306.07,308.92,290.82,294.47,17912.16829
2022-04-30,294.47,298.0,267.24,277.82,21573.03426
2022-05-01,277.82,287.57,272.67,283.72,17686.99897
2022-05-02,283.72,289.99,279.72,284.74,17844.9256
2022-05-03,284.74,289.48,276.31,279.13,9159.15748
2022-05-04,279.13,300.26,278.26,300.01,16839.78341
2022-05-05,300.01,302.57,272.66,277.25,29413.31788
2022-05-06,277.25,277.76,264.77,274.76,46856.9432
2022-05-07,274.76,277.56,263.58,268.13,13015.93187
2022-05-08,268.13,269.91,260.04,261.52,22571.30248
2022-05-09,261.52,266.32,215.12,217.39,126056.86677
2022-05-10,217.39,243.98,210.79,231.46,186909.58563
2022-05-11,231.46,249.72,184.02,194.71,306828.53711
2022-05-12,194.71,226.65,157.5,193.93,366026.97821
2022-05-13,193.93,221.61,191.63,202.1,160975.31591
2022-05-14,202.1,236.51,186.8,209.07,83298.214
2022-05-15,209.07,215.93,202.82,214.72,47978.84136
2022-05-16,214.72,214.83,196.15,197.48,31525.47776
2022-05-17,197.48,214.63,194.94,206.69,46943.64846
2022-05-18,206.69,208.94,186.39,186.85,30040.73647
2022-05-19,186.85,198.57,181.01,196.57,39368.20042
2022-05-20,196.57,200.38,186.1,190.08,30218.75794
2022-05-21,190.08,195.7,186.59,192.35,14491.9376
2022-05-22,192.35,202.3,190.39,197.98,17170.4262
2022-05-23,197.98,207.96,189.04,191.99,29781.01929
2022-05-24,191.99,197.34,183.49,195.59,27695.16502
2022-05-25,195.59,201.25,189.51,190.22,30159.73259
2022-05-26,190.22,192.85,172.57,179.5,45305.27212
2022-05-27,179.5,184.85,171.8,174.72,69868.05724
2022-05-28,174.72,180.53,172.89,178.72,19626.90259
2022-05-29,178.72,186.26,175.43,185.25,17439.51935
2022-05-30,185.25,199.0,184.4,196.9,27665.18814
2022-05-31,196.9,207.21,191.94,204.63,47621.31811
2022-06-01,204.63,210.42,184.44,185.85,52846.4556
2022-06-02,185.85,189.77,182.52,188.99,30679.91298
2022-06-03,188.99,191.68,180.24,183.06,27299.67593
2022-06-04,183.06,189.77,180.03,188.75,18989.92624
2022-06-05,188.75,190.3,178.21,179.74,23910.99564
2022-06-06,179.74,189.09,179.07,185.58,29189.28116
2022-06-07,185.58,188.13,173.24,182.04,49818.0042
2022-06-08,182.04,182.98,175.0,176.82,31484.69002
2022-06-09,176.82,180.69,172.61,175.65,19851.90756
2022-06-10,175.65,177.15,165.91,167.47,48501.8628
2022-06-11,167.47,169.82,154.88,156.55,53414.37177
2022-06-12,156.55,158.28,146.0,146.08,73187.95278
2022-06-13,146.08,148.94,124.36,126.88,240006.92055
2022-06-14,126.88,134.66,117.72,126.03,176613.87553
2022-06-15,126.03,131.28,110.22,127.95,200499.5099
2022-06-16,127.95,130.68,107.24,109.22,139993.83848
2022-06-17,109.22,122.13,106.74,121.46,153688.52259
2022-06-18,121.46,124.75,109.29,115.33,183647.77899
2022-06-19,115.33,123.26,111.18,120.58,127446.92311
2022-06-20,120.58,124.56,116.02,118.67,100118.11843
2022-06-21,118.67,123.18,113.99,119.52,74012.78471
2022-06-22,119.52,119.56,112.44,112.9,73730.95923
2022-06-23,112.9,118.37,111.72,116.13,55915.76745
2022-06-24,116.13,121.06,113.34,114.2,69560.7677
2022-06-25,114.2,116.28,110.78,115.53,64353.70186
2022-06-26,115.53,119.44,112.5,112.93,67449.29017
2022-06-27,112.93,117.17,110.23,111.4,61446.59739
2022-06-28,111.4,112.84,102.24,103.21,79833.68931
2022-06-29,103.21,107.74,101.48,104.53,99483.74175
2022-06-30,104.53,104.87,96.85,103.13,98028.00553
2022-07-01,103.13,106.27,98.17,101.35,85055.2514
2022-07-02,101.35,107.19,100.61,106.56,54140.26144
2022-07-03,106.56,108.07,101.72,105.75,47351.10544
2022-07-04,105.75,108.43,102.5,108.16,74051.49652
2022-07-05,108.16,108.65,101.82,104.13,102575.6212
2022-07-06,104.13,107.3,102.76,105.97,98539.0761
2022-07-07,105.97,112.43,104.91,111.51,48667.92629
2022-07-08,111.51,113.7,106.93,108.62,68003.75152
2022-07-09,108.62,113.09,108.54,111.38,36782.70445
2022-07-10,111.38,111.65,105.28,106.88,65175.61652
2022-07-11,106.88,107.35,98.5,99.09,95767.88128
2022-07-12,99.09,101.01,96.7,97.22,84967.14016
2022-07-13,97.22,102.68,95.32,102.58,96254.33852
2022-07-14,102.58,104.16,99.11,102.93,62279.09815
2022-07-15,102.93,106.99,101.83,106.15,65301.50656
2022-07-16,106.15,110.74,103.74,109.47,61757.6923
2022-07-17,109.47,116.08,107.81,110.26,95131.68748
2022-07-18,110.26,122.0,110.05,121.56,110507.61408
2022-07-19,121.56,129.5,115.95,128.38,175729.357
2022-07-20,128.38,131.28,119.83,121.72,145075.45156
2022-07-21,121.72,124.26,117.64,123.06,111016.59342
2022-07-22,123.06,129.34,119.63,123.26,120140.00333
2022-07-23,123.26,127.1,118.11,122.36,92428.2221
2022-07-24,122.36,134.97,122.31,131.9,116785.35701
2022-07-25,131.9,133.03,117.54,117.96,114496.41033
2022-07-26,117.96,119.05,113.64,118.87,98540.08155
2022-07-27,118.87,127.43,116.18,127.34,105334.53154
2022-07-28,127.34,159.41,127.2,155.66,252298.99675
2022-07-29,155.66,164.89,147.22,151.94,145895.53156
2022-07-30,151.94,154.55,143.24,145.34,67474.02269
2022-07-31,145.34,150.28,138.49,139.22,59017.9287
2022-08-01,139.22,142.25,134.03,137.85,39431.21457
2022-08-02,137.85,138.99,128.65,133.66,88581.22654
2022-08-03,133.66,142.88,130.22,133.88,36714.97815
2022-08-04,133.88,138.56,132.38,134.28,47728.36183
2022-08-05,134.28,142.15,133.93,141.94,38159.88641
2022-08-06,141.94,143.5,139.1,141.22,29097.26746
2022-08-07,141.22,143.9,138.0,140.99,57884.67106
2022-08-08,140.99,148.05,140.22,143.53,67079.04788
2022-08-09,143.53,144.4,133.33,134.74,64550.04335
2022-08-10,134.74,143.63,131.33,142.18,74607.73218
2022-08-11,142.18,148.66,141.71,142.87,95297.6459
2022-08-12,142.87,143.49,138.43,143.11,49589.2432
2022-08-13,143.11,147.16,142.41,144.27,40599.36427
2022-08-14,144.27,147.8,138.21,139.49,62678.57373
2022-08-15,139.49,143.47,133.74,137.24,67388.10612
2022-08-16,137.24,138.49,134.61,136.38,107804.10267
2022-08-17,136.38,144.88,132.4,133.69,115579.06888
2022-08-18,133.69,136.38,126.92,129.05,146909.86797
2022-08-19,129.05,129.1,113.41,114.43,315059.18892
2022-08-20,114.43,118.3,111.31,114.67,218800.5695
2022-08-21,114.67,120.69,114.19,119.74,156208.87454
2022-08-22,119.74,123.41,113.36,122.7,164991.25761
2022-08-23,122.7,135.78,120.04,133.31,182019.3349
2022-08-24,133.31,138.8,130.3,130.49,143788.33255
2022-08-25,130.49,132.8,128.5,130.61,73729.61071
2022-08-26,130.61,130.61,114.83,116.15,140744.39811
2022-08-27,116.15,118.51,113.18,115.22,100275.13942
2022-08-28,115.22,121.1,111.84,112.53,94056.49213
2022-08-29,112.53,120.0,110.8,119.58,110674.56296
2022-08-30,119.58,120.75,111.77,114.64,89451.23191
2022-08-31,114.64,117.99,114.15,115.13,109330.32082
2022-09-01,115.13,117.2,113.01,116.64,96402.92939
2022-09-02,116.64,120.38,114.62,116.34,98913.85527
2022-09-03,116.34,119.3,115.74,117.74,63744.05733
2022-09-04,117.74,118.38,115.8,118.37,51192.7968
2022-09-05,118.37,126.31,117.0,125.64,75581.0036
2022-09-06,125.64,127.99,111.78,112.17,107998.52185
2022-09-07,112.17,119.51,110.31,118.76,93141.39671
2022-09-08,118.76,130.41,115.86,126.56,208336.93885
2022-09-09,126.56,138.63,126.04,132.74,227255.96586
2022-09-10,132.74,134.97,130.49,132.63,149178.94394
2022-09-11,132.63,133.33,127.37,130.25,112807.74597
2022-09-12,130.25,132.9,126.23,128.81,170370.95131
2022-09-13,128.81,133.72,115.99,117.54,178783.49051
2022-09-14,117.54,120.85,116.01,119.99,77067.71668
2022-09-15,119.99,122.96,116.01,117.52,114817.5015
2022-09-16,117.52,120.95,116.12,119.56,64518.29659
2022-09-17,119.56,123.47,119.3,122.13,30459.94135
2022-09-18,122.13,122.27,110.54,111.79,71245.69891
2022-09-19,111.79,113.38,106.6,112.08,120315.35064
2022-09-20,112.08,114.89,110.99,112.76,114290.13794
2022-09-21,112.76,118.98,108.31,108.92,163144.38831
2022-09-22,108.92,117.25,108.63,116.59,161982.12455
2022-09-23,116.59,120.5,112.38,120.11,332755.76619
2022-09-24,120.11,122.19,117.24,117.35,200813.03672
2022-09-25,117.35,118.57,112.12,113.44,204976.50282
2022-09-26,113.44,117.58,112.47,116.28,282762.83288
2022-09-27,116.28,120.56,112.5,114.33,250222.03157
2022-09-28,114.33,115.88,110.21,114.12,240303.25406
2022-09-29,114.12,117.9,113.5,116.97,245583.75605
2022-09-30,116.97,124.88,115.41,120.1,243144.45957
2022-10-01,120.1,121.0,115.81,117.15,27150.75545
2022-10-02,117.15,118.58,113.75,114.31,37186.32215
2022-10-03,114.31,116.49,113.51,116.25,39001.74314
2022-10-04,116.25,122.08,115.61,121.12,37996.51404
2022-10-05,121.12,123.44,118.92,122.08,35957.82448
2022-10-06,122.08,123.79,117.82,118.33,36636.43765
2022-10-07,118.33,120.28,115.44,116.75,40451.50409
2022-10-08,116.75,118.78,115.59,116.9,31227.96133
2022-10-09,116.9,118.47,116.41,117.22,30668.37614
2022-10-10,117.22,118.09,110.74,111.64,46371.17941
2022-10-11,111.64,112.47,109.02,111.14,52525.9279
2022-10-12,111.14,112.79,110.63,111.75,35951.91802
2022-10-13,111.75,113.12,101.83,108.79,167531.89041
2022-10-14,108.79,111.81,106.61,107.55,51879.77536
2022-10-15,107.55,109.57,106.7,107.95,33259.11331
2022-10-16,107.95,111.0,107.84,110.28,45134.33144
2022-10-17,110.28,111.57,109.23,110.57,46164.57256
2022-10-18,110.57,111.4,107.21,108.7,39682.86536
2022-10-19,108.7,108.97,105.15,105.82,33497.11379
2022-10-20,105.82,108.98,105.01,106.46,39301.28073
2022-10-21,106.46,107.37,102.8,107.09,71939.68984
2022-10-22,107.09,110.39,106.1,108.53,30076.62934
2022-10-23,108.53,111.13,107.59,110.88,36056.30016
2022-10-24,110.88,111.13,107.39,107.86,48147.7461
2022-10-25,107.86,114.39,107.73,112.72,47385.10481
2022-10-26,112.72,116.4,112.01,114.45,60075.35536
2022-10-27,114.45,116.91,111.62,112.38,72031.15008
2022-10-28,112.38,116.28,111.01,115.56,60811.73029
2022-10-29,115.56,120.68,115.3,118.49,76615.47546
2022-10-30,118.49,120.29,114.42,116.13,49375.43683
2022-10-31,116.13,117.89,113.52,115.08,70625.29298
2022-11-01,115.08,116.58,113.92,114.97,43104.38722
2022-11-02,114.97,122.19,112.01,113.64,218326.48475
2022-11-03,113.64,120.0,113.13,115.67,83625.59566
2022-11-04,115.67,124.87,114.92,124.53,237787.9755
2022-11-05,124.53,126.11,122.13,123.76,203453.12856
2022-11-06,123.76,124.27,116.11,116.67,137664.04817
2022-11-07,116.67,119.52,115.25,117.87,161993.66164
2022-11-08,117.87,118.89,94.84,103.15,1340717.65885
2022-11-09,103.15,104.07,87.25,89.17,2190973.94821
2022-11-10,89.17,106.57,87.15,102.7,757937.32531
2022-11-11,102.7,106.83,99.01,103.04,225852.73641
2022-11-12,103.04,103.21,97.77,102.6,90261.19128
2022-11-13,102.6,103.6,98.12,99.55,79193.82664
2022-11-14,99.55,104.77,96.29,103.86,211941.28915
2022-11-15,103.86,106.38,102.26,103.95,120849.59082
2022-11-16,103.95,109.88,102.51,104.48,229213.60998
2022-11-17,104.48,105.44,101.22,103.84,245913.53003
2022-11-18,103.84,105.87,103.49,104.73,100928.18235
2022-11-19,104.73,106.28,103.94,104.84,105656.73083
2022-11-20,104.84,107.63,103.01,104.84,158479.13944
2022-11-21,104.84,107.47,100.57,103.32,594520.98954
2022-11-22,103.32,109.46,103.01,109.35,225220.5384
2022-11-23,109.35,119.71,108.39,114.92,212471.79447
2022-11-24,114.92,118.76,113.11,115.93,272882.56685
2022-11-25,115.93,116.57,113.02,113.81,188958.21993
2022-11-26,113.81,115.77,111.44,112.46,55958.14335
2022-11-27,112.46,113.78,110.77,111.13,42942.16691
2022-11-28,111.13,112.1,106.01,110.01,67355.22552
2022-11-29,110.01,113.25,109.15,111.0,43029.80338
2022-11-30,111.0,114.64,110.28,113.46,73194.42854
2022-12-01,113.46,114.0,109.62,110.39,60619.82879
2022-12-02,110.39,112.5,108.04,111.91,46969.5023
2022-12-03,111.91,112.34,109.4,109.62,39456.43473
2022-12-04,109.62,111.96,109.52,111.08,72600.75702
2022-12-05,111.08,117.13,109.44,110.46,50441.2285
2022-12-06,110.46,112.28,110.15,112.12,57953.05446
2022-12-07,112.12,112.69,107.48,109.14,57834.35903
2022-12-08,109.14,112.43,108.42,111.84,46329.34144
2022-12-09,111.84,112.36,109.01,109.83,32697.44921
2022-12-10,109.83,110.66,108.8,109.02,15261.90488
2022-12-11,109.02,109.91,106.01,106.22,57613.49803
2022-12-12,106.22,106.82,102.3,106.26,40795.95291
2022-12-13,106.26,111.46,103.85,110.23,53840.38581
2022-12-14,110.23,111.35,107.54,108.98,35961.00317
2022-12-15,108.98,109.98,106.72,107.24,40572.5314
2022-12-16,107.24,108.08,98.77,100.12,106690.74745
2022-12-17,100.12,103.42,98.78,103.19,36083.50854
2022-12-18,103.19,103.66,101.35,101.93,22331.54684
2022-12-19,101.93,103.02,97.82,98.43,69981.16054
2022-12-20,98.43,102.42,98.23,101.63,47879.82386
2022-12-21,101.63,102.33,99.79,100.31,31688.46033
2022-12-22,100.31,101.52,99.34,101.45,9575.69727
2022-12-23,101.45,102.85,101.19,101.98,7003.64228
2022-12-24,101.98,102.81,101.49,101.62,2784.20588
2022-12-25,101.62,101.91,99.61,101.38,5004.59677
2022-12-26,101.38,103.58,100.88,103.42,4287.645
2022-12-27,103.42,103.82,101.04,101.78,28297.1968
2022-12-28,101.78,102.62,98.79,99.17,40334.68008
2022-12-29,99.17,100.32,97.23,98.47,35256.87745
2022-12-30,98.47,98.48,95.19,96.72,27527.14259
2022-12-31,96.72,98.44,96.39,97.08,10765.22415
2023-01-01,97.08,97.61,96.14,96.71,20428.48621
2023-01-02,96.71,100.35,95.51,99.24,26924.94047
2023-01-03,99.24,100.52,98.79,99.62,10588.08707
2023-01-04,99.62,102.48,99.51,101.51,5545.65066
2023-01-05,101.51,103.53,100.57,101.17,6240.72591
2023-01-06,101.17,101.92,98.11,101.67,9495.35789
2023-01-07,101.67,102.19,101.21,101.47,5163.72382
2023-01-08,101.47,103.85,100.76,103.64,7821.09433
2023-01-09,103.64,107.88,103.64,106.83,11734.82762
2023-01-10,106.83,109.17,105.52,107.43,8737.81868
2023-01-11,107.43,110.09,105.49,109.79,11920.31852
2023-01-12,109.79,125.11,107.68,119.65,27227.21018
2023-01-13,119.65,127.73,117.82,124.6,13175.69525
2023-01-14,124.6,131.24,120.08,125.86,22816.80461
2023-01-15,125.86,127.23,121.41,124.86,8614.43925
2023-01-16,124.86,127.03,119.62,124.09,22605.00203
2023-01-17,124.09,125.56,121.84,122.74,11070.88996
2023-01-18,122.74,127.41,116.36,118.79,103521.83704
2023-01-19,118.79,122.48,118.62,121.69,9775.2049
2023-01-20,121.69,128.14,120.42,128.11,11057.99278
2023-01-21,128.11,134.09,125.47,127.91,19293.53837
2023-01-22,127.91,132.33,127.15,128.66,14458.10271
2023-01-23,128.66,138.27,128.43,133.24,22169.76565
2023-01-24,133.24,137.18,125.72,128.19,12055.35442
2023-01-25,128.19,134.38,125.51,131.79,15274.80773
2023-01-26,131.79,134.99,129.58,133.84,13146.17287
2023-01-27,133.84,136.31,131.86,135.12,8154.95979
2023-01-28,135.12,135.89,131.37,132.63,7431.84771
2023-01-29,132.63,138.53,131.92,136.52,7825.75142
2023-01-30,136.52,136.67,127.6,131.02,5290.81041
2023-01-31,131.02,136.42,130.59,133.3,5097.61721
2023-02-01,133.3,136.83,129.83,136.12,5741.58612
2023-02-02,136.12,143.66,135.65,136.67,5823.87025
2023-02-03,136.67,139.52,136.15,137.88,4042.46798
2023-02-04,137.88,140.1,136.45,138.0,2853.4359
2023-02-05,138.0,138.26,132.76,134.45,3981.25333
2023-02-06,134.45,135.05,130.28,131.48,3428.46989
2023-02-07,131.48,137.28,131.14,135.85,4735.41915
2023-02-08,135.85,136.79,129.7,131.46,2882.02243
2023-02-09,131.46,132.51,122.01,126.54,8601.51084
2023-02-10,126.54,130.17,123.95,124.26,5124.91458
2023-02-11,124.26,125.41,123.06,124.63,1778.58932
2023-02-12,124.63,126.68,121.38,122.84,2863.55923
2023-02-13,122.84,124.73,119.64,123.83,7220.29726
2023-02-14,123.83,127.16,122.83,126.71,4957.85401
2023-02-15,126.71,135.22,125.02,134.81,4754.12606
2023-02-16,134.81,135.74,127.69,127.96,6164.91008
2023-02-17,127.96,134.64,127.59,133.45,4658.20215
2023-02-18,133.45,138.62,133.21,136.23,3719.54644
2023-02-19,136.23,140.89,134.63,136.14,5936.46327
2023-02-20,136.14,148.92,133.39,145.27,5875.56069
2023-02-21,145.27,153.94,143.0,145.22,8890.49268
2023-02-22,145.22,145.54,137.1,141.97,5236.65938
2023-02-23,141.97,143.65,137.59,138.86,3081.82001
2023-02-24,138.86,139.48,130.48,132.83,17429.80442
2023-02-25,132.83,135.49,129.67,133.24,23684.98145
2023-02-26,133.24,137.4,132.3,136.09,12636.85785
2023-02-27,136.09,138.06,133.39,135.25,17694.10389
2023-02-28,135.25,135.29,130.64,131.94,15860.91422
2023-03-01,131.94,135.79,131.6,134.16,13700.73555
2023-03-02,134.16,134.59,129.84,131.7,13478.57807
2023-03-03,131.7,131.79,120.36,126.28,24831.15564
2023-03-04,126.28,127.08,122.25,124.38,10112.56427
2023-03-05,124.38,126.36,123.28,123.93,11778.55743
2023-03-06,123.93,124.84,122.2,124.27,13333.85907
2023-03-07,124.27,125.77,120.08,122.23,6770.49902
2023-03-08,122.23,122.52,114.66,116.62,8541.94594
2023-03-09,116.62,118.31,106.4,110.13,8426.95272
2023-03-10,110.13,112.01,105.34,111.54,12866.87692
2023-03-11,111.54,115.23,107.49,113.46,13026.41245
2023-03-12,113.46,120.74,111.94,120.2,8901.46827
2023-03-13,120.2,128.0,119.3,126.6,18291.23379
2023-03-14,126.6,135.9,125.2,131.0,11127.41959
2023-03-15,131.0,133.4,122.1,123.0,2815.41188
2023-03-16,123.0,126.9,122.2,125.8,2746.1134
2023-03-17,125.8,135.5,125.0,135.2,3697.69566
2023-03-18,135.2,137.8,130.5,131.0,3002.00369
2023-03-19,131.0,136.7,131.0,135.6,2506.80626
2023-03-20,135.6,139.4,129.7,130.2,2023.84817
2023-03-21,130.2,134.5,125.9,134.2,1157.08495
2023-03-22,134.2,134.2,122.9,125.9,1636.37855
2023-03-23,125.9,130.9,124.7,128.8,484.85951
2023-03-24,128.8,131.6,122.0,123.7,1488.70373
2023-03-25,123.7,127.4,123.4,125.2,228.7664
2023-03-26,125.2,127.0,123.6,124.7,240.60078
2023-03-27,124.7,124.9,116.8,120.3,2554.00329
2023-03-28,120.3,122.1,119.1,120.9,176.29926
2023-03-29,120.9,124.7,120.5,123.3,198.60037
2023-03-30,123.3,125.2,119.1,121.0,1653.01978
2023-03-31,121.0,124.6,120.4,123.8,419.38513
2023-04-01,123.8,127.3,123.5,126.0,369.2653
2023-04-02,126.0,126.4,121.4,122.9,484.14761
2023-04-03,122.9,129.6,119.7,127.9,1804.07676
2023-04-04,127.9,128.4,125.9,127.1,2204.88679
2023-04-05,127.1,129.9,125.4,127.2,3747.45913
2023-04-06,127.2,127.6,125.0,125.9,211.67742
2023-04-07,125.9,126.5,123.2,124.5,709.63511
2023-04-08,124.5,125.2,123.0,123.9,275.60227
2023-04-09,123.9,126.4,123.3,125.4,322.89674
2023-04-10,125.4,128.5,124.1,128.0,2832.17932
2023-04-11,128.0,130.4,127.4,129.0,1809.18686
2023-04-12,129.0,129.9,125.7,128.6,2240.32574
2023-04-13,128.6,131.7,128.0,131.0,15857.78206
2023-04-14,131.0,134.4,129.1,132.4,6217.52241
2023-04-15,132.4,133.6,130.7,132.6,12108.5764
2023-04-16,132.6,136.0,131.0,134.4,5311.80103
2023-04-17,134.4,134.4,130.4,131.6,4083.13577
2023-04-18,131.6,134.2,130.5,133.6,5519.98703
2023-04-19,133.6,133.9,122.7,124.9,5792.67971
2023-04-20,124.9,126.7,121.5,123.1,396.65052
2023-04-21,123.1,125.1,118.3,119.8,5600.64975
2023-04-22,119.8,122.8,119.2,122.1,4594.87658
2023-04-23,122.1,122.7,118.0,119.8,598.97037
2023-04-24,119.8,121.5,118.6,119.1,204.52918
2023-04-25,119.1,120.4,116.8,120.2,1377.73856
2023-04-26,120.2,123.3,111.7,117.5,10820.88509
2023-04-27,117.5,120.2,116.3,117.1,495.63896
2023-04-28,117.1,120.0,115.5,118.0,7951.60258
2023-04-29,118.0,120.1,117.7,119.8,708.64392
2023-04-30,119.8,121.0,117.6,117.6,4693.62422
2023-05-01,117.6,118.3,115.1,117.0,3003.928
2023-05-02,117.0,119.6,116.5,119.3,2594.06008
2023-05-03,119.3,120.8,116.0,120.0,5539.64178
2023-05-04,120.0,120.1,116.7,117.4,2929.65944
2023-05-05,117.4,121.0,116.8,120.1,1276.81765
2023-05-06,120.1,120.6,115.4,117.0,451.37251
2023-05-07,117.0,117.7,115.9,116.0,234.87635
2023-05-08,116.0,116.8,107.5,111.1,4578.65808
2023-05-09,111.1,123.8,110.2,122.1,5136.04197
2023-05-10,122.1,123.3,112.2,115.7,3922.36651
2023-05-11,115.7,115.8,110.2,113.3,580.65994
2023-05-12,113.3,115.6,112.4,114.7,437.77892
2023-05-13,114.7,114.9,112.5,113.0,528.11071
2023-05-14,113.0,116.1,112.8,115.3,434.40767
2023-05-15,115.3,120.8,114.4,116.1,679.1981
2023-05-16,116.1,117.6,114.0,116.8,309.51312
2023-05-17,116.8,118.6,115.3,117.9,279.80029
2023-05-18,117.9,118.0,112.8,115.4,233.49023
2023-05-19,115.4,116.2,114.6,115.6,462.67908
2023-05-20,115.6,117.0,114.5,116.6,423.85796
2023-05-21,116.6,117.1,113.8,114.7,192.37135
2023-05-22,114.7,115.3,113.0,114.6,348.52127
2023-05-23,114.6,117.3,114.6,115.6,929.5957
2023-05-24,115.6,115.8,110.9,112.1,378.79985
2023-05-25,112.1,112.4,109.6,112.0,459.08107
2023-05-26,112.0,113.8,111.5,113.1,242.77767
2023-05-27,113.1,114.1,112.1,113.9,308.02079
2023-05-28,113.9,116.8,113.7,116.4,360.72426
2023-05-29,116.4,117.3,114.6,114.9,341.10334
2023-05-30,114.9,115.7,113.8,113.8,204.99804
2023-05-31,113.8,114.4,112.1,113.3,220.18254
2023-06-01,113.3,113.6,111.6,113.4,234.53859
2023-06-02,113.4,115.4,112.8,114.9,1711.03488
2023-06-03,114.9,115.3,114.2,115.0,1220.55429
2023-06-04,115.0,117.0,114.1,115.7,6399.53053
2023-06-05,115.7,115.7,107.1,108.7,512.07767
2023-06-06,108.7,115.1,107.5,114.9,643.5628
2023-06-07,114.9,116.9,110.0,111.1,995.13437
2023-06-08,111.1,112.5,110.3,111.7,1630.67313
2023-06-09,111.7,112.1,109.6,110.8,254.67335
2023-06-10,110.8,111.0,91.4,103.4,1513.17264
2023-06-11,103.4,103.6,101.6,102.9,4959.99767
2023-06-12,102.9,104.3,100.8,102.7,337.63129
2023-06-13,102.7,106.7,102.2,105.4,6003.61774
2023-06-14,105.4,106.4,100.7,101.8,947.32679
2023-06-15,101.8,105.2,101.7,104.9,462.23278
2023-06-16,104.9,109.4,103.0,108.2,474.18782
2023-06-17,108.2,108.6,106.1,106.6,252.03233
2023-06-18,106.6,108.8,105.8,107.1,600.88562
2023-06-19,107.1,107.4,104.8,106.8,3088.7152
2023-06-20,106.8,110.6,105.2,110.1,601.578
2023-06-21,110.1,140.3,109.6,135.8,2955.34346
2023-06-22,135.8,150.0,129.0,133.4,1808.74776
2023-06-23,133.4,193.0,133.4,181.7,13187.93268
2023-06-24,181.7,220.6,179.7,212.6,8150.34529
2023-06-25,212.6,220.0,186.5,194.5,4821.13241
2023-06-26,194.5,233.9,187.7,223.8,7032.37183
2023-06-27,223.8,239.1,216.6,229.7,6460.51716
2023-06-28,229.7,243.6,219.6,225.0,5760.39722
2023-06-29,225.0,254.0,224.0,253.0,6034.17379
2023-06-30,253.0,329.5,252.2,304.3,23471.27922
2023-07-01,304.3,310.0,280.5,291.2,6193.55166
2023-07-02,291.2,308.0,268.9,299.4,6567.90221
2023-07-03,299.4,302.0,279.3,292.2,3426.01749
2023-07-04,292.2,293.2,271.6,272.4,1733.64341
2023-07-05,272.4,278.2,249.3,271.6,2624.90872
2023-07-06,271.6,303.3,268.1,275.2,4431.72768
2023-07-07,275.2,288.7,273.1,278.4,1535.4245
2023-07-08,278.4,282.9,262.1,272.1,883.88329
2023-07-09,272.1,279.0,262.2,265.6,1030.961
2023-07-10,265.6,287.1,258.8,274.7,1881.9491
2023-07-11,274.7,277.4,270.5,273.8,1871.83204
2023-07-12,273.8,294.0,272.7,282.2,1613.9529
2023-07-13,282.2,292.0,269.0,274.1,3512.91413
2023-07-14,274.1,277.7,255.0,264.1,2945.71881
2023-07-15,264.1,264.1,246.0,253.3,1623.53261
2023-07-16,253.3,260.8,248.0,250.0,1801.59771
2023-07-17,250.0,254.4,236.1,241.9,1094.55235
2023-07-18,241.9,248.0,231.9,243.7,1072.9014
2023-07-19,243.7,252.0,241.2,244.0,1605.31653
2023-07-20,244.0,255.2,240.4,244.1,837.64886
2023-07-21,244.1,248.2,241.5,246.1,319.95058
2023-07-22,246.1,247.8,237.6,239.4,622.71609
2023-07-23,239.4,255.4,238.3,249.5,665.80491
2023-07-24,249.5,253.3,235.9,238.4,426.31179
2023-07-25,238.4,239.4,232.4,237.0,681.66112
2023-07-26,237.0,244.6,233.8,242.0,1874.99783
2023-07-27,242.0,249.7,240.9,245.3,989.88158
2023-07-28,245.3,245.4,241.2,241.2,601.81176
2023-07-29,241.2,242.5,238.4,241.9,548.12264
2023-07-30,241.9,255.8,241.1,253.0,1117.8278
2023-07-31,253.0,259.0,247.4,247.9,951.97081
2023-08-01,247.9,248.9,239.0,245.1,436.62922
2023-08-02,245.1,247.3,221.2,229.0,742.18229
2023-08-03,229.0,231.7,223.0,225.2,239.57311
2023-08-04,225.2,230.0,221.0,227.6,320.76176
2023-08-05,227.6,229.0,223.3,226.7,613.3905
2023-08-06,226.7,228.5,221.8,223.1,332.6814
2023-08-07,223.1,244.2,217.7,237.8,2503.49369
2023-08-08,237.8,249.5,235.0,238.6,1271.095
2023-08-09,238.6,239.7,233.9,238.8,461.07398
2023-08-10,238.8,240.4,230.5,232.3,2034.24542
2023-08-11,232.3,233.0,227.3,229.1,435.738
2023-08-12,229.1,231.0,227.4,228.7,366.15384
2023-08-13,228.7,231.0,225.0,228.4,593.75163
2023-08-14,228.4,231.2,225.8,230.1,776.45455
2023-08-15,230.1,237.3,226.0,229.0,1146.67109
2023-08-16,229.0,231.2,201.2,208.1,2625.7707
2023-08-17,208.1,211.2,166.4,184.1,1278.51677
2023-08-18,184.1,189.6,178.6,187.4,855.21261
2023-08-19,187.4,191.8,185.0,187.2,428.31104
2023-08-20,187.2,190.7,186.6,188.9,486.05889
2023-08-21,188.9,197.7,181.2,185.8,878.85914
2023-08-22,185.8,188.0,177.8,185.0,349.26357
2023-08-23,185.0,196.5,184.7,193.9,609.09997
2023-08-24,193.9,195.0,188.9,194.1,452.80496
2023-08-25,194.1,194.3,188.5,192.0,446.66321
2023-08-26,192.0,192.3,188.9,190.2,353.31556
2023-08-27,190.2,201.0,190.0,197.8,491.84677
2023-08-28,197.8,198.0,187.9,190.6,836.27399
2023-08-29,190.6,227.8,188.9,225.4,3871.75856
2023-08-30,225.4,225.6,211.7,215.9,627.41207
2023-08-31,215.9,222.9,203.2,207.5,1114.94057
2023-09-01,207.5,211.0,198.0,199.8,1034.91384
2023-09-02,199.8,201.8,191.0,195.0,260.09503
2023-09-03,195.0,197.7,191.4,196.2,823.14025
2023-09-04,196.2,199.0,190.0,193.8,1343.42627
2023-09-05,193.8,195.1,189.4,192.0,889.42174
2023-09-06,192.0,195.8,190.2,193.2,4643.63206
2023-09-07,193.2,194.5,190.1,193.7,1994.63716
2023-09-08,193.7,197.1,190.8,193.2,7808.94091
2023-09-09,193.2,196.3,191.0,193.0,1133.63306
2023-09-10,193.0,193.1,184.0,190.3,1019.98051
2023-09-11,190.3,191.5,180.8,184.1,661.52776
2023-09-12,184.1,209.7,184.1,198.3,2454.90576
2023-09-13,198.3,204.1,195.9,199.5,2953.22575
2023-09-14,199.5,210.2,198.8,207.8,4367.57362
2023-09-15,207.8,225.0,206.3,217.1,2109.58931
2023-09-16,217.1,223.9,212.9,214.7,1540.54592
2023-09-17,214.7,214.7,205.7,210.0,411.88322
2023-09-18,210.0,225.6,208.1,217.2,4103.22663
2023-09-19,217.2,222.2,214.9,218.8,3873.78375
2023-09-20,218.8,220.9,211.8,215.4,3664.81858
2023-09-21,215.4,215.6,205.9,208.6,2092.15523
2023-09-22,208.6,210.2,204.4,207.8,361.44289
2023-09-23,207.8,209.6,206.6,208.2,797.23232
2023-09-24,208.2,210.1,203.0,204.7,897.40956
2023-09-25,204.7,213.6,202.1,210.4,1359.71623
2023-09-26,210.4,215.8,209.5,214.6,1384.05
2023-09-27,214.6,236.0,213.4,229.4,8767.87153
2023-09-28,229.4,245.3,228.0,238.8,11061.56856
2023-09-29,238.8,241.2,229.6,235.0,3913.99811
2023-09-30,235.0,238.5,232.2,233.9,2195.10942
2023-10-01,233.9,245.0,232.9,242.0,1699.40024
2023-10-02,242.0,256.3,240.6,246.4,11825.61168
2023-10-03,246.4,251.4,228.2,230.2,1607.60917
2023-10-04,230.2,234.2,224.0,233.0,4604.42011
2023-10-05,233.0,234.8,225.5,231.0,6885.52791
2023-10-06,231.0,233.8,226.2,230.8,1274.09284
2023-10-07,230.8,236.8,228.5,230.3,1218.84803
2023-10-08,230.3,233.0,226.7,227.8,260.41004
2023-10-09,227.8,229.1,211.1,218.5,1207.17035
2023-10-10,218.5,220.2,210.3,212.3,526.63124
2023-10-11,212.3,216.4,207.0,214.2,694.597
2023-10-12,214.2,217.3,208.6,214.2,978.59563
2023-10-13,214.2,218.9,211.9,217.3,296.55793
2023-10-14,217.3,218.3,214.3,214.5,355.32023
2023-10-15,214.5,216.8,212.8,215.2,512.95558
2023-10-16,215.2,249.5,214.8,230.8,1378.30395
2023-10-17,230.8,232.3,224.0,226.5,1092.65727
2023-10-18,226.5,232.2,224.7,226.8,826.53824
2023-10-19,226.8,235.0,225.0,227.4,785.78784
2023-10-20,227.4,249.6,226.2,240.3,1142.61996
2023-10-21,240.3,246.3,237.7,244.0,417.19214
2023-10-22,244.0,254.3,237.2,243.3,739.10719
2023-10-23,243.3,264.0,240.5,262.1,1409.83614
2023-10-24,262.1,269.0,246.0,251.9,1516.87009
2023-10-25,251.9,259.8,248.6,254.3,1520.45468
2023-10-26,254.3,256.9,240.5,247.3,1771.48371
2023-10-27,247.3,247.6,234.6,239.3,683.39125
2023-10-28,239.3,247.9,238.9,244.9,860.06927
2023-10-29,244.9,249.4,242.5,246.1,320.27261
2023-10-30,246.1,250.9,241.5,245.8,568.22449
2023-10-31,245.8,249.0,236.0,245.0,1439.94498
2023-11-01,245.0,247.4,236.5,245.2,1301.22584
2023-11-02,245.2,249.4,231.0,235.5,1864.3208
2023-11-03,235.5,240.9,231.5,237.4,1298.71133
2023-11-04,237.4,240.5,235.8,240.5,511.79596
2023-11-05,240.5,243.1,234.1,237.6,1139.42706
2023-11-06,237.6,244.8,235.5,242.7,1407.28846
2023-11-07,242.7,251.8,237.5,244.0,1960.28129
2023-11-08,244.0,247.3,241.6,245.0,2259.4059
2023-11-09,245.0,257.8,212.7,240.0,1982.85008
2023-11-10,240.0,242.7,233.8,239.7,3120.25695
2023-11-11,239.7,241.7,232.8,236.6,2611.37997
2023-11-12,236.6,239.5,230.4,236.6,1607.52029
2023-11-13,236.6,240.3,232.0,234.0,1609.67085
2023-11-14,234.0,238.9,221.0,232.0,596.25727
2023-11-15,232.0,238.1,230.1,237.8,1131.64039
2023-11-16,237.8,244.8,231.0,233.9,4053.01275
2023-11-17,233.9,234.8,221.5,229.8,503.04875
2023-11-18,229.8,229.8,221.1,227.3,647.58299
2023-11-19,227.3,231.0,224.1,230.2,1210.40532
2023-11-20,230.2,230.5,224.7,226.2,1356.42363
2023-11-21,226.2,236.0,212.8,216.4,1330.9837
2023-11-22,216.4,224.7,215.6,223.8,1556.67277
2023-11-23,223.8,227.8,221.9,225.2,4679.52541
2023-11-24,225.2,230.0,224.3,226.4,886.7488
2023-11-25,226.4,228.1,225.6,227.7,314.52663
2023-11-26,227.7,229.8,222.0,226.7,1159.37182
2023-11-27,226.7,229.5,219.4,223.3,584.14998
2023-11-28,223.3,224.8,219.6,223.4,1620.79864
2023-11-29,223.4,227.0,221.0,223.3,1007.00119
2023-11-30,223.3,223.5,220.2,221.5,1190.73915
2023-12-01,221.5,226.4,220.7,225.2,674.81032
2023-12-02,225.2,228.6,224.8,228.3,1078.46741
2023-12-03,228.3,231.6,224.2,230.0,4211.12388
2023-12-04,230.0,256.2,229.0,252.2,5792.17335
2023-12-05,252.2,252.8,238.5,250.8,1670.56244
2023-12-06,250.8,265.0,243.0,244.6,3158.71038
2023-12-07,244.6,249.3,239.1,246.8,2159.60709
2023-12-08,246.8,254.6,245.7,253.6,966.32643
2023-12-09,253.6,262.8,250.1,252.7,2114.70164
2023-12-10,252.7,255.3,244.4,251.2,533.24577
2023-12-11,251.2,251.6,211.5,230.6,3833.29991
2023-12-12,230.6,235.0,227.0,231.9,1953.39083
2023-12-13,231.9,237.1,223.4,235.3,465.86451
2023-12-14,235.3,237.8,226.8,237.2,476.43184
2023-12-15,237.2,237.3,225.0,227.2,781.55964
2023-12-16,227.2,232.2,225.0,229.9,503.18626
2023-12-17,229.9,230.6,225.2,225.9,377.31121
2023-12-18,225.9,228.3,217.3,228.1,500.21433
2023-12-19,228.1,231.0,222.8,225.1,533.96345
2023-12-20,225.1,234.6,223.8,229.6,389.21286
2023-12-21,229.6,234.5,228.6,233.1,1103.31876
2023-12-22,233.1,243.8,231.6,238.3,982.30612
2023-12-23,238.3,238.6,230.1,232.8,838.04808
2023-12-24,232.8,233.9,226.1,229.0,2005.95769
2023-12-25,229.0,237.5,228.0,234.8,1645.25214
2023-12-26,234.8,235.1,220.5,229.3,524.75025
2023-12-27,229.3,265.0,226.5,264.4,2777.09562
2023-12-28,264.4,278.2,257.5,261.5,7427.84587
2023-12-29,261.5,269.3,249.9,254.1,2020.01399
2023-12-30,254.1,287.6,253.8,270.4,1656.17249
2023-12-31,270.4,272.2,254.0,259.7,2108.13685
2024-01-01,259.7,269.5,255.7,267.7,740.19189
2024-01-02,267.7,270.8,254.2,257.1,3679.56939
2024-01-03,257.1,267.4,212.6,233.9,1640.38154
2024-01-04,233.9,239.9,232.6,239.7,1905.72338
2024-01-05,239.7,241.6,229.0,239.3,622.23939
2024-01-06,239.3,243.4,230.8,236.2,2285.33625
2024-01-07,236.2,240.0,229.8,232.3,1711.1817
2024-01-08,232.3,255.8,221.1,253.8,1209.6334
2024-01-09,253.8,257.3,240.0,244.7,836.80416
2024-01-10,244.7,260.0,234.0,254.4,1068.86507
2024-01-11,254.4,289.0,250.4,276.4,899.09428
2024-01-12,276.4,298.2,251.9,259.6,2253.26684
2024-01-13,259.6,262.4,251.0,254.2,1719.86903
2024-01-14,254.2,259.1,245.3,245.8,547.34889
2024-01-15,245.8,257.8,245.2,250.2,998.19433
2024-01-16,250.2,256.3,248.9,251.2,364.0448
2024-01-17,251.2,251.5,241.3,244.3,376.87518
2024-01-18,244.3,245.1,233.5,237.7,387.45477
2024-01-19,237.7,238.2,226.6,236.8,597.28422
2024-01-20,236.8,240.0,235.0,239.1,415.70238
2024-01-21,239.1,243.0,236.6,236.9,716.80987
2024-01-22,236.9,242.5,230.9,235.7,382.97656
2024-01-23,235.7,237.9,219.1,229.6,1781.18539
2024-01-24,229.6,238.4,228.5,236.3,1005.6982
2024-01-25,236.3,238.3,234.5,236.7,673.38252
2024-01-26,236.7,243.0,234.6,241.8,1191.99031
2024-01-27,241.8,245.0,239.2,243.7,261.63833
2024-01-28,243.7,245.8,235.0,236.9,964.47468
2024-01-29,236.9,242.0,234.3,241.3,237.28392
2024-01-30,241.3,243.8,236.4,237.6,329.5164
2024-01-31,237.6,239.0,232.6,234.2,390.98493
2024-02-01,234.2,237.4,230.4,236.7,641.55661
2024-02-02,236.7,238.0,234.3,236.5,580.33502
2024-02-03,236.5,242.1,236.1,241.0,505.02114
2024-02-04,241.0,244.3,233.0,235.2,1532.82266
2024-02-05,235.2,238.0,234.0,235.7,6742.76844
2024-02-06,235.7,238.0,234.4,235.2,14320.32353
2024-02-07,235.2,241.0,234.7,240.7,451.05241
2024-02-08,240.7,245.0,240.3,244.5,1501.89331
2024-02-09,244.5,253.6,244.5,250.2,735.17884
2024-02-10,250.2,251.7,243.2,247.7,769.53607
2024-02-11,247.7,283.7,246.7,277.3,11912.94541
2024-02-12,277.3,289.0,267.0,280.6,9030.00112
2024-02-13,280.6,287.5,266.7,270.3,1653.77982
2024-02-14,270.3,295.3,264.7,280.6,2096.18218
2024-02-15,280.6,282.5,266.2,270.4,2030.0989
2024-02-16,270.4,275.1,265.4,274.1,1034.26601
2024-02-17,274.1,274.3,258.6,267.2,867.74747
2024-02-18,267.2,272.0,264.9,270.5,868.91693
2024-02-19,270.5,273.4,266.9,273.2,963.90236
2024-02-20,273.2,273.8,256.9,265.2,1117.2509
2024-02-21,265.2,266.8,255.2,263.0,384.71371
2024-02-22,263.0,266.0,259.1,260.3,694.68277
2024-02-23,260.3,267.0,259.4,264.7,396.36922
2024-02-24,264.7,270.4,262.9,267.7,588.6805
2024-02-25,267.7,270.9,265.5,267.9,354.48439
2024-02-26,267.9,276.8,262.2,274.8,2025.60523
2024-02-27,274.8,313.9,274.4,292.7,2015.53279
2024-02-28,292.7,313.0,280.6,296.3,2324.32496
2024-02-29,296.3,323.3,291.1,297.8,1601.44573
2024-03-01,297.8,319.7,296.9,316.2,2090.1083
2024-03-02,316.2,505.7,315.6,501.4,10418.04315
2024-03-03,501.4,527.0,455.5,470.8,4256.28826
2024-03-04,470.8,478.0,435.2,473.6,5615.45199
2024-03-05,473.6,481.5,340.7,401.2,4610.12297
2024-03-06,401.2,421.3,384.0,415.7,1645.6754
2024-03-07,415.7,439.0,398.0,432.0,2896.10096
2024-03-08,432.0,446.0,410.0,436.4,691.84946
2024-03-09,436.4,457.2,425.0,432.3,687.6354
2024-03-10,432.3,446.1,412.0,423.6,1190.72325
2024-03-11,423.6,455.7,402.0,448.2,4136.65891
2024-03-12,448.2,448.5,410.0,435.1,1274.31014
2024-03-13,435.1,455.2,424.0,442.4,1511.66511
2024-03-14,442.4,473.7,417.4,440.6,2746.12171
2024-03-15,440.6,444.8,384.0,416.5,3306.79994
2024-03-16,416.5,421.3,382.0,388.6,650.04524
2024-03-17,388.6,407.7,369.2,402.6,632.14425
2024-03-18,402.6,410.9,383.7,400.3,643.55851
2024-03-19,400.3,411.7,351.0,359.0,764.67234
2024-03-20,359.0,411.3,348.6,409.8,1719.35018
2024-03-21,409.8,435.5,404.1,414.4,1000.20269
2024-03-22,414.4,432.9,391.7,431.1,922.61131
2024-03-23,431.1,475.8,420.0,455.9,1514.46615
2024-03-24,455.9,499.9,445.0,485.0,2601.83282
2024-03-25,485.0,506.0,473.4,487.4,1855.953
2024-03-26,487.4,494.9,468.0,479.3,1891.87186
2024-03-27,479.3,552.0,478.3,538.7,2922.75045
2024-03-28,538.7,586.5,527.6,567.6,1482.17312
2024-03-29,567.6,639.4,554.7,620.4,2404.08591
2024-03-30,620.4,624.0,590.8,597.6,690.991
2024-03-31,597.6,692.2,589.1,678.9,1565.4447
2024-04-01,678.9,701.2,619.6,647.9,2338.63995
2024-04-02,647.9,649.0,588.8,639.2,1988.18462
2024-04-03,639.2,643.8,562.0,593.5,1012.25504
2024-04-04,593.5,682.8,591.8,665.2,2308.59785
2024-04-05,665.2,719.1,646.3,657.6,1927.36738
2024-04-06,657.6,715.1,657.5,694.4,2036.06645
2024-04-07,694.4,710.0,675.0,685.2,1017.70413
2024-04-08,685.2,712.6,679.2,681.2,895.85361
2024-04-09,681.2,694.8,658.0,671.8,856.66537
2024-04-10,671.8,673.7,596.2,629.3,1088.60364
2024-04-11,629.3,629.3,600.0,614.2,410.84288
2024-04-12,614.2,618.6,501.5,533.2,706.24227
2024-04-13,533.2,551.7,443.4,479.7,1951.38299
2024-04-14,479.7,530.0,454.6,526.0,2131.29718
2024-04-15,526.0,567.3,491.0,508.2,1887.86687
2024-04-16,508.2,510.3,464.5,486.7,1344.40533
2024-04-17,486.7,490.2,447.5,463.9,642.06242
2024-04-18,463.9,488.8,453.5,482.8,628.7564
2024-04-19,482.8,491.1,444.8,476.2,599.30129
2024-04-20,476.2,522.4,470.8,515.3,2934.74813
2024-04-21,515.3,518.1,493.7,502.5,870.96635
2024-04-22,502.5,528.0,496.2,522.5,608.07745
2024-04-23,522.5,523.0,502.0,505.1,1005.94352
2024-04-24,505.1,511.6,474.2,479.4,552.96039
2024-04-25,479.4,485.6,467.3,478.3,791.44844
2024-04-26,478.3,493.3,467.1,482.5,467.08517
2024-04-27,482.5,485.0,465.0,477.0,387.04477
2024-04-28,477.0,487.5,468.4,470.5,415.21825
2024-04-29,470.5,474.4,447.8,465.2,485.25454
2024-04-30,465.2,470.3,420.9,434.1,1121.96854
2024-05-01,434.1,436.1,400.0,424.8,679.4408
2024-05-02,424.8,434.5,411.4,429.2,968.30096
2024-05-03,429.2,458.2,425.9,452.9,756.55535
2024-05-04,452.9,480.1,451.9,463.0,577.17024
2024-05-05,463.0,473.0,455.8,468.9,262.46596
2024-05-06,468.9,484.1,463.0,473.0,1120.21317
2024-05-07,473.0,494.0,466.3,470.8,505.17438
2024-05-08,470.8,472.9,445.0,448.1,743.91446
2024-05-09,448.1,457.4,442.2,454.6,1040.62925
2024-05-10,454.6,456.5,422.2,426.6,528.80687
2024-05-11,426.6,434.8,425.5,429.5,246.62493
2024-05-12,429.5,438.3,428.3,433.1,700.50142
2024-05-13,433.1,448.0,421.5,437.6,494.51031
2024-05-14,437.6,439.1,426.3,429.0,212.0054
2024-05-15,429.0,467.0,423.9,463.6,1299.00085
2024-05-16,463.6,465.9,442.4,444.8,361.49201
2024-05-17,444.8,477.9,442.3,466.6,817.49446
2024-05-18,466.6,491.4,464.3,475.4,1416.04751
2024-05-19,475.4,496.4,473.2,484.9,4117.46431
2024-05-20,484.9,518.2,476.1,517.9,1299.88958
2024-05-21,517.9,529.9,510.0,515.0,791.71888
2024-05-22,515.0,515.8,495.6,499.1,655.47281
2024-05-23,499.1,515.5,472.8,491.3,574.83501
2024-05-24,491.3,500.0,480.2,494.9,885.08372
2024-05-25,494.9,500.7,490.9,493.5,305.5195
2024-05-26,493.5,494.2,481.3,484.0,182.02715
2024-05-27,484.0,503.6,481.5,489.6,537.33706
2024-05-28,489.6,489.6,461.4,470.5,917.44482
2024-05-29,470.5,475.2,462.9,465.8,383.45893
2024-05-30,465.8,474.9,459.8,465.0,258.68522
2024-05-31,465.0,469.2,447.8,454.8,375.46613
2024-06-01,454.8,465.6,454.4,463.6,141.12588
2024-06-02,463.6,465.2,453.1,458.5,194.50068
2024-06-03,458.5,471.6,454.4,465.0,227.32934
2024-06-04,465.0,479.8,459.7,477.0,1212.05315
2024-06-05,477.0,497.8,476.7,495.3,655.94155
2024-06-06,495.3,502.3,486.7,496.0,1183.7361
2024-06-07,496.0,520.0,459.9,477.6,1779.24701
2024-06-08,477.6,484.9,465.4,469.5,1908.00237
2024-06-09,469.5,475.8,465.1,474.6,266.72134
2024-06-10,474.6,474.9,461.5,469.0,293.25994
2024-06-11,469.0,469.6,434.7,446.2,579.90077
2024-06-12,446.2,466.6,439.5,454.1,515.1024
2024-06-13,454.1,456.2,430.5,431.7,2125.43413
2024-06-14,431.7,440.8,408.5,422.8,489.44814
2024-06-15,422.8,432.6,422.4,430.0,623.9767
2024-06-16,430.0,433.9,426.6,428.4,128.01576
2024-06-17,428.4,429.6,405.0,419.6,834.08659
2024-06-18,419.6,421.2,372.6,389.3,1365.45499
2024-06-19,389.3,398.5,385.3,388.8,377.18543
2024-06-20,388.8,400.8,385.6,389.8,499.1972
2024-06-21,389.8,396.6,377.0,383.2,996.66526
2024-06-22,383.2,399.5,379.9,392.0,140.43471
2024-06-23,392.0,396.6,379.5,381.1,498.32578
2024-06-24,381.1,384.3,344.9,364.0,1425.01455
2024-06-25,364.0,393.9,363.8,388.5,986.34106
2024-06-26,388.5,397.1,373.5,373.9,597.17531
2024-06-27,373.9,393.0,370.0,389.0,312.17106
2024-06-28,389.0,406.8,384.2,386.0,3681.46401
2024-06-29,386.0,389.6,379.1,380.9,425.43659
2024-06-30,380.9,397.5,378.8,393.9,1106.27013
2024-07-01,393.9,398.4,382.5,384.6,962.68558
2024-07-02,384.6,393.3,378.5,382.1,1301.95382
2024-07-03,382.1,382.8,368.9,373.1,239.0587
2024-07-04,373.1,374.5,330.5,331.3,1026.44936
2024-07-05,331.3,331.7,288.7,325.3,1092.77844
2024-07-06,325.3,343.7,319.8,342.9,2938.67517
2024-07-07,342.9,343.1,310.6,312.8,758.84314
2024-07-08,312.8,337.3,299.0,333.5,878.79267
2024-07-09,333.5,340.6,328.6,331.0,272.94133
2024-07-10,331.0,346.1,327.2,340.3,398.9416
2024-07-11,340.3,367.7,335.9,347.0,486.4133
2024-07-12,347.0,369.2,341.4,368.8,628.83388
2024-07-13,368.8,379.8,368.8,375.7,934.89507
2024-07-14,375.7,387.6,364.7,376.6,587.81312
2024-07-15,376.6,400.7,375.6,400.1,1082.08018
2024-07-16,400.1,405.0,369.7,387.0,1480.0439
2024-07-17,387.0,398.4,371.7,375.2,1491.24108
2024-07-18,375.2,386.6,370.0,382.6,1287.17903
2024-07-19,382.6,400.1,369.9,391.5,1907.77446
2024-07-20,391.5,398.7,385.9,395.6,1306.79306
2024-07-21,395.6,401.3,378.4,401.2,1442.20936
2024-07-22,401.2,404.5,383.1,385.9,1349.06734
2024-07-23,385.9,392.6,361.3,366.4,1460.55655
2024-07-24,366.4,374.8,359.7,362.5,1898.94548
2024-07-25,362.5,365.1,346.8,361.4,858.05726
2024-07-26,361.4,379.1,361.3,377.4,1341.07968
2024-07-27,377.4,398.0,376.6,392.5,744.97986
2024-07-28,392.5,422.5,389.3,417.0,1086.37131
2024-07-29,417.0,459.0,414.6,439.2,2424.94148
2024-07-30,439.2,446.4,428.2,432.4,372.64614
2024-07-31,432.4,441.3,412.2,413.9,180.08687
2024-08-01,413.9,423.5,389.9,413.3,555.659
2024-08-02,413.3,417.5,379.7,381.6,667.36263
2024-08-03,381.6,386.0,355.0,364.4,266.33354
2024-08-04,364.4,367.3,331.0,332.5,2334.94802
2024-08-05,332.5,335.4,273.5,309.7,1501.08282
2024-08-06,309.7,329.9,307.7,315.1,324.90467
2024-08-07,315.1,327.5,309.0,311.9,453.04007
2024-08-08,311.9,371.7,308.2,352.9,1369.68845
2024-08-09,352.9,357.8,336.1,347.5,908.98633
2024-08-10,347.5,358.2,345.7,354.8,665.43695
2024-08-11,354.8,358.3,328.0,330.2,914.88354
2024-08-12,330.2,359.9,328.9,354.9,743.14723
2024-08-13,354.9,365.3,343.8,351.7,1175.78733
2024-08-14,351.7,352.6,335.0,337.6,1001.11144
2024-08-15,337.6,344.4,328.0,334.2,919.33301
2024-08-16,334.2,346.4,328.9,338.1,280.11371
2024-08-17,338.1,347.8,335.7,341.2,365.68806
2024-08-18,341.2,345.4,333.0,333.1,326.4725
2024-08-19,333.1,339.7,330.6,337.9,192.16507
2024-08-20,337.9,346.8,331.5,335.2,489.91973
2024-08-21,335.2,355.4,333.3,349.5,616.34441
2024-08-22,349.5,352.1,342.4,346.5,291.40287
2024-08-23,346.5,368.3,346.5,365.0,525.68282
2024-08-24,365.0,369.1,358.0,363.7,546.19561
2024-08-25,363.7,364.8,350.1,356.2,231.1445
2024-08-26,356.2,358.1,339.7,342.5,229.28083
2024-08-27,342.5,347.2,316.1,324.4,513.38332
2024-08-28,324.4,329.7,314.4,321.9,968.29866
2024-08-29,321.9,330.8,317.4,322.5,275.98429
2024-08-30,322.5,326.9,315.0,324.9,251.89609
2024-08-31,324.9,326.8,320.0,322.3,160.97686
2024-09-01,322.3,322.8,310.6,312.8,137.28863
2024-09-02,312.8,325.5,310.7,323.6,771.54189
2024-09-03,323.6,326.1,308.6,308.9,187.58427
2024-09-04,308.9,319.5,296.5,315.2,176.75886
2024-09-05,315.2,317.0,303.6,307.7,316.05941
2024-09-06,307.7,312.6,286.9,294.9,472.79851
2024-09-07,294.9,308.3,293.2,299.3,828.13906
2024-09-08,299.3,308.2,298.7,305.2,125.25371
2024-09-09,305.2,326.0,304.8,322.3,388.92537
2024-09-10,322.3,331.9,318.1,329.6,257.10353
2024-09-11,329.6,343.6,319.8,337.3,273.19846
2024-09-12,337.3,340.8,330.0,332.9,115.75677
2024-09-13,332.9,337.4,327.1,335.6,196.26708
2024-09-14,335.6,337.8,325.8,327.0,148.42961
2024-09-15,327.0,329.2,314.3,316.4,594.89985
2024-09-16,316.4,317.2,309.0,311.8,212.72012
2024-09-17,311.8,321.4,309.4,314.3,279.5513
2024-09-18,314.3,327.3,306.3,327.3,308.01276
2024-09-19,327.3,349.7,326.6,339.9,567.10438
2024-09-20,339.9,345.3,332.4,335.9,1514.06029
2024-09-21,335.9,346.7,331.1,345.5,413.02701
2024-09-22,345.5,347.1,334.0,342.8,217.86229
2024-09-23,342.8,349.0,336.4,342.0,737.80535
2024-09-24,342.0,351.2,337.0,347.9,848.70199
2024-09-25,347.9,355.7,341.5,343.4,826.35602
2024-09-26,343.4,358.1,339.1,351.8,568.5481
2024-09-27,351.8,364.4,351.8,358.8,479.88739
2024-09-28,358.8,361.1,345.8,352.5,747.43111
2024-09-29,352.5,358.2,345.9,352.5,496.20458
2024-09-30,352.5,353.8,334.6,337.6,654.60127
2024-10-01,337.6,347.4,311.0,317.9,725.99932
2024-10-02,317.9,324.3,309.2,316.2,948.06571
2024-10-03,316.2,322.5,308.0,320.4,1227.967
2024-10-04,320.4,326.0,318.2,324.7,207.50839
2024-10-05,324.7,325.6,318.2,321.8,186.51991
2024-10-06,321.8,325.6,320.9,324.7,322.79083
2024-10-07,324.7,333.2,320.5,323.7,732.43237
2024-10-08,323.7,333.8,322.0,329.2,201.58963
2024-10-09,329.2,330.4,318.0,320.7,184.84557
2024-10-10,320.7,325.8,317.4,322.9,330.28778
2024-10-11,322.9,329.1,321.9,326.8,469.68642
2024-10-12,326.8,333.5,324.8,329.3,798.83786
2024-10-13,329.3,329.8,317.5,321.4,427.71065
2024-10-14,321.4,370.4,319.0,369.2,1619.59726
2024-10-15,369.2,386.8,344.8,354.9,5736.6063
2024-10-16,354.9,371.5,351.3,365.6,1875.46451
2024-10-17,365.6,375.7,360.4,370.0,2225.17072
2024-10-18,370.0,377.3,363.3,367.2,1394.12802
2024-10-19,367.2,368.9,361.4,363.2,371.1999
2024-10-20,363.2,370.3,357.5,369.9,1628.01235
2024-10-21,369.9,378.8,358.9,363.6,1049.85978
2024-10-22,363.6,366.6,354.2,357.7,1134.47276
2024-10-23,357.7,357.7,339.0,348.1,385.07032
2024-10-24,348.1,371.3,346.6,368.0,1621.86511
2024-10-25,368.0,374.0,340.9,349.2,957.0247
2024-10-26,349.2,357.1,346.1,348.0,401.79116
2024-10-27,348.0,354.2,347.1,352.3,234.69946
2024-10-28,352.3,368.1,344.0,365.3,555.98378
2024-10-29,365.3,389.2,363.9,385.8,629.66205
2024-10-30,385.8,387.5,366.8,369.2,699.82156
2024-10-31,369.2,378.0,349.9,358.8,812.09103
2024-11-01,358.8,360.1,343.7,349.6,729.57333
2024-11-02,349.6,357.3,341.4,353.6,574.96034
2024-11-03,353.6,354.3,334.0,340.0,981.50465
2024-11-04,340.0,342.4,322.3,329.3,775.16405
2024-11-05,329.3,345.3,326.6,342.8,874.20918
2024-11-06,342.8,384.1,342.8,378.3,1389.07678
2024-11-07,378.3,386.9,370.6,377.6,26855.54046
2024-11-08,377.6,383.8,364.3,377.0,54372.79329
2024-11-09,377.0,407.3,369.6,404.9,56517.01027
2024-11-10,404.9,454.4,395.3,441.2,183079.84528
2024-11-11,441.2,481.7,422.4,472.6,80086.82252
2024-11-12,472.6,474.3,418.3,432.4,57454.96978
2024-11-13,432.4,450.6,403.2,439.6,46950.92157
2024-11-14,439.6,445.9,410.0,415.0,32482.33857
2024-11-15,415.0,436.4,410.0,431.5,21906.89967
2024-11-16,431.5,483.4,428.4,461.6,30206.5072
2024-11-17,461.6,488.5,424.7,432.8,24834.33984
2024-11-18,432.8,471.3,431.3,452.6,17059.04956
2024-11-19,452.6,460.2,438.2,446.5,17674.3862
2024-11-20,446.5,454.6,428.8,440.0,19750.18918
2024-11-21,440.0,536.2,429.0,484.4,112906.64613
2024-11-22,484.4,502.3,472.2,490.6,51084.15939
2024-11-23,490.6,567.9,486.4,510.2,153435.69991
2024-11-24,510.2,527.7,477.7,515.2,93586.16336
2024-11-25,515.2,532.4,483.6,491.6,111117.49008
2024-11-26,491.6,505.1,471.0,492.2,56824.63029
2024-11-27,492.2,524.0,484.7,517.6,54052.49118
2024-11-28,517.6,525.0,497.7,511.1,40222.58765
2024-11-29,511.1,522.7,499.9,518.3,27263.40687
2024-11-30,518.3,539.7,505.7,526.5,61985.71425
2024-12-01,526.5,536.9,510.2,532.3,32609.33565
2024-12-02,532.3,561.8,494.7,538.3,104705.12933
2024-12-03,538.3,591.0,512.0,586.8,92048.45027
2024-12-04,586.8,601.7,541.2,583.9,69627.75895
2024-12-05,583.9,633.1,550.7,588.6,70653.24978
2024-12-06,588.6,640.0,580.0,618.8,52832.6649
2024-12-07,618.8,626.8,604.4,607.8,25724.89763
2024-12-08,607.8,625.1,601.8,622.0,29831.9622
2024-12-09,622.0,623.9,514.9,551.9,56174.56689
2024-12-10,551.9,564.5,485.4,516.3,56574.53723
2024-12-11,516.3,550.5,502.9,546.5,32695.12771
2024-12-12,546.5,563.8,537.1,540.1,28532.41636
2024-12-13,540.1,544.0,526.0,542.3,23328.51652
2024-12-14,542.3,551.8,519.7,534.3,17020.14468
2024-12-15,534.3,550.4,524.6,546.5,10369.10443
2024-12-16,546.5,557.2,522.3,538.2,25190.7702
2024-12-17,538.2,547.5,524.1,529.7,23893.83767
2024-12-18,529.7,543.5,475.0,480.8,39554.62733
2024-12-19,480.8,488.9,421.6,438.8,69408.01201
2024-12-20,438.8,451.5,390.6,449.2,58330.74819
2024-12-21,449.2,472.8,442.4,456.0,29063.75536
2024-12-22,456.0,461.3,434.4,445.8,19973.3685
2024-12-23,445.8,466.2,432.4,461.0,28659.51912
2024-12-24,461.0,478.8,450.4,470.3,28311.40333
2024-12-25,470.3,471.5,455.1,465.5,23377.31432
2024-12-26,465.5,468.0,433.0,437.3,14883.25871
2024-12-27,437.3,461.7,434.7,441.2,26093.28767
2024-12-28,441.2,453.8,438.3,451.7,12943.10934
2024-12-29,451.7,453.9,435.4,439.0,8781.96754
2024-12-30,439.0,453.3,428.9,443.9,18785.33174
2024-12-31,443.9,455.4,433.0,434.5,13410.23511
2025-01-01,434.5,455.5,430.6,450.3,11964.27272
2025-01-02,450.3,466.6,450.3,461.6,35008.91424
2025-01-03,461.6,477.4,455.9,473.9,19961.98989
2025-01-04,473.9,483.2,468.8,478.8,17654.32631
2025-01-05,478.8,479.8,462.5,471.0,12254.31997
2025-01-06,471.0,485.9,464.6,483.0,20892.01533
2025-01-07,483.0,486.3,435.6,436.9,30941.75083
2025-01-08,436.9,441.7,418.3,434.3,21819.58042
2025-01-09,434.3,437.3,411.4,422.0,8153.83447
2025-01-10,422.0,450.6,420.5,449.9,23100.62492
2025-01-11,449.9,451.2,435.8,440.9,8298.97264
2025-01-12,440.9,463.9,436.4,447.8,21452.84476
2025-01-13,447.8,454.1,401.5,428.0,27708.81295
2025-01-14,428.0,441.3,426.2,437.8,5186.59839
2025-01-15,437.8,463.5,430.9,460.0,6979.0391
2025-01-16,460.0,471.5,446.3,461.5,13903.20952
2025-01-17,461.5,500.1,461.5,489.3,12998.85647
2025-01-18,489.3,495.0,458.3,466.4,10437.80185
2025-01-19,466.4,471.3,419.0,427.5,16500.32783
2025-01-20,427.5,481.7,415.7,430.9,18026.4103
2025-01-21,430.9,454.6,419.7,446.4,6566.7053
2025-01-22,446.4,451.4,433.4,435.2,5364.35504
2025-01-23,435.2,447.5,425.1,437.4,6534.91817
2025-01-24,437.4,442.8,426.4,432.0,5011.80327
2025-01-25,432.0,455.2,430.5,445.4,7159.55697
2025-01-26,445.4,448.1,424.6,425.0,3552.10947
2025-01-27,425.0,429.0,396.2,427.6,22383.77404
2025-01-28,427.6,431.6,406.7,410.5,11569.61334
2025-01-29,410.5,421.7,404.3,415.1,14394.92853
2025-01-30,415.1,439.3,412.6,434.8,18308.08173
2025-01-31,434.8,445.4,419.8,424.2,26560.09656
2025-02-01,424.2,431.5,400.2,403.5,18894.87103
2025-02-02,403.5,410.3,341.9,360.5,57251.42572
2025-02-03,360.5,360.7,270.3,353.3,158373.69522
2025-02-04,353.3,355.7,321.0,329.8,39998.75838
2025-02-05,329.8,338.3,323.2,328.0,20988.17016
2025-02-06,328.0,335.2,313.7,316.1,19760.01148
2025-02-07,316.1,335.1,308.4,318.5,21964.61279
2025-02-08,318.5,324.4,314.7,323.2,8917.51981
2025-02-09,323.2,329.4,312.7,324.5,15645.99893
2025-02-10,324.5,334.6,315.3,329.2,16845.6375
2025-02-11,329.2,344.4,325.7,331.3,16841.8419
2025-02-12,331.3,347.0,321.3,343.1,22029.95184
2025-02-13,343.1,345.8,327.3,335.0,14131.02004
2025-02-14,335.0,351.2,334.2,341.7,14969.04121
2025-02-15,341.7,345.8,330.9,332.9,8647.86268
2025-02-16,332.9,335.1,325.4,326.4,8166.64707
2025-02-17,326.4,337.1,317.0,323.8,17292.73826
2025-02-18,323.8,325.4,307.8,316.3,16963.49355
2025-02-19,316.3,324.5,311.8,322.7,11604.82011
2025-02-20,322.7,327.2,319.9,326.0,9985.36359
2025-02-21,326.0,334.0,309.7,313.8,13723.87435
2025-02-22,313.8,322.6,312.5,321.1,8803.06545
2025-02-23,321.1,332.5,320.4,328.0,13731.90752
2025-02-24,328.0,329.6,287.6,291.4,27768.57645
2025-02-25,291.4,296.7,275.1,291.9,40993.90429
2025-02-26,291.9,301.5,284.4,293.9,27363.06009
2025-02-27,293.9,303.6,289.9,297.0,15863.35022
2025-02-28,297.0,320.1,269.9,316.0,49556.65542
2025-03-01,316.0,324.4,307.4,311.4,22266.99414
2025-03-02,311.4,341.7,309.7,334.2,45883.02601
2025-03-03,334.2,357.5,310.9,321.3,95667.60566
2025-03-04,321.3,330.2,291.2,320.7,55695.57586
2025-03-05,320.7,399.5,319.5,392.1,145933.76501
2025-03-06,392.1,419.7,383.8,395.0,85107.92891
2025-03-07,395.0,410.2,383.1,389.0,68481.7388
2025-03-08,389.0,396.2,377.0,385.7,26282.31404
2025-03-09,385.7,387.1,356.0,357.6,32347.77994
2025-03-10,357.6,372.4,330.7,331.6,41362.97363
2025-03-11,331.6,350.4,316.2,340.0,30883.24166
2025-03-12,340.0,360.7,330.0,353.9,31423.93121
2025-03-13,353.9,355.8,323.8,326.0,16911.74505
2025-03-14,326.0,335.6,325.3,331.4,21464.10439
2025-03-15,331.4,353.2,328.0,342.3,64311.30093
2025-03-16,342.3,342.6,325.0,332.9,13062.59066
2025-03-17,332.9,342.3,330.8,337.4,12750.37038
2025-03-18,337.4,343.6,329.2,335.1,12944.35031
2025-03-19,335.1,347.0,332.2,345.2,16069.82258
2025-03-20,345.2,350.0,330.1,333.7,15217.23959
2025-03-21,333.7,335.7,320.3,323.0,15204.6569
2025-03-22,323.0,326.4,320.7,322.3,9053.80232
2025-03-23,322.3,326.0,320.4,325.3,9174.26796
2025-03-24,325.3,336.8,321.4,332.5,14882.07679
2025-03-25,332.5,339.8,326.3,336.1,14622.60768
2025-03-26,336.1,342.0,328.4,335.0,33996.4171
2025-03-27,335.0,340.0,320.9,324.7,17674.26492
2025-03-28,324.7,328.4,304.6,307.7,12956.8568
2025-03-29,307.7,309.1,298.7,303.2,10791.40754
2025-03-30,303.2,308.3,293.8,299.3,9108.4529
2025-03-31,299.3,306.0,289.7,303.6,22198.13792
2025-04-01,303.6,318.5,302.2,308.1,14125.44409
2025-04-02,308.1,317.1,290.2,292.9,27115.05672
2025-04-03,292.9,307.9,291.3,301.4,20699.17117
2025-04-04,301.4,310.3,294.1,301.3,16973.90391
2025-04-05,301.3,304.5,297.0,304.0,5639.12257
2025-04-06,304.0,308.2,265.2,272.2,21179.78807
2025-04-07,272.2,282.1,249.4,275.5,33305.12232
2025-04-08,275.5,284.9,266.8,269.3,14621.40823
2025-04-09,269.3,311.6,259.0,301.2,27343.54049
2025-04-10,301.2,304.0,282.4,289.7,13198.81115
2025-04-11,289.7,316.1,289.4,312.8,23475.8016
2025-04-12,312.8,358.4,311.2,344.5,26580.7976
2025-04-13,344.5,353.7,336.0,342.8,15205.6527
2025-04-14,342.8,374.5,322.8,323.4,30385.21463
2025-04-15,323.4,337.6,316.9,319.4,17488.97205
2025-04-16,319.4,326.0,314.2,321.5,10484.802
2025-04-17,321.5,340.6,320.7,334.1,17306.43395
2025-04-18,334.1,345.0,327.3,335.1,11161.02358
2025-04-19,335.1,340.3,332.4,335.5,5325.34477
2025-04-20,335.5,342.7,331.4,336.1,10125.90041
2025-04-21,336.1,348.3,335.8,345.0,16003.06847
2025-04-22,345.0,364.9,336.8,362.2,26681.86163
2025-04-23,362.2,364.1,353.7,358.4,21279.66827
2025-04-24,358.4,368.0,343.5,356.8,32443.69282
2025-04-25,356.8,384.9,347.9,373.2,32639.77109
2025-04-26,373.2,377.5,355.0,355.5,19698.23923
2025-04-27,355.5,360.0,344.9,345.6,17739.13097
2025-04-28,345.6,370.7,341.5,364.0,19566.91635
2025-04-29,364.0,377.6,360.6,363.7,25793.48638
2025-04-30,363.7,369.6,354.9,366.0,15813.65345
2025-05-01,366.0,375.0,360.1,360.7,13839.17555
2025-05-02,360.7,386.9,359.1,382.8,26350.8881
2025-05-03,382.8,383.6,362.5,362.7,17011.26744
2025-05-04,362.7,371.3,352.9,356.1,15700.53186
2025-05-05,356.1,361.3,349.3,353.4,10389.42381
2025-05-06,353.4,374.8,350.3,374.6,26083.39671
2025-05-07,374.6,391.6,355.0,383.4,35266.6927
2025-05-08,383.4,430.3,381.0,421.9,50738.57848
2025-05-09,421.9,429.6,403.0,413.6,36633.10218
2025-05-10,413.6,433.3,409.9,431.1,21663.06454
2025-05-11,431.1,432.1,402.3,408.3,19069.54914
2025-05-12,408.3,419.8,396.0,410.7,25254.20142
2025-05-13,410.7,416.0,391.4,411.2,15416.92952
2025-05-14,411.2,413.8,398.8,402.6,12101.47859
2025-05-15,402.6,405.1,383.0,396.0,18628.67932
2025-05-16,396.0,403.9,392.7,395.8,10205.1915
2025-05-17,395.8,401.6,385.9,392.1,11837.47145
2025-05-18,392.1,408.1,389.0,406.4,13818.47881
2025-05-19,406.4,408.5,375.7,392.7,14006.79712
2025-05-20,392.7,398.7,383.9,394.2,8400.53454
2025-05-21,394.2,412.2,390.2,407.1,16001.5276
2025-05-22,407.1,446.1,407.1,444.5,35214.21665
2025-05-23,444.5,461.7,423.9,426.4,35438.55652
2025-05-24,426.4,432.6,419.2,421.3,9098.35385
2025-05-25,421.3,427.3,407.6,422.6,9813.91828
2025-05-26,422.6,428.4,412.8,415.3,9626.61467
2025-05-27,415.3,424.4,408.3,414.6,9445.20326
2025-05-28,414.6,427.8,404.4,424.8,10219.94299
2025-05-29,424.8,428.1,405.3,409.5,12432.9277
2025-05-30,409.5,414.7,394.3,398.4,14674.44683
2025-05-31,398.4,422.7,389.3,415.0,18473.5225
2025-06-01,415.0,415.6,396.9,403.3,7852.04831
2025-06-02,403.3,407.3,397.0,403.7,7150.20529
2025-06-03,403.7,409.0,399.8,400.7,7655.13556
2025-06-04,400.7,410.7,396.8,400.2,6517.25809
2025-06-05,400.2,405.0,377.8,385.2,13814.43613
2025-06-06,385.2,399.6,380.3,395.7,13828.90922
2025-06-07,395.7,411.6,393.8,409.5,13947.30289
2025-06-08,409.5,419.8,406.3,410.8,9144.44323
2025-06-09,410.8,429.7,410.6,424.9,14165.52454
2025-06-10,424.9,443.5,417.9,438.1,25195.12691
2025-06-11,438.1,447.1,421.7,428.9,33960.86834
2025-06-12,428.9,441.8,423.3,423.9,13950.19035
2025-06-13,423.9,454.0,397.6,448.8,30601.49371
2025-06-14,448.8,450.2,421.0,430.9,12631.26472
2025-06-15,430.9,469.9,430.9,460.3,26955.74783
2025-06-16,460.3,476.8,450.0,463.6,25873.94188
2025-06-17,463.6,483.4,456.7,462.6,30015.71359
2025-06-18,462.6,481.2,456.6,459.7,19547.52271
2025-06-19,459.7,503.0,453.0,497.2,62376.77962
2025-06-20,497.2,500.8,469.5,473.8,42425.47191
2025-06-21,473.8,478.6,457.7,467.2,26009.97228
2025-06-22,467.2,475.4,437.0,454.8,77274.85339
2025-06-23,454.8,469.7,437.7,462.6,40234.47417
2025-06-24,462.6,467.5,448.8,453.8,29450.61757
2025-06-25,453.8,494.8,453.4,482.7,58442.8646
2025-06-26,482.7,507.6,481.5,489.2,39449.717
2025-06-27,489.2,510.2,484.2,504.7,37817.47347
2025-06-28,504.7,505.3,487.0,491.0,19380.75593
2025-06-29,491.0,509.1,488.4,504.4,22840.58213
2025-06-30,504.4,523.6,488.2,505.7,36296.23339
2025-07-01,505.7,528.0,497.6,500.2,43823.69386
2025-07-02,500.2,512.2,498.6,510.9,23443.50653
2025-07-03,510.9,515.0,490.8,496.4,29358.07342
2025-07-04,496.4,496.6,468.7,483.9,26912.03245
2025-07-05,483.9,489.8,480.6,489.4,12677.87316
2025-07-06,489.4,500.2,482.8,491.5,14147.48895
2025-07-07,491.5,501.2,487.4,496.5,14291.37696
2025-07-08,496.5,508.3,493.8,501.2,16301.06143
2025-07-09,501.2,516.6,499.9,514.4,26662.08195
2025-07-10,514.4,521.0,501.5,518.4,34443.35403
2025-07-11,518.4,539.4,513.8,531.5,40689.75836
2025-07-12,531.5,535.1,502.0,506.2,29536.13221
2025-07-13,506.2,514.5,501.0,508.0,27287.50188
2025-07-14,508.0,527.2,496.7,504.9,29740.33182
2025-07-15,504.9,506.1,482.0,497.9,23017.20187
2025-07-16,497.9,508.8,491.0,498.8,24958.78397
2025-07-17,498.8,505.1,487.3,499.9,28041.76085
2025-07-18,499.9,541.9,499.0,514.6,60523.04817
2025-07-19,514.6,522.8,501.8,513.0,25318.68968
2025-07-20,513.0,553.6,509.9,547.9,55788.13128
2025-07-21,547.9,548.7,516.8,522.6,88766.02606
2025-07-22,522.6,535.4,511.3,526.1,36563.34782
2025-07-23,526.1,529.9,498.5,512.1,34961.12398
2025-07-24,512.1,528.4,490.1,513.0,70575.81415
2025-07-25,513.0,565.6,509.4,557.2,80438.31659
2025-07-26,557.2,563.2,551.4,559.0,19614.06726
2025-07-27,559.0,607.1,555.4,590.0,61734.56294
2025-07-28,590.0,607.0,569.1,572.6,48719.35483
2025-07-29,572.6,586.8,560.2,564.3,28769.13825
2025-07-30,564.3,595.0,551.3,590.1,32028.66465
2025-07-31,590.1,597.2,560.2,561.4,30284.52386
2025-08-01,561.4,574.9,527.8,536.1,30278.76272
2025-08-02,536.1,544.2,517.9,520.1,14133.02182
2025-08-03,520.1,547.9,514.5,544.2,11585.14114
2025-08-04,544.2,581.5,544.1,574.5,28328.66397
2025-08-05,574.5,584.3,541.7,551.8,38498.00893
2025-08-06,551.8,573.6,547.6,571.1,19481.76664
2025-08-07,571.1,585.3,567.2,582.1,101648.13031
2025-08-08,582.1,589.4,573.3,586.0,11202.99751
2025-08-09,586.0,592.2,565.2,566.2,10558.31686
2025-08-10,566.2,585.0,559.2,570.4,12006.00308
2025-08-11,570.4,600.0,569.6,578.4,21242.72694
2025-08-12,578.4,626.4,578.2,618.8,27718.85291
2025-08-13,618.8,635.0,601.2,616.3,25737.13213
2025-08-14,616.3,627.3,579.0,593.3,24470.59926
2025-08-15,593.3,602.0,580.0,592.5,10298.93082
2025-08-16,592.5,597.9,576.6,587.3,5058.13663
2025-08-17,587.3,592.3,580.2,581.9,6236.45486
2025-08-18,581.9,582.6,560.6,568.8,8265.64387
2025-08-19,568.8,573.7,547.6,548.5,8011.00615
2025-08-20,548.5,562.8,543.2,560.9,9400.90441
2025-08-21,560.9,565.0,550.2,554.7,6952.38638
2025-08-22,554.7,608.0,550.6,599.7,32161.93537
2025-08-23,599.7,601.8,584.2,591.3,14630.3108
2025-08-24,591.3,600.0,582.0,583.3,14574.5358
2025-08-25,583.3,589.2,536.1,543.6,21718.54387
2025-08-26,543.6,559.8,532.4,550.9,26188.99958
2025-08-27,550.9,563.8,544.2,550.3,23028.36919
2025-08-28,550.3,566.8,548.4,558.0,11851.88369
2025-08-29,558.0,560.2,527.2,530.7,51794.05338
2025-08-30,530.7,554.3,524.5,552.8,15920.63512
2025-08-31,552.8,555.7,542.3,544.1,11485.4854
2025-09-01,544.1,552.0,530.0,545.1,20863.00111
2025-09-02,545.1,587.1,543.3,584.8,28426.90592
2025-09-03,584.8,607.1,578.6,603.6,41250.08176
2025-09-04,603.6,604.6,583.4,586.7,16676.29907
2025-09-05,586.7,623.1,584.7,606.8,47888.77052
2025-09-06,606.8,617.2,583.7,595.5,31496.14691
2025-09-07,595.5,607.7,593.3,603.2,8174.26785
2025-09-08,603.2,606.2,585.6,588.3,38093.0513
2025-09-09,588.3,591.1,574.4,580.5,15936.27671
2025-09-10,580.5,591.1,577.0,581.0,10794.55594
2025-09-11,581.0,604.1,576.3,596.4,14428.27478
2025-09-12,596.4,601.8,587.2,598.4,8619.53271
2025-09-13,598.4,605.5,593.8,598.5,6976.89732
2025-09-14,598.5,605.9,588.1,601.6,11045.27385
2025-09-15,601.6,607.4,587.8,593.6,10107.93398
2025-09-16,593.6,601.9,589.0,598.7,5373.95889
2025-09-17,598.7,625.6,590.5,616.7,12653.41364
2025-09-18,616.7,651.0,612.3,624.3,23253.79445
2025-09-19,624.3,632.3,598.0,600.7,11108.531
2025-09-20,600.7,606.5,593.5,594.6,4114.07101
2025-09-21,594.6,602.3,593.4,593.5,2727.59767
2025-09-22,593.5,594.9,553.9,567.0,9691.17182
2025-09-23,567.0,569.8,553.6,556.7,8436.50584
2025-09-24,556.7,563.7,548.7,556.3,4858.2028
2025-09-25,556.3,557.5,533.2,536.5,9062.94571
2025-09-26,536.5,551.1,534.3,548.2,5256.40344
2025-09-27,548.2,548.2,539.8,543.7,1788.17593
2025-09-28,543.7,558.2,535.8,556.3,4869.90827
2025-09-29,556.3,563.1,550.0,561.1,4006.67035
2025-09-30,561.1,563.1,549.2,560.6,4968.88753
2025-10-01,560.6,601.9,559.4,592.9,9433.68722
2025-10-02,592.9,597.7,581.3,594.4,11008.27074
2025-10-03,594.4,615.3,590.7,608.5,8556.59986
2025-10-04,608.5,609.3,584.3,590.0,4649.32345
2025-10-05,590.0,614.8,587.6,594.2,6949.90693
2025-10-06,594.2,606.8,592.1,598.8,4514.16842
2025-10-07,598.8,600.0,574.2,576.2,6837.27756
2025-10-08,576.2,588.0,573.2,583.2,3252.6363
2025-10-09,583.2,594.3,568.2,580.0,5478.42157
2025-10-10,580.0,601.0,464.0,513.5,33559.65383
2025-10-11,513.5,540.1,477.6,500.1,16109.99208
2025-10-12,500.1,545.3,495.6,540.7,11662.19158
2025-10-13,540.7,549.5,531.2,546.4,7085.82264
2025-10-14,546.4,547.2,507.9,538.1,28492.87948
2025-10-15,538.1,546.0,517.5,522.2,5055.46201
2025-10-16,522.2,529.7,501.3,504.8,6642.56381
2025-10-17,504.8,510.8,443.0,469.7,20581.60337
2025-10-18,469.7,480.5,462.1,468.4,4977.51764
2025-10-19,468.4,479.1,456.6,472.7,7863.58974
2025-10-20,472.7,486.6,467.0,478.8,8194.64582
2025-10-21,478.8,515.3,464.0,480.8,23659.00402
2025-10-22,480.8,484.6,462.5,473.2,6934.43593
2025-10-23,473.2,492.4,472.6,480.3,35054.15934
2025-10-24,480.3,508.0,478.3,503.3,11169.53621
2025-10-25,503.3,513.9,495.9,508.1,10535.67538
2025-10-26,508.1,565.6,508.1,559.4,21177.62482
2025-10-27,559.4,572.4,549.2,555.6,18397.14489
2025-10-28,555.6,571.3,550.0,557.6,25992.492
2025-10-29,557.6,566.6,546.9,555.5,13594.87049
2025-10-30,555.5,576.2,527.4,541.1,16866.03158
2025-10-31,541.1,568.1,532.9,535.0,13637.73795
2025-11-01,535.0,561.0,531.1,554.1,9576.25251
2025-11-02,554.1,556.0,523.0,536.8,11184.65507
2025-11-03,536.8,537.1,493.6,505.8,10481.16923
2025-11-04,505.8,512.8,460.3,480.0,14782.7007
