timestamp,open,high,low,close,volume
2019-03-07,14.5,15.4601,14.5,15.0755,24843.22
2019-03-08,15.0755,15.2164,13.5796,14.2606,46273.47
2019-03-09,14.2168,14.9197,13.9807,14.4689,44013.12
2019-03-10,14.4696,14.4995,13.8607,14.3779,38656.62
2019-03-11,14.3784,14.8904,14.0109,14.4072,110466.48
2019-03-12,14.3431,15.4299,14.328,15.3491,126987.99
2019-03-13,15.3491,15.3762,14.9334,15.0,163298.07
2019-03-14,15.0,15.0874,14.5622,14.9017,168904.97
2019-03-15,14.9017,15.1945,14.8405,14.937,179262.73
2019-03-16,14.937,16.0017,14.8824,15.951,168743.89
2019-03-17,15.951,15.9589,15.4398,15.6188,162516.55
2019-03-18,15.6188,15.7878,15.2215,15.5385,164111.96
2019-03-19,15.5385,15.8001,15.0,15.5023,164798.97
2019-03-20,15.5023,15.51,15.022,15.1216,152226.91
2019-03-21,15.1216,15.2631,13.8798,14.3508,150094.14
2019-03-22,14.3508,15.2248,14.231,15.1562,170423.67
2019-03-23,15.1562,15.4406,14.952,15.1488,185031.22
2019-03-24,15.1488,17.4988,14.6761,17.1095,199817.63
2019-03-25,17.1095,17.3378,16.11,16.7943,202331.57
2019-03-26,16.7943,16.7943,15.5383,16.1928,210343.16
2019-03-27,16.1928,16.81,15.8697,16.6,211233.56
2019-03-28,16.6,16.718,16.4005,16.6496,202573.04
2019-03-29,16.6496,16.8034,16.377,16.4901,209125.2
2019-03-30,16.4901,16.9846,15.968,16.9673,210214.58
2019-03-31,16.9673,17.735,16.746,17.5397,212258.61
2019-04-01,17.5397,18.25,17.3323,17.9002,185162.16
2019-04-02,17.9002,19.8804,17.5307,19.7169,185197.98
2019-04-03,19.7169,20.0,17.7074,18.5161,201096.0
2019-04-04,18.5161,19.4109,18.1963,18.98,188173.57
2019-04-05,18.98,19.4593,18.8688,19.3898,179056.28
2019-04-06,19.3898,19.3898,18.8192,19.0564,177987.02
2019-04-07,19.0564,19.2136,18.7992,18.923,183771.68
2019-04-08,18.923,19.0398,17.79,17.98,196973.5
2019-04-09,17.98,18.5384,17.1022,18.2983,209250.22
2019-04-10,18.2983,18.609,17.8958,18.2343,225506.33
2019-04-11,18.2343,19.0,16.2877,17.5197,234287.38
2019-04-12,17.5197,18.5519,16.6121,18.3047,230989.05
2019-04-13,18.3047,18.6367,17.9372,18.6189,224484.3
2019-04-14,18.6189,19.9002,18.4259,19.3836,230456.76
2019-04-15,19.3836,19.7808,18.2756,19.2639,230513.94
2019-04-16,19.2639,19.7482,18.7064,19.6213,220877.96
2019-04-17,19.6213,19.7831,19.26,19.4898,220436.48
2019-04-18,19.4898,21.9964,19.4332,21.8769,236672.41
2019-04-19,21.8769,27.6375,21.12,24.323,239315.3
2019-04-20,24.323,25.49,23.7704,24.8854,225438.97
2019-04-21,24.8854,24.8854,22.4991,24.0308,237134.42
2019-04-22,24.0308,24.6086,22.3128,23.773,232151.05
2019-04-23,23.773,24.6102,21.5479,22.443,117595.71
2019-04-24,22.443,23.1055,20.93,23.0001,176036.47
2019-04-25,23.0001,23.4569,21.5499,22.4743,175169.9
2019-04-26,22.4743,23.7847,21.6592,23.0609,177987.77
2019-04-27,23.0609,23.1372,22.3877,22.4482,264374.12
2019-04-28,22.4482,23.2066,22.4061,23.0563,228876.76
2019-04-29,23.0563,23.0815,21.2801,21.7058,145604.33
2019-04-30,21.7058,22.3,21.3064,22.0129,185560.89
2019-05-01,22.0129,22.0991,21.5049,21.7586,171123.54
2019-05-02,21.7586,24.08,21.7086,23.6087,141698.42
2019-05-03,23.6087,24.4102,22.187,23.6863,156347.6
2019-05-04,23.6863,23.7968,22.2999,22.9002,141555.43
2019-05-05,22.9002,23.1707,22.6263,22.9712,166700.88
2019-05-06,22.9712,22.9846,21.4553,22.1966,146394.44
2019-05-07,22.1966,22.4502,20.2178,20.6886,132052.33
2019-05-08,20.6886,28.35,19.5202,22.2315,703673.17
2019-05-10,20.2906,21.773,19.1006,20.5749,257606.5
2019-05-11,20.5749,22.6002,20.0821,22.0002,295203.46
2019-05-12,22.0002,22.0232,20.5264,20.9936,222413.75
2019-05-13,20.9936,23.8705,20.8335,23.2091,313477.57
2019-05-14,23.2034,24.5,22.815,23.5617,281491.15
2019-05-15,23.5617,27.6953,23.5292,26.8932,310724.58
2019-05-16,26.8932,27.708,25.0268,26.1558,278194.29
2019-05-17,26.1558,26.307,23.3259,25.5651,281411.44
2019-05-18,25.5651,28.9999,25.2857,28.9981,260077.63
2019-05-19,28.9981,29.8525,27.5885,29.2998,278643.16
2019-05-20,29.2998,29.2998,27.3766,29.0888,257648.41
2019-05-21,29.0888,32.7217,28.0485,32.1763,314678.14
2019-05-22,32.1763,32.3875,30.6359,31.2002,431747.99
2019-05-23,31.2002,31.978,28.1091,31.1209,764155.78
2019-05-24,31.1209,34.4694,30.2069,33.8738,844706.36
2019-05-25,33.8738,35.2185,33.0,34.8454,822563.25
2019-05-26,34.8454,34.8454,31.0,32.8744,861010.34
2019-05-27,32.8744,34.9584,32.3959,33.3143,842903.8
2019-05-28,33.3143,34.3531,32.6121,33.2133,849187.41
2019-05-29,33.2133,33.8004,31.0475,33.4905,856778.82
2019-05-30,33.4905,34.853,30.3855,31.7782,826589.6
2019-05-31,31.7782,32.9669,30.6051,32.9084,841684.27
2019-06-01,32.9084,34.2371,32.4657,33.2697,843275.42
2019-06-02,33.2697,33.6002,32.6142,32.9225,852628.56
2019-06-03,32.9225,33.001,30.3315,30.6267,816171.13
2019-06-04,30.6267,31.3464,28.6702,29.0805,825759.81
2019-06-05,29.0805,31.05,29.0054,30.9199,798872.79
2019-06-06,30.9199,31.877,29.6299,31.0525,788430.45
2019-06-07,31.0525,32.0,30.7733,31.2122,791097.21
2019-06-08,31.2122,32.4254,31.0142,31.7751,746574.04
2019-06-09,31.7751,31.9083,29.696,30.1298,798202.66
2019-06-10,30.1298,31.9745,29.5967,31.7866,817200.67
2019-06-11,31.7866,31.9482,30.8256,31.7357,810375.69
2019-06-12,31.7357,34.8996,31.6464,34.8177,749106.42
2019-06-13,34.8177,36.508,34.0246,34.9276,826950.64
2019-06-14,33.1507,33.9437,29.7314,32.2936,605071.01
2019-06-15,32.2936,33.9563,31.71,32.7341,876154.36
2019-06-16,32.7341,33.3388,31.6283,32.0973,835173.08
2019-06-17,32.0973,34.4768,32.0304,33.7149,843742.26
2019-06-18,33.7149,34.9999,33.6554,34.3003,914741.11
2019-06-19,34.3003,35.6526,34.299,35.1878,919052.93
2019-06-20,36.2222,36.6979,36.1118,36.6949,264976.24
2019-06-21,36.6949,38.7956,36.1048,38.6653,965030.86
2019-06-22,38.6653,39.5498,37.546,38.1002,932972.17
2019-06-23,38.1002,38.5447,37.3001,37.3665,924835.95
2019-06-24,37.3665,37.751,36.0831,37.3902,587605.34
2019-06-25,37.3902,37.5425,35.8279,36.2477,316510.64
2019-06-26,36.2477,37.9214,34.3578,36.3888,226720.82
2019-06-27,36.3888,36.4345,33.3331,34.3523,220579.57
2019-06-28,34.3523,35.3139,33.9251,34.504,305377.94
2019-06-29,34.504,35.845,33.2781,35.6174,394596.1
2019-06-30,35.6174,35.6716,32.1602,32.199,392759.02
2019-07-01,32.199,34.1483,31.2633,33.4913,399701.51
2019-07-02,33.4913,33.9331,30.5281,31.9139,399057.03
2019-07-03,31.9139,32.9553,31.6198,32.5617,396269.18
2019-07-04,32.5617,34.3772,32.0737,33.1548,399017.47
2019-07-05,33.1548,33.6291,32.2676,32.6759,394326.62
2019-07-06,32.6759,33.0476,32.4797,32.54,357788.95
2019-07-07,32.54,33.37,32.2964,32.9297,277688.84
2019-07-08,32.9297,34.2902,32.6226,33.3857,355509.9
2019-07-09,33.3857,33.6654,32.4315,32.5458,382577.06
2019-07-10,32.5458,33.0272,30.5503,31.2156,386534.73
2019-07-11,31.2156,31.8515,28.2701,29.42,389308.35
2019-07-12,29.4134,32.6549,28.9997,31.8937,387153.81
2019-07-13,31.8933,32.2003,30.2191,31.3555,391431.1
2019-07-14,31.3552,31.5001,28.311,28.475,375780.04
2019-07-15,28.5584,28.689,26.3312,28.4067,374647.87
2019-07-16,28.4069,29.5671,24.8992,24.9775,377459.7
2019-07-17,25.0378,28.1805,24.1872,27.6971,387858.5
2019-07-18,27.6631,29.4464,26.8348,28.9343,400800.88
2019-07-19,28.9528,29.7967,28.3179,29.0078,391301.9
2019-07-20,28.987,31.4466,28.902,31.0864,388569.07
2019-07-21,31.0969,31.5679,29.3421,30.4249,388188.05
2019-07-22,30.4436,32.5913,29.6924,30.8952,361228.76
2019-07-23,30.8951,30.8951,28.9754,29.4839,393472.57
2019-07-24,29.4024,29.4201,27.7452,28.8949,387936.25
2019-07-25,28.8954,29.6577,28.4791,28.9075,394159.37
2019-07-26,28.9281,28.9999,28.1969,28.8917,387462.84
2019-07-27,28.7994,29.4829,27.2702,27.73,381382.21
2019-07-28,27.6415,27.8463,26.6013,27.7351,388648.64
2019-07-29,27.6358,28.0054,26.8247,27.0117,384480.73
2019-07-30,27.0281,27.1035,26.2023,26.9665,397147.01
2019-07-31,26.9867,27.8239,26.7826,27.7334,399394.75
2019-08-01,27.7334,28.7573,27.4309,28.7189,345477.08
2019-08-02,28.7189,28.7195,27.5401,28.1413,388274.67
2019-08-03,28.1413,28.3282,27.4887,27.7419,367247.14
2019-08-04,27.7419,27.77,27.0698,27.3566,290099.81
2019-08-05,27.3566,28.2999,27.2779,27.9505,198220.26
2019-08-06,27.9505,28.3051,27.3087,27.6545,232689.1
2019-08-07,27.6545,29.9794,27.3328,29.6766,240380.13
2019-08-08,29.6766,31.8685,29.1913,31.1862,239872.59
2019-08-09,31.1862,31.492,29.6435,29.7909,237986.02
2019-08-10,29.7909,29.9693,29.0333,29.6775,242168.43
2019-08-11,29.6775,30.4273,29.3539,30.2949,242471.42
2019-08-12,30.2949,30.5882,29.8268,30.178,242279.13
2019-08-13,30.178,30.4404,29.1995,29.4428,244363.22
2019-08-14,29.4428,29.4611,26.7498,26.9573,244552.13
2019-08-15,26.9573,28.7068,25.8423,28.1424,243241.89
2019-08-16,28.1424,28.1424,26.7885,27.487,242416.88
2019-08-17,27.487,27.9603,26.9916,27.4796,242949.95
2019-08-18,27.4796,28.1801,27.0514,27.8859,244664.86
2019-08-19,27.8859,29.1782,27.6689,28.8034,243499.53
2019-08-20,28.8034,28.8034,27.5545,28.0009,243693.51
2019-08-21,28.0009,28.0487,26.3117,26.9376,264300.93
2019-08-22,26.9376,27.3286,26.2151,26.9669,174812.69
2019-08-23,26.9669,27.2857,26.7249,26.9665,175993.31
2019-08-24,26.9665,26.9665,26.0105,26.3034,187310.9
2019-08-25,26.3034,26.4,25.6316,26.0853,153884.29
2019-08-26,26.0853,27.1906,25.6846,26.1194,187462.76
2019-08-27,26.1194,26.1441,24.6652,25.6188,152359.18
2019-08-28,25.6188,26.1103,23.2029,23.3761,196300.1
2019-08-29,23.3761,23.3761,21.2153,21.7606,286276.94
2019-08-30,21.7606,22.5564,21.4958,22.1318,211292.77
2019-08-31,22.1318,22.37,21.0001,21.0734,221331.76
2019-09-01,21.0734,21.6731,21.0001,21.4147,232744.87
2019-09-02,21.4147,22.8244,21.0183,22.7265,318940.04
2019-09-03,22.7265,22.8887,22.1861,22.3666,258583.35
2019-09-04,22.3666,22.5998,21.4735,21.6638,252991.38
2019-09-05,21.6638,23.5,21.299,22.642,223106.46
2019-09-06,22.642,23.4439,21.6874,22.01,376504.99
2019-09-07,22.01,22.6502,21.9032,22.4116,248672.45
2019-09-08,22.4116,22.7314,22.0203,22.3951,231448.77
2019-09-09,22.3951,22.4473,21.7599,22.1284,258710.12
2019-09-10,22.1284,22.3239,21.5139,21.7516,150172.89
2019-09-11,21.7516,22.0592,20.5435,20.7445,241454.35
2019-09-12,20.7445,20.9432,19.6887,20.8002,369195.18
2019-09-13,20.8002,21.1875,20.4032,20.7878,239661.29
2019-09-14,20.7878,21.1459,20.694,20.9267,184820.94
2019-09-15,20.9267,21.0405,20.2899,20.3001,234943.2
2019-09-16,20.3001,20.7914,19.8818,20.2339,228655.18
2019-09-17,20.2339,21.4231,20.0234,21.0435,258033.12
2019-09-18,21.0435,23.1693,20.9338,22.1961,450027.3
2019-09-19,22.1961,22.4355,20.4117,21.5502,411722.41
2019-09-20,21.5502,21.5743,20.903,21.2766,238214.83
2019-09-21,21.2766,21.4488,20.8081,20.9848,163915.39
2019-09-22,20.9848,20.9848,20.0001,20.3681,214273.53
2019-09-23,20.3681,20.3775,19.1698,19.2988,250236.5
2019-09-24,19.2988,19.4906,14.7062,15.833,351219.57
2019-09-25,15.833,16.4847,14.9173,16.0156,639541.55
2019-09-26,16.0156,16.3938,14.4094,15.2017,372077.33
2019-09-27,15.2017,15.7647,14.72,15.6493,386585.05
2019-09-28,15.6493,15.8656,15.2973,15.7325,277648.69
2019-09-29,15.7325,15.7917,14.8597,15.1823,217703.84
2019-09-30,15.1823,15.847,14.6239,15.8448,363389.55
2019-10-01,15.8448,16.2799,15.6168,15.8529,313355.79
2019-10-02,15.8529,15.8872,15.5002,15.8624,233968.63
2019-10-03,15.8624,15.9277,15.2432,15.6346,231879.98
2019-10-04,15.6346,15.8204,15.2265,15.622,222840.95
2019-10-05,15.622,15.7758,15.3668,15.6881,216644.07
2019-10-06,15.6881,15.7206,14.8868,15.0784,239690.51
2019-10-07,15.0784,16.1227,14.8729,16.007,256878.93
2019-10-08,16.007,16.3353,15.7981,15.994,294574.95
2019-10-09,15.994,17.9872,15.8797,17.7278,501927.52
2019-10-10,17.7278,17.908,17.0427,17.5373,363922.86
2019-10-11,17.5373,17.681,16.55,16.5778,374037.79
2019-10-12,16.5778,17.4847,16.5082,17.1919,356982.33
2019-10-13,17.1919,18.7561,17.1003,18.2349,440307.36
2019-10-14,18.2349,18.6263,17.8534,18.434,474243.39
2019-10-15,18.434,19.1436,18.0979,18.5925,476817.81
2019-10-16,18.5925,18.6248,17.3897,17.755,420983.4
2019-10-17,17.755,18.8263,17.5616,18.5068,367918.33
2019-10-18,18.5068,18.75,17.6831,18.2194,372915.33
2019-10-19,18.2194,18.4445,17.8392,18.2063,316100.98
2019-10-20,18.2063,18.5801,17.6497,18.4997,331464.25
2019-10-21,18.4997,18.5104,17.912,18.2965,328207.67
2019-10-22,18.2965,18.7963,18.0703,18.2341,363182.89
2019-10-23,18.2341,18.2586,16.1407,16.6993,467811.04
2019-10-24,16.6993,17.0766,16.3013,16.9155,342310.39
2019-10-25,16.9155,19.0683,16.7463,18.603,575958.77
2019-10-26,18.603,19.7212,18.0373,18.9198,678704.57
2019-10-27,18.9198,19.6004,18.4662,19.2961,405291.06
2019-10-28,19.2961,21.1637,19.2699,19.9064,472571.64
2019-10-29,19.9064,21.1653,19.799,20.717,446128.61
2019-10-30,20.717,20.7729,19.1077,20.039,403830.1
2019-10-31,20.039,20.2993,19.3417,19.8954,388808.0
2019-11-01,19.8954,20.0145,19.6353,19.9749,315577.49
2019-11-02,19.9749,20.2769,19.9482,20.1752,241991.75
2019-11-03,20.1752,20.3505,19.8224,20.1441,287279.85
2019-11-04,20.1441,20.8294,20.0301,20.613,425783.98
2019-11-05,20.613,20.8732,20.3084,20.6631,334126.96
2019-11-06,20.6631,20.9034,20.4285,20.6895,303747.61
2019-11-07,20.6895,20.8196,19.9176,20.4102,333472.34
2019-11-08,20.4102,20.4948,19.2874,19.6464,325063.56
2019-11-09,19.6464,19.9504,19.4785,19.7026,238258.77
2019-11-10,19.7026,20.5773,19.6592,20.4184,322699.34
2019-11-11,20.4184,20.5974,19.7408,20.0787,304081.97
2019-11-12,20.0787,20.9203,19.988,20.9203,280324.09
2019-11-13,20.9203,21.7954,20.6771,21.3516,327049.04
2019-11-14,21.3516,21.6359,20.7115,21.2937,340265.47
2019-11-15,21.2937,21.3075,19.979,20.2699,335954.0
2019-11-16,20.2699,20.5666,19.9098,20.1426,320696.18
2019-11-17,20.1426,20.4023,19.7538,20.1348,310900.97
2019-11-18,20.1348,20.1784,18.6216,19.0914,346900.72
2019-11-19,19.0914,19.2574,18.0827,18.4859,344477.35
2019-11-20,18.4859,18.7354,17.7732,18.0896,319286.12
2019-11-21,18.0896,18.2155,16.3521,16.7766,446423.17
2019-11-22,16.7766,17.2846,14.3871,15.4931,648660.64
2019-11-23,15.4931,16.3148,14.9674,16.2352,386755.48
2019-11-24,16.2352,16.4629,14.8938,15.0154,447505.11
2019-11-25,15.0154,15.7319,13.9296,15.1646,513049.36
2019-11-26,15.1646,15.8587,14.976,15.2982,356723.16
2019-11-27,15.2982,16.1967,14.6063,16.045,441911.33
2019-11-28,16.045,16.1581,15.4346,15.5115,380515.44
2019-11-29,15.5115,16.2852,15.493,16.2048,324166.17
2019-11-30,16.2048,16.2511,15.4743,15.7052,337429.17
2019-12-01,15.7052,15.7052,14.9328,15.4248,354913.03
2019-12-02,15.4248,15.6038,15.0166,15.1352,326638.21
2019-12-03,15.1352,15.4163,15.0505,15.2397,262724.92
2019-12-04,15.2397,15.8203,14.8185,15.1309,390202.69
2019-12-05,15.1309,15.7008,14.8233,15.6483,358568.6
2019-12-06,15.6483,15.7311,15.2966,15.668,303028.75
2019-12-07,15.668,15.7937,15.5173,15.5743,288729.19
2019-12-08,15.5743,15.7083,15.3454,15.5919,256564.9
2019-12-09,15.5919,15.7673,15.1831,15.3311,288988.14
2019-12-10,15.3311,15.3369,14.597,14.811,341297.74
2019-12-11,14.811,14.9892,14.6127,14.7635,320303.65
2019-12-12,14.7635,14.839,14.3433,14.7216,389521.91
2019-12-13,14.7216,14.9847,14.6546,14.8431,315017.68
2019-12-14,14.8431,14.9819,14.2105,14.3692,322957.48
2019-12-15,14.3692,14.4845,14.1316,14.3741,291841.92
2019-12-16,14.3741,14.4198,13.2466,13.4333,387586.88
2019-12-17,13.4333,13.4559,12.1188,12.3584,478681.58
2019-12-18,12.3584,13.6983,12.2001,13.5851,628534.58
2019-12-19,13.5851,13.7476,12.9544,13.3155,443848.11
2019-12-20,13.3155,13.5135,13.0699,13.4981,371702.43
2019-12-21,13.4981,13.4989,13.2561,13.2867,294762.92
2019-12-22,13.2867,13.7953,13.2634,13.7676,387091.16
2019-12-23,13.7676,13.9331,13.2049,13.3055,375195.16
2019-12-24,13.3055,13.5816,13.2374,13.3398,356847.02
2019-12-25,13.3398,13.3449,12.8991,13.0777,341823.63
2019-12-26,13.0777,13.5369,13.026,13.1435,373961.06
2019-12-27,13.1435,13.2869,12.9097,13.2869,329972.17
2019-12-28,13.2869,13.7153,13.2579,13.6757,345885.9
2019-12-29,13.6757,14.1983,13.5774,14.1094,379996.36
2019-12-30,14.1094,14.3663,13.7679,13.8409,379928.1
2019-12-31,13.8409,14.0307,13.6366,13.7218,349010.39
2020-01-01,13.7218,13.8581,13.6485,13.6899,302471.91
2020-01-02,13.6899,13.717,12.9699,13.0097,337742.07
2020-01-03,13.0097,13.7412,12.9764,13.6455,428581.96
2020-01-04,13.6455,13.8606,13.5094,13.7954,307961.01
2020-01-05,13.7954,14.3031,13.7809,14.0354,306556.0
2020-01-06,14.0354,14.9792,14.0142,14.9421,398247.39
2020-01-07,14.9421,15.1586,14.4557,15.0132,446377.08
2020-01-08,15.0132,15.3011,14.1953,14.541,504344.22
2020-01-09,14.541,14.5681,14.1998,14.3618,418217.18
2020-01-10,14.3618,15.0682,14.1096,15.0495,477386.5
2020-01-11,15.0495,15.3063,14.7393,14.9381,419130.43
2020-01-12,14.9381,15.45,14.7928,15.3203,387997.14
2020-01-13,15.3203,15.3431,14.9173,15.1673,335328.42
2020-01-14,15.1673,16.9194,15.1615,16.6487,652167.19
2020-01-15,16.6487,18.1568,16.259,17.6537,763981.88
2020-01-16,17.6537,17.6732,16.3031,17.0601,514692.64
2020-01-17,17.0601,18.4375,17.0102,18.0767,616610.22
2020-01-18,18.0767,18.3331,17.4484,17.8112,528593.59
2020-01-19,17.8112,18.4615,16.6546,17.3874,562735.3
2020-01-20,17.3874,17.5368,16.8092,17.3187,401978.8
2020-01-21,17.3187,18.1914,17.2154,18.1145,437126.71
2020-01-22,18.1145,18.3886,17.5811,17.8256,387238.24
2020-01-23,17.8256,17.828,16.7562,17.0659,441443.32
2020-01-24,17.0659,17.4256,16.4332,17.0912,448260.5
2020-01-25,17.0912,17.1103,16.5713,16.943,350448.98
2020-01-26,16.943,17.4697,16.8208,17.4664,362689.95
2020-01-27,17.4664,17.8836,17.227,17.6727,387270.01
2020-01-28,17.6727,18.1395,17.437,18.0515,398761.43
2020-01-29,18.0515,18.4325,17.8144,17.8967,417977.73
2020-01-30,17.8967,18.695,17.6867,18.5791,414383.1
2020-01-31,18.5791,18.857,17.8018,18.2215,447271.0
2020-02-01,18.2215,18.5728,18.0366,18.2595,330441.44
2020-02-02,18.2595,18.7634,17.828,18.4385,412573.36
2020-02-03,18.4385,18.8532,18.2001,18.4708,394067.97
2020-02-04,18.4708,18.6065,17.8734,18.1722,379920.51
2020-02-05,18.1722,19.434,18.1564,19.2447,501364.24
2020-02-06,19.2447,20.8276,19.0485,20.6587,536283.66
2020-02-07,20.6587,22.5283,20.5144,22.0601,617993.15
2020-02-08,22.0601,22.1857,20.887,21.7964,543017.08
2020-02-09,21.7964,24.3603,21.7687,24.3603,628169.45
2020-02-10,24.3603,25.7757,23.3542,25.1259,719791.28
2020-02-11,25.1259,25.7179,24.1334,25.6735,590699.56
2020-02-12,25.6735,26.8894,25.3566,26.4122,529915.44
2020-02-13,26.4122,27.1622,24.6004,25.4705,749213.77
2020-02-14,25.4705,26.4897,25.0391,26.3557,594484.68
2020-02-15,26.3557,26.4541,23.5215,24.2432,701738.7
2020-02-16,24.2432,25.2546,21.8237,23.3832,905008.72
2020-02-17,23.3832,23.5765,21.5344,23.4248,789008.24
2020-02-18,23.4248,24.4308,22.7835,24.061,668140.21
2020-02-19,24.061,24.3078,21.6368,22.3117,510874.87
2020-02-20,22.3117,22.6137,21.0462,22.1357,699638.97
2020-02-21,22.1357,22.8321,21.7839,22.1759,583071.18
2020-02-22,22.1759,22.312,21.4828,21.961,550280.95
2020-02-23,21.961,22.9593,21.9468,22.8293,705961.16
2020-02-24,22.8293,23.2442,21.5006,22.0775,734436.98
2020-02-25,22.0775,22.0775,20.1361,20.3366,805920.43
2020-02-26,20.3366,20.5047,18.0002,18.7467,1303383.35
2020-02-27,18.7467,19.631,17.7088,19.1613,1085393.99
2020-02-28,19.1613,19.7353,17.906,19.0249,1122899.93
2020-02-29,19.0249,20.2614,18.7913,19.2406,940030.13
2020-03-01,19.2406,19.8827,18.4758,18.9302,849611.24
2020-03-02,18.9302,20.0577,18.7701,19.9042,962557.11
2020-03-03,19.9042,20.358,19.3075,19.6679,764455.65
2020-03-04,19.6679,20.2489,19.4966,19.9529,708786.51
2020-03-05,19.9529,21.4418,19.95,20.7742,835753.11
2020-03-06,20.7742,21.7405,20.6817,21.3275,780182.52
2020-03-07,21.3275,21.4502,19.7278,20.2288,697700.56
2020-03-08,20.2288,20.2325,16.7325,16.8936,1481468.66
2020-03-09,16.8936,17.4557,15.6042,16.5848,1817711.69
2020-03-10,16.5848,17.4254,16.3252,16.8314,1167222.88
2020-03-11,16.8314,17.1239,15.4201,16.5557,915358.47
2020-03-12,16.5557,16.5897,8.8832,9.2863,3595138.12
2020-03-13,9.2863,11.48,6.3766,10.8928,5627736.25
2020-03-14,10.8928,11.2622,9.8736,10.1294,1725405.36
2020-03-15,10.1294,11.2744,9.9736,10.3839,1709151.71
2020-03-16,10.3839,10.3843,8.4464,9.4113,2714263.58
2020-03-17,9.4113,10.4727,9.4113,10.2837,1631742.0
2020-03-18,10.2837,10.4139,9.6472,10.3771,1481069.19
2020-03-19,10.3771,12.6693,10.2326,12.2692,2332914.8
2020-03-20,12.2692,13.6318,10.4609,11.9081,2866872.62
2020-03-21,11.9081,12.394,11.2817,12.0724,1504970.75
2020-03-22,12.0724,12.4428,11.027,11.1637,1264649.57
2020-03-23,11.1637,12.4748,10.8341,12.1846,2056981.44
2020-03-24,12.1846,12.5714,11.9192,12.4182,1879672.93
2020-03-25,12.4182,12.6812,12.0614,12.3314,1561276.1
2020-03-26,12.3314,13.2484,12.1896,13.2051,1025045.3
2020-03-27,13.2051,13.3537,12.1878,12.3399,1269784.77
2020-03-28,12.3399,12.3485,11.6451,12.1764,1252222.72
2020-03-29,12.1764,12.2404,11.2899,11.3105,953195.51
2020-03-30,11.3105,12.3981,11.2468,12.13,1213035.65
2020-03-31,12.13,12.7171,12.1078,12.5349,1280640.22
2020-04-01,12.5349,12.7441,11.9645,12.7049,1191727.46
2020-04-02,12.7049,13.6999,12.5494,13.0193,1756127.74
2020-04-03,13.0193,13.5643,12.2501,13.3771,1691279.84
2020-04-04,13.3771,14.0602,13.1762,13.7592,1847333.81
2020-04-05,13.7592,13.963,13.4034,13.687,1432692.79
2020-04-06,13.687,15.2053,13.5007,15.1984,2096898.59
2020-04-07,15.1984,15.4851,14.2407,14.725,2238224.42
2020-04-08,14.725,15.3441,14.5599,15.0932,1739953.26
2020-04-09,15.0932,15.1996,14.6367,15.0243,1285055.97
2020-04-10,15.0243,15.0754,13.4653,13.7207,2076020.25
2020-04-11,13.7207,14.0784,13.5238,13.8103,1676776.65
2020-04-12,13.8103,14.8369,13.6337,14.2735,1827642.54
2020-04-13,14.2735,15.0745,13.6289,15.0223,1957118.02
2020-04-14,15.0223,15.9539,14.7965,15.6086,2262174.3
2020-04-15,15.6086,15.861,14.489,14.5714,1520173.41
2020-04-16,14.5714,15.7546,14.1205,15.727,1796202.68
2020-04-17,15.727,15.9242,15.2591,15.6369,1374366.09
2020-04-18,15.6369,16.8093,15.6233,16.6179,1275655.26
2020-04-19,16.6179,16.6726,15.848,16.0475,1220970.47
2020-04-20,16.0475,16.4459,14.8312,14.9756,1449728.0
2020-04-21,14.9756,15.4458,14.728,15.1087,1500314.95
2020-04-22,15.1087,15.7933,14.9112,15.7058,1081944.3
2020-04-23,15.7058,16.4358,15.4197,16.0572,1096085.12
2020-04-24,16.0572,16.2424,15.6765,15.9199,908258.59
2020-04-25,15.9199,16.41,15.7677,16.234,856032.39
2020-04-26,16.234,16.435,16.0881,16.3681,812434.8
2020-04-27,16.3681,16.5534,16.0724,16.4083,895425.55
2020-04-28,16.4083,16.484,16.1336,16.3422,802286.48
2020-04-29,16.3422,17.5147,16.3077,17.3829,1107165.34
2020-04-30,17.3829,18.1288,16.4864,16.97,1540900.73
2020-05-01,16.97,17.8537,16.9234,17.4573,978556.49
2020-05-02,17.4573,17.5608,17.2764,17.5358,827087.46
2020-05-03,17.5358,17.7983,16.866,17.1048,949889.06
2020-05-04,17.1048,17.3108,16.2745,17.0213,1050160.51
2020-05-05,17.0213,17.2789,16.607,16.8784,995282.58
2020-05-06,16.8784,17.1349,16.3087,16.377,951671.63
2020-05-07,16.377,17.232,16.1458,16.9882,1098369.46
2020-05-08,16.9882,17.3987,16.8317,17.1351,1067201.93
2020-05-09,17.1351,17.485,16.7978,16.8093,979107.15
2020-05-10,16.8093,16.8093,13.9888,15.3762,1254974.67
2020-05-11,15.3762,15.5308,14.0926,15.067,1375373.25
2020-05-12,15.067,16.2094,14.9708,15.7706,1131145.64
2020-05-13,15.7706,16.3463,15.6715,16.2174,1070461.73
2020-05-14,16.2174,16.691,16.0133,16.3761,890340.47
2020-05-15,16.3761,16.4701,15.5585,15.7182,509720.15
2020-05-16,15.7182,16.2221,15.5772,16.0618,454221.54
2020-05-17,16.0618,16.5071,16.0034,16.2945,380528.58
2020-05-18,16.2945,16.8594,16.2581,16.6283,295576.05
2020-05-19,16.6283,17.2332,16.2989,17.2038,98048.62
2020-05-20,17.2038,17.3227,16.5077,16.8931,87089.6
2020-05-21,16.8931,17.0535,15.7241,16.0839,113736.21
2020-05-22,16.0839,16.8924,15.9146,16.5994,167164.76
2020-05-23,16.5994,16.8412,16.33,16.4661,180563.05
2020-05-24,16.4661,16.7776,16.0,16.0,189986.74
2020-05-25,16.0,16.4015,15.814,16.3695,201958.75
2020-05-26,16.3695,16.4802,15.9611,16.2223,168617.13
2020-05-27,16.2223,16.503,16.1624,16.4555,155478.64
2020-05-28,16.4555,17.1303,16.3861,17.0709,164532.0
2020-05-29,17.0709,17.1815,16.6773,16.9976,186292.56
2020-05-30,16.9976,17.7709,16.9247,17.7208,204833.9
2020-05-31,17.7208,18.1564,16.8677,17.0769,248440.84
2020-06-01,17.0769,18.0972,16.98,17.9247,209085.1
2020-06-02,17.9247,18.1916,16.6908,17.2885,190943.86
2020-06-03,17.2885,17.6148,17.0159,17.563,166842.14
2020-06-04,17.563,17.6428,17.0533,17.522,173357.67
2020-06-05,17.522,17.881,17.4393,17.6782,194303.3
2020-06-06,17.6782,17.7817,17.4833,17.544,524327.04
2020-06-07,17.544,17.6239,16.8691,17.4129,532007.44
2020-06-08,17.4129,17.5486,17.2527,17.4361,317256.36
2020-06-09,17.4361,17.4988,17.037,17.3629,309483.06
2020-06-10,17.3629,17.5646,17.1639,17.4016,318008.38
2020-06-11,17.4016,17.4959,14.4,16.2175,478790.86
2020-06-12,16.2175,16.7883,16.0988,16.6338,417972.06
2020-06-13,16.6338,16.8039,16.501,16.8038,322761.75
2020-06-14,16.8038,16.8302,16.3986,16.5656,342536.41
2020-06-15,16.5656,16.5892,15.5337,16.3695,513096.75
2020-06-16,16.3695,16.6099,16.1549,16.4187,415680.4
2020-06-17,16.4187,16.6243,15.9764,16.3883,428145.35
2020-06-18,16.3883,16.5219,15.8878,16.1526,412706.4
2020-06-19,16.1526,16.283,15.8918,15.9537,584108.0233243511
2020-06-20,15.9537,16.0849,15.7205,16.0557,531329.0106233961
2020-06-21,16.0557,16.3189,15.9301,15.9766,512579.9967173062
2020-06-22,15.9766,16.5296,15.9464,16.5023,531956.1035661565
2020-06-23,16.5023,16.5421,16.2716,16.389,527241.642375221
2020-06-24,16.389,16.6424,15.9474,15.9984,664175.0972056193
2020-06-25,15.9984,16.0789,15.4962,15.9032,668043.75
2020-06-26,15.9032,15.993,15.5723,15.7678,651237.57
2020-06-27,15.7678,15.868,14.7963,15.1219,705496.24
2020-06-28,15.1219,15.4882,14.8782,15.3744,575908.56
2020-06-29,15.3744,15.5808,15.2049,15.4626,663843.03
2020-06-30,15.4626,15.5401,15.2512,15.4091,564943.81
2020-07-01,15.4091,15.8837,15.3359,15.8046,552045.11
2020-07-02,15.8046,15.9608,15.0714,15.3594,620100.49
2020-07-03,15.3594,15.4835,15.2554,15.2733,478061.35
2020-07-04,15.2733,15.6268,15.2345,15.5533,462991.83
2020-07-05,15.5533,15.6031,15.1085,15.4913,529103.8
2020-07-06,15.4913,16.3396,15.4397,16.2997,590383.63
2020-07-07,16.2997,16.8595,16.0303,16.795,669959.26
2020-07-08,16.795,17.4365,16.589,17.2706,750758.66
2020-07-09,17.2706,17.49,16.465,16.83,690314.91
2020-07-10,16.83,17.3258,16.4413,17.3012,451988.86
2020-07-11,17.3012,17.6792,17.0177,17.6128,477193.41
2020-07-12,17.6128,18.5831,17.5957,18.3008,537349.87
2020-07-13,18.3008,18.9923,17.7397,18.41,853219.17
2020-07-14,18.41,18.7549,17.8595,18.0734,254650.67
2020-07-15,18.0734,18.1447,17.4352,17.6276,110267.81
2020-07-16,17.6276,17.7531,16.5505,17.1333,124406.63
2020-07-17,17.1333,17.4754,16.9547,17.0703,157682.73
2020-07-18,17.0703,17.3188,16.8126,17.1481,143321.04
2020-07-19,17.1481,18.0927,16.8963,18.0114,177812.95
2020-07-20,18.0114,18.327,17.2549,17.4659,174106.51
2020-07-21,17.4659,17.9725,17.3961,17.7197,165732.89
2020-07-22,17.7197,18.1075,17.4467,18.0926,145324.24
2020-07-23,18.0926,18.7617,18.0404,18.7615,164062.03
2020-07-24,18.7615,19.5446,18.2348,19.1784,208773.64
2020-07-25,19.1784,20.0334,19.1618,19.8027,200531.22
2020-07-26,19.8027,20.2682,19.3043,19.5555,192342.27
2020-07-27,19.5555,20.1771,18.3988,19.7615,234789.23
2020-07-28,19.7615,20.6542,19.4418,20.151,213517.09
2020-07-29,20.151,20.3923,19.7766,19.8878,161762.27
2020-07-30,19.8878,20.09,19.5072,19.9723,150915.71
2020-07-31,19.9723,20.853,19.911,20.6543,175305.34
2020-08-01,20.6543,21.7302,20.5725,21.6114,182187.19
2020-08-02,21.6114,22.1665,19.1486,20.963,274083.37
2020-08-03,20.963,22.5,20.6948,22.0519,219786.71
2020-08-04,22.0519,22.4295,21.4486,22.2904,193549.2
2020-08-05,22.2904,23.5333,22.0772,23.2776,206516.97
2020-08-06,23.2776,23.2963,22.5057,22.7411,163672.3
2020-08-07,22.7411,22.9952,20.8695,22.3312,200364.41
2020-08-08,22.3312,22.9199,21.8536,22.9189,163318.93
2020-08-09,22.9189,22.919,22.0539,22.3984,163431.16
2020-08-10,22.3984,22.7648,22.0548,22.6317,162579.79
2020-08-11,22.6317,22.7244,20.685,21.276,220874.48
2020-08-12,21.276,21.9744,20.5666,21.4958,207499.38
2020-08-13,21.4958,21.8482,20.6358,21.7716,216789.3
2020-08-14,21.7716,23.293,21.2727,23.0951,155106.49
2020-08-15,23.0951,23.7745,22.711,23.0541,70170.18
2020-08-16,23.0541,23.769,22.7066,23.5184,68369.3
2020-08-17,23.5184,23.902,22.9939,23.4958,59574.99
2020-08-18,23.4958,23.766,22.3679,22.9808,46948.49
2020-08-19,22.9808,23.2419,21.8339,22.3736,60278.54
2020-08-20,22.3736,23.2951,22.026,23.0802,52748.91
2020-08-21,23.0802,23.3133,21.7204,22.0793,68813.36
2020-08-22,22.0793,22.2365,21.2817,22.1963,78284.7
2020-08-23,22.1963,22.2184,21.542,21.8414,59118.47
2020-08-24,21.8414,22.9572,21.6758,22.5975,120259.33
2020-08-25,22.5975,22.6308,20.9863,21.3877,211658.69
2020-08-26,21.3877,22.4773,21.2615,22.205,223013.76
2020-08-27,22.205,23.1462,21.8034,23.11,229089.08
2020-08-28,23.11,23.5719,22.618,23.0756,212373.43
2020-08-29,23.0756,23.4943,22.7485,22.9383,180017.31
2020-08-30,22.9383,23.8235,22.9035,23.6196,180226.44
2020-08-31,23.6196,23.8983,22.9737,23.1435,181129.33
2020-09-01,23.1435,25.4031,22.8389,24.7032,314564.8
2020-09-02,24.7032,25.808,23.2278,24.7009,364605.87
2020-09-03,24.7009,25.5328,20.2197,20.3696,475304.35
2020-09-04,20.3696,21.8211,19.398,20.9718,431606.49
2020-09-05,20.9718,21.5335,18.0377,19.4792,339178.02
2020-09-06,19.4792,23.4274,18.5414,23.1491,488701.71
2020-09-07,23.1491,23.5401,20.1061,22.4463,462659.2
2020-09-08,22.4463,23.4096,21.2831,23.2441,428444.68
2020-09-09,23.2441,24.5163,21.4974,24.4711,299986.21
2020-09-10,24.4711,25.5973,24.0771,24.5296,308465.82
2020-09-11,24.5296,25.6607,23.1021,25.4031,267459.37
2020-09-12,25.4031,28.5137,25.3923,28.5033,329114.55
2020-09-13,28.5033,32.3675,28.1395,31.1591,475583.2
2020-09-14,31.1591,33.9805,29.0003,31.1716,575113.75
2020-09-15,31.1716,31.2014,26.7339,27.1091,539952.23
2020-09-16,27.1091,28.4436,25.8527,27.8361,385896.12
2020-09-17,27.8361,28.8194,26.0758,27.08,260183.11
2020-09-18,27.08,28.7322,26.614,27.6344,208887.88
2020-09-19,27.6344,27.9501,26.611,27.1984,173738.21
2020-09-20,27.1984,27.3055,25.1428,26.324,177027.05
2020-09-21,26.324,26.6558,22.2737,23.0703,248227.54
2020-09-22,23.0703,24.5552,22.7213,24.0325,175886.24
2020-09-23,24.0325,24.3263,22.4695,22.8075,191781.86
2020-09-24,22.8075,24.6843,22.604,24.5724,168406.1
2020-09-25,24.5724,25.0649,23.7584,24.6819,169924.98
2020-09-26,24.6819,26.4552,24.4808,26.1916,165012.34
2020-09-27,26.1916,26.8691,25.5216,26.2452,160452.74
2020-09-28,26.2452,27.6956,25.7358,26.9706,164747.54
2020-09-29,26.9706,28.9812,26.8882,28.8489,162138.5
2020-09-30,28.8489,29.5395,27.9016,29.305,125317.55
2020-10-01,29.305,29.3687,26.2505,27.4653,68691.3
2020-10-02,27.4653,28.1114,25.6775,27.2821,69441.81
2020-10-03,27.2821,28.3688,27.0737,28.175,53000.53
2020-10-04,28.175,29.1038,28.0126,29.0023,49183.31
2020-10-05,29.0023,29.2436,28.0751,28.6059,47204.41
2020-10-06,28.6059,28.9734,27.2402,27.6809,63449.35
2020-10-07,27.6809,27.8729,26.8293,27.7024,50022.84
2020-10-08,27.7024,27.7854,26.5418,27.697,52318.36
2020-10-09,27.697,28.5019,27.474,28.3746,46257.88
2020-10-10,28.3746,29.2277,28.1018,28.3696,53094.23
2020-10-11,28.3696,28.7231,27.9123,28.5074,49712.4
2020-10-12,28.5074,31.0919,28.4409,30.6993,56999.82
2020-10-13,30.6993,31.7533,30.2157,30.2246,49007.78
2020-10-14,30.2246,31.3087,30.2234,30.8443,39172.4
2020-10-15,30.8443,31.6265,30.4197,31.2983,38395.58
2020-10-16,31.2983,31.9476,29.5668,29.9971,45128.34
2020-10-17,29.9971,30.543,29.655,30.2178,30596.32
2020-10-18,30.2178,31.0,30.1766,30.6323,34371.92
2020-10-19,30.6323,30.6335,29.718,29.8992,31677.81
2020-10-20,29.8992,30.069,28.4936,28.7921,35147.92
2020-10-21,28.7921,30.3734,28.6286,29.7371,38664.58
2020-10-22,29.7371,31.2783,29.7169,30.6427,40661.38
2020-10-23,30.6427,31.1432,30.071,30.6304,37221.05
2020-10-24,30.6304,30.8482,30.4341,30.5973,28226.23
2020-10-25,30.5973,30.9574,29.8948,30.1341,31976.32
2020-10-26,30.1341,31.357,29.9593,31.0227,41797.5
2020-10-27,31.0227,32.3142,30.901,31.5075,43691.12
2020-10-28,31.5075,31.9084,29.8349,30.3313,42590.98
2020-10-29,30.3313,30.4086,29.4955,29.8536,43625.87
2020-10-30,29.8536,30.2363,27.5932,28.4863,72294.0
2020-10-31,28.4863,28.8689,28.147,28.4949,62614.24
2020-11-01,28.4949,28.6604,28.069,28.4969,53347.56
2020-11-02,28.4969,29.2665,27.8,27.8362,65989.95
2020-11-03,27.8362,27.8362,25.8646,26.8857,78205.79
2020-11-04,26.8857,26.9735,25.9296,26.9305,108194.02
2020-11-05,26.9305,27.8773,26.6621,27.6718,122387.69
2020-11-06,27.6718,29.4296,27.6718,29.0147,135119.61
2020-11-07,29.0147,29.8408,26.8981,27.741,155779.21
2020-11-08,27.741,28.8999,27.4424,28.3916,65921.74
2020-11-09,28.3916,28.9241,27.3702,28.0501,39807.76
2020-11-10,28.0501,28.4714,27.675,28.1911,32187.59
2020-11-11,28.1911,28.5701,27.8284,27.9776,25279.82
2020-11-12,27.9776,28.1315,27.3066,27.694,27161.82
2020-11-13,27.694,28.4938,27.5279,28.1997,30534.36
2020-11-14,28.1997,28.1997,27.3671,27.9042,30013.73
2020-11-15,27.9042,28.1995,27.0611,27.6537,26689.77
2020-11-16,27.6537,28.1917,27.4642,27.9572,27969.56
2020-11-17,27.9572,28.7505,27.948,28.5492,31183.7
2020-11-18,28.5492,28.7497,27.5002,28.0671,35487.21
2020-11-19,28.0671,28.3556,27.6401,28.1155,30670.26
2020-11-20,28.1155,29.3136,28.0622,28.9602,32209.42
2020-11-21,28.9602,30.776,28.3169,30.485,38923.62
2020-11-22,30.485,31.0983,28.9857,30.0164,41740.04
2020-11-23,30.0164,31.0529,29.8087,30.9756,38695.73
2020-11-24,30.9756,35.1139,30.8226,33.8568,64442.38
2020-11-25,33.8568,35.4096,30.5165,31.35,52952.13
2020-11-26,31.35,31.7426,26.4281,28.2143,70949.15
2020-11-27,28.2143,28.6927,27.2605,28.447,43073.13
2020-11-28,28.447,29.5966,27.9412,29.1327,36411.39
2020-11-29,29.1327,30.4306,28.9007,30.0864,35196.09
2020-11-30,30.0864,31.5726,29.725,31.4715,31418.32
2020-12-01,31.4715,31.8611,29.231,30.081,38095.02
2020-12-02,30.081,30.9068,29.628,30.2825,21880.24
2020-12-03,30.2825,30.9999,29.8922,30.6915,17842.37
2020-12-04,30.6915,31.0996,28.7614,29.033,20412.02
2020-12-05,29.033,30.0288,28.6778,29.7121,19489.09
2020-12-06,29.7121,30.1352,29.0595,29.4999,16248.79
2020-12-07,29.4999,29.6419,29.0498,29.3557,17125.57
2020-12-08,29.3557,29.4771,27.4456,27.6611,19374.84
2020-12-09,27.6611,28.3655,26.9656,28.1319,20246.41
2020-12-10,28.1319,28.2274,27.4188,27.6467,16855.71
2020-12-11,27.6467,27.748,26.7385,27.337,14246.52
2020-12-12,27.337,28.2094,27.2776,28.1315,11788.16
2020-12-13,28.1315,29.2462,28.0152,29.1255,11674.72
2020-12-14,29.1255,30.1651,28.6609,30.0376,14698.65
2020-12-15,30.0376,30.3438,29.3164,29.5053,12197.81
2020-12-16,29.5053,30.5956,29.0168,30.5421,14654.24
2020-12-17,30.5421,31.4834,29.7438,30.2407,23430.0
2020-12-18,30.2407,31.1851,29.6765,30.9434,26494.11
2020-12-19,30.9434,34.1847,30.9038,33.2879,34684.13
2020-12-20,33.2879,35.6142,32.6427,34.2001,39154.9
2020-12-21,34.2001,35.5737,31.5456,32.1605,42997.44
2020-12-22,32.1605,33.7766,30.5835,33.5204,42358.06
2020-12-23,33.5204,34.4526,30.0001,31.1944,45399.12
2020-12-24,31.1944,32.7385,30.3928,32.4989,90348.76
2020-12-25,32.4989,33.4725,31.7838,33.1675,69921.45
2020-12-26,33.1675,34.0279,32.5782,33.6099,76586.78
2020-12-27,33.6099,34.9631,31.9438,33.6263,160289.75
2020-12-28,33.6263,36.1222,33.3763,35.9341,133267.89
2020-12-29,35.9341,39.8114,35.3531,39.0899,447966.04
2020-12-30,39.0899,39.2916,36.9028,38.1459,99353.64
2020-12-31,38.1459,38.1723,36.7629,37.3658,87612.76
2021-01-01,37.3658,38.9252,36.9939,37.7588,81299.17
2021-01-02,37.7588,38.8034,36.828,38.2003,71947.06
2021-01-03,38.2003,41.6363,37.768,41.1981,120652.46
2021-01-04,41.1981,43.1993,38.0439,41.0736,172532.35
2021-01-05,41.0736,41.7926,38.8518,41.7844,130521.22
2021-01-06,41.7844,42.2181,40.5044,42.1254,71617.81
2021-01-07,42.1254,44.5135,41.4243,43.5574,72364.58
2021-01-08,43.5574,43.5884,40.4688,42.3572,55687.14
2021-01-09,42.3572,44.0067,41.5284,43.7826,32821.74
2021-01-10,43.7826,45.1007,40.121,42.4369,50051.26
2021-01-11,42.4369,42.4369,35.174,38.1488,157912.13
2021-01-12,38.1488,40.0043,37.1336,38.2314,64723.36
2021-01-13,38.2314,40.4212,37.0402,40.1191,38671.41
2021-01-14,40.1191,41.9309,39.604,41.8882,22981.45
2021-01-15,41.8882,42.5489,38.7732,40.9067,41279.15
2021-01-16,40.9067,44.0563,40.6619,43.1217,35936.49
2021-01-17,43.1217,46.6806,40.9437,45.907,50549.62
2021-01-18,45.907,46.8253,44.0733,45.3697,29330.43
2021-01-19,45.3697,47.1697,41.7224,42.549,42202.42
2021-01-20,42.549,42.7665,40.2583,42.5782,50027.81
2021-01-21,42.5782,42.6388,38.2847,38.6571,65871.99
2021-01-22,38.6571,41.3866,36.9194,40.9171,53627.43
2021-01-23,40.9171,41.8285,39.5122,40.9328,23309.17
2021-01-24,40.9328,42.1801,40.3622,41.8286,15347.87
2021-01-25,41.8286,43.3883,40.579,41.7896,26522.24
2021-01-26,41.7896,42.4996,39.6082,41.846,26208.79
2021-01-27,41.846,42.0674,39.6678,40.9173,40162.3
2021-01-28,40.9173,43.0555,40.3647,42.4919,18405.33
2021-01-29,42.4919,43.9875,41.8482,42.8364,31904.42
2021-01-30,42.8364,45.096,42.6287,44.7564,16541.53
2021-01-31,44.7564,45.7988,43.361,44.3352,19405.62
2021-02-01,44.3352,52.3236,43.4444,51.4196,68431.31
2021-02-02,51.4196,53.0088,49.271,50.9948,62803.11
2021-02-03,50.9948,52.6829,49.8296,52.1408,20540.68
2021-02-04,52.1408,57.0305,51.3613,56.0199,53844.24
2021-02-05,56.0199,68.746,56.0199,67.7473,62337.41
2021-02-06,67.7473,75.4699,61.9255,72.8706,118975.83
2021-02-07,72.8706,74.719,64.2898,68.4655,91160.44
2021-02-08,68.4655,79.8231,67.7705,79.7556,87115.41
2021-02-09,79.7556,115.7861,78.2376,107.581,196463.99
2021-02-10,107.581,150.6018,107.581,128.9336,343888.57
2021-02-11,128.9336,132.4702,118.0542,124.0687,117100.36
2021-02-12,124.0687,141.1899,121.3094,136.6055,95958.01
2021-02-13,136.6055,138.433,125.0488,133.2682,61459.85
2021-02-14,133.2682,138.8544,128.5383,136.0617,50465.88
2021-02-15,136.0617,140.02,118.7285,129.7801,76785.63
2021-02-16,129.7801,133.4681,126.3085,130.0553,33744.81
2021-02-17,130.0553,175.6614,126.9293,165.1585,113942.8
2021-02-18,165.1585,203.0165,162.9913,195.2615,130144.28
2021-02-19,195.2615,350.0,195.2615,332.4515,339724.83
2021-02-20,332.4515,334.4438,224.3511,253.941,281445.648
2021-02-21,253.941,308.9769,250.4498,293.5742,187442.24
2021-02-22,293.5742,295.4192,221.199,267.1448,244622.0
2021-02-23,267.1448,269.2369,180.0,231.6445,399948.31
2021-02-24,231.6445,280.8063,214.0616,254.0041,228953.42
2021-02-25,254.0041,265.1371,231.7408,232.3517,155070.48
2021-02-26,232.3517,239.0141,209.7663,221.5748,155246.29
2021-02-27,221.5748,237.4857,219.4468,225.0778,60597.74
2021-02-28,225.0778,228.7406,195.4282,209.94,89879.54
2021-03-01,209.94,259.6085,209.4847,254.8526,93383.53
2021-03-02,254.8526,265.0,227.7113,239.528,65656.03
2021-03-03,239.528,254.603,236.6492,240.7402,40704.767
2021-03-04,240.7402,249.6334,225.7708,229.8119,43499.537
2021-03-05,229.8119,231.5506,215.9749,225.5615,44653.758
2021-03-06,225.5615,232.0934,219.4617,226.1702,22235.471
2021-03-07,226.1702,243.4708,225.2606,240.0,26006.773
2021-03-08,240.0,242.7181,229.0705,240.0669,23425.909
2021-03-09,240.0669,297.1985,235.9309,293.2168,69032.204
2021-03-10,293.2168,295.1335,265.3248,278.7833,70384.468
2021-03-11,278.7833,320.9019,272.4464,289.8911,71199.139
2021-03-12,289.8911,290.183,248.995,263.3104,66732.882
2021-03-13,263.3104,284.6132,255.7669,276.1081,38749.53
2021-03-14,276.1081,276.6619,264.0,264.0,20643.34
2021-03-15,264.0,267.5363,249.8294,254.3954,34834.112
2021-03-16,254.3954,259.477,241.4155,258.4609,30343.009
2021-03-17,258.4609,271.9434,249.056,269.9946,17442.913
2021-03-18,269.9946,277.8095,257.5762,261.2262,21486.403
2021-03-19,261.2262,270.5188,255.2874,263.0554,11196.338
2021-03-20,263.0554,274.2564,261.4815,264.5519,8783.944
2021-03-21,264.5519,268.0818,257.0773,264.5,9689.264
2021-03-22,264.5,276.7769,253.3008,254.8099,24694.315
2021-03-23,254.8099,262.5924,245.0,255.3134,19325.804
2021-03-24,255.3134,268.5307,241.4831,248.8732,21468.133
2021-03-25,248.8732,249.6183,225.7414,234.2451,35467.054
2021-03-26,234.2451,254.8213,233.7321,254.8213,12167.128
2021-03-27,254.8213,275.7946,249.7686,269.2382,15004.197
2021-03-28,269.2382,281.0208,261.4291,268.8414,15390.27
2021-03-29,268.8414,277.5,264.7094,275.1484,9394.016
2021-03-30,275.1484,311.5515,271.2507,311.1121,23299.432
2021-03-31,311.1121,316.2651,286.5923,302.2753,24916.277
2021-04-01,302.2753,338.797,300.7548,334.641,25170.899
2021-04-02,334.641,356.3483,326.0364,338.0777,28761.977
2021-04-03,338.0777,349.048,316.3571,321.727,43618.618
2021-04-04,321.727,352.2369,316.9683,349.3968,23741.562
2021-04-05,349.3968,379.815,336.1664,368.3154,36804.591
2021-04-06,368.3154,411.7962,364.0488,402.9369,62901.825
2021-04-07,402.9369,414.234,355.7853,375.5101,69467.438
2021-04-08,375.5101,422.1345,372.0689,418.364,38673.209
2021-04-09,418.364,453.8881,404.5845,453.8755,27442.695
2021-04-10,453.8755,486.9693,450.0824,471.3814,63117.977
2021-04-11,471.3814,529.1626,458.0119,525.7146,28471.165
2021-04-12,525.7146,638.0643,515.4761,597.089,83335.893
2021-04-13,597.089,602.5289,521.9,550.9335,60978.423
2021-04-14,550.9335,590.4591,522.0,549.7172,56173.893
2021-04-15,549.7172,556.6001,534.1548,542.036,15972.266
2021-04-16,542.036,547.3282,489.7067,508.5921,28074.242
2021-04-17,508.5921,547.792,505.9541,514.8983,20814.76
2021-04-18,514.8983,520.0626,428.0269,481.4614,44484.365
2021-04-19,481.4614,539.6432,468.1347,504.2763,34951.31
2021-04-20,504.2763,589.216,473.4682,587.2595,44931.599
2021-04-21,587.2595,613.1713,536.6386,543.5409,55308.81
2021-04-22,543.5409,582.4162,480.5377,505.8579,44580.975
2021-04-23,505.8579,530.1059,450.317,526.1221,65769.284
2021-04-24,526.1221,528.4975,483.407,497.1596,16450.146
2021-04-25,497.1596,517.5345,478.5262,505.0656,11784.077
2021-04-26,505.0656,549.86,502.0605,535.1322,11095.056
2021-04-27,535.1322,578.4435,525.5955,568.6466,12828.563
2021-04-28,568.6466,578.866,539.0316,562.5874,7107.448
2021-04-29,562.5874,614.6665,554.9775,599.8364,10714.53
2021-04-30,599.8364,628.0058,586.1073,622.7147,7934.428
2021-05-01,622.7147,643.9008,610.1017,619.8155,5075.014
2021-05-02,619.8155,628.8261,595.8206,621.9842,6431.93
2021-05-03,621.9842,680.1169,620.3677,676.0223,7453.963
2021-05-04,676.0223,677.6056,604.8682,609.6777,13409.119
2021-05-05,609.6777,656.2555,605.3083,651.2134,7304.045
2021-05-06,651.2134,653.4289,620.25,633.7623,5766.449
2021-05-07,633.7623,644.0099,611.8429,624.4251,10392.538
2021-05-08,624.4251,657.9119,618.4358,646.3796,19787.32
2021-05-09,646.3796,682.0,630.8836,661.5726,13475.78
2021-05-10,661.5726,695.0,583.7641,631.2765,33311.074
2021-05-11,631.2765,695.0,622.0252,671.4134,47944.449
2021-05-12,671.4134,688.0,583.9998,593.3287,22352.104
2021-05-13,593.3287,633.5527,527.8754,571.2166,33127.048
2021-05-14,571.2166,615.0,566.5538,602.8805,21855.301
2021-05-15,602.8805,625.0,560.1526,562.5805,23822.793
2021-05-16,562.5805,609.0,535.0,564.2368,19060.674
2021-05-17,564.2368,564.2529,483.6368,511.5921,43631.804
2021-05-18,511.5921,537.0,495.789,508.3,28241.465
2021-05-19,508.3,515.8536,280.0,334.7109,141917.769
2021-05-20,334.7109,423.6245,285.567,390.8774,90314.079
2021-05-21,390.8774,415.1167,274.5345,326.3245,62666.642
2021-05-22,326.3245,335.6601,284.5628,299.4562,29670.297
2021-05-23,299.4562,313.1179,212.4028,260.5624,33715.936
2021-05-24,260.5624,349.8596,257.8819,345.0,27899.1
2021-05-25,345.0,375.3354,307.2076,343.2905,22935.677
2021-05-26,343.2905,387.8331,336.5268,379.2444,15732.13
2021-05-27,379.2444,387.3163,340.3742,369.2457,15698.667
2021-05-28,369.2457,374.2279,313.4229,328.8178,16338.964
2021-05-29,328.8178,346.8601,296.028,304.8179,12917.558
2021-05-30,304.8179,338.1417,291.868,325.5762,11128.284
2021-05-31,325.5762,355.6708,307.7926,353.6712,15372.164
2021-06-01,353.6712,364.261,339.7394,362.3332,10926.391
2021-06-02,362.3332,418.4857,350.6821,401.2698,16269.679
2021-06-03,401.2698,432.7182,391.4712,427.8777,13945.409
2021-06-04,427.8777,429.3867,364.5301,390.7082,17792.92
2021-06-05,390.7082,428.0,371.0,390.1183,11524.829
2021-06-06,390.1183,399.9917,381.8465,393.301,9355.77
2021-06-07,393.301,407.5123,354.5614,358.1018,14208.466
2021-06-08,358.1018,365.9532,319.5647,352.6506,16454.077
2021-06-09,352.6506,378.3759,333.7266,375.4843,9936.054
2021-06-10,375.4843,377.257,344.729,351.7599,8184.693
2021-06-11,351.7599,365.8971,341.0,345.5103,6546.907
2021-06-12,345.5103,348.8802,325.5037,343.5711,8019.94
2021-06-13,343.5711,369.0119,330.5761,365.7266,11191.363
2021-06-14,365.7266,377.1669,355.2114,369.9994,10669.086
2021-06-15,369.9994,379.5161,363.7215,366.8165,7010.467
2021-06-16,366.8165,366.8165,343.4406,347.1007,6791.108
2021-06-17,347.1007,362.4731,346.0895,352.6909,4264.047
2021-06-18,352.6909,357.1518,327.5423,336.9208,7417.378
2021-06-19,336.9208,344.9151,331.2048,334.0808,3461.167
2021-06-20,334.0808,340.3782,310.2989,338.9861,6105.884
2021-06-21,338.9861,341.8002,269.0758,270.8236,11785.757
2021-06-22,270.8236,290.9594,225.6304,261.7638,29087.045
2021-06-23,261.7638,309.5494,251.6128,296.1,16505.758
2021-06-24,296.1,320.0,281.6663,308.3766,11568.287
2021-06-25,308.3766,314.6941,275.3793,281.2524,13828.883
2021-06-26,281.2524,290.1094,263.2115,279.5773,9358.727
2021-06-27,279.5773,291.3749,269.7918,290.7518,5503.023
2021-06-28,290.7518,299.032,283.8356,289.7558,4232.848
2021-06-29,289.7558,315.4675,289.2997,300.4093,5435.222
2021-06-30,300.4093,304.7829,281.7527,303.4035,6464.448
2021-07-01,303.4035,303.7615,281.0685,287.8612,6692.035
2021-07-02,287.8612,290.5094,276.663,287.3827,5824.392
2021-07-03,287.3827,304.0,282.4,298.1195,5825.445
2021-07-04,298.1195,314.8222,292.7995,307.887,6682.785
2021-07-05,307.887,307.887,292.4189,302.0265,12295.838
2021-07-06,302.0265,322.0751,301.969,320.081,8703.909
2021-07-07,320.081,339.4649,318.5289,327.7917,7709.378
2021-07-08,327.7917,328.0231,304.904,310.3804,6588.818
2021-07-09,310.3804,319.5249,301.7177,317.0043,3868.734
2021-07-10,317.0043,321.2931,310.8536,316.1352,2961.873
2021-07-11,316.1352,326.6603,312.3304,321.9646,2443.184
2021-07-12,321.9646,334.1954,308.7925,316.257,3392.923
2021-07-13,316.257,318.2518,305.3363,308.9225,3283.298
2021-07-14,308.9225,313.2088,290.4901,309.4099,5213.835
2021-07-15,309.4099,324.1201,301.6928,315.7863,5916.317
2021-07-16,315.7863,323.1348,301.8168,302.9411,3887.727
2021-07-17,302.9411,306.5576,295.1238,300.4065,2705.126
2021-07-18,300.4065,309.0807,299.4077,302.2037,2040.778
2021-07-19,302.2037,303.6075,279.0564,280.4495,4464.154
2021-07-20,280.4495,283.388,255.1531,264.4051,6291.135
2021-07-21,264.4051,298.7359,261.1447,292.9926,5933.521
2021-07-22,292.9926,298.1933,287.651,293.5329,4911.502
2021-07-23,293.5329,301.0995,281.6104,299.1401,4594.039
2021-07-24,299.1401,307.6416,295.6527,301.537,4972.039
2021-07-25,301.537,303.9494,292.5831,302.4643,4865.549
2021-07-26,302.4643,327.8471,301.5636,303.9399,11099.45
2021-07-27,303.9399,318.2547,298.2236,313.5835,4369.112
2021-07-28,313.5835,318.6053,308.1379,313.7938,3004.106
2021-07-29,313.7938,320.4202,309.0271,316.9409,2944.973
2021-07-30,316.9409,325.3766,306.6032,322.5361,5606.557
2021-07-31,322.5361,338.1468,317.5284,331.9343,3783.588
2021-08-01,331.9343,347.5736,329.6671,332.978,4506.313
2021-08-02,332.978,337.7647,326.2651,330.9808,3249.176
2021-08-03,330.9808,334.3864,317.7917,322.8259,2288.894
2021-08-04,322.8259,337.0949,319.966,334.8726,2214.791
2021-08-05,334.8726,339.9415,323.5781,337.9771,2257.943
2021-08-06,337.9771,346.811,331.5718,342.153,1989.104
2021-08-07,342.153,359.6179,340.6996,355.7907,3037.821
2021-08-08,355.7907,359.6079,337.1645,341.7815,2290.163
2021-08-09,341.7815,357.431,333.4529,354.6547,2087.401
2021-08-10,354.6547,376.1245,349.2621,372.0586,3325.986
2021-08-11,372.0586,408.3227,371.4903,391.4231,4361.885
2021-08-12,391.4231,405.9651,372.023,385.3731,3760.531
2021-08-13,385.3731,411.2435,383.0,410.9995,3931.336
2021-08-14,410.9995,418.7293,400.3557,409.1054,2570.292
2021-08-15,409.1054,414.8387,396.3908,413.978,2327.382
2021-08-16,413.978,436.76,410.9162,416.2437,2940.34
2021-08-17,416.2437,435.7095,399.3295,401.8774,2824.808
2021-08-18,401.8774,412.126,385.9457,396.6225,5457.187
2021-08-19,396.6225,431.6059,391.2329,431.4703,10479.318
2021-08-20,431.4703,457.7264,421.9996,455.0145,9470.437
2021-08-21,455.0145,460.136,444.7556,448.7916,10356.393
2021-08-22,448.7916,458.1914,438.1054,448.6249,6713.895
2021-08-23,448.6249,509.4357,447.0466,499.6273,21574.151
2021-08-24,499.6273,504.0422,461.4215,471.9495,28004.22
2021-08-25,471.9495,506.9745,470.1826,503.3062,31137.435
2021-08-26,503.3062,518.6111,472.0501,478.3413,37714.845
2021-08-27,478.3413,495.0,467.2427,494.6487,23273.887
2021-08-28,494.6487,496.6302,482.6504,485.9094,11291.058
2021-08-29,485.9094,495.3687,476.3507,479.4935,13192.36
2021-08-30,479.4935,480.9157,457.413,460.2471,14987.213
2021-08-31,460.2471,477.433,451.9424,464.4395,16188.964
2021-09-01,464.4395,490.0,455.3976,489.7355,7978.315
2021-09-02,489.7355,504.8186,478.6689,483.9067,4511.119
2021-09-03,483.9067,494.2997,473.4787,488.5264,4579.379
2021-09-04,488.5264,510.0,485.6655,497.2918,3921.537
2021-09-05,497.2918,505.0,488.7114,504.8186,3430.593
2021-09-06,504.8186,508.6059,487.6969,495.8211,4792.599
2021-09-07,495.8211,504.8986,371.5758,417.1561,13532.304
2021-09-08,417.1561,425.2472,383.0612,414.398,8495.52
2021-09-09,414.398,436.0377,403.7578,420.8451,6206.392
2021-09-10,420.8451,439.1357,393.9849,401.2695,5931.839
2021-09-11,401.2695,415.0,399.7942,404.8557,5178.845
2021-09-12,404.8557,421.5225,397.9414,417.0372,11953.103
2021-09-13,417.0372,419.6231,383.9216,398.9486,6566.214
2021-09-14,398.9486,414.4826,396.1694,414.2255,3470.811
2021-09-15,414.2255,436.371,410.2445,430.9849,4910.192
2021-09-16,430.9849,433.2292,415.934,423.9767,8725.734
2021-09-17,423.9767,425.8482,401.0,406.6118,2777.102
2021-09-18,406.6118,420.011,401.8575,410.8306,2711.252
2021-09-19,410.8306,419.15,403.0444,408.576,2700.814
2021-09-20,408.576,409.6167,354.4527,363.62,6721.024
2021-09-21,363.62,375.5939,337.4741,343.7325,6512.258
2021-09-22,343.7325,379.9888,342.279,379.1445,3979.614
2021-09-23,379.1445,384.5412,369.1791,383.8452,3280.809
2021-09-24,383.8452,385.0,333.5066,354.8671,6577.562
2021-09-25,354.8671,360.5924,343.4675,349.3819,4066.933
2021-09-26,349.3819,352.4652,320.1,344.2065,6093.273
2021-09-27,344.2065,357.8038,335.4215,335.7388,3588.545
2021-09-28,335.7388,344.6755,330.0,333.2079,3065.949
2021-09-29,333.2079,375.2515,324.3961,367.7493,5272.929
2021-09-30,367.7493,388.4512,366.3963,387.2983,4260.435
2021-10-01,387.2983,423.3777,381.7265,421.7787,4517.476
2021-10-02,421.7787,438.2341,410.9168,427.3313,2372.312
2021-10-03,427.3313,437.162,421.8342,430.2728,3595.348
2021-10-04,430.2728,430.8832,411.3762,426.4865,2649.968
2021-10-05,426.4865,443.8456,424.1533,442.0988,3387.117
2021-10-06,442.0988,442.7051,414.8003,434.6919,3697.077
2021-10-07,434.6919,450.0,423.8857,438.4311,4144.743
2021-10-08,438.4311,441.6768,416.1383,418.9126,4247.0
2021-10-09,418.9126,426.1119,416.3509,421.827,4781.276
2021-10-10,421.827,422.3561,402.5098,404.1973,3499.467
2021-10-11,404.1973,424.0,400.0,413.4384,3593.413
2021-10-12,413.4384,444.5429,392.4781,444.5429,6571.403
2021-10-13,444.5429,472.0,432.9808,470.765,12402.261
2021-10-14,470.765,483.1282,461.6403,472.3263,4779.635
2021-10-15,472.3263,477.5762,452.5805,474.1475,5010.855
2021-10-16,474.1475,484.3623,461.8181,465.8123,3009.35
2021-10-17,465.8123,472.5862,454.9635,471.0,3171.68
2021-10-18,471.0,487.5657,466.9242,485.3309,4050.405
2021-10-19,485.3309,497.6262,481.0596,488.4442,3052.203
2021-10-20,488.4442,505.586,481.9992,501.2612,3949.821
2021-10-21,501.2612,504.6439,466.9929,471.1527,5092.984
2021-10-22,471.1527,497.9214,470.8473,479.1841,6933.369
2021-10-23,479.1841,485.6309,472.8928,485.6309,3711.522
2021-10-24,485.6309,486.506,468.1389,475.9252,4011.82
2021-10-25,475.9252,488.7019,474.8546,485.0416,6333.53
2021-10-26,485.0416,489.8055,473.7595,478.1359,7227.608
2021-10-27,478.1359,486.3986,436.692,448.8317,28894.844
2021-10-28,448.8317,494.66,446.7741,492.0,37459.375
2021-10-29,492.0,533.6314,488.6371,529.7775,16124.46
2021-10-30,529.7775,543.0,510.6926,528.1657,10414.116
2021-10-31,528.1657,535.0,508.88,524.4763,12047.228
2021-11-01,524.4763,551.7168,511.2283,551.2976,10702.735
2021-11-02,551.2976,567.46,537.7087,554.2469,12388.998
2021-11-03,554.2469,570.0073,537.4314,568.3763,23172.237
2021-11-04,568.3763,568.7135,543.9592,558.9793,7873.109
2021-11-05,558.9793,615.9297,554.4284,607.3154,8265.574
2021-11-06,607.3154,636.5302,595.9161,636.4993,9880.801
2021-11-07,636.4993,669.0209,630.9,649.5148,9417.159
2021-11-08,649.5148,655.3986,631.8721,653.4993,6922.075
2021-11-09,653.4993,656.7965,632.0779,634.9951,7152.774
2021-11-10,634.9951,662.6362,574.0774,614.4148,12342.823
2021-11-11,614.4148,634.9837,605.7987,628.9827,8424.668
2021-11-12,628.9827,634.6193,603.8453,627.08,9115.341
2021-11-13,627.08,654.8,620.5135,649.6565,8588.802
2021-11-14,649.6565,660.4801,634.6163,650.8628,8105.805
2021-11-15,650.8628,659.4416,631.266,633.6914,9544.097
2021-11-16,633.6914,634.9647,573.9736,588.656,14510.904
2021-11-17,588.656,592.634,554.0829,578.42,16911.91
2021-11-18,578.42,587.915,516.8103,531.7465,13563.033
2021-11-19,531.7465,588.0882,524.2,580.9061,10564.13
2021-11-20,580.9061,608.58,572.787,604.0598,9411.664
2021-11-21,604.0598,605.0758,580.0,584.3957,9006.774
2021-11-22,584.3957,588.25,554.1995,559.3352,8133.395
2021-11-23,559.3352,604.8008,558.1719,591.3599,8828.319
2021-11-24,591.3599,595.2096,577.3231,590.6216,9867.192
2021-11-25,590.6216,646.5494,587.8776,638.4081,12854.037
2021-11-26,638.4081,657.6635,564.3705,587.0,15950.798
2021-11-27,587.0,621.2073,584.2039,600.1725,7371.201
2021-11-28,600.1725,617.0481,572.0211,611.7407,10418.583
2021-11-29,611.7407,640.0,601.9084,623.4799,9915.833
2021-11-30,623.4799,634.6324,603.7545,621.298,10587.804
2021-12-01,621.298,650.0,618.4366,627.1411,9321.712
2021-12-02,627.1411,630.4864,605.5196,620.2969,6591.61
2021-12-03,620.2969,627.6837,575.0,595.6548,7173.068
2021-12-04,595.6548,596.0937,492.4869,568.7679,15045.652
2021-12-05,568.7679,581.761,541.4576,557.3536,8279.677
2021-12-06,557.3536,592.95,534.38,588.5,9919.121
2021-12-07,588.5,593.5,572.6124,578.4175,6277.733
2021-12-08,578.4175,607.6024,567.0781,607.056,8116.807
2021-12-09,607.056,616.6862,567.9583,570.4606,6117.976
2021-12-10,570.4606,595.0434,550.4479,552.0845,5379.36
2021-12-11,552.0845,572.3835,542.0889,563.5449,4241.188
2021-12-12,563.5449,574.1701,559.465,570.7361,3611.961
2021-12-13,570.7361,572.0,511.2315,520.8013,5734.546
2021-12-14,520.8013,535.7,510.2658,528.4261,6210.609
2021-12-15,528.4261,546.3945,501.9809,540.9213,5319.928
2021-12-16,540.9213,545.2668,525.2652,526.0127,5129.019
2021-12-17,526.0127,535.4169,511.0466,525.7945,3676.034
2021-12-18,525.7945,537.8158,516.9514,534.0003,3145.813
2021-12-19,534.0003,544.0359,527.6159,529.8478,2651.259
2021-12-20,529.8478,534.4971,506.1987,523.6313,3382.998
2021-12-21,523.6313,535.1199,517.4011,528.667,3295.57
2021-12-22,528.667,544.7271,527.4716,533.4534,3374.226
2021-12-23,533.4534,552.6298,524.6484,548.7384,3671.007
2021-12-24,548.7384,554.0,538.0777,541.7454,2739.797
2021-12-25,541.7454,550.666,539.7945,547.5683,3260.395
2021-12-26,547.5683,549.4671,536.3542,546.5311,2341.719
2021-12-27,546.5311,571.8385,543.0,563.4295,2637.919
2021-12-28,563.4295,563.4295,528.9002,534.2138,2758.033
2021-12-29,534.2138,540.6447,511.2573,514.1232,2658.266
2021-12-30,514.1232,527.7,508.0,518.2905,2430.193
2021-12-31,518.2905,528.3568,507.0,511.927,3728.885
2022-01-01,511.927,527.6689,511.1037,526.9965,2278.394
2022-01-02,526.9965,533.3333,518.4313,531.4743,2191.072
2022-01-03,531.4743,532.833,510.0524,511.7427,2205.058
2022-01-04,511.7427,520.0,502.1,507.6774,2236.269
2022-01-05,507.6774,515.8722,458.2982,473.2149,2814.304
2022-01-06,473.2149,481.2115,459.1171,473.0286,2842.295
2022-01-07,473.0286,473.5265,438.0406,447.8,2717.265
2022-01-08,447.8,459.4004,416.7883,429.8927,2546.394
2022-01-09,429.8927,445.6913,427.457,438.6028,1123.53
2022-01-10,438.6028,445.4574,407.1797,424.7934,3100.384
2022-01-11,424.7934,467.4226,421.5259,463.5823,6342.681
2022-01-12,463.5823,489.3654,456.7981,487.116,3271.241
2022-01-13,487.116,489.0396,466.6902,476.7991,3039.511
2022-01-14,476.7991,492.1039,467.9568,489.9858,3468.288
2022-01-15,489.9858,500.9692,485.4824,494.8236,1604.522
2022-01-16,494.8236,505.7346,488.8342,498.3312,2138.807
2022-01-17,498.3312,499.1135,467.4886,474.9888,2984.46
2022-01-18,474.9888,479.5213,457.3936,471.6877,2372.83
2022-01-19,471.6877,472.8522,453.9061,462.0,2408.328
2022-01-20,462.0,478.4067,438.3985,440.5577,2692.39
2022-01-21,440.5577,444.4736,374.4153,384.0214,4222.409
2022-01-22,384.0214,389.1467,337.2368,358.3902,5727.13
2022-01-23,358.3902,388.9052,356.4944,383.9981,2546.917
2022-01-24,383.9981,383.9981,336.8636,371.4179,8236.2
2022-01-25,371.4179,387.6508,357.7677,384.4763,2795.626
2022-01-26,384.4763,402.0099,366.571,375.0041,2451.412
2022-01-27,375.0041,393.2225,359.9463,390.1594,2998.156
2022-01-28,390.1594,395.2371,376.1781,386.1329,2500.776
2022-01-29,386.1329,397.0618,381.0687,389.2181,1974.868
2022-01-30,389.2181,389.503,372.8195,377.2658,1999.868
2022-01-31,377.2658,385.1286,365.5735,374.0445,2814.665
2022-02-01,374.0445,387.9768,373.9733,384.0926,1684.342
2022-02-02,384.0926,386.2273,366.0468,367.4329,2142.529
2022-02-03,367.4329,372.531,360.0,372.4935,1456.849
2022-02-04,372.4935,399.379,369.696,399.3704,2910.844
2022-02-05,399.3704,431.2365,396.4919,414.0302,2550.825
2022-02-06,414.0302,421.3853,407.2658,419.8152,2550.729
2022-02-07,419.8152,439.0,413.5345,433.3494,2745.135
2022-02-08,433.3494,444.946,406.5842,407.755,2918.147
2022-02-09,407.755,427.6264,406.779,423.0877,3039.114
2022-02-10,423.0877,434.8131,410.413,414.402,4887.54
2022-02-11,414.402,418.6278,393.2073,400.0736,4130.435
2022-02-12,400.0736,407.221,393.6167,403.0639,3198.916
2022-02-13,403.0639,407.2149,394.5919,397.6189,4341.723
2022-02-14,397.6189,404.2641,390.5251,403.8969,2941.349
2022-02-15,403.8969,441.5003,402.5466,432.0749,5947.406
2022-02-16,432.0749,433.731,422.5,427.7075,8786.955
2022-02-17,427.7075,431.1402,400.0218,402.9954,9266.103
2022-02-18,402.9954,413.3231,392.7621,399.5215,11669.802
2022-02-19,399.5215,406.7392,393.2683,399.6697,8203.675
2022-02-20,399.6697,400.0875,374.8296,380.7601,13391.153
2022-02-21,380.7601,393.7482,355.4036,356.4241,26175.768
2022-02-22,356.4241,375.304,349.1577,374.0511,26748.836
2022-02-23,374.0511,384.1138,365.1563,365.7942,20220.857
2022-02-24,365.7942,369.5817,323.586,360.5749,42015.509
2022-02-25,360.5749,377.4505,357.0335,374.9877,11232.781
2022-02-26,374.9877,386.794,370.7322,372.7526,6234.6
2022-02-27,372.7526,381.1814,358.3155,359.9608,6877.696
2022-02-28,359.9608,397.5579,356.1737,395.5337,9822.062
2022-03-01,395.5337,423.074,390.8418,408.4419,14965.734
2022-03-02,408.4419,415.3447,403.7161,409.3755,8276.329
2022-03-03,409.3755,413.3214,397.6953,402.2995,7818.784
2022-03-04,402.2995,403.0664,371.9449,374.2909,23464.017
2022-03-05,374.2909,386.9031,367.4816,384.842,21357.034
2022-03-06,384.842,387.1827,372.8637,374.9107,25169.137
2022-03-07,374.9107,385.2341,362.5557,381.2017,44065.956
2022-03-08,381.2017,388.6879,377.1186,381.6879,26387.689
2022-03-09,381.6879,402.4065,381.1682,393.3007,19980.239
2022-03-10,393.3007,394.24,363.3125,371.9295,24196.168
2022-03-11,371.9295,380.1786,364.944,371.7722,73969.633
2022-03-12,371.7722,379.3342,371.4884,372.3539,24796.609
2022-03-13,372.3539,376.9982,360.315,361.7775,74818.804
2022-03-14,361.7775,373.8988,359.4174,373.5437,64342.535
2022-03-15,373.5437,374.7996,362.034,371.5171,35556.582
2022-03-16,371.5171,386.2554,368.1442,385.4888,66545.06
2022-03-17,385.4888,393.295,381.7978,391.8954,20459.802
2022-03-18,391.8954,400.0,384.0001,397.5096,42226.777
2022-03-19,397.5096,406.3301,394.684,400.0542,39903.366
2022-03-20,400.0542,400.8546,386.6072,390.821,50357.164
2022-03-21,390.821,399.3865,385.7379,396.4464,71481.885
2022-03-22,396.4464,410.0,394.6092,404.2468,61150.707
2022-03-23,404.2468,411.6045,398.2961,408.5725,145369.643
2022-03-24,408.5725,416.7331,405.2307,414.351,187219.054
2022-03-25,414.351,421.6213,405.8443,410.1014,132014.132
2022-03-26,410.1014,416.573,407.174,415.7134,73355.393
2022-03-27,415.7134,431.3448,412.0004,430.6819,138442.553
2022-03-28,430.6819,440.9963,428.0,429.862,195361.954
2022-03-29,429.862,441.8533,429.6753,434.5106,119776.147
2022-03-30,434.5106,449.5347,425.8497,442.1189,60521.196
2022-03-31,442.1189,452.3616,424.23,428.9941,194551.701
2022-04-01,428.9941,447.9889,413.5574,447.9618,58652.018
2022-04-02,447.9618,454.1725,435.8742,437.0111,48414.849
2022-04-03,437.0111,455.5442,432.4438,450.3426,26957.977
2022-04-04,450.3426,450.4423,433.5995,447.5048,40044.465
2022-04-05,447.5048,460.2335,444.44,444.7599,44002.474
2022-04-06,444.7599,444.9498,418.4651,420.0856,121543.135
2022-04-07,420.0856,438.7506,416.4669,436.3153,55023.717
2022-04-08,436.3153,440.9603,418.4524,421.6366,43149.238
2022-04-09,421.6366,428.3323,419.8642,426.943,21005.004
2022-04-10,426.943,429.5434,417.0217,417.88,14952.921
2022-04-11,417.88,419.55,391.3865,394.3976,57976.178
2022-04-12,394.3976,416.8933,392.594,413.6735,38025.043
2022-04-13,413.6735,424.767,410.6005,423.1501,32167.606
2022-04-14,423.1501,427.1684,411.4706,415.0151,21418.169
2022-04-15,415.0151,419.9999,412.5708,417.4419,16564.556
2022-04-16,417.4419,418.8492,411.6852,417.3303,9050.752
2022-04-17,417.3303,418.0417,405.7189,406.7205,11386.807
2022-04-18,406.7205,417.9999,396.6229,417.0826,36567.486
2022-04-19,417.0826,424.8296,414.7988,422.5289,19284.969
2022-04-20,422.5289,431.0589,415.1503,418.0221,23222.808
2022-04-21,418.0221,426.1407,401.3319,404.9141,28576.759
2022-04-22,404.9141,414.0,403.3027,406.6019,26912.918
2022-04-23,406.6019,408.1463,397.5099,401.2722,13096.17
2022-04-24,401.2722,405.5799,397.3695,398.6349,11484.11
2022-04-25,398.6349,405.3104,382.5255,404.4934,30302.496
2022-04-26,404.4934,407.6259,381.1948,386.0235,26366.884
2022-04-27,386.0235,394.9358,382.9933,391.1686,23808.152
2022-04-28,391.1686,408.6123,388.389,407.2644,30061.776
2022-04-29,407.2644,410.9139,390.0,393.1639,23587.962
2022-04-30,393.1639,399.8525,376.0224,377.0616,28142.035
2022-05-01,377.0616,391.3128,375.5993,389.5881,22199.32
2022-05-02,389.5881,392.5638,382.0,389.4943,26319.0
2022-05-03,389.4943,392.2491,379.9175,383.4286,11782.226
2022-05-04,383.4286,403.3124,382.6936,402.8342,22493.077
2022-05-05,402.8342,413.3614,370.9535,378.4195,75137.061
2022-05-06,378.4195,383.2964,370.0,379.2031,51423.151
2022-05-07,379.2031,380.5221,360.3566,365.5174,35678.554
2022-05-08,365.5174,366.7402,349.7848,355.8766,50363.623
2022-05-09,355.8766,359.2234,295.4563,295.9649,251272.826
2022-05-10,295.9649,332.464,289.3213,319.0711,421039.101
2022-05-11,319.0711,322.7463,261.0514,271.3829,724029.746
2022-05-12,271.3829,285.4277,218.0001,268.5851,1692014.156
2022-05-13,268.5851,313.394,265.5248,290.9741,304073.83
2022-05-14,290.9741,299.7997,272.2419,297.1344,96523.167
2022-05-15,297.1344,312.8326,286.0743,312.4014,38790.775
2022-05-16,312.4014,312.5272,290.2782,297.0394,50282.029
2022-05-17,297.0394,310.6005,296.2412,306.1299,26677.149
2022-05-18,306.1299,308.3303,287.0,287.4263,40020.589
2022-05-19,287.4263,308.9562,286.8576,306.5976,34977.896
2022-05-20,306.5976,316.0627,294.272,302.5589,41266.102
2022-05-21,302.5589,314.0,299.6,312.7389,13450.797
2022-05-22,312.7389,323.5104,311.4952,319.5317,16212.213
2022-05-23,319.5317,337.0394,315.5142,316.7633,29011.693
2022-05-24,316.7633,330.1787,311.8388,328.0293,32465.521
2022-05-25,328.0293,338.0228,324.1087,325.708,25428.437
2022-05-26,325.708,331.8821,297.0086,303.1716,54401.35
2022-05-27,303.1716,309.6857,290.97,301.8138,66930.758
2022-05-28,301.8138,310.406,296.929,307.6779,20834.223
2022-05-29,307.6779,308.136,298.8148,305.868,15333.268
2022-05-30,305.868,324.0992,303.9212,321.9062,28001.791
2022-05-31,321.9062,324.4416,313.5957,321.0165,22342.831
2022-06-01,321.0165,324.2357,297.6112,300.5815,30460.829
2022-06-02,300.5815,309.296,298.1911,308.4963,19607.176
2022-06-03,308.4963,310.4279,293.4886,298.5565,18410.111
2022-06-04,298.5565,303.0468,294.9203,301.2771,12140.771
2022-06-05,301.2771,302.6685,295.0,299.1775,11506.764
2022-06-06,299.1775,312.2166,287.9995,295.3127,37977.507
2022-06-07,295.3127,295.9759,273.7842,290.2726,68710.011
2022-06-08,290.2726,294.509,283.8937,288.4802,36546.355
2022-06-09,288.4802,293.4405,286.3879,289.6324,18149.749
2022-06-10,289.6324,298.4316,283.1044,286.3063,41825.182
2022-06-11,286.3063,290.6107,265.388,269.7667,58794.722
2022-06-12,269.7667,271.9775,251.4936,254.864,94711.278
2022-06-13,254.864,257.5867,213.619,222.6517,316355.115
2022-06-14,222.6517,231.2156,204.5641,223.1846,236911.793
2022-06-15,223.1846,234.5972,198.7654,233.6565,274037.693
2022-06-16,233.6565,237.0,207.631,209.8762,199236.729
2022-06-17,209.8762,222.1654,207.638,215.7332,125919.404
2022-06-18,215.7332,219.2,183.9204,197.144,207435.96
2022-06-19,197.144,217.2514,189.7313,215.1096,161663.916
2022-06-20,215.1096,219.1425,204.7316,216.7488,132712.003
2022-06-21,216.7488,228.4443,213.1596,219.9297,77435.686
2022-06-22,219.9297,221.1377,211.0053,214.8604,71168.459
2022-06-23,214.8604,230.6371,214.2224,229.3346,54068.044
2022-06-24,229.3346,243.5642,228.3329,240.2416,41010.528
2022-06-25,240.2416,242.0,229.9236,239.5663,36638.679
2022-06-26,239.5663,245.269,233.4554,233.9111,27229.764
2022-06-27,233.9111,240.9928,230.1028,233.7216,32784.589
2022-06-28,233.7216,242.9256,225.9923,226.9785,40287.112
2022-06-29,226.9785,230.0121,215.317,219.5867,56293.955
2022-06-30,219.5867,220.4542,205.5132,219.6327,64189.207
2022-07-01,219.6327,227.164,213.4054,216.6214,55359.266
2022-07-02,216.6214,219.9253,213.6063,218.3172,31861.774
2022-07-03,218.3172,220.1446,214.2727,219.4264,21495.999
2022-07-04,219.4264,232.1973,214.8834,231.5003,40321.657
2022-07-05,231.5003,236.707,223.0461,231.0,58071.199
2022-07-06,231.0,239.921,228.8462,238.495,65880.435
2022-07-07,238.495,243.7,235.364,241.484,23326.487
2022-07-08,241.484,247.6172,236.9806,240.9421,34572.823
2022-07-09,240.9421,244.8976,240.6701,243.4807,12259.045
2022-07-10,243.4807,243.5862,231.8637,234.6788,18438.62
2022-07-11,234.6788,234.8257,225.2492,225.6665,32418.56
2022-07-12,225.6665,228.4766,220.2649,220.42,28818.625
2022-07-13,220.42,231.0,216.6267,230.4126,69074.428
2022-07-14,230.4126,240.0,227.0341,238.5173,37632.966
2022-07-15,238.5173,242.6127,235.4914,238.4281,36754.172
2022-07-16,238.4281,251.0915,233.9211,249.7802,45533.743
2022-07-17,249.7802,255.7221,246.5842,247.8153,49483.714
2022-07-18,247.8153,265.4425,247.6157,264.1696,56854.372
2022-07-19,264.1696,274.5837,255.9638,268.5702,76259.427
2022-07-20,268.5702,271.9825,256.6299,258.3388,64938.423
2022-07-21,258.3388,266.0262,250.9332,265.3788,51848.515
2022-07-22,265.3788,271.2577,261.2676,262.4766,34118.706
2022-07-23,262.4766,272.5727,252.7773,259.2919,46221.837
2022-07-24,259.2919,266.1077,257.0966,261.5305,25097.273
2022-07-25,261.5305,262.6829,244.4141,244.5331,37766.155
2022-07-26,244.5331,249.4841,239.6692,249.3431,35317.93
2022-07-27,249.3431,271.9246,247.5812,271.5095,57482.524
2022-07-28,271.5095,280.7002,263.7144,277.1823,57982.075
2022-07-29,277.1823,301.6841,274.8492,293.5235,105213.894
2022-07-30,293.5235,300.06,285.25,287.7971,78100.557
2022-07-31,287.7971,296.9513,282.2554,283.498,55708.673
2022-08-01,283.498,290.7144,278.0402,283.2006,42246.788
2022-08-02,283.2006,290.9504,274.4753,283.7497,76349.774
2022-08-03,283.7497,305.8171,278.4019,297.6234,48259.275
2022-08-04,297.6234,313.3283,297.2628,311.5488,89746.69
2022-08-05,311.5488,321.326,308.359,315.8238,55666.927
2022-08-06,315.8238,322.9995,312.7181,315.2079,34729.561
2022-08-07,315.2079,325.7531,308.5858,322.781,26445.723
2022-08-08,322.781,333.7158,321.2424,324.74,34894.096
2022-08-09,324.74,328.1326,312.6089,324.4228,26412.054
2022-08-10,324.4228,336.5964,313.6465,328.8041,68845.616
2022-08-11,328.8041,334.7357,321.8525,323.5736,44660.165
2022-08-12,323.5736,328.0,317.7782,327.978,22296.93
2022-08-13,327.978,332.7062,323.0713,324.2325,19095.114
2022-08-14,324.2325,330.8224,315.95,317.6105,22827.449
2022-08-15,317.6105,327.6211,313.8763,319.4381,29884.226
2022-08-16,319.4381,322.3245,312.0813,315.9746,19844.917
2022-08-17,315.9746,323.8856,304.3068,306.8677,38369.026
2022-08-18,306.8677,310.5746,295.8791,298.2051,44030.686
2022-08-19,298.2051,298.2106,276.6322,278.9683,102253.773
2022-08-20,278.9683,289.0984,277.22,283.6748,46214.588
2022-08-21,283.6748,304.1662,283.4214,301.7321,46824.06
2022-08-22,301.7321,304.552,288.7344,299.9438,52284.972
2022-08-23,299.9438,301.5421,293.8816,299.0606,34075.079
2022-08-24,299.0606,300.2509,294.3,296.4191,27145.288
2022-08-25,296.4191,307.0944,295.883,301.4062,23999.772
2022-08-26,301.4062,302.04,277.3734,279.5672,44548.317
2022-08-27,279.5672,284.6308,273.6268,277.8206,32112.461
2022-08-28,277.8206,284.1637,275.6,276.4246,24265.935
2022-08-29,276.4246,286.661,272.485,286.1168,33573.611
2022-08-30,286.1168,292.0668,276.6793,281.627,32255.795
2022-08-31,281.627,289.9128,277.7466,279.0659,29036.361
2022-09-01,279.0659,280.4879,270.8989,278.2803,32801.634
2022-09-02,278.2803,283.2115,273.502,277.5138,24180.351
2022-09-03,277.5138,278.8955,274.4653,277.7183,7979.393
2022-09-04,277.7183,280.5622,275.0906,278.954,10059.266
2022-09-05,278.954,281.3227,273.3437,276.6777,15208.632
2022-09-06,276.6777,286.2166,261.5081,262.3915,61406.918
2022-09-07,262.3915,280.1583,258.8965,278.8838,30640.896
2022-09-08,278.8838,282.5745,275.5397,280.5931,30170.104
2022-09-09,280.5931,295.8776,280.0706,293.3584,27414.552
2022-09-10,293.3584,298.5158,290.3681,296.7808,22920.014
2022-09-11,296.7808,298.1252,290.1211,295.3286,19897.633
2022-09-12,295.3286,299.7219,291.0163,293.9803,30366.345
2022-09-13,293.9803,298.406,275.4891,277.4671,52364.793
2022-09-14,277.4671,282.6689,273.4797,279.2698,32273.519
2022-09-15,279.2698,280.4113,266.6736,271.1541,50929.047
2022-09-16,271.1541,276.5251,268.7244,274.7815,27575.664
2022-09-17,274.7815,279.8845,274.7226,279.1184,8580.455
2022-09-18,279.1184,280.024,263.255,266.2526,31840.036
2022-09-19,266.2526,272.9626,256.6788,271.9213,38447.947
2022-09-20,271.9213,273.7117,265.444,266.3468,29179.13
2022-09-21,266.3468,276.3291,260.702,264.3254,74418.643
2022-09-22,264.3254,276.4716,263.5441,275.5898,35825.294
2022-09-23,275.5898,277.9724,268.6714,276.8212,51249.046
2022-09-24,276.8212,284.9471,274.3909,274.5959,59116.332
2022-09-25,274.5959,279.6613,271.25,274.1471,44200.565
2022-09-26,274.1471,276.6935,270.8521,276.1336,54348.358
2022-09-27,276.1336,286.4174,269.463,272.3991,59080.865
2022-09-28,272.3991,283.6293,266.449,281.6201,63176.653
2022-09-29,281.6201,285.5622,277.2161,283.9878,43344.769
2022-09-30,283.9878,289.7606,280.6376,284.7399,58251.608
2022-10-01,284.7399,285.4643,277.8268,283.0001,17740.085
2022-10-02,283.0001,287.7491,279.5045,284.6001,20443.988
2022-10-03,284.6001,288.9799,283.2164,286.8869,23645.815
2022-10-04,286.8869,298.1694,286.2872,296.134,24897.814
2022-10-05,296.134,296.4612,289.2864,294.1001,16621.561
2022-10-06,294.1001,297.8999,278.7165,287.1304,69730.485
2022-10-07,287.1304,287.1304,279.393,282.4135,32139.53
2022-10-08,282.4135,282.6313,275.6813,276.3431,19807.111
2022-10-09,276.3431,279.4618,275.1719,278.2082,14719.874
2022-10-10,278.2082,279.0533,271.4571,271.5374,22362.431
2022-10-11,271.5374,273.9253,267.4123,271.4316,22282.716
2022-10-12,271.4316,272.8842,269.4226,270.9059,19583.446
2022-10-13,270.9059,273.6322,256.9141,271.8295,112373.838
2022-10-14,271.8295,276.8332,267.8716,269.531,31664.632
2022-10-15,269.531,271.3472,267.5392,268.209,19660.538
2022-10-16,268.209,273.7999,268.1045,272.5,19729.114
2022-10-17,272.5,275.919,269.9206,275.7107,21335.271
2022-10-18,275.7107,276.0,270.227,273.1541,24874.551
2022-10-19,273.1541,273.7923,270.3953,271.9837,24464.515
2022-10-20,271.9837,273.22,267.4763,268.9598,27914.57
2022-10-21,268.9598,271.062,263.594,270.0961,39974.625
2022-10-22,270.0961,271.1092,268.4657,270.3824,19024.833
2022-10-23,270.3824,276.7108,268.804,275.9967,27946.67
2022-10-24,275.9967,277.2437,271.7003,274.2178,26328.494
2022-10-25,274.2178,289.7951,272.1383,284.2114,56182.239
2022-10-26,284.2114,291.9214,284.1398,290.2693,43748.607
2022-10-27,290.2693,293.25,284.7925,286.7364,54846.402
2022-10-28,286.7364,300.9142,285.8048,297.8461,60899.256
2022-10-29,297.8461,308.2865,295.787,304.3964,127263.961
2022-10-30,304.3964,318.6926,302.3864,313.6853,157450.137
2022-10-31,313.6853,337.7415,306.6913,325.7342,289055.956
2022-11-01,325.7342,334.5437,317.5218,323.9447,102883.177
2022-11-02,323.9447,329.4828,315.4393,320.2702,300216.221
2022-11-03,320.2702,338.3977,318.129,329.8308,130448.881
2022-11-04,329.8308,359.0112,328.5691,354.7245,227899.407
2022-11-05,354.7245,361.0303,346.2202,349.3942,66635.681
2022-11-06,349.3942,355.6957,337.9184,338.0158,82032.756
2022-11-07,338.0158,344.2744,326.8095,336.9777,169909.442
2022-11-08,336.9777,398.2498,300.0,327.7251,1860092.645
2022-11-09,327.7251,333.0433,260.3,266.886,1684889.43
2022-11-10,266.886,313.1672,263.1594,304.2078,1114603.218
2022-11-11,304.2078,306.1058,277.8333,290.3587,501646.421
2022-11-12,290.3587,293.8768,271.8424,283.0655,313772.54
2022-11-13,283.0655,287.0123,272.6276,276.827,215573.71
2022-11-14,276.827,291.9917,268.2,278.8642,608721.697
2022-11-15,278.8642,282.8606,273.0998,277.6027,370982.89
2022-11-16,277.6027,280.7204,269.0895,272.2456,229523.473
2022-11-17,272.2456,274.2302,263.4286,268.0025,186075.244
2022-11-18,268.0025,275.3208,267.7686,273.962,84821.778
2022-11-19,273.962,274.8832,269.0,273.231,67271.242
2022-11-20,273.231,274.7,262.0336,264.0043,194340.672
2022-11-21,264.0043,264.9517,250.1234,254.2669,259772.336
2022-11-22,254.2669,267.6518,252.1254,266.6809,133027.464
2022-11-23,266.6809,301.2092,264.9307,298.696,437500.207
2022-11-24,298.696,303.8456,294.1008,300.2697,167645.032
2022-11-25,300.2697,305.819,294.4165,300.1038,127976.959
2022-11-26,300.1038,317.7118,299.9799,311.2447,183618.091
2022-11-27,311.2447,316.6689,306.4529,307.5238,85998.287
2022-11-28,307.5238,309.4974,288.0322,293.4323,306190.835
2022-11-29,293.4323,305.2721,289.1001,295.2513,193868.224
2022-11-30,295.2513,305.328,292.7667,300.5424,249212.992
2022-12-01,300.5424,301.8403,290.208,292.2035,226208.931
2022-12-02,292.2035,293.7676,285.6291,293.4372,164268.199
2022-12-03,293.4372,294.3477,289.2342,290.2342,101535.147
2022-12-04,290.2342,292.467,287.7647,291.8175,81009.744
2022-12-05,291.8175,297.0451,286.2211,288.3578,131613.571
2022-12-06,288.3578,290.75,286.6354,290.1163,75030.66
2022-12-07,290.1163,290.75,281.2374,284.112,113699.353
2022-12-08,284.112,291.7799,282.4585,290.3338,64625.585
2022-12-09,290.3338,291.8461,284.5346,285.9765,37402.55
2022-12-10,285.9765,289.7659,285.7141,288.0,15864.244
2022-12-11,288.0,291.1209,283.4337,284.5262,39912.702
2022-12-12,284.5262,285.7232,272.0008,276.0363,148403.356
2022-12-13,276.0363,281.6615,256.0001,271.9838,207978.025
2022-12-14,271.9838,278.1699,265.5515,267.7266,10838.668
2022-12-15,267.7266,268.2533,256.6697,258.5561,8089.448
2022-12-16,258.5561,264.455,225.0966,231.129,22379.022
2022-12-17,231.129,244.5289,220.0,241.9726,24480.574
2022-12-18,241.9726,253.6843,239.5583,250.8998,22701.539
2022-12-19,250.8998,253.0572,237.2541,240.5157,20783.183
2022-12-20,240.5157,253.3434,239.3687,251.428,18726.374
2022-12-21,251.428,251.5464,245.3224,246.0667,9162.046
2022-12-22,246.0667,248.3495,240.335,245.8587,9475.292
2022-12-23,245.8587,248.5946,243.8852,246.0863,5364.525
2022-12-24,246.0863,246.2567,243.5533,244.4581,3049.969
2022-12-25,244.4581,245.8202,241.4031,243.1601,5191.889
2022-12-26,243.1601,244.7052,241.9411,244.1576,4470.86
2022-12-27,244.1576,248.4035,242.2411,246.6868,10809.761
2022-12-28,246.6868,247.1195,241.632,244.5283,8615.777
2022-12-29,244.5283,246.8025,243.3721,246.4001,6850.777
2022-12-30,246.4001,246.7289,242.8405,245.7332,9110.012
2022-12-31,245.7332,247.8983,244.8066,246.1205,8190.926
2023-01-01,246.1205,246.7545,243.4555,244.3593,6936.279
2023-01-02,244.3593,247.8,240.8305,245.2133,13926.595
2023-01-03,245.2133,246.9363,244.5023,246.0434,7601.921
2023-01-04,246.0434,260.8613,245.5393,258.857,27949.549
2023-01-05,258.857,259.0999,255.3006,256.6313,8101.761
2023-01-06,256.6313,260.5438,254.481,259.794,12801.049
2023-01-07,259.794,263.7607,259.3845,261.3224,7814.297
2023-01-08,261.3224,276.2834,260.1669,274.9221,12773.934
2023-01-09,274.9221,283.3992,271.4001,272.6547,18628.012
2023-01-10,272.6547,278.6537,270.4562,277.2119,8908.38
2023-01-11,277.2119,286.7522,274.2885,284.9239,8042.381
2023-01-12,284.9239,288.3825,279.0379,287.7358,7489.821
2023-01-13,287.7358,295.7202,284.9203,293.673,8533.52
2023-01-14,293.673,314.2848,293.3179,305.0548,31375.974
2023-01-15,305.0548,305.9702,291.9562,302.0231,11648.975
2023-01-16,302.0231,307.9349,293.3791,298.9655,13141.163
2023-01-17,298.9655,305.385,295.332,299.2808,14814.878
2023-01-18,299.2808,305.1178,281.4174,286.7718,40320.43
2023-01-19,286.7718,295.4388,286.2354,294.6123,13632.882
2023-01-20,294.6123,305.3015,286.7817,305.1478,26042.138
2023-01-21,305.1478,309.7877,298.617,298.9663,36145.352
2023-01-22,298.9663,311.2565,298.5603,302.9838,30106.677
2023-01-23,302.9838,307.8,301.0,305.0758,21191.173
2023-01-24,305.0758,323.5346,299.2382,300.4439,31730.712
2023-01-25,300.4439,314.0,293.7962,306.9336,15563.073
2023-01-26,306.9336,309.5065,301.8583,304.5772,10318.875
2023-01-27,304.5772,310.2032,298.6014,307.8507,8085.879
2023-01-28,307.8507,313.5247,303.438,306.152,7316.202
2023-01-29,306.152,320.4671,304.8525,317.4683,14724.937
2023-01-30,317.4683,320.4946,302.3277,307.0106,11173.449
2023-01-31,307.0106,314.3642,305.3858,312.0559,8249.788
2023-02-01,312.0559,319.4888,305.7713,316.9236,12435.613
2023-02-02,316.9236,334.3199,316.408,323.5072,26120.444
2023-02-03,323.5072,335.3074,318.3664,332.2108,29248.04
2023-02-04,332.2108,334.0,327.2192,330.4755,8654.185
2023-02-05,330.4755,337.7,324.3,327.7844,20783.206
2023-02-06,327.7844,331.201,321.0537,324.3001,12362.621
2023-02-07,324.3001,333.7836,323.4213,332.9167,9668.958
2023-02-08,332.9167,335.5724,323.8002,328.0247,10184.439
2023-02-09,328.0247,329.1443,302.1558,306.2384,37381.436
2023-02-10,306.2384,309.167,302.7302,305.9132,17414.283
2023-02-11,305.9132,311.2825,305.1411,310.4283,6190.656
2023-02-12,310.4283,320.8259,306.2001,312.5241,13645.73
2023-02-13,312.5241,315.4028,283.0,294.4079,67957.479
2023-02-14,294.4079,301.4044,289.8866,296.1072,28096.023
2023-02-15,296.1072,317.5547,294.0136,317.4262,17791.21
2023-02-16,317.4262,327.4533,304.2,304.4922,37303.097
2023-02-17,304.4922,317.18,303.0,312.8839,19041.44
2023-02-18,312.8839,318.9722,312.862,316.4874,10472.105
2023-02-19,316.4874,318.4985,310.4476,311.9209,11590.954
2023-02-20,311.9209,319.7401,308.2649,315.4999,7287.52
2023-02-21,315.4999,317.177,309.4001,311.5463,5587.695
2023-02-22,311.5463,313.1899,303.122,312.4127,5150.04
2023-02-23,312.4127,315.0,305.8277,308.3,3633.868
2023-02-24,308.3,311.8529,299.0,302.0355,4255.309
2023-02-25,302.0355,303.0739,295.8523,302.6359,2985.716
2023-02-26,302.6359,309.8978,300.9166,308.5596,2559.708
2023-02-27,308.5,309.3,300.6,304.7,8196.039
2023-02-28,304.7,305.6,300.1,301.4,5585.412
2023-03-01,301.4,306.4,300.5,302.6,7615.84
2023-03-02,302.6,303.7,296.0,299.8,7641.241
2023-03-03,299.8,300.0,286.7,290.2,11166.413
2023-03-04,290.2,291.3,285.9,289.5,4065.33
2023-03-05,289.5,292.6,287.5,288.8,4257.828
2023-03-06,288.8,289.7,283.7,288.0,6002.934
2023-03-07,288.0,290.4,283.5,289.2,8932.055
2023-03-08,289.2,294.1,285.2,287.2,9730.152
2023-03-09,287.2,291.3,271.3,277.3,15213.184
2023-03-10,277.3,278.0,265.3,277.2,20554.051
2023-03-11,277.2,281.6,270.7,275.9,27205.233
2023-03-12,275.9,288.6,273.3,287.9,39749.309
2023-03-13,287.9,312.9,286.2,307.9,91131.497
2023-03-14,307.9,319.5,302.2,308.6,62794.529
2023-03-15,308.6,312.7,300.5,306.2,37925.773
2023-03-16,306.2,332.4,303.0,329.3,20628.552
2023-03-17,329.3,339.9,326.1,338.5,10543.783
2023-03-18,338.5,345.9,329.0,330.8,11740.824
2023-03-19,330.8,341.4,330.7,336.2,8105.883
2023-03-20,336.2,338.9,331.7,332.4,8796.9
2023-03-21,332.4,339.7,327.3,334.5,8362.94
2023-03-22,334.5,339.3,316.2,321.1,12304.808
2023-03-23,321.1,331.8,319.1,329.4,4142.979
2023-03-24,329.4,330.0,317.0,322.0,29902.429
2023-03-25,322.0,324.8,319.0,322.5,2855.368
2023-03-26,322.5,329.4,321.8,328.7,2017.54
2023-03-27,328.7,329.7,306.0,310.7,6488.211
2023-03-28,310.7,315.1,306.9,313.1,4446.755
2023-03-29,313.1,319.8,312.4,313.8,3489.361
2023-03-30,313.8,320.5,310.0,316.4,5149.245
2023-03-31,316.4,319.8,313.2,316.9,3472.389
2023-04-01,316.9,318.6,313.2,314.8,3307.542
2023-04-02,314.8,316.1,310.9,313.9,3652.232
2023-04-03,313.9,314.0,299.6,308.8,5883.851
2023-04-04,308.8,312.4,308.3,310.8,3383.817
2023-04-05,310.8,316.8,310.3,313.9,5536.028
2023-04-06,313.9,315.3,310.8,312.2,5216.202
2023-04-07,312.2,312.8,309.7,310.3,5006.043
2023-04-08,310.3,312.8,310.0,310.5,3541.981
2023-04-09,310.5,313.7,309.5,312.6,4693.117
2023-04-10,312.6,319.0,311.5,318.6,5720.167
2023-04-11,318.6,333.0,317.8,322.2,7302.757
2023-04-12,322.2,323.3,316.5,319.8,6245.977
2023-04-13,319.8,324.8,317.7,324.6,6989.807
2023-04-14,324.6,335.4,323.5,328.8,8964.379
2023-04-15,328.8,335.9,327.0,333.1,8712.918
2023-04-16,333.1,350.0,330.5,347.6,7298.146
2023-04-17,347.6,350.1,337.7,339.7,8799.125
2023-04-18,339.7,347.1,337.2,343.0,7033.115
2023-04-19,343.0,343.7,320.2,322.6,6817.915
2023-04-20,322.6,326.8,315.5,318.1,6840.661
2023-04-21,318.1,332.5,315.6,321.3,7354.976
2023-04-22,321.3,333.0,320.0,332.0,4439.698
2023-04-23,332.0,332.4,327.4,330.7,3859.504
2023-04-24,330.7,333.9,327.8,331.2,5446.729
2023-04-25,331.2,339.8,328.7,338.3,5120.443
2023-04-26,338.3,345.0,324.0,330.6,6364.082
2023-04-27,330.6,336.4,328.5,330.8,4314.092
2023-04-28,330.8,330.9,318.9,324.0,7700.009
2023-04-29,324.0,324.7,321.1,321.9,4754.865
2023-04-30,321.9,338.5,320.4,337.5,10984.984
2023-05-01,337.5,339.5,326.2,328.4,13097.872
2023-05-02,328.4,328.4,321.5,321.5,8333.566
2023-05-03,321.5,327.6,320.4,325.8,10156.585
2023-05-04,325.8,327.4,323.2,323.9,8072.319
2023-05-05,323.9,329.1,323.0,326.6,8167.343
2023-05-06,326.6,328.3,319.6,321.9,7336.897
2023-05-07,321.9,325.5,320.6,320.9,8757.799
2023-05-08,320.9,322.2,311.3,313.7,10104.819
2023-05-09,313.7,315.8,311.0,312.2,10342.893
2023-05-10,312.2,316.7,308.1,314.2,12930.625
2023-05-11,314.2,314.4,304.4,307.6,9246.421
2023-05-12,307.6,309.0,301.2,308.6,7995.969
2023-05-13,308.6,311.8,307.5,310.7,6119.777
2023-05-14,310.7,314.7,309.5,312.0,6994.114
2023-05-15,312.0,316.2,310.6,313.5,6191.776
2023-05-16,313.5,314.0,309.4,311.3,6461.268
2023-05-17,311.3,314.4,307.0,314.2,5543.927
2023-05-18,314.2,314.9,306.2,309.3,5719.108
2023-05-19,309.3,311.3,307.5,308.9,6039.97
2023-05-20,308.9,311.9,307.8,310.6,5069.671
2023-05-21,310.6,311.6,305.9,306.4,4776.824
2023-05-22,306.4,311.1,304.6,309.1,5659.51
2023-05-23,309.1,315.3,309.1,313.5,5304.662
2023-05-24,313.5,313.6,303.9,306.0,6131.279
2023-05-25,306.0,306.9,302.5,304.5,5936.992
2023-05-26,304.5,308.5,301.5,306.9,7181.834
2023-05-27,306.9,307.7,304.1,307.4,3432.283
2023-05-28,307.4,314.5,306.8,314.1,3948.751
2023-05-29,314.1,317.2,310.4,311.7,4784.736
2023-05-30,311.7,314.2,310.9,311.5,3590.504
2023-05-31,311.5,311.8,305.1,306.8,4097.498
2023-06-01,306.8,307.5,303.1,304.8,4433.837
2023-06-02,304.8,308.4,303.2,307.3,5394.976
2023-06-03,307.3,308.1,305.0,306.6,3253.877
2023-06-04,306.6,307.6,304.6,305.0,2835.491
2023-06-05,305.0,305.1,272.2,277.1,9656.804
2023-06-06,277.1,285.6,273.3,281.1,6119.996
2023-06-07,281.1,281.7,254.0,259.3,9535.52
2023-06-08,259.3,267.1,257.2,262.0,4771.534
2023-06-09,262.0,264.3,255.9,260.6,5634.931
2023-06-10,260.6,260.6,229.0,238.8,9809.849
2023-06-11,238.8,239.3,233.8,235.3,2733.321
2023-06-12,235.3,239.0,220.6,231.3,8026.325
2023-06-13,231.3,246.8,228.8,244.1,8942.245
2023-06-14,244.1,252.6,233.0,237.9,6577.551
2023-06-15,237.9,240.3,230.7,236.4,6692.836
2023-06-16,236.4,243.5,232.3,239.3,4783.221
2023-06-17,239.3,249.6,237.3,244.6,3780.002
2023-06-18,244.6,248.6,242.6,244.2,3709.394
2023-06-19,244.2,244.9,238.5,243.1,4057.559
2023-06-20,243.1,248.0,238.8,247.7,8815.82
2023-06-21,247.7,254.6,245.2,248.8,7638.003
2023-06-22,248.8,256.9,239.4,240.8,5826.405
2023-06-23,240.8,249.5,239.7,244.3,7263.311
2023-06-24,244.3,248.6,230.7,236.4,4963.851
2023-06-25,236.4,242.0,235.3,238.9,4683.611
2023-06-26,238.9,241.2,233.8,236.1,5804.375
2023-06-27,236.1,240.8,234.5,237.5,4506.489
2023-06-28,237.5,237.5,225.0,230.5,4635.466
2023-06-29,230.5,236.6,230.5,233.1,4322.301
2023-06-30,233.1,241.6,231.9,240.2,7080.7
2023-07-01,240.2,248.9,240.2,247.8,5149.205
2023-07-02,247.8,248.4,243.0,246.5,3109.092
2023-07-03,246.5,254.3,245.5,246.2,5984.239
2023-07-04,246.2,246.9,240.6,242.5,4132.595
2023-07-05,242.5,243.9,236.0,238.9,4856.87
2023-07-06,238.9,244.3,231.8,232.3,5134.405
2023-07-07,232.3,236.2,231.2,235.6,6407.582
2023-07-08,235.6,237.5,234.3,236.3,3876.682
2023-07-09,236.3,237.0,233.0,234.2,4814.329
2023-07-10,234.2,246.5,231.6,246.3,9408.591
2023-07-11,246.3,249.5,244.8,248.6,5966.961
2023-07-12,248.6,250.4,242.8,243.8,4654.791
2023-07-13,243.8,257.6,242.8,256.1,6733.176
2023-07-14,256.1,261.6,243.6,248.1,6349.168
2023-07-15,248.1,252.5,247.1,251.1,3178.931
2023-07-16,251.1,252.0,242.1,242.2,4667.312
2023-07-17,242.2,244.8,240.0,244.1,6897.096
2023-07-18,244.1,246.7,238.0,240.3,8259.082
2023-07-19,240.3,244.0,239.7,240.8,5923.119
2023-07-20,240.8,245.0,240.6,242.8,3345.397
2023-07-21,242.8,245.2,242.0,243.7,3582.326
2023-07-22,243.7,244.8,240.1,241.0,2957.441
2023-07-23,241.0,243.9,240.5,242.5,3318.944
2023-07-24,242.5,243.0,235.5,239.0,4750.429
2023-07-25,239.0,239.8,236.5,237.8,4762.1
2023-07-26,237.8,240.3,236.4,239.0,4031.072
2023-07-27,239.0,244.0,238.4,240.7,5138.809
2023-07-28,240.7,242.9,239.8,241.9,4578.721
2023-07-29,241.9,242.9,241.1,242.4,3281.34
2023-07-30,242.4,243.8,240.4,242.5,3063.376
2023-07-31,242.5,244.4,240.6,241.0,2990.612
2023-08-01,241.0,247.8,237.6,247.7,5956.915
2023-08-02,247.7,248.7,235.9,240.6,4178.729
2023-08-03,240.6,242.0,238.5,241.0,3810.102
2023-08-04,241.0,243.4,240.6,241.8,3911.37
2023-08-05,241.8,243.3,240.2,243.2,4092.809
2023-08-06,243.2,245.5,242.8,243.2,6188.736
2023-08-07,243.2,244.8,239.8,242.1,4522.845
2023-08-08,242.1,247.9,241.5,245.2,5091.639
2023-08-09,245.2,245.6,242.8,243.8,3960.563
2023-08-10,243.8,244.1,240.5,241.4,3709.145
2023-08-11,241.4,242.3,238.3,239.8,3720.19
2023-08-12,239.8,241.2,239.3,240.3,2396.409
2023-08-13,240.3,241.8,239.8,240.1,4609.139
2023-08-14,240.1,241.4,239.8,240.4,3627.092
2023-08-15,240.4,240.8,234.1,236.8,4005.914
2023-08-16,236.8,237.3,231.0,232.1,5961.125
2023-08-17,232.1,232.4,213.6,218.3,6770.435
2023-08-18,218.3,220.2,213.6,216.1,5673.384
2023-08-19,216.1,219.2,213.8,216.8,6304.379
2023-08-20,216.8,217.9,215.4,216.5,4245.141
2023-08-21,216.5,216.8,206.9,210.4,6082.285
2023-08-22,210.4,212.4,203.6,210.9,6528.863
2023-08-23,210.9,218.7,210.8,216.7,5036.083
2023-08-24,216.7,220.8,215.6,219.0,3772.827
2023-08-25,219.0,219.5,213.8,218.5,4221.19
2023-08-26,218.5,219.1,216.1,216.7,3855.904
2023-08-27,216.7,219.8,215.9,218.4,2896.928
2023-08-28,218.4,219.2,215.3,218.8,2685.967
2023-08-29,218.8,233.8,217.0,227.0,6931.337
2023-08-30,227.0,227.2,221.8,223.8,3752.147
2023-08-31,223.8,225.6,214.5,216.6,3085.65
2023-09-01,216.6,218.0,211.3,213.6,4769.824
2023-09-02,213.6,215.7,213.1,214.4,2761.54
2023-09-03,214.4,215.2,213.2,214.4,4274.257
2023-09-04,214.4,216.5,213.1,215.2,3376.091
2023-09-05,215.2,216.0,213.6,214.5,4181.281
2023-09-06,214.5,218.4,212.0,215.2,3613.102
2023-09-07,215.2,217.8,213.6,217.1,4468.199
2023-09-08,217.1,218.5,213.4,214.6,4125.109
2023-09-09,214.6,215.4,214.1,214.1,2657.119
2023-09-10,214.1,214.3,211.2,212.3,8290.614
2023-09-11,212.3,212.7,204.0,206.1,4532.658
2023-09-12,206.1,214.2,205.0,210.7,5327.36
2023-09-13,210.7,213.2,209.3,212.6,3504.042
2023-09-14,212.6,214.9,211.2,212.2,3688.918
2023-09-15,212.2,214.9,211.0,214.1,4299.795
2023-09-16,214.1,215.8,213.4,214.9,2603.11
2023-09-17,214.9,216.8,213.4,216.5,2629.268
2023-09-18,216.5,221.2,215.0,216.0,5158.297
2023-09-19,216.0,219.8,215.4,217.2,4526.693
2023-09-20,217.2,217.8,213.5,214.3,4371.136
2023-09-21,214.3,215.1,209.3,210.8,5008.965
2023-09-22,210.8,212.8,209.6,211.1,4209.625
2023-09-23,211.1,211.7,209.8,210.5,3223.08
2023-09-24,210.5,211.2,206.9,208.4,2762.918
2023-09-25,208.4,210.5,206.9,209.9,3004.073
2023-09-26,209.9,213.5,209.7,212.5,3723.46
2023-09-27,212.5,216.0,210.7,212.1,5807.392
2023-09-28,212.1,216.9,211.5,215.0,5974.361
2023-09-29,215.0,217.6,214.3,215.2,4855.53
2023-09-30,215.2,216.4,214.2,214.6,5330.495
2023-10-01,214.6,219.2,213.2,218.0,3270.894
2023-10-02,218.0,221.6,213.2,214.6,4005.025
2023-10-03,214.6,215.8,212.5,213.4,4772.266
2023-10-04,213.4,213.7,210.8,213.4,5083.009
2023-10-05,213.4,213.9,210.3,210.7,3455.08
2023-10-06,210.7,214.5,210.3,213.4,3834.957
2023-10-07,213.4,213.8,211.5,212.2,2760.071
2023-10-08,212.2,212.7,209.0,211.4,2556.411
2023-10-09,211.4,212.2,202.1,205.8,4152.207
2023-10-10,205.8,212.7,205.5,208.5,3917.755
2023-10-11,208.5,208.8,204.5,206.5,4051.699
2023-10-12,206.5,207.0,202.9,205.2,3190.864
2023-10-13,205.2,208.0,204.3,206.0,3492.069
2023-10-14,206.0,207.1,205.7,206.5,2178.058
2023-10-15,206.5,212.2,206.3,209.7,2996.183
2023-10-16,209.7,218.6,209.6,214.6,4801.313
2023-10-17,214.6,215.0,209.3,211.4,3733.721
2023-10-18,211.4,213.7,209.9,210.3,3375.677
2023-10-19,210.3,211.4,208.2,211.2,4360.101
2023-10-20,211.2,216.3,210.5,212.1,6003.212
2023-10-21,212.1,215.7,211.4,214.2,4197.531
2023-10-22,214.2,218.1,213.6,217.7,4860.564
2023-10-23,217.7,230.8,217.0,228.5,8124.318
2023-10-24,228.5,238.0,221.7,225.1,8030.394
2023-10-25,225.1,229.1,221.6,222.1,5238.073
2023-10-26,222.1,228.0,219.4,223.1,5372.241
2023-10-27,223.1,231.0,219.9,224.4,12021.276
2023-10-28,224.4,228.3,224.1,225.6,8299.533
2023-10-29,225.6,228.1,223.8,227.1,4811.21
2023-10-30,227.1,229.2,224.7,227.9,6694.184
2023-10-31,227.9,229.3,223.9,226.2,9903.328
2023-11-01,226.2,229.4,222.5,227.9,8918.695
2023-11-02,227.9,233.6,227.5,231.8,23190.47
2023-11-03,231.8,232.4,225.9,230.2,7394.622
2023-11-04,230.2,238.6,229.4,237.1,7039.003
2023-11-05,237.1,245.5,236.1,243.9,5336.634
2023-11-06,243.9,256.0,241.6,255.0,9530.831
2023-11-07,255.0,255.6,242.2,246.1,7296.62
2023-11-08,246.1,248.1,244.2,246.6,6069.695
2023-11-09,246.6,255.8,240.2,251.6,9919.943
2023-11-10,251.6,257.9,248.2,250.9,8329.873
2023-11-11,250.9,255.0,246.1,251.6,6210.314
2023-11-12,251.6,251.9,244.6,247.5,6127.969
2023-11-13,247.5,250.2,240.5,241.0,7706.511
2023-11-14,241.0,249.4,234.0,242.2,7007.739
2023-11-15,242.2,254.5,242.1,253.7,6556.532
2023-11-16,253.7,255.8,240.3,242.6,7310.06
2023-11-17,242.6,245.9,238.4,244.9,6683.221
2023-11-18,244.9,245.2,238.7,244.8,5408.122
2023-11-19,244.8,246.9,241.9,246.4,4281.832
2023-11-20,246.4,267.1,239.0,253.0,10083.854
2023-11-21,253.0,271.1,224.0,225.6,19718.895
2023-11-22,225.6,238.3,224.8,236.1,19216.129
2023-11-23,236.1,239.1,230.4,233.8,7604.702
2023-11-24,233.8,236.6,231.7,232.8,7755.443
2023-11-25,232.8,235.7,232.2,234.5,6805.935
2023-11-26,234.5,234.5,228.0,231.5,6041.03
2023-11-27,231.5,232.9,222.7,227.3,7399.144
2023-11-28,227.3,231.7,224.3,229.6,6888.446
2023-11-29,229.6,231.2,226.2,227.3,6021.906
2023-11-30,227.3,229.2,225.9,227.5,6540.443
2023-12-01,227.5,230.0,227.0,228.5,6937.782
2023-12-02,228.5,230.1,225.0,229.1,9186.46
2023-12-03,229.1,231.9,226.0,228.0,10044.313
2023-12-04,228.0,237.2,225.0,233.4,10882.668
2023-12-05,233.4,234.9,228.0,231.2,9906.454
2023-12-06,231.2,234.8,228.8,229.4,11586.97
2023-12-07,229.4,234.8,228.5,232.7,9118.826
2023-12-08,232.7,239.9,232.4,238.8,14069.241
2023-12-09,238.8,245.4,236.4,237.6,13208.366
2023-12-10,237.6,241.4,237.0,239.7,9947.422
2023-12-11,239.7,247.8,228.2,246.3,14701.324
2023-12-12,246.3,257.2,245.8,254.6,11955.607
2023-12-13,254.6,255.9,244.1,252.0,11171.955
2023-12-14,252.0,254.0,248.3,253.3,10613.026
2023-12-15,253.3,253.4,243.0,244.8,10753.26
2023-12-16,244.8,248.1,243.0,244.4,8667.567
2023-12-17,244.4,244.5,238.9,239.0,8300.057
2023-12-18,239.0,241.7,232.1,241.7,8992.793
2023-12-19,241.7,254.8,241.4,252.8,13981.12
2023-12-20,252.8,261.8,250.4,260.2,10127.484
2023-12-21,260.2,274.8,256.3,272.1,12029.171
2023-12-22,272.1,276.4,264.9,271.1,10470.895
2023-12-23,271.1,272.0,265.7,270.9,11529.181
2023-12-24,270.9,272.6,262.0,264.4,8234.105
2023-12-25,264.4,268.1,261.6,266.8,6858.432
2023-12-26,266.8,303.0,264.1,297.8,16108.39
2023-12-27,297.8,324.1,285.3,324.0,12933.812
2023-12-28,324.0,338.3,320.3,322.6,15009.784
2023-12-29,322.6,325.5,307.8,313.6,10145.681
2023-12-30,313.6,320.8,312.0,316.9,8550.96
2023-12-31,316.9,325.5,307.7,311.8,8815.513
2024-01-01,311.8,316.0,307.2,313.5,5873.479
2024-01-02,313.5,321.2,306.0,312.2,8450.803
2024-01-03,312.2,334.2,294.0,315.9,10773.321
2024-01-04,315.9,324.3,311.0,323.6,7114.848
2024-01-05,323.6,327.3,308.7,317.4,8117.606
2024-01-06,317.4,317.6,300.3,307.5,5750.892
2024-01-07,307.5,309.9,300.0,302.3,4917.021
2024-01-08,302.3,308.0,290.1,303.7,6247.025
2024-01-09,303.7,306.7,296.0,301.1,6136.475
2024-01-10,301.1,309.9,289.0,305.7,7722.226
2024-01-11,305.7,316.8,301.6,308.3,6356.748
2024-01-12,308.3,313.0,289.7,296.6,6446.278
2024-01-13,296.6,303.1,290.9,302.0,5208.314
2024-01-14,302.0,306.7,298.7,299.4,4360.991
2024-01-15,299.4,320.5,299.4,317.6,9049.158
2024-01-16,317.6,319.4,313.2,315.2,6243.799
2024-01-17,315.2,316.2,307.0,309.4,6334.063
2024-01-18,309.4,315.5,305.7,312.9,5500.01
2024-01-19,312.9,316.1,305.1,314.6,5305.883
2024-01-20,314.6,317.3,312.3,317.3,3680.907
2024-01-21,317.3,321.6,316.1,318.5,5017.582
2024-01-22,318.5,320.1,303.7,305.9,4908.205
2024-01-23,305.9,311.6,290.5,298.8,6765.491
2024-01-24,298.8,300.6,290.4,293.1,4725.537
2024-01-25,293.1,296.6,287.6,292.1,6157.732
2024-01-26,292.1,304.1,290.7,302.2,5017.815
2024-01-27,302.2,307.6,302.0,305.7,3944.854
2024-01-28,305.7,309.0,303.2,305.2,3587.783
2024-01-29,305.2,311.0,304.4,310.6,4767.791
2024-01-30,310.6,313.1,306.4,307.6,3835.707
2024-01-31,307.6,308.1,298.7,300.4,3973.733
2024-02-01,300.4,302.1,296.5,300.1,4612.682
2024-02-02,300.1,305.0,299.8,301.4,4039.842
2024-02-03,301.4,303.8,299.6,299.6,4442.928
2024-02-04,299.6,307.7,298.0,304.6,5453.251
2024-02-05,304.6,306.8,299.5,301.2,6078.521
2024-02-06,301.2,304.0,300.9,302.7,5553.879
2024-02-07,302.7,308.7,300.7,307.4,5498.691
2024-02-08,307.4,320.6,307.4,319.1,6319.942
2024-02-09,319.1,326.0,317.9,323.9,6471.229
2024-02-10,323.9,325.3,319.1,323.0,4676.348
2024-02-11,323.0,324.8,320.1,320.7,4139.918
2024-02-12,320.7,331.8,315.6,327.8,6875.6
2024-02-13,327.8,329.1,319.6,324.6,5521.702
2024-02-14,324.6,334.5,323.4,333.8,6193.917
2024-02-15,333.8,366.4,333.3,354.2,9474.988
2024-02-16,354.2,366.5,350.0,360.6,8322.878
2024-02-17,360.6,363.5,348.4,352.9,4843.178
2024-02-18,352.9,358.1,349.2,349.6,5749.297
2024-02-19,349.6,356.2,349.4,351.8,10711.805
2024-02-20,351.8,361.3,345.0,354.6,7535.683
2024-02-21,354.6,379.2,351.0,379.2,10640.072
2024-02-22,379.2,387.2,374.0,382.5,8630.779
2024-02-23,382.5,385.7,369.2,375.6,6042.625
2024-02-24,375.6,383.3,371.7,381.6,5612.014
2024-02-25,381.6,390.9,377.9,388.4,5002.922
2024-02-26,388.4,404.8,382.1,401.6,9050.344
2024-02-27,401.6,403.7,389.9,394.7,9110.134
2024-02-28,394.7,427.2,394.2,414.7,13543.475
2024-02-29,414.7,419.5,391.6,399.4,13234.818
2024-03-01,399.4,408.5,398.8,407.4,8209.927
2024-03-02,407.4,414.8,405.9,410.9,8252.219
2024-03-03,410.9,416.7,402.4,414.4,11958.928
2024-03-04,414.4,423.8,410.6,418.3,19454.015
2024-03-05,418.3,427.1,357.3,394.3,21484.741
2024-03-06,394.3,434.5,385.9,429.3,12548.379
2024-03-07,429.3,476.6,423.4,474.4,12028.7
2024-03-08,474.4,489.4,463.2,486.0,10231.5
2024-03-09,486.0,493.1,480.9,488.3,8053.844
2024-03-10,488.3,537.2,484.9,528.8,14841.001
2024-03-11,528.8,533.4,506.0,522.7,10919.183
2024-03-12,522.7,548.2,519.6,537.4,8920.919
2024-03-13,537.4,633.2,531.9,630.5,13363.397
2024-03-14,630.5,631.4,566.0,603.2,13132.404
2024-03-15,603.2,635.0,543.0,633.3,11584.25
2024-03-16,633.3,645.0,567.8,576.5,8241.725
2024-03-17,576.5,590.4,548.8,571.7,6250.364
2024-03-18,571.7,587.5,540.4,555.4,6916.959
2024-03-19,555.4,560.3,497.9,507.6,9443.441
2024-03-20,507.6,558.9,500.2,556.7,7447.474
2024-03-21,556.7,570.9,540.9,553.8,5822.343
2024-03-22,553.8,587.7,535.6,553.7,8701.288
2024-03-23,553.7,567.7,543.4,551.9,4622.123
2024-03-24,551.9,572.5,549.0,567.6,4871.424
2024-03-25,567.6,598.0,564.9,587.1,9596.344
2024-03-26,587.1,596.9,571.9,580.4,7708.919
2024-03-27,580.4,585.5,560.5,574.2,7220.292
2024-03-28,574.2,591.5,574.2,583.3,6286.707
2024-03-29,583.3,620.0,582.2,612.5,9110.541
2024-03-30,612.5,612.6,597.0,600.6,6367.876
2024-03-31,600.6,608.8,600.5,606.6,4217.788
2024-04-01,606.6,607.7,568.8,575.8,5617.473
2024-04-02,575.8,578.1,546.4,550.9,7349.632
2024-04-03,550.9,567.9,539.5,561.6,4723.797
2024-04-04,561.6,597.6,560.9,585.4,6587.954
2024-04-05,585.4,591.4,564.8,577.8,5225.625
2024-04-06,577.8,591.2,575.3,585.5,2990.525
2024-04-07,585.5,591.0,578.1,583.9,3209.309
2024-04-08,583.9,601.1,577.7,586.3,4793.537
2024-04-09,586.3,590.1,572.0,580.5,6062.694
2024-04-10,580.5,610.5,573.5,609.7,4989.981
2024-04-11,609.7,618.0,592.1,604.5,4951.31
2024-04-12,604.5,630.3,571.8,595.7,9505.246
2024-04-13,595.7,600.2,509.0,553.0,7889.987
2024-04-14,553.0,570.3,536.5,566.5,4642.527
2024-04-15,566.5,585.4,544.8,552.6,3857.996
2024-04-16,552.6,554.2,523.1,537.5,2611.859
2024-04-17,537.5,547.8,513.0,534.1,3644.324
2024-04-18,534.1,555.5,527.1,552.0,3520.587
2024-04-19,552.0,564.2,524.3,553.7,5716.795
2024-04-20,553.7,574.2,549.1,570.9,2916.275
2024-04-21,570.9,582.4,566.5,579.5,3442.539
2024-04-22,579.5,608.4,578.5,604.5,5401.122
2024-04-23,604.5,618.0,598.9,606.3,4195.258
2024-04-24,606.3,618.3,592.9,608.8,4755.224
2024-04-25,608.8,617.8,600.8,613.3,4154.235
2024-04-26,613.3,615.0,597.1,597.8,2555.064
2024-04-27,597.8,599.6,585.9,596.2,2409.067
2024-04-28,596.2,608.3,596.2,600.1,2507.356
2024-04-29,600.1,602.7,581.4,592.6,2435.776
2024-04-30,592.6,604.1,555.8,578.3,3285.255
2024-05-01,578.3,580.4,537.6,561.9,4059.098
2024-05-02,561.9,565.7,539.9,560.4,3651.355
2024-05-03,560.4,589.8,559.0,586.9,3539.351
2024-05-04,586.9,593.4,582.7,585.6,3860.622
2024-05-05,585.6,594.9,579.7,591.9,2285.207
2024-05-06,591.9,602.0,583.2,588.2,2892.957
2024-05-07,588.2,600.4,576.0,576.4,2441.898
2024-05-08,576.4,589.9,574.8,588.5,2493.507
2024-05-09,588.5,605.0,586.4,596.8,3711.379
2024-05-10,596.8,596.9,581.9,585.6,2198.996
2024-05-11,585.6,594.5,581.5,592.1,1686.009
2024-05-12,592.1,599.4,587.6,594.7,1301.489
2024-05-13,594.7,598.1,585.3,591.7,3005.43
2024-05-14,591.7,593.0,562.3,567.1,2687.133
2024-05-15,567.1,587.2,561.1,581.0,3462.123
2024-05-16,581.0,586.5,565.4,569.2,3311.039
2024-05-17,569.2,584.5,568.6,580.9,2610.545
2024-05-18,580.9,581.9,574.2,580.2,1646.189
2024-05-19,580.2,581.8,571.9,574.6,1773.522
2024-05-20,574.6,601.9,568.9,599.6,4334.62
2024-05-21,599.6,631.1,594.0,618.4,4290.49
2024-05-22,618.4,626.1,610.2,614.8,3233.711
2024-05-23,614.8,617.1,580.4,599.3,2608.534
2024-05-24,599.3,605.4,588.5,600.2,3325.84
2024-05-25,600.2,606.6,599.5,602.3,3115.483
2024-05-26,602.3,605.3,598.2,600.2,3076.512
2024-05-27,600.2,614.3,599.7,603.8,3567.346
2024-05-28,603.8,605.8,594.0,601.7,2149.387
2024-05-29,601.7,603.6,593.3,595.7,2802.9
2024-05-30,595.7,601.9,586.7,595.1,4258.391
2024-05-31,595.1,598.9,590.1,593.8,2052.475
2024-06-01,593.8,608.4,593.1,601.8,1774.041
2024-06-02,601.8,605.9,596.2,602.9,2288.627
2024-06-03,602.9,638.0,601.2,626.4,2738.009
2024-06-04,626.4,688.0,621.0,685.8,4740.724
2024-06-05,685.8,715.8,685.1,698.8,5250.614
2024-06-06,698.8,721.5,692.2,711.0,3030.957
2024-06-07,711.0,711.7,660.0,684.0,3466.305
2024-06-08,684.0,694.9,678.0,682.6,3186.129
2024-06-09,682.6,684.8,670.3,673.0,1745.828
2024-06-10,673.0,674.8,613.6,625.1,3259.42
2024-06-11,625.1,628.8,596.0,602.4,3851.292
2024-06-12,602.4,635.1,591.4,619.4,3428.231
2024-06-13,619.4,619.9,595.9,599.7,2304.854
2024-06-14,599.7,612.5,590.1,603.3,2463.69
2024-06-15,603.3,609.6,601.4,608.2,950.654
2024-06-16,608.2,611.8,601.1,610.9,1359.739
2024-06-17,610.9,612.5,591.9,604.3,2549.637
2024-06-18,604.3,605.1,575.1,588.5,3060.124
2024-06-19,588.5,605.9,586.7,599.2,1532.175
2024-06-20,599.2,607.9,584.8,587.6,1972.785
2024-06-21,587.6,589.2,578.0,586.1,1257.277
2024-06-22,586.1,591.4,581.0,591.2,1129.85
2024-06-23,591.2,593.0,576.1,577.6,1430.256
2024-06-24,577.6,581.8,551.5,568.1,2042.119
2024-06-25,568.1,579.5,566.6,578.2,1591.198
2024-06-26,578.2,584.6,567.6,573.1,1242.962
2024-06-27,573.1,584.4,566.6,581.8,2121.968
2024-06-28,581.8,585.3,565.7,567.3,1747.61
2024-06-29,567.3,573.9,567.0,570.2,1724.173
2024-06-30,570.2,585.3,568.3,582.3,1006.601
2024-07-01,582.3,588.3,576.4,576.8,1320.556
2024-07-02,576.8,581.9,574.0,580.0,1092.723
2024-07-03,580.0,581.0,550.7,556.6,1562.321
2024-07-04,556.6,557.7,511.8,513.4,1904.214
2024-07-05,513.4,515.8,456.4,497.6,3410.27
2024-07-06,497.6,530.6,496.2,526.3,1019.568
2024-07-07,526.3,526.5,488.5,490.7,1084.809
2024-07-08,490.7,523.3,471.4,510.6,1949.186
2024-07-09,510.6,520.7,506.8,516.8,1214.06
2024-07-10,516.8,529.3,511.4,524.7,1341.472
2024-07-11,524.7,544.9,520.7,524.8,1607.507
2024-07-12,524.8,537.5,517.3,533.7,1170.401
2024-07-13,533.7,539.3,527.3,532.5,948.22
2024-07-14,532.5,547.5,531.4,544.8,918.511
2024-07-15,544.8,586.6,544.0,585.2,2032.824
2024-07-16,585.2,587.2,554.9,576.1,2096.367
2024-07-17,576.1,583.9,564.5,568.7,1447.591
2024-07-18,568.7,579.4,561.9,571.9,1593.077
2024-07-19,571.9,598.3,565.3,593.4,2580.386
2024-07-20,593.4,597.9,586.7,593.1,1832.612
2024-07-21,593.1,603.4,581.7,602.0,2246.541
2024-07-22,602.0,605.5,583.0,587.8,2244.81
2024-07-23,587.8,593.2,577.2,581.9,30832.838
2024-07-24,581.9,589.1,570.4,574.9,28531.725
2024-07-25,574.9,576.1,553.3,570.7,53498.801
2024-07-26,570.7,582.8,570.2,580.9,25847.178
2024-07-27,580.9,592.8,572.8,581.6,25254.187
2024-07-28,581.6,584.9,574.5,583.8,15877.968
2024-07-29,583.8,597.2,572.2,574.3,25357.73
2024-07-30,574.3,588.3,566.8,588.1,15803.594
2024-07-31,588.1,592.9,574.8,576.4,17870.342
2024-08-01,576.4,578.0,553.8,575.1,24773.047
2024-08-02,575.1,577.6,540.2,542.8,26351.286
2024-08-03,542.8,545.1,521.4,529.6,21940.774
2024-08-04,529.6,532.2,486.7,496.9,34752.487
2024-08-05,496.9,500.0,400.8,464.3,198793.154
2024-08-06,464.3,493.9,463.5,484.9,42817.97
2024-08-07,484.9,497.6,468.1,475.0,30207.629
2024-08-08,475.0,521.7,467.5,517.1,26666.103
2024-08-09,517.1,518.4,498.7,508.8,17627.785
2024-08-10,508.8,525.4,507.2,523.2,10774.094
2024-08-11,523.2,535.8,502.2,503.3,14344.122
2024-08-12,503.3,523.7,499.5,518.3,5601.871
2024-08-13,518.3,526.7,513.6,524.1,5535.975
2024-08-14,524.1,531.4,515.6,523.6,5254.748
2024-08-15,523.6,533.7,510.1,519.1,4884.523
2024-08-16,519.1,524.4,510.0,519.6,6080.643
2024-08-17,519.6,547.5,518.4,541.6,2459.837
2024-08-18,541.6,542.5,530.9,531.3,1463.235
2024-08-19,531.3,560.7,529.2,558.7,4565.134
2024-08-20,558.7,574.7,558.6,569.3,3304.406
2024-08-21,569.3,575.1,546.6,570.0,4401.497
2024-08-22,570.0,589.8,560.1,583.0,5649.669
2024-08-23,583.0,600.0,575.0,591.7,5183.017
2024-08-24,591.7,592.2,575.0,580.4,3686.3
2024-08-25,580.4,583.9,569.2,574.0,2422.312
2024-08-26,574.0,575.5,546.7,548.3,3267.756
2024-08-27,548.3,558.3,521.5,533.3,5627.053
2024-08-28,533.3,546.2,522.6,536.7,4633.832
2024-08-29,536.7,545.5,531.0,536.4,2984.121
2024-08-30,536.4,543.3,522.3,535.1,1712.511
2024-08-31,535.1,541.4,531.2,532.8,1724.918
2024-09-01,532.8,533.1,507.9,512.5,1976.209
2024-09-02,512.5,530.0,501.6,526.3,2125.726
2024-09-03,526.3,538.2,518.1,518.7,3266.026
2024-09-04,518.7,523.7,496.1,507.6,5819.793
2024-09-05,507.6,512.9,496.8,502.5,1736.636
2024-09-06,502.5,509.4,471.5,487.2,2932.44
2024-09-07,487.2,499.3,482.9,493.5,3618.207
2024-09-08,493.5,506.6,490.8,503.0,2344.672
2024-09-09,503.0,525.3,501.7,518.7,3130.606
2024-09-10,518.7,524.2,510.0,517.1,2757.689
2024-09-11,517.1,535.0,506.7,530.2,2393.809
2024-09-12,530.2,548.5,530.1,544.5,2818.593
2024-09-13,544.5,559.7,538.9,556.3,20954.102
2024-09-14,556.3,559.2,547.5,553.3,12871.674
2024-09-15,553.3,561.9,547.5,553.4,17696.82
2024-09-16,553.4,555.2,527.1,533.7,24553.832
2024-09-17,533.7,552.7,529.0,546.2,18585.556
2024-09-18,546.2,559.7,536.8,559.4,18504.8
2024-09-19,559.4,572.2,553.0,566.9,28297.869
2024-09-20,566.9,577.1,556.3,569.1,25205.599
2024-09-21,569.1,590.0,566.4,588.7,19315.499
2024-09-22,588.7,594.4,576.4,588.6,18972.47
2024-09-23,588.6,616.0,583.5,604.5,61529.518
2024-09-24,604.5,613.4,598.9,605.9,46156.561
2024-09-25,605.9,608.3,584.2,587.4,39643.86
2024-09-26,587.4,609.0,580.8,596.3,59156.408
2024-09-27,596.3,614.7,596.0,606.8,64625.031
2024-09-28,606.8,618.4,594.5,601.1,45746.375
2024-09-29,601.1,602.8,592.4,595.6,29792.428
2024-09-30,595.6,595.8,563.5,567.5,45866.901
2024-10-01,567.5,583.1,536.8,547.2,62491.573
2024-10-02,547.2,558.3,535.4,542.5,39466.327
2024-10-03,542.5,550.8,534.3,544.8,32069.777
2024-10-04,544.8,557.8,541.8,555.2,25909.781
2024-10-05,555.2,565.2,551.6,562.9,17066.875
2024-10-06,562.9,571.9,561.1,570.3,15669.407
2024-10-07,570.3,581.8,563.7,564.4,28970.452
2024-10-08,564.4,586.8,559.5,580.7,38977.951
2024-10-09,580.7,585.8,566.2,570.8,44381.143
2024-10-10,570.8,572.9,551.6,563.8,25953.157
2024-10-11,563.8,577.5,560.1,573.7,25838.091
2024-10-12,573.7,579.2,573.6,576.6,18881.159
2024-10-13,576.6,578.5,564.9,572.2,17495.748
2024-10-14,572.2,592.4,560.0,589.0,31610.806
2024-10-15,589.0,599.9,577.7,594.5,41635.121
2024-10-16,594.5,605.5,589.7,601.0,32814.011
2024-10-17,601.0,606.4,585.2,592.8,25450.62
2024-10-18,592.8,602.4,591.8,599.3,18925.367
2024-10-19,599.3,601.4,595.4,597.8,11872.747
2024-10-20,597.8,607.4,593.4,605.9,16544.877
2024-10-21,605.9,611.8,591.4,598.7,34138.806
2024-10-22,598.7,602.0,587.0,593.8,25633.712
2024-10-23,593.8,594.6,573.0,585.0,30679.716
2024-10-24,585.0,598.0,583.4,594.4,21079.156
2024-10-25,594.4,597.6,565.9,575.2,33081.925
2024-10-26,575.2,587.1,571.6,583.4,16523.626
2024-10-27,583.4,591.0,581.7,589.3,13902.222
2024-10-28,589.3,604.6,585.5,601.0,26239.75
2024-10-29,601.0,612.2,599.9,606.2,39904.198
2024-10-30,606.2,606.7,594.1,595.6,25580.216
2024-10-31,595.6,596.5,571.1,576.6,36530.104
2024-11-01,576.6,585.5,567.7,573.0,30263.154
2024-11-02,573.0,576.8,562.4,568.5,18238.239
2024-11-03,568.5,569.3,547.0,557.7,28689.44
2024-11-04,557.7,564.8,543.6,552.6,36978.769
2024-11-05,552.6,572.2,551.2,563.2,28345.541
2024-11-06,563.2,594.9,563.0,592.2,73883.683
2024-11-07,592.2,611.2,587.1,598.3,31596.202
2024-11-08,598.3,605.9,588.1,597.8,14998.446
2024-11-09,597.8,638.0,597.5,624.7,26721.625
2024-11-10,624.7,644.1,611.6,627.3,46128.409
2024-11-11,627.3,665.3,613.0,659.7,40836.58
2024-11-12,659.7,667.3,610.8,625.3,46285.222
2024-11-13,625.3,638.1,598.6,620.7,25952.049
2024-11-14,620.7,660.3,610.7,622.1,33768.508
2024-11-15,622.1,628.3,603.6,619.2,11019.754
2024-11-16,619.2,633.7,617.5,622.6,6858.453
2024-11-17,622.6,647.5,605.3,618.7,9227.97
2024-11-18,618.7,630.6,612.1,619.0,8090.483
2024-11-19,619.0,621.4,605.2,615.4,13730.956
2024-11-20,615.4,620.5,600.0,605.5,12006.545
2024-11-21,605.5,629.4,593.2,621.9,17608.535
2024-11-22,621.9,639.6,615.2,633.1,17580.327
2024-11-23,633.1,680.0,631.1,650.5,46389.594
2024-11-24,650.5,687.7,637.2,659.9,32406.975
2024-11-25,659.9,676.6,626.6,636.3,34949.085
2024-11-26,636.3,645.6,600.0,613.5,28212.541
2024-11-27,613.5,646.4,607.7,644.2,20439.287
2024-11-28,644.2,664.0,639.8,654.0,17960.417
2024-11-29,654.0,663.8,648.4,654.7,10158.457
2024-11-30,654.7,677.0,647.9,653.5,13073.485
2024-12-01,653.5,664.2,645.1,655.9,8241.152
2024-12-02,655.9,667.1,628.6,647.8,18946.765
2024-12-03,647.8,749.9,623.0,734.7,33852.976
2024-12-04,734.7,793.7,721.0,739.5,65555.184
2024-12-05,739.5,739.8,690.1,717.5,39729.405
2024-12-06,717.5,745.9,705.4,730.2,16529.293
2024-12-07,730.2,761.1,729.7,749.5,9059.718
2024-12-08,749.5,757.3,727.5,741.9,5794.609
2024-12-09,741.9,742.4,646.7,689.5,19625.513
2024-12-10,689.5,704.6,650.0,676.7,35924.635
2024-12-11,676.7,712.9,658.7,711.2,13695.865
2024-12-12,711.2,725.5,699.4,705.8,14694.945
2024-12-13,705.8,729.8,697.0,725.8,11824.232
2024-12-14,725.8,732.1,705.1,715.9,7993.603
2024-12-15,715.9,724.1,702.7,718.4,6812.692
2024-12-16,718.4,730.0,704.2,720.5,13170.156
2024-12-17,720.5,737.3,712.4,717.5,14822.959
2024-12-18,717.5,722.0,681.0,686.5,22438.437
2024-12-19,686.5,705.2,648.6,665.3,29665.431
2024-12-20,665.3,680.0,618.8,678.6,33657.347
2024-12-21,678.6,693.2,652.3,663.4,11485.476
2024-12-22,663.4,669.6,639.5,649.7,8073.613
2024-12-23,649.7,698.5,638.1,694.3,15726.464
2024-12-24,694.3,699.0,682.7,696.8,9974.898
2024-12-25,696.8,713.3,695.9,702.8,9384.611
2024-12-26,702.8,720.0,683.0,689.4,11001.923
2024-12-27,689.4,711.1,685.8,691.8,8698.258
2024-12-28,691.8,731.1,691.3,722.1,9520.744
2024-12-29,722.1,724.6,690.0,694.8,6829.381
2024-12-30,694.8,712.1,687.8,705.3,8844.51
2024-12-31,705.3,714.9,698.6,702.5,6762.029
2025-01-01,702.5,710.9,700.3,708.0,5831.432
2025-01-02,708.0,715.8,698.4,706.2,7804.653
2025-01-03,706.2,715.6,697.1,714.9,6273.437
2025-01-04,714.9,721.8,707.9,713.5,5456.646
2025-01-05,713.5,713.9,702.5,709.3,4151.505
2025-01-06,709.3,745.2,705.9,729.5,9421.555
2025-01-07,729.5,733.3,691.2,698.0,15585.492
2025-01-08,698.0,707.5,674.7,696.0,13234.964
2025-01-09,696.0,701.7,675.1,685.4,8877.599
2025-01-10,685.4,700.7,683.1,693.3,6576.164
2025-01-11,693.3,701.4,690.5,696.8,4740.968
2025-01-12,696.8,698.7,689.8,693.3,3018.821
2025-01-13,693.3,700.0,660.0,688.6,10603.232
2025-01-14,688.6,700.0,686.4,699.0,4665.493
2025-01-15,699.0,714.8,688.4,714.6,8687.129
2025-01-16,714.6,717.5,700.6,708.0,9147.375
2025-01-17,708.0,729.9,708.0,721.5,7787.469
2025-01-18,721.5,723.1,695.0,709.6,12068.768
2025-01-19,709.6,714.6,676.1,683.2,18954.531
2025-01-20,683.2,709.2,670.8,682.5,25594.843
2025-01-21,682.5,697.0,675.0,692.2,11437.253
2025-01-22,692.2,704.1,689.9,695.5,6485.944
2025-01-23,695.5,697.6,680.2,689.7,8423.114
2025-01-24,689.7,691.3,678.7,680.6,7208.621
2025-01-25,680.6,689.6,677.6,686.3,6109.566
2025-01-26,686.3,690.8,664.6,667.4,4185.92
2025-01-27,667.4,680.4,637.8,679.8,11362.07
2025-01-28,679.8,682.9,659.6,661.2,4928.482
2025-01-29,661.2,679.7,659.4,667.9,4791.901
2025-01-30,667.9,682.7,666.1,677.5,3478.387
2025-01-31,677.5,689.4,673.5,677.4,3760.816
2025-02-01,677.4,681.6,650.7,653.0,3546.491
2025-02-02,653.0,663.09,600.03,617.63,11259.898
2025-02-03,617.63,618.93,501.2,617.26,41397.476
2025-02-04,617.26,619.1,557.96,572.7,13643.855
2025-02-05,572.7,579.61,561.35,569.5,6650.166
2025-02-06,569.5,601.65,568.83,571.71,9808.604
2025-02-07,571.71,612.26,526.0,577.7,7146.207
2025-02-08,577.7,633.72,573.62,612.16,14842.163
2025-02-09,612.16,648.09,602.47,615.81,31716.015
2025-02-10,615.81,622.41,596.53,618.47,17135.333
2025-02-11,618.47,670.32,615.2,642.2,15753.934
2025-02-12,642.2,705.37,627.11,696.93,21662.969
2025-02-13,696.93,732.0,656.32,664.74,64741.94
2025-02-14,664.74,700.0,633.42,659.84,32574.17
2025-02-15,659.84,671.42,645.0,662.2,14829.997
2025-02-16,662.2,686.0,653.58,672.88,15499.271
2025-02-17,672.88,682.25,658.0,667.6,13340.379
2025-02-18,667.6,668.2,630.0,648.13,16580.321
2025-02-19,648.13,665.0,637.09,653.48,14893.436
2025-02-20,653.48,659.03,646.0,656.35,12813.936
2025-02-21,656.35,668.49,635.08,647.45,12578.537
2025-02-22,647.45,679.78,645.2,668.57,13524.092
2025-02-23,668.57,671.09,648.47,658.21,11246.115
2025-02-24,658.21,659.52,610.75,614.1,27669.738
2025-02-25,614.1,647.0,586.15,623.47,48508.433
2025-02-26,623.47,632.03,594.2,611.28,32303.81
2025-02-27,611.28,619.71,595.85,605.51,23038.204
2025-02-28,605.51,606.31,559.84,587.97,38756.196
2025-03-01,587.97,609.36,578.11,607.92,16362.227
2025-03-02,607.92,635.36,595.81,623.89,26066.982
2025-03-03,623.89,624.14,567.61,576.01,33097.212
2025-03-04,576.01,588.46,547.02,584.02,38337.079
2025-03-05,584.02,605.88,580.76,598.25,17830.069
2025-03-06,598.25,612.9,589.27,596.5,17108.848
2025-03-07,596.5,610.14,577.27,594.77,20169.445
2025-03-08,594.77,602.6,590.24,593.1,10284.054
2025-03-09,593.1,593.1,550.16,554.47,18045.189
2025-03-10,554.47,573.39,523.11,531.41,27666.927
2025-03-11,531.41,566.01,507.15,551.54,42323.049
2025-03-12,551.54,576.81,530.0,569.88,19220.567
2025-03-13,569.88,618.6,568.1,579.8,32619.088
2025-03-14,579.8,589.8,576.61,587.75,13346.515
2025-03-15,587.75,619.89,587.65,619.82,16027.527
2025-03-16,619.82,622.73,593.11,602.21,18856.799
2025-03-17,602.21,643.77,602.04,631.69,34187.588
2025-03-18,631.69,643.19,620.39,627.86,28765.9401
2025-03-19,627.86,628.0,585.0,618.65,25180.7133
2025-03-20,618.65,637.75,616.6,630.5,27297.9055
2025-03-21,630.5,637.62,625.0,635.16,17335.3305
2025-03-22,635.16,636.1,623.79,626.99,11208.8079
2025-03-23,626.99,629.14,619.55,623.92,10625.4186
2025-03-24,623.92,639.46,618.08,637.03,18793.4406
2025-03-25,637.03,644.87,627.06,629.83,20881.5393
2025-03-26,629.83,634.01,615.31,617.89,13572.1656
2025-03-27,617.89,642.4,617.29,637.35,40012.3077
2025-03-28,637.35,637.51,616.0,619.8,19360.1808
2025-03-29,619.8,623.79,597.01,602.9,16629.5783
2025-03-30,602.9,613.33,593.57,602.13,14159.8011
2025-03-31,602.13,608.87,587.31,604.81,15570.9445
2025-04-01,604.81,618.51,604.47,611.12,24100.2521
2025-04-02,611.12,612.41,584.95,590.6,26085.4523
2025-04-03,590.6,610.42,578.52,592.68,28323.8915
2025-04-04,592.68,600.0,585.01,597.84,19937.3373
2025-04-05,597.84,599.0,588.79,593.19,6314.2533
2025-04-06,593.19,593.76,544.23,555.5,19083.7091
2025-04-07,555.5,567.53,519.89,554.51,66827.7574
2025-04-08,554.51,565.69,547.64,553.71,20141.5698
2025-04-09,553.71,585.9,534.41,582.41,33489.8247
2025-04-10,582.41,583.31,566.24,578.03,18422.5987
2025-04-11,578.03,590.35,575.71,585.99,10267.2129
2025-04-12,585.99,600.47,584.0,597.27,9382.1252
2025-04-13,597.27,598.59,580.46,584.28,8303.874
2025-04-14,584.28,593.07,583.04,584.53,10564.2844
2025-04-15,584.53,590.81,579.38,579.52,7799.262
2025-04-16,579.52,586.19,576.0,582.8,9902.5187
2025-04-17,582.8,592.96,580.74,590.49,8057.3809
2025-04-18,590.49,596.0,587.09,591.7,6846.1171
2025-04-19,591.7,594.48,587.84,591.74,4901.8507
2025-04-20,591.74,595.23,587.5,592.76,11213.9074
2025-04-21,592.76,608.63,592.55,597.32,45154.169
2025-04-22,597.32,619.87,595.0,618.5,136509.4643
2025-04-23,618.5,619.99,601.38,605.71,140972.1854
2025-04-24,605.71,606.78,592.67,601.56,106725.0977
2025-04-25,601.56,610.36,597.21,599.9,133018.4086
2025-04-26,599.9,609.22,599.34,607.22,73140.1103
2025-04-27,607.22,608.62,597.22,603.45,64555.0777
2025-04-28,603.45,608.26,598.2,606.15,78949.5009
2025-04-29,606.15,610.74,598.1,601.0,115024.3521
2025-04-30,601.0,604.44,591.46,599.89,77244.7742
2025-05-01,599.89,605.28,598.14,599.62,54202.8373
2025-05-02,599.62,603.61,595.23,600.69,45206.4781
2025-05-03,600.69,601.23,595.23,599.35,37939.0171
2025-05-04,599.35,600.51,584.7,586.02,52866.6484
2025-05-05,586.02,599.98,583.55,597.6,66302.433
2025-05-06,597.6,603.18,593.2,602.57,75963.2035
2025-05-07,602.57,609.15,597.89,602.69,66037.4557
2025-05-08,602.69,629.33,600.8,629.18,120930.8444
2025-05-09,629.18,670.31,623.13,666.28,136428.8757
2025-05-10,666.28,678.77,648.83,663.91,125681.8864
2025-05-11,663.91,668.46,647.84,651.14,94694.486
2025-05-12,651.14,692.92,647.37,660.07,170167.0484
2025-05-13,660.07,671.49,640.66,664.12,129166.8672
2025-05-14,664.12,666.34,647.19,652.46,90833.4447
2025-05-15,652.46,660.84,642.28,651.88,100716.0277
2025-05-16,651.88,659.92,644.0,646.75,68354.4973
2025-05-17,646.75,646.89,635.02,639.51,48526.0466
2025-05-18,639.51,655.05,634.39,651.64,60232.8535
2025-05-19,651.64,653.52,633.55,649.61,69531.5831
2025-05-20,649.61,653.75,640.44,649.99,56514.5508
2025-05-21,649.99,677.99,648.49,673.52,146790.2378
2025-05-22,673.52,690.0,673.06,686.57,114958.3082
2025-05-23,686.57,691.35,654.09,656.98,103072.1083
2025-05-24,656.98,677.15,655.37,668.0,52035.8404
2025-05-25,668.0,671.62,657.07,669.45,53664.583
2025-05-26,669.45,677.99,668.22,674.3,58313.3469
2025-05-27,674.3,697.72,666.54,686.91,97313.4974
2025-05-28,686.91,689.35,680.03,686.88,69332.9784
2025-05-29,686.88,691.2,673.32,675.03,78447.5695
2025-05-30,675.03,678.48,653.17,655.36,70001.495
2025-05-31,655.36,661.42,645.7,658.0,52441.7402
2025-06-01,658.0,662.47,647.58,660.76,48428.4202
2025-06-02,660.76,666.99,650.06,665.92,51850.2121
2025-06-03,665.92,673.43,657.22,661.59,53243.4301
2025-06-04,661.59,671.76,660.83,663.23,43955.3898
2025-06-05,663.23,670.92,625.45,633.32,87459.7292
2025-06-06,633.32,651.46,629.38,642.7,58816.5494
2025-06-07,642.7,653.81,639.67,650.82,32142.7679
2025-06-08,650.82,656.39,646.49,651.99,26427.2385
2025-06-09,651.99,667.75,648.01,665.57,43307.2133
2025-06-10,665.57,673.97,657.25,673.5,60334.9289
2025-06-11,673.5,674.13,662.2,667.42,57772.123
2025-06-12,667.42,670.07,651.9,654.76,52141.0248
2025-06-13,654.76,659.51,639.07,655.35,77055.7427
2025-06-14,655.35,655.36,639.0,645.61,33765.0096
2025-06-15,645.61,652.04,642.77,648.19,29162.2064
2025-06-16,648.19,659.44,646.16,650.74,44225.8115
2025-06-17,650.74,659.0,640.22,648.08,65291.0631
2025-06-18,648.08,654.49,637.23,644.76,61658.4893
2025-06-19,644.76,646.51,638.63,644.65,45082.0011
2025-06-20,644.65,650.58,638.05,641.63,74347.2277
2025-06-21,641.63,648.0,621.92,628.97,70246.8756
2025-06-22,628.97,635.52,601.44,615.8,120801.2747
2025-06-23,615.8,642.79,615.02,640.47,115016.1228
2025-06-24,640.47,644.09,636.16,643.52,67075.6276
2025-06-25,643.52,653.0,641.88,646.06,80019.6228
2025-06-26,646.06,650.0,641.11,642.3,54996.3498
2025-06-27,642.3,648.43,639.14,645.71,43233.0475
2025-06-28,645.71,649.19,644.29,648.6,30985.3819
2025-06-29,648.6,656.0,646.9,654.89,36956.9723
2025-06-30,654.89,660.0,651.17,656.89,57924.2764
2025-07-01,656.89,659.11,643.99,646.34,47572.923
2025-07-02,646.34,664.85,643.79,659.7,59240.3011
2025-07-03,659.7,664.53,656.67,663.58,50787.2123
2025-07-04,663.58,664.18,650.19,653.59,48319.1863
2025-07-05,653.59,656.76,651.98,656.17,28143.508
2025-07-06,656.17,664.93,653.54,663.12,43818.0382
2025-07-07,663.12,663.51,656.73,661.06,48329.4504
2025-07-08,661.06,662.6,657.32,660.62,51073.1843
2025-07-09,660.62,671.5,659.01,668.69,66599.2824
2025-07-10,668.69,687.71,667.22,685.8,100494.7755
2025-07-11,685.8,697.23,682.8,689.98,135446.7247
2025-07-12,689.98,697.0,679.62,685.85,71983.1303
2025-07-13,685.85,694.14,685.17,692.0,49376.1081
2025-07-14,692.0,707.49,686.05,689.13,123092.9557
2025-07-15,689.13,693.26,675.29,689.93,98433.264
2025-07-16,689.93,715.54,656.2,708.6,116178.0993
2025-07-17,708.6,727.83,707.1,720.65,182189.6961
2025-07-18,720.65,765.5,718.71,729.91,237913.4642
2025-07-19,729.91,742.52,718.78,733.17,93162.9452
2025-07-20,733.17,761.33,730.94,756.8,116252.731
2025-07-21,756.8,782.02,746.06,766.27,157183.4665
2025-07-22,766.27,788.2,745.04,786.72,168393.1005
2025-07-23,786.72,809.88,752.57,776.73,197351.0482
2025-07-24,776.73,785.94,742.72,770.74,93233.9271
2025-07-25,770.74,785.84,752.22,785.44,109822.5784
2025-07-26,785.44,798.03,760.12,793.3,64878.1285
2025-07-27,793.3,847.0,791.19,844.03,151058.4851
2025-07-28,844.03,861.04,820.63,824.06,169666.5945
2025-07-29,824.06,835.36,800.09,805.08,127675.488
2025-07-30,805.08,811.58,766.37,793.51,101055.4954
2025-07-31,793.51,814.69,781.61,783.14,86055.0114
2025-08-01,783.14,795.4,744.68,757.07,123747.0265
2025-08-02,757.07,770.14,732.36,736.42,65564.9038
2025-08-03,736.42,755.49,730.0,751.21,48439.2628
2025-08-04,751.21,769.71,750.45,768.63,59782.9861
2025-08-05,768.63,769.79,745.24,755.16,60651.5844
2025-08-06,755.16,774.72,746.25,769.41,41775.6491
2025-08-07,769.41,788.58,764.22,788.55,46751.0453
2025-08-08,788.55,798.36,780.64,793.36,85089.9331
2025-08-09,793.36,819.24,792.65,798.73,96812.3928
2025-08-10,798.73,815.43,793.57,806.99,78253.4666
2025-08-11,806.99,827.47,792.36,804.97,144669.9613
2025-08-12,804.97,839.84,797.68,832.32,122490.32
2025-08-13,832.32,858.72,828.1,847.86,142573.0151
2025-08-14,847.86,869.19,820.79,840.26,116400.4827
2025-08-15,840.26,853.5,812.47,827.86,59277.9975
2025-08-16,827.86,839.38,825.06,838.63,32953.524
2025-08-17,838.63,863.97,837.98,855.23,38743.913
2025-08-18,855.23,858.4,824.92,846.86,58065.0839
2025-08-19,846.86,851.87,822.91,823.99,50708.1682
2025-08-20,823.99,880.87,818.44,868.97,78731.0245
2025-08-21,868.97,883.65,833.41,839.4,60358.566
2025-08-22,839.4,900.37,839.32,900.03,90606.3697
2025-08-23,900.03,900.05,875.54,880.25,47116.2487
2025-08-24,880.25,886.41,859.65,876.38,62987.2753
2025-08-25,876.38,880.67,833.12,839.3,73840.8456
2025-08-26,839.3,867.86,830.0,863.56,48465.7523
2025-08-27,863.56,867.0,852.84,855.02,36478.2985
2025-08-28,855.02,881.17,851.06,873.31,54142.7609
2025-08-29,873.31,877.9,850.15,862.13,44464.6416
2025-08-30,862.13,863.86,851.45,861.87,27688.1952
2025-08-31,861.87,867.57,856.84,857.51,27658.8524
2025-09-01,857.51,869.07,839.81,845.56,58687.3167
2025-09-02,845.56,856.52,840.56,851.69,44068.789
2025-09-03,851.69,863.94,848.78,854.77,32866.1531
2025-09-04,854.77,856.6,841.0,843.52,31075.7402
2025-09-05,843.52,857.6,842.32,849.98,32715.645
2025-09-06,849.98,865.0,849.41,860.77,34257.9932
2025-09-07,860.77,883.96,860.51,879.96,32093.7751
2025-09-08,879.96,885.77,869.87,877.91,43942.9066
2025-09-09,877.91,884.66,871.31,880.03,29897.5081
2025-09-10,880.03,907.25,877.11,893.67,47593.8126
2025-09-11,893.67,907.52,888.5,902.68,33599.4822
2025-09-12,902.68,929.7,901.44,924.68,41149.2036
2025-09-13,924.68,943.84,922.05,933.63,49848.2926
2025-09-14,933.63,944.83,922.44,926.53,45422.8441
2025-09-15,926.53,935.65,910.57,919.63,53505.7258
2025-09-16,919.63,959.1,916.57,956.31,50369.2713
2025-09-17,956.31,995.4,945.33,989.79,35300.6401
2025-09-18,989.79,1006.76,979.53,981.1,23534.9707
2025-09-19,981.1,1002.96,974.23,984.13,19911.1737
2025-09-20,984.13,1047.82,982.73,1043.63,23645.1005
2025-09-21,1043.63,1083.4,1039.34,1047.66,26014.137
2025-09-22,1047.66,1050.46,976.77,992.82,34480.1907
2025-09-23,992.82,1032.54,962.24,1015.94,31730.3169
2025-09-24,1015.94,1034.53,991.57,1018.46,22306.9687
2025-09-25,1018.46,1019.77,939.63,945.78,29121.3085
2025-09-26,945.78,966.26,932.28,961.0,27173.0353
2025-09-27,961.0,985.72,955.37,968.36,20561.6841
2025-09-28,968.36,993.5,962.76,993.32,20081.1523
2025-09-29,993.32,1035.67,991.25,1029.64,22273.4337
2025-09-30,1029.64,1033.97,992.92,1008.36,20242.6051
2025-10-01,1008.36,1036.05,1003.18,1026.3,18854.9197
2025-10-02,1026.3,1099.0,1022.6,1090.14,23543.3799
2025-10-03,1090.14,1192.47,1083.71,1189.52,35372.7644
2025-10-04,1189.52,1190.73,1135.72,1150.78,20719.4192
2025-10-05,1150.78,1189.07,1143.38,1167.13,17576.3605
2025-10-06,1167.13,1239.19,1162.08,1223.55,29114.1501
2025-10-07,1223.55,1355.0,1204.85,1304.65,52719.5248
2025-10-08,1304.65,1334.23,1264.11,1307.35,41089.7537
2025-10-09,1307.35,1319.1,1224.43,1254.97,40368.9344
2025-10-10,1254.97,1278.38,859.24,1102.52,53801.3725
2025-10-11,1102.52,1182.3,1073.06,1134.8,44059.0799
2025-10-12,1134.8,1319.51,1101.67,1302.56,48220.1637
2025-10-13,1302.56,1378.0,1251.37,1294.61,63709.1755
2025-10-14,1294.61,1318.0,1143.18,1208.26,49788.278
2025-10-15,1208.26,1222.74,1148.85,1162.43,30787.4669
2025-10-16,1162.43,1194.95,1122.74,1144.74,30002.3673
2025-10-17,1144.74,1156.33,1020.99,1071.33,40888.3808
2025-10-18,1071.33,1131.07,1069.25,1092.41,18665.3719
2025-10-19,1092.41,1133.35,1068.16,1109.85,18818.7059
2025-10-20,1109.85,1143.04,1088.19,1100.06,22137.5564
2025-10-21,1100.06,1114.56,1052.36,1056.98,72677.5723
2025-10-22,1056.98,1083.75,1053.11,1071.84,55541.3867
2025-10-23,1071.84,1160.0,1071.84,1126.66,88704.3278
2025-10-24,1126.66,1144.19,1097.51,1109.41,51392.8808
2025-10-25,1109.41,1121.01,1101.04,1116.58,25335.7634
2025-10-26,1116.58,1143.15,1114.55,1138.07,35803.9628
2025-10-27,1138.07,1182.35,1131.21,1138.79,90316.8928
2025-10-28,1138.79,1148.95,1073.47,1103.54,69263.7591
2025-10-29,1103.54,1121.22,1083.0,1107.4,92125.8897
2025-10-30,1107.4,1129.5,1043.21,1079.08,101829.3022
2025-10-31,1079.08,1104.94,1071.59,1088.77,105563.4564
2025-11-01,1088.77,1096.78,1081.77,1094.4,33526.3372
2025-11-02,1094.4,1094.76,1071.84,1083.21,28412.426
2025-11-03,1083.21,1087.3,960.0,993.59,131939.1152
2025-11-04,993.59,1002.04,880.97,936.45,194461.8572
