timestamp,open,high,low,close,volume
2019-01-01,3698.19,3808.26,3651.03,3796.1,25877.070292
2019-01-02,3796.1,3879.37,3755.14,3860.2,23309.033966
2019-01-03,3860.2,3861.74,3733.88,3763.35,24296.47916
2019-01-04,3763.35,3819.0,3705.65,3793.65,25463.62376
2019-01-05,3793.65,3837.27,3748.9,3771.15,24982.097788
2019-01-06,3771.15,4018.09,3754.44,3987.73,25182.808933
2019-01-07,3987.73,4020.66,3926.0,3974.83,30417.675551
2019-01-08,3974.83,4061.38,3920.78,3955.96,35154.169508
2019-01-09,3955.96,4000.34,3941.55,3963.98,31133.915881
2019-01-10,3963.98,3995.51,3540.86,3584.53,33643.527339
2019-01-11,3584.53,3645.72,3519.28,3601.91,26233.960832
2019-01-12,3601.91,3615.07,3543.55,3583.56,19393.924912
2019-01-13,3583.56,3602.36,3449.97,3475.38,19758.632516
2019-01-14,3475.38,3658.5,3467.2,3625.43,19447.460126
2019-01-15,3625.43,3637.77,3521.61,3554.78,20532.629968
2019-01-16,3554.78,3644.45,3545.1,3587.0,33888.978289
2019-01-17,3587.0,3629.04,3535.4,3617.37,38909.537659
2019-01-18,3617.37,3618.24,3566.53,3596.23,31390.691179
2019-01-19,3596.23,3715.18,3594.65,3667.38,29526.500849
2019-01-20,3667.38,3692.5,3486.58,3537.27,29802.15278
2019-01-21,3537.27,3551.19,3492.34,3526.44,25082.238263
2019-01-22,3526.44,3605.18,3451.04,3569.72,27942.894523
2019-01-23,3569.72,3606.18,3516.79,3551.91,34909.364998
2019-01-24,3551.91,3584.86,3526.34,3570.18,35540.673998
2019-01-25,3570.18,3580.58,3532.42,3567.87,35671.073004
2019-01-26,3567.87,3647.36,3547.69,3566.47,36207.549849
2019-01-27,3566.47,3578.25,3510.51,3551.17,35916.640402
2019-01-28,3551.17,3557.29,3390.0,3433.87,35782.124191
2019-01-29,3433.87,3443.18,3334.64,3412.45,35874.355467
2019-01-30,3412.45,3476.9,3388.34,3458.45,35562.507346
2019-01-31,3458.45,3488.44,3420.59,3430.0,34955.72487
2019-02-01,3430.0,3484.33,3405.93,3463.4,15975.937335
2019-02-02,3463.4,3520.0,3440.84,3503.74,11663.420336
2019-02-03,3503.74,3510.19,3427.78,3458.57,11477.087075
2019-02-04,3458.57,3483.53,3433.74,3463.19,11451.725192
2019-02-05,3463.19,3478.7,3449.5,3468.07,11430.228709
2019-02-06,3468.07,3480.2,3388.38,3405.72,11465.253435
2019-02-07,3405.72,3425.38,3391.68,3397.27,11239.271896
2019-02-08,3397.27,3729.73,3381.92,3659.36,11732.637943
2019-02-09,3659.36,3676.29,3634.24,3664.33,11872.048295
2019-02-10,3664.33,3681.73,3617.07,3678.84,11772.890933
2019-02-11,3678.84,3682.64,3616.86,3631.65,11409.109117
2019-02-12,3631.65,3658.56,3589.71,3631.71,9679.830513
2019-02-13,3631.71,3664.98,3593.78,3609.84,9166.912564
2019-02-14,3609.84,3624.71,3575.01,3590.72,8918.00654
2019-02-15,3590.72,3649.6,3574.6,3601.01,9790.89759
2019-02-16,3601.01,3648.02,3599.48,3615.56,9174.535402
2019-02-17,3615.56,3697.25,3604.98,3668.23,9061.493205
2019-02-18,3668.23,3920.61,3658.48,3899.55,9047.633919
2019-02-19,3899.55,4000.01,3750.0,3911.13,9446.750423
2019-02-20,3911.13,3982.76,3879.85,3977.3,9174.189869
2019-02-21,3977.3,4008.63,3897.84,3938.15,8301.115
2019-02-22,3938.15,3985.74,3929.92,3965.51,9475.148173
2019-02-23,3965.48,4148.26,3936.01,4117.57,9269.669253
2019-02-24,4117.57,4190.05,3724.87,3748.81,9694.768014
2019-02-25,3748.81,3867.25,3745.74,3827.59,8238.387632
2019-02-26,3827.59,3839.27,3781.75,3810.0,5822.468057
2019-02-27,3810.0,3831.87,3718.9,3816.74,6042.594699
2019-02-28,3816.74,3868.61,3801.61,3813.63,6829.900875
2019-03-01,3813.63,3851.81,3813.63,3823.78,4353.491519
2019-03-02,3823.78,3839.38,3787.65,3819.38,3345.976555
2019-03-03,3819.38,3833.23,3793.72,3806.87,3446.138293
2019-03-04,3806.87,3826.07,3680.11,3716.99,3582.461344
2019-03-05,3716.99,3869.54,3707.43,3857.23,4019.553057
2019-03-06,3857.23,3874.55,3822.4,3861.74,4831.558027
2019-03-07,3861.74,3903.09,3849.35,3874.05,4363.700224
2019-03-08,3874.05,3927.25,3821.11,3867.62,4077.650221
2019-03-09,3867.08,3963.87,3857.22,3942.6,4512.760086
2019-03-10,3942.6,3942.6,3886.11,3920.36,3855.835038
2019-03-11,3920.11,3932.91,3840.8,3870.7,18862.543652
2019-03-12,3835.17,3900.09,3784.58,3881.89,14765.361768
2019-03-13,3881.89,3890.28,3846.82,3866.76,9039.891835
2019-03-14,3866.76,3918.47,3820.42,3876.28,19831.843125
2019-03-15,3876.28,3935.69,3876.28,3925.39,19497.129134
2019-03-16,3925.39,4054.83,3923.13,4006.37,19274.518457
2019-03-17,4006.37,4008.23,3953.01,3982.01,21555.524253
2019-03-18,3982.01,4035.02,3956.27,3988.41,18776.522155
2019-03-19,3988.41,4030.15,3970.29,4015.73,18795.162821
2019-03-21,4041.38,4063.85,3909.74,3981.64,18207.373991
2019-03-22,3982.43,4005.44,3970.09,3988.74,16249.519004
2019-03-23,3987.71,4018.83,3978.34,4005.15,18025.351253
2019-03-24,4005.15,4006.29,3962.54,3991.09,20610.693051
2019-03-25,3991.26,3999.29,3890.07,3934.23,15456.329459
2019-03-26,3934.22,3947.23,3901.19,3939.5,9499.963725
2019-03-27,3939.5,4044.99,3936.31,4038.86,9953.115457
2019-03-28,4038.86,4038.86,4008.37,4026.9,7507.516966
2019-03-29,4026.9,4120.25,4025.59,4102.9,7809.115713
2019-03-30,4102.9,4136.72,4059.53,4107.65,11160.941875
2019-03-31,4107.65,4114.33,4084.27,4103.58,10795.865801
2019-04-01,4103.58,4150.57,4072.7,4144.45,13458.697164
2019-04-02,4144.45,4890.47,4141.48,4859.18,12010.015946
2019-04-03,4859.18,5275.01,4776.77,4934.24,12098.182619
2019-04-04,4934.24,5036.42,4779.81,4895.19,11234.425468
2019-04-05,4895.19,5024.77,4884.57,5003.19,11411.588843
2019-04-06,5003.19,5192.6,4940.84,5042.98,11147.971753
2019-04-07,5042.98,5219.56,5028.76,5172.57,11425.620493
2019-04-08,5172.57,5299.17,5045.54,5238.6,12082.635342
2019-04-09,5238.6,5238.6,5086.35,5151.85,14803.915148
2019-04-10,5151.85,5400.54,5136.77,5304.59,17133.636814
2019-04-11,5304.59,5331.22,4933.33,5017.18,16367.48395
2019-04-12,5017.18,5080.41,4874.25,5047.8,17372.801228
2019-04-13,5047.8,5091.34,4890.36,5046.35,15112.636785
2019-04-14,5046.35,5151.7,5001.18,5131.6,17360.244232
2019-04-15,5131.6,5166.65,4956.96,5027.76,19576.590076
2019-04-16,5026.55,5197.04,5004.76,5176.05,18693.955109
2019-04-17,5176.15,5227.04,5152.03,5203.37,18556.109724
2019-04-18,5203.37,5286.74,5199.44,5258.45,17980.89738
2019-04-19,5258.23,5316.8,5180.22,5257.8,18963.50599
2019-04-20,5257.8,5332.4,5234.27,5292.06,17052.443211
2019-04-21,5292.06,5313.58,5177.42,5260.11,18729.255024
2019-04-22,5260.11,5399.16,5217.44,5357.41,18054.795229
2019-04-23,5357.41,5597.82,5334.83,5492.17,19127.30806
2019-04-24,5492.17,5582.18,5335.21,5416.16,19670.251371
2019-04-25,5416.16,5489.68,5130.2,5220.38,19780.967808
2019-04-26,5220.38,5484.48,5164.35,5314.98,18593.286768
2019-04-27,5314.98,5341.77,5258.36,5296.28,18025.592113
2019-04-28,5296.28,5339.73,5268.7,5308.82,17811.594336
2019-04-29,5308.82,5333.0,5188.52,5236.72,15311.369098
2019-04-30,5236.72,5337.48,5192.82,5319.59,17791.656541
2019-05-01,5319.59,5399.05,5317.67,5384.0,18621.160761
2019-05-02,5384.0,5537.27,5370.57,5495.18,18546.697706
2019-05-03,5495.18,5871.25,5478.08,5799.34,19695.049888
2019-05-04,5799.34,5929.55,5634.14,5858.41,19117.542616
2019-05-05,5858.41,5867.9,5734.93,5801.38,19040.762938
2019-05-06,5801.38,5816.42,5632.28,5757.38,15874.703055
2019-05-07,5757.38,6056.94,5756.69,5871.37,20220.849386
2019-05-08,5871.37,6024.34,5812.38,5998.35,19464.492528
2019-05-09,5998.35,6221.69,5998.31,6208.51,19724.814196
2019-05-10,6208.51,6443.78,6175.17,6360.32,21962.116893
2019-05-11,6360.32,7378.75,6360.08,7229.78,25847.062799
2019-05-12,7229.78,7512.22,6791.23,6976.87,30194.583563
2019-05-13,6976.85,8106.34,6884.07,7798.18,27130.30263
2019-05-14,7798.18,8324.23,7688.2,8030.91,30017.556863
2019-05-15,8030.91,8221.95,7836.97,8164.17,7381.998172
2019-05-16,8164.17,8295.7,7792.12,7891.75,4115.581788
2019-05-17,7891.75,7946.12,6951.19,7363.31,5186.410576
2019-05-18,7363.31,7465.09,7218.07,7284.76,4915.724065
2019-05-19,7284.76,8260.25,7267.59,8134.02,4913.835119
2019-05-20,8134.02,8142.35,7549.66,7922.62,4718.498006
2019-05-21,7922.62,8016.22,7669.58,7892.65,5117.842855
2019-05-22,7892.65,7977.24,7502.03,7629.3,4435.832527
2019-05-23,7629.3,7913.28,7510.0,7832.22,4523.177954
2019-05-24,7832.22,8124.83,7782.41,7969.52,4420.1751
2019-05-25,7969.52,8078.55,7906.75,8015.8,4220.038716
2019-05-26,8015.8,8709.84,7844.29,8631.04,4189.242965
2019-05-27,8631.04,8915.83,8590.45,8776.15,3961.34301
2019-05-28,8776.15,8813.03,8569.63,8716.85,3888.063697
2019-05-29,8716.85,8749.19,8435.39,8651.55,3894.205765
2019-05-30,8651.55,9077.08,8071.78,8295.36,4082.894121
2019-05-31,8295.36,8543.33,8164.76,8531.01,3124.635938
2019-06-01,8531.01,8622.77,8457.05,8575.76,2889.242448
2019-06-02,8575.76,8814.3,8554.02,8734.26,2875.683436
2019-06-03,8734.26,8740.49,8086.73,8125.71,3032.080898
2019-06-04,8125.71,8125.71,7524.1,7716.19,3410.705757
2019-06-05,7716.19,7959.73,7200.0,7775.54,4857.214496
2019-06-06,7775.54,7862.0,7498.32,7796.25,3814.668508
2019-06-07,7796.25,8087.99,7756.93,7988.84,2892.661514
2019-06-08,7988.84,8047.95,7790.03,7902.33,3108.38555
2019-06-09,7902.33,7943.18,7524.89,7655.04,3121.529227
2019-06-10,7655.04,8025.03,7538.17,7986.11,3193.913994
2019-06-11,7986.11,8000.07,7714.4,7870.1,3096.728675
2019-06-12,7870.1,8183.85,7791.74,8116.08,2880.550513
2019-06-13,8116.08,8299.76,8016.38,8219.01,2982.099446
2019-06-14,8224.11,8659.86,8217.63,8645.0,1858.414128
2019-06-15,8645.0,8866.24,8576.2,8815.46,2741.586778
2019-06-16,8815.46,9298.79,8772.03,8978.84,2912.416022
2019-06-17,8978.84,9447.94,8972.51,9326.57,2712.943167
2019-06-18,9326.57,9352.11,8973.18,9090.71,2613.30025
2019-06-19,9090.71,9288.72,9046.82,9254.59,2543.369722
2019-06-20,9318.49,9607.53,9318.49,9535.54,724.077942
2019-06-21,9535.54,10235.45,9535.54,10228.38,2534.329577
2019-06-22,10228.58,11141.81,10019.76,10757.87,2428.797902
2019-06-23,10757.87,11322.96,10500.0,10835.7,2392.645742
2019-06-24,10835.7,11177.99,10600.26,11127.36,6236.099363
2019-06-25,11127.36,11907.18,11112.32,11879.37,9372.461235
2019-06-26,11879.37,14000.0,11817.84,13186.15,23744.358278
2019-06-27,13186.15,13542.35,10624.85,11398.9,24734.801136
2019-06-28,11398.9,12500.0,11031.8,12431.91,20202.950865
2019-06-29,12431.91,12462.53,11513.61,11876.93,20198.066194
2019-06-30,11876.93,12167.09,10770.07,10828.73,21644.617797
2019-07-01,10828.73,11262.65,10055.99,10626.1,23479.601269
2019-07-02,10626.1,10883.0,9756.0,10834.17,26613.565479
2019-07-03,10834.17,11950.0,10834.08,11919.54,28419.332189
2019-07-04,11919.54,11977.66,11075.09,11169.96,29038.667508
2019-07-05,11169.96,11399.3,10815.14,10991.16,30091.941865
2019-07-06,10985.28,11649.14,10982.1,11260.62,29447.734242
2019-07-07,11260.62,11533.84,11104.01,11413.35,29366.387943
2019-07-08,11413.35,12312.4,11300.93,12255.46,28594.232217
2019-07-09,12255.46,12784.95,12084.98,12543.75,29015.98958
2019-07-10,12543.75,13128.08,11579.98,12109.5,29182.176272
2019-07-11,12109.5,12109.52,11001.04,11339.66,29755.347245
2019-07-12,11339.66,11880.85,11084.05,11792.75,27863.641685
2019-07-13,11792.79,11830.28,10835.12,11370.68,29738.205785
2019-07-14,11370.74,11468.71,10117.49,10190.44,30433.077338
2019-07-15,10184.45,11078.6,9888.0,10834.1,29983.957091
2019-07-16,10834.04,11018.71,9360.0,9431.04,34907.570461
2019-07-17,9435.15,9955.65,9077.0,9676.46,32551.860278
2019-07-18,9676.4,10772.64,9269.0,10629.99,25715.669679
2019-07-19,10629.98,10755.53,10125.43,10500.22,23372.331788
2019-07-20,10501.24,11053.62,10358.07,10736.78,21671.846929
2019-07-21,10737.55,10815.54,10303.21,10585.3,21397.768948
2019-07-22,10585.25,10679.98,10103.07,10343.63,29376.431802
2019-07-23,10343.57,10343.57,9829.01,9869.01,38613.427847
2019-07-24,9868.98,9931.34,9533.04,9764.1,38175.765715
2019-07-25,9765.72,10175.01,9719.96,9882.08,36994.940359
2019-07-26,9882.1,9882.16,9650.83,9822.92,35368.31126
2019-07-27,9822.9,10171.35,9342.16,9481.71,34911.779558
2019-07-28,9481.73,9591.29,9178.06,9533.98,33735.551646
2019-07-29,9534.47,9718.92,9401.07,9513.29,33579.565831
2019-07-30,9517.0,9709.8,9401.0,9568.96,31988.232192
2019-07-31,9569.42,10100.0,9551.13,10087.58,31778.375641
2019-08-01,10087.58,10468.99,9882.12,10373.84,30267.272129
2019-08-02,10373.84,10670.9,10320.0,10522.27,31557.972116
2019-08-03,10522.27,10898.78,10506.84,10805.02,31788.196437
2019-08-04,10805.02,11024.8,10556.4,10928.27,31052.959557
2019-08-05,10928.27,11927.92,10928.27,11823.48,26917.995882
2019-08-06,11823.48,12298.07,11228.73,11481.3,33215.047237
2019-08-07,11481.3,12132.89,11401.07,11973.9,34909.403649
2019-08-08,11973.9,12068.18,11533.39,11994.72,34382.804166
2019-08-09,11994.72,12041.78,11693.29,11882.33,33215.939055
2019-08-10,11882.33,11980.0,11270.28,11311.9,32291.379217
2019-08-11,11311.9,11593.12,11119.8,11511.56,30408.782122
2019-08-12,11511.56,11555.68,11244.99,11392.99,30055.423904
2019-08-13,11392.99,11442.86,10789.82,10896.88,31454.574752
2019-08-14,10896.88,10896.91,9949.64,10058.2,34709.18782
2019-08-15,10058.2,10646.81,9523.0,10294.47,37117.547209
2019-08-16,10294.47,10529.58,9810.84,10346.48,41433.298632
2019-08-17,10346.48,10465.02,10001.08,10215.27,37061.301847
2019-08-18,10215.27,10499.15,10075.36,10306.92,32770.059422
2019-08-19,10306.92,10927.23,10261.39,10911.56,27062.318335
2019-08-20,10911.56,10948.02,10560.75,10757.69,21173.797059
2019-08-21,10757.69,10798.9,9880.58,10145.3,28999.187791
2019-08-22,10145.3,10237.06,9764.58,10099.38,26815.923512
2019-08-23,10099.38,10443.5,10021.49,10388.16,24942.836008
2019-08-24,10388.16,10414.44,9901.0,10131.27,28242.061098
2019-08-25,10131.27,10329.29,9913.89,10134.61,23320.630281
2019-08-26,10134.61,10590.34,10134.61,10372.32,35559.158155
2019-08-27,10372.32,10390.18,10057.11,10183.69,28566.472532
2019-08-28,10183.69,10284.88,9610.09,9726.54,27387.997167
2019-08-29,9726.54,9726.63,9326.52,9490.46,39191.994558
2019-08-30,9490.46,9680.74,9353.14,9581.45,22504.736838
2019-08-31,9581.45,9681.67,9436.52,9589.93,19100.299944
2019-09-01,9589.93,9816.74,9525.65,9730.13,17857.203758
2019-09-02,9730.13,10442.14,9722.53,10338.54,30886.167984
2019-09-03,10338.54,10760.0,10271.21,10605.41,33871.126869
2019-09-04,10605.41,10791.5,10374.84,10561.66,28710.135281
2019-09-05,10561.66,10805.34,10453.29,10562.04,22473.250333
2019-09-06,10562.04,10899.04,10228.65,10294.66,36861.219418
2019-09-07,10294.66,10556.34,10294.58,10453.19,25685.764112
2019-09-08,10453.19,10576.48,10248.98,10385.68,23656.359604
2019-09-09,10385.68,10479.51,10085.0,10301.8,40549.105689
2019-09-10,10301.8,10379.16,9957.83,10099.82,21926.832246
2019-09-11,10099.82,10281.8,9897.0,10156.36,27649.492398
2019-09-12,10156.36,10441.68,10037.53,10412.86,37025.754767
2019-09-13,10412.86,10437.54,10152.68,10341.83,24383.31055
2019-09-14,10341.83,10412.91,10233.46,10336.77,19988.341907
2019-09-15,10336.77,10359.54,10258.96,10299.57,24721.223631
2019-09-16,10299.57,10355.32,10078.54,10247.79,18641.483342
2019-09-17,10247.79,10269.52,10136.84,10187.62,17587.042401
2019-09-18,10187.62,10256.89,10102.3,10156.15,26287.182871
2019-09-19,10156.15,10318.29,9683.0,10247.66,32741.633378
2019-09-20,10247.66,10275.22,10083.43,10167.83,21222.413715
2019-09-21,10167.83,10176.41,9916.85,9987.05,13293.638283
2019-09-22,9987.05,10075.03,9862.78,10022.14,17817.581286
2019-09-23,10022.14,10043.95,9650.0,9700.99,19006.894788
2019-09-24,9700.99,9788.69,7850.0,8511.58,34184.013281
2019-09-25,8511.58,8724.31,8228.53,8429.02,81873.210731
2019-09-26,8429.02,8460.56,7756.39,8060.31,40088.632705
2019-09-27,8060.31,8257.64,7864.79,8176.89,46466.181851
2019-09-28,8176.89,8300.0,8001.61,8199.89,31634.2479
2019-09-29,8199.89,8226.08,7896.68,8041.27,24076.69172
2019-09-30,8041.27,8329.2,7715.75,8283.77,42929.047061
2019-10-01,8283.77,8498.84,8173.6,8295.33,38006.026912
2019-10-02,8295.33,8367.33,8156.26,8355.51,28799.895859
2019-10-03,8355.51,8385.8,8076.04,8223.66,28204.222355
2019-10-04,8223.66,8230.04,8012.87,8135.34,28350.288739
2019-10-05,8135.34,8181.42,8016.13,8126.04,25861.422892
2019-10-06,8126.04,8151.53,7802.05,7856.34,27290.392074
2019-10-07,7856.34,8295.67,7765.27,8187.16,31484.720472
2019-10-08,8187.16,8323.0,8104.16,8173.03,35514.982545
2019-10-09,8173.03,8663.22,8114.37,8560.33,39453.081266
2019-10-10,8560.33,8641.8,8425.22,8555.04,37818.827629
2019-10-11,8555.04,8778.36,8228.52,8255.44,40929.807865
2019-10-12,8255.44,8397.48,8249.46,8301.16,34448.012582
2019-10-13,8301.16,8448.67,8167.06,8277.22,28142.900501
2019-10-14,8277.22,8377.61,8207.56,8348.71,35248.771623
2019-10-15,8348.71,8402.86,8116.24,8160.69,34175.133425
2019-10-16,8160.69,8181.58,7918.49,7992.06,33244.245718
2019-10-17,7992.06,8119.25,7930.42,8068.89,28317.535241
2019-10-18,8068.89,8113.29,7832.78,7943.12,32252.561058
2019-10-19,7943.12,8079.19,7873.85,7948.03,26595.905199
2019-10-20,7948.03,8295.43,7874.16,8219.5,31006.029363
2019-10-21,8219.5,8328.26,8145.41,8198.04,26212.780283
2019-10-22,8198.04,8294.19,8002.52,8023.78,26862.684429
2019-10-23,8023.78,8048.98,7314.36,7468.11,48480.492931
2019-10-24,7468.11,7497.79,7343.01,7412.39,26282.287934
2019-10-25,7412.39,8780.0,7378.73,8659.55,56623.327122
2019-10-26,8659.55,10352.16,8639.52,9227.11,146024.552088
2019-10-27,9227.11,9782.29,9073.1,9524.44,91347.440922
2019-10-28,9524.44,9897.77,9189.36,9202.1,91368.064896
2019-10-29,9202.1,9534.98,9100.0,9405.61,81368.62494
2019-10-30,9405.61,9405.66,9001.01,9151.41,72213.764483
2019-10-31,9151.41,9401.63,8937.83,9140.88,73630.945669
2019-11-01,9140.88,9279.76,9037.58,9226.04,60624.516303
2019-11-02,9226.04,9370.64,9187.83,9292.44,44180.910563
2019-11-03,9292.44,9359.69,9075.0,9195.2,49726.150802
2019-11-04,9195.2,9503.64,9114.61,9394.07,59057.326277
2019-11-05,9394.07,9450.87,9177.04,9306.4,64089.58025
2019-11-06,9306.4,9435.9,9249.38,9336.33,57197.059584
2019-11-07,9336.33,9369.17,9105.69,9208.77,50689.760133
2019-11-08,9208.77,9259.29,8694.29,8772.9,66387.834055
2019-11-09,8772.9,8877.66,8730.01,8809.34,44945.520031
2019-11-10,8809.34,9128.58,8751.16,9035.39,52993.058508
2019-11-11,9035.39,9070.69,8623.05,8733.84,53628.138074
2019-11-12,8733.84,8880.42,8583.88,8815.94,51719.466341
2019-11-13,8815.94,8836.56,8714.33,8775.88,34414.942788
2019-11-14,8775.88,8797.91,8583.32,8644.48,36880.883527
2019-11-15,8644.48,8778.61,8393.7,8471.47,50211.614157
2019-11-16,8471.47,8535.0,8440.0,8488.5,27122.450569
2019-11-17,8488.5,8623.58,8373.23,8499.44,31274.299027
2019-11-18,8499.44,8499.61,8062.61,8185.05,44147.185097
2019-11-19,8185.05,8213.2,8007.69,8129.77,37546.777324
2019-11-20,8129.77,8230.0,8042.83,8098.81,35815.301951
2019-11-21,8098.81,8135.63,7493.12,7623.37,54419.343145
2019-11-22,7623.37,7715.68,6794.81,7264.48,112878.849614
2019-11-23,7264.48,7343.58,7081.62,7306.89,61150.211215
2019-11-24,7306.89,7327.63,6864.58,6899.04,68789.951666
2019-11-25,6899.04,7367.66,6518.08,7108.65,102710.286065
2019-11-26,7108.65,7338.15,7025.53,7152.36,70836.408124
2019-11-27,7152.36,7656.78,6850.1,7506.46,75535.232263
2019-11-28,7506.46,7639.0,7363.29,7418.35,53350.589809
2019-11-29,7418.35,7850.5,7401.15,7742.33,48248.912101
2019-11-30,7742.33,7799.33,7451.78,7541.6,38936.740542
2019-12-01,7541.6,7541.7,7231.25,7394.99,55158.896324
2019-12-02,7394.99,7417.47,7160.37,7294.45,45422.908951
2019-12-03,7294.45,7394.07,7237.81,7291.64,34643.026609
2019-12-04,7291.64,7728.97,7081.33,7193.24,55997.582191
2019-12-05,7193.24,7479.46,7160.26,7385.63,49322.24
2019-12-06,7385.63,7573.06,7300.46,7525.7,47180.899733
2019-12-07,7525.7,7604.67,7469.63,7489.51,38811.358439
2019-12-08,7489.51,7559.33,7380.0,7510.47,35027.595546
2019-12-09,7510.47,7645.25,7286.41,7341.87,43091.432784
2019-12-10,7341.87,7398.94,7160.97,7225.17,39260.554496
2019-12-11,7225.17,7270.79,7138.66,7208.77,35032.10944
2019-12-12,7208.77,7283.57,7090.85,7196.49,39759.560452
2019-12-13,7196.49,7300.02,7192.28,7256.37,34217.869522
2019-12-14,7256.37,7268.41,7012.75,7064.29,38949.848979
2019-12-15,7064.29,7198.99,7010.26,7118.68,40431.360882
2019-12-16,7118.68,7148.13,6838.51,6891.81,45719.322343
2019-12-17,6891.81,6937.9,6563.12,6623.52,53451.293757
2019-12-18,6623.52,7432.66,6435.04,7276.58,73924.810239
2019-12-19,7276.58,7361.3,7047.62,7150.2,59194.241065
2019-12-20,7150.2,7213.94,7081.09,7186.3,49887.108066
2019-12-21,7186.3,7187.09,7112.8,7133.83,34169.284499
2019-12-22,7133.83,7503.94,7123.45,7498.94,51302.520025
2019-12-23,7498.94,7685.04,7268.1,7320.03,55573.390961
2019-12-24,7320.03,7434.57,7161.5,7257.04,56935.141933
2019-12-25,7257.04,7270.98,7128.44,7204.27,47413.576989
2019-12-26,7204.27,7436.14,7160.03,7203.02,50395.679709
2019-12-27,7203.02,7271.92,7093.92,7251.97,45323.454133
2019-12-28,7251.97,7361.49,7239.43,7313.93,49549.123336
2019-12-29,7313.93,7524.17,7286.63,7388.39,48258.609457
2019-12-30,7388.39,7408.21,7221.55,7244.13,42435.345201
2019-12-31,7244.13,7319.27,7145.33,7194.54,44646.197714
2020-01-01,7194.54,7259.06,7177.16,7200.52,39065.324729
2020-01-02,7200.52,7210.16,6934.3,6964.22,49136.340023
2020-01-03,6964.22,7400.0,6871.44,7347.51,60512.910858
2020-01-04,7347.51,7400.85,7268.2,7352.54,38975.202837
2020-01-05,7352.54,7492.06,7320.77,7357.76,40738.858547
2020-01-06,7357.76,7797.14,7348.74,7755.75,43954.587812
2020-01-07,7755.75,8203.08,7735.88,8145.64,66791.194192
2020-01-08,8145.64,8460.89,7876.24,8056.02,82582.926502
2020-01-09,8056.02,8056.42,7753.04,7818.63,59579.558612
2020-01-10,7818.63,8195.75,7674.52,8193.72,70336.37518
2020-01-11,8193.72,8280.25,8006.46,8022.27,64208.35277
2020-01-12,8022.27,8188.0,7961.74,8181.04,50500.986435
2020-01-13,8181.04,8193.55,8056.73,8108.06,46071.426213
2020-01-14,8108.06,8876.99,8106.86,8816.95,89695.914609
2020-01-15,8816.95,8913.29,8572.4,8820.96,85426.556337
2020-01-16,8820.96,8855.6,8590.5,8722.95,61495.620113
2020-01-17,8722.95,9027.29,8670.49,8913.46,71452.294238
2020-01-18,8913.46,8987.78,8806.74,8914.15,57747.587967
2020-01-19,8914.15,9198.0,8454.4,8702.65,68272.896979
2020-01-20,8702.65,8742.99,8524.37,8642.82,51758.713467
2020-01-21,8642.82,8779.96,8489.6,8735.92,42787.470445
2020-01-22,8735.92,8816.01,8597.98,8683.04,42258.965027
2020-01-23,8683.04,8689.79,8308.96,8407.99,60605.238434
2020-01-24,8407.99,8530.14,8237.39,8439.71,56973.413407
2020-01-25,8439.71,8448.11,8273.58,8339.57,42077.769629
2020-01-26,8339.57,8617.31,8299.25,8614.85,49787.328631
2020-01-27,8614.85,9001.37,8574.18,8907.12,59972.788351
2020-01-28,8907.12,9400.0,8900.58,9377.43,71482.394245
2020-01-29,9377.43,9443.18,9239.09,9301.12,58958.557054
2020-01-30,9301.12,9575.92,9208.6,9512.1,62276.430404
2020-01-31,9512.1,9528.25,9212.66,9350.86,56958.369547
2020-02-01,9350.86,9462.86,9295.63,9383.44,48467.971477
2020-02-02,9383.44,9471.89,9162.44,9332.8,59238.328112
2020-02-03,9332.8,9613.86,9241.06,9296.13,57148.712335
2020-02-04,9296.13,9353.07,9095.83,9200.09,57240.003949
2020-02-05,9200.09,9732.6,9178.18,9607.66,64705.181857
2020-02-06,9607.66,9863.04,9520.63,9771.93,61779.538062
2020-02-07,9771.93,9877.22,9734.17,9825.15,54346.472636
2020-02-08,9825.15,9934.06,9673.53,9896.14,52517.24848
2020-02-09,9896.14,10164.74,9881.74,10160.34,53719.245077
2020-02-10,10160.34,10187.47,9757.04,9852.97,64823.815987
2020-02-11,9852.97,10312.71,9722.3,10218.54,64127.540282
2020-02-12,10218.54,10456.87,10218.54,10336.3,63816.129562
2020-02-13,10336.3,10500.0,10100.0,10233.05,82527.102833
2020-02-14,10233.05,10380.0,10116.0,10344.38,65930.054461
2020-02-15,10344.38,10373.35,9808.51,9908.99,60388.355654
2020-02-16,9908.99,10048.16,9632.62,9921.4,75746.852223
2020-02-17,9921.4,9957.27,9454.07,9702.1,85729.357966
2020-02-18,9702.1,10243.02,9585.29,10161.76,76612.980896
2020-02-19,10161.76,10257.79,9353.23,9593.33,75492.311411
2020-02-20,9593.33,9691.78,9399.7,9597.28,81757.049603
2020-02-21,9597.28,9753.05,9567.38,9680.53,61424.051458
2020-02-22,9680.53,9705.77,9559.4,9650.23,51839.56105
2020-02-23,9650.23,9984.17,9648.45,9941.64,50348.048781
2020-02-24,9941.64,9987.03,9495.87,9660.58,59280.987119
2020-02-25,9660.58,9676.01,9257.55,9320.75,58712.263555
2020-02-26,9320.75,9377.39,8650.0,8798.79,76147.201643
2020-02-27,8798.79,8970.83,8526.82,8812.95,79208.955447
2020-02-28,8812.95,8900.25,8445.02,8691.4,73175.001544
2020-02-29,8691.4,8788.33,8525.05,8528.42,53115.455633
2020-03-01,8528.42,8747.5,8425.82,8529.55,58069.49257
2020-03-02,8529.55,8961.97,8499.44,8909.01,62783.331997
2020-03-03,8909.01,8913.96,8656.02,8758.87,61083.377949
2020-03-04,8758.87,8845.83,8662.2,8751.26,48298.354281
2020-03-05,8751.26,9151.54,8751.24,9058.12,57675.25728
2020-03-06,9058.12,9168.06,8990.15,9132.05,59433.580999
2020-03-07,9132.05,9186.9,8844.79,8887.22,63140.848756
2020-03-08,8887.22,8887.22,8000.86,8032.31,69111.29515
2020-03-09,8032.31,8171.5,7640.0,7930.19,108174.269731
2020-03-10,7930.19,8145.31,7737.19,7891.71,83480.385063
2020-03-11,7891.71,7978.89,7599.93,7934.2,86381.487189
2020-03-12,7934.2,7960.86,4404.74,4824.97,320597.642351
2020-03-13,4824.97,5947.36,3801.02,5580.97,540301.310259
2020-03-14,5580.97,5635.57,5058.56,5177.38,149916.241751
2020-03-15,5177.38,5934.77,5101.91,5361.42,166496.505537
2020-03-16,5361.42,5364.48,4451.39,5024.92,228718.531693
2020-03-17,5024.92,5517.85,4928.28,5316.38,182411.689604
2020-03-18,5316.38,5429.16,5010.09,5393.87,164330.343164
2020-03-19,5393.87,6394.01,5253.8,6163.9,169256.382327
2020-03-20,6163.9,6900.0,5686.47,6200.17,183244.77501
2020-03-21,6200.17,6441.48,5865.85,6186.92,98611.254296
2020-03-22,6186.92,6401.73,5749.12,5820.18,96387.704669
2020-03-23,5820.18,6579.56,5695.82,6471.08,113840.932048
2020-03-24,6471.08,6823.43,6376.33,6745.15,116946.117065
2020-03-25,6745.15,6951.3,6455.47,6676.55,104874.641034
2020-03-26,6676.55,6777.19,6522.84,6732.63,71338.441858
2020-03-27,6732.63,6838.15,6290.12,6360.68,67067.315678
2020-03-28,6360.68,6360.68,6029.34,6237.58,62606.231445
2020-03-29,6237.58,6264.12,5874.21,5879.72,52059.646357
2020-03-30,5879.72,6595.93,5859.6,6391.29,69960.238774
2020-03-31,6391.29,6517.61,6336.37,6410.44,71181.966896
2020-04-01,6410.44,6671.77,6151.29,6641.32,73548.245948
2020-04-02,6641.32,7199.99,6562.3,6794.99,120508.827907
2020-04-03,6794.99,7037.76,6607.96,6735.82,101174.629457
2020-04-04,6735.82,6988.3,6654.47,6856.27,114319.560675
2020-04-05,6856.27,6892.91,6680.53,6771.83,83766.010865
2020-04-06,6771.83,7348.55,6767.56,7329.96,97879.101405
2020-04-07,7329.96,7452.49,7080.41,7197.44,71086.827775
2020-04-08,7197.44,7417.45,7097.28,7359.83,59337.616529
2020-04-09,7359.83,7370.1,7119.06,7285.95,49597.879935
2020-04-10,7285.95,7293.97,6746.26,6859.91,61324.085797
2020-04-11,6859.91,6939.54,6762.76,6876.98,67563.610225
2020-04-12,6876.98,7176.36,6780.04,6903.95,70012.349833
2020-04-13,6903.95,6903.95,6609.91,6838.22,81977.121744
2020-04-14,6838.22,6973.4,6759.64,6869.47,82212.315513
2020-04-15,6869.47,6928.78,6609.51,6620.48,71809.329758
2020-04-16,6620.48,7188.77,6484.0,7101.14,95648.829444
2020-04-17,7101.14,7144.53,6991.77,7026.46,65572.3447
2020-04-18,7026.46,7290.37,7019.29,7247.27,63097.462531
2020-04-19,7247.27,7262.61,7058.4,7120.45,49446.782775
2020-04-20,7120.45,7207.01,6755.89,6831.29,80140.257164
2020-04-21,6831.29,6931.91,6763.72,6842.18,75179.498493
2020-04-22,6842.18,7154.02,6819.35,7125.54,68842.782398
2020-04-23,7125.54,7728.21,7027.07,7485.15,121929.764925
2020-04-24,7485.15,7604.43,7400.01,7503.44,87790.400095
2020-04-25,7503.44,7699.2,7439.07,7539.99,96292.762613
2020-04-26,7539.99,7700.04,7495.55,7694.08,70736.88587
2020-04-27,7694.08,7787.39,7627.61,7773.06,74484.106458
2020-04-28,7773.06,7778.01,7661.75,7745.06,59648.769775
2020-04-29,7745.06,8950.47,7709.62,8776.98,109757.956985
2020-04-30,8776.98,9451.94,8410.09,8625.67,143730.945338
2020-05-01,8625.67,9055.55,8617.47,8823.41,85619.367758
2020-05-02,8823.41,9008.56,8756.18,8971.54,81566.959271
2020-05-03,8971.54,9190.5,8723.57,8891.62,93247.208588
2020-05-04,8891.62,8949.8,8524.13,8870.35,85065.167887
2020-05-05,8870.35,9103.75,8771.21,9021.29,77764.518686
2020-05-06,9021.29,9389.38,8916.2,9149.78,83611.743077
2020-05-07,9149.78,10051.02,9034.3,9982.09,93294.59367
2020-05-08,9982.09,10031.71,9720.0,9801.72,76533.881164
2020-05-09,9801.72,9911.52,9521.19,9540.08,66336.865861
2020-05-10,9540.08,9566.5,8153.66,8726.66,80493.110199
2020-05-11,8726.66,9155.66,8206.08,8553.82,100731.873151
2020-05-12,8553.82,8971.83,8532.14,8811.71,65164.709298
2020-05-13,8811.71,9392.73,8794.14,9304.47,73211.745132
2020-05-14,9304.47,9957.52,9259.68,9790.42,64146.662645
2020-05-15,9790.42,9835.58,9153.39,9314.73,35221.452526
2020-05-16,9314.73,9583.97,9223.06,9383.51,28498.977107
2020-05-17,9383.51,9880.99,9326.34,9676.23,25533.490635
2020-05-18,9676.23,9946.07,9494.05,9731.27,19896.966335
2020-05-19,9731.27,9895.0,9481.56,9774.32,8308.723353
2020-05-20,9774.32,9838.76,9334.13,9513.44,6913.604233
2020-05-21,9513.44,9572.44,8820.38,9065.49,9263.16447
2020-05-22,9065.49,9259.07,8905.51,9169.05,11153.69723
2020-05-23,9169.05,9304.18,9086.27,9176.98,10424.452233
2020-05-24,9176.98,9297.07,8703.09,8714.71,11546.276264
2020-05-25,8714.71,8975.0,8650.72,8897.5,13377.841559
2020-05-26,8897.5,9009.06,8704.98,8842.01,11789.149834
2020-05-27,8842.01,9222.22,8814.52,9202.17,10359.414745
2020-05-28,9202.17,9619.93,9114.24,9578.13,11010.413674
2020-05-29,9578.13,9601.98,9340.02,9425.38,11128.634712
2020-05-30,9425.38,9736.47,9332.35,9695.44,10378.984965
2020-05-31,9695.44,9698.82,9400.01,9451.63,11422.194799
2020-06-01,9451.63,10356.47,9422.93,10195.64,10846.120772
2020-06-02,10195.64,10219.55,9301.46,9519.58,12248.815012
2020-06-03,9519.58,9678.69,9401.91,9664.66,9199.069656
2020-06-04,9664.66,9857.23,9468.89,9793.37,10422.983552
2020-06-05,9793.37,9848.92,9610.86,9625.29,10794.767682
2020-06-06,9625.29,9731.6,9541.32,9668.51,19961.116784
2020-06-07,9668.51,9800.0,9397.06,9747.02,7928.739676
2020-06-08,9747.02,9796.6,9649.38,9778.55,6513.370692
2020-06-09,9778.55,9869.8,9577.94,9769.69,6685.648208
2020-06-10,9769.69,9962.23,9700.04,9881.17,5766.839885
2020-06-11,9881.17,9956.83,9078.18,9281.0,10241.719094
2020-06-12,9281.0,9550.57,9244.46,9465.02,8628.771585
2020-06-13,9465.02,9490.65,9354.15,9473.82,6032.51918
2020-06-14,9473.82,9478.39,9251.18,9341.62,5983.159535
2020-06-15,9341.62,9493.41,8915.1,9425.07,16496.160333
2020-06-16,9425.07,9584.77,9374.96,9525.3,10489.761648
2020-06-17,9525.3,9560.16,9247.89,9464.96,9587.950576
2020-06-18,9464.96,9482.12,9281.05,9385.46,7604.776358
2020-06-19,9385.46,9434.3,9242.88,9310.19,9499.62752737111
2020-06-20,9310.19,9393.95,9177.34,9358.37,6388.498571293484
2020-06-21,9358.37,9416.13,9284.47,9294.61,4906.8302201833285
2020-06-22,9294.61,9778.38,9279.44,9685.96,7377.092479488717
2020-06-23,9685.96,9718.94,9580.17,9624.19,5986.001204480602
2020-06-24,9624.19,9669.14,9208.96,9300.54,9562.429080232905
2020-06-25,9300.54,9335.31,9010.59,9250.2,10427.372513
2020-06-26,9250.2,9297.39,9050.38,9160.89,11775.107602
2020-06-27,9160.89,9195.81,8837.93,9011.88,10365.333465
2020-06-28,9011.88,9190.0,8945.22,9116.84,7411.192839
2020-06-29,9116.84,9234.96,9027.82,9186.81,9723.054673
2020-06-30,9186.81,9202.01,9066.63,9135.55,8311.125579
2020-07-01,9135.55,9290.88,9095.42,9230.12,7656.914676
2020-07-02,9230.12,9260.78,8950.66,9085.13,9379.600842
2020-07-03,9085.13,9122.46,9043.21,9060.97,5459.611314
2020-07-04,9060.97,9188.94,9043.88,9136.3,4718.444457
2020-07-05,9136.3,9143.44,8910.15,9081.22,6210.248872
2020-07-06,9081.22,9370.08,9057.82,9342.73,7607.315511
2020-07-07,9342.73,9375.19,9207.38,9256.88,5900.575375
2020-07-08,9256.88,9468.89,9231.15,9436.43,7210.954051
2020-07-09,9436.43,9439.83,9166.06,9233.07,6985.465504
2020-07-10,9233.07,9314.88,9128.83,9287.86,5435.899209
2020-07-11,9287.86,9298.1,9180.38,9234.11,3575.031783
2020-07-12,9234.11,9341.17,9160.04,9301.17,4295.585549
2020-07-13,9301.17,9338.66,9203.05,9242.31,5372.972674
2020-07-14,9242.31,9275.01,9117.74,9254.25,4239.889565
2020-07-15,9254.25,9273.94,9162.64,9198.88,3801.277538
2020-07-16,9198.88,9224.48,9048.19,9135.02,4934.146822
2020-07-17,9135.02,9183.71,9089.81,9155.33,2963.165349
2020-07-18,9155.33,9203.31,9124.55,9170.18,2287.103864
2020-07-19,9170.18,9229.52,9103.75,9207.08,2770.927647
2020-07-20,9207.08,9220.0,9133.77,9160.82,2519.177237
2020-07-21,9160.82,9434.91,9152.86,9387.88,4571.529449
2020-07-22,9387.88,9531.98,9283.21,9519.56,3259.986383
2020-07-23,9519.56,9658.21,9443.8,9605.15,4524.97968
2020-07-24,9605.15,9634.69,9466.83,9537.93,3715.330812
2020-07-25,9537.93,9731.47,9522.96,9700.72,3383.380391
2020-07-26,9700.72,10131.75,9650.0,9930.89,4616.688471
2020-07-27,9930.89,11375.77,9920.75,11045.03,8260.901181
2020-07-28,11045.03,11233.75,10575.43,10908.16,9169.841111
2020-07-29,10908.16,11339.06,10835.59,11101.5,6931.059062
2020-07-30,11101.5,11168.73,10849.19,11098.9,5284.666105
2020-07-31,11098.9,11440.06,10963.99,11335.97,4157.891705
2020-08-01,11335.97,11854.85,11223.18,11802.95,6019.986993
2020-08-02,11802.95,12102.67,10600.0,11068.13,6896.23829
2020-08-03,11068.13,11465.16,10952.5,11219.91,2457.854091
2020-08-04,11219.91,11410.91,11023.26,11190.46,2006.279155
2020-08-05,11190.46,11779.58,11109.04,11744.05,2260.428456
2020-08-06,11744.05,11898.86,11563.39,11762.31,1900.171947
2020-08-07,11762.31,11903.34,11335.45,11592.95,2239.376264
2020-08-08,11592.95,11805.6,11519.03,11764.94,1089.246643
2020-08-09,11764.94,11796.31,11523.48,11680.61,1163.891337
2020-08-10,11680.61,12061.21,11512.09,11891.07,2131.363406
2020-08-11,11891.07,11933.81,11136.45,11391.06,2945.869769
2020-08-12,11391.06,11616.65,11168.28,11564.13,2147.102036
2020-08-13,11564.13,11782.03,11274.01,11774.65,3515.16105
2020-08-14,11774.65,11847.89,11633.31,11759.71,1588.682271
2020-08-15,11759.71,11978.9,11697.42,11852.85,1381.483493
2020-08-16,11852.85,11931.74,11688.32,11910.92,1019.736389
2020-08-17,11910.92,12460.44,11770.56,12278.44,2045.087944
2020-08-18,12278.44,12383.83,11834.0,11946.06,2129.719789
2020-08-19,11946.06,11999.4,11588.07,11754.97,2346.863401
2020-08-20,11754.97,11878.85,11667.78,11853.74,1148.172372
2020-08-21,11853.74,11877.27,11494.92,11529.45,2328.988114
2020-08-22,11529.45,11683.34,11379.7,11666.61,1699.758749
2020-08-23,11666.61,11715.23,11517.15,11646.85,2114.53849
2020-08-24,11646.85,11824.32,11590.51,11749.87,1923.769632
2020-08-25,11749.87,11765.23,11127.52,11320.0,4675.189337
2020-08-26,11320.0,11537.0,11230.0,11461.1,3642.451249
2020-08-27,11461.1,11587.24,11130.27,11326.92,3239.513131
2020-08-28,11326.92,11540.15,11278.27,11528.42,2037.403043
2020-08-29,11528.42,11578.81,11430.1,11466.2,1030.113692
2020-08-30,11466.2,11717.76,11459.87,11711.43,1376.537368
2020-08-31,11711.43,11774.4,11571.3,11649.54,1815.596964
2020-09-01,11649.54,12049.81,11539.41,11923.76,3337.693235
2020-09-02,11923.76,11950.23,11174.79,11389.63,2596.708104
2020-09-03,11389.63,11448.46,9993.65,10143.5,4282.814904
2020-09-04,10143.5,10622.71,9907.6,10447.73,2370.013489
2020-09-05,10447.73,10563.13,9863.4,10166.81,1632.110598
2020-09-06,10166.81,10343.46,9996.98,10250.57,1105.392736
2020-09-07,10250.57,10399.06,9880.01,10373.0,1481.959015
2020-09-08,10373.0,10431.32,9864.95,10125.81,1485.437832
2020-09-09,10125.81,10338.08,9982.96,10219.33,759.25619
2020-09-10,10219.33,10478.92,10212.0,10336.34,1028.469141
2020-09-11,10336.34,10394.22,10206.04,10386.51,635.216799
2020-09-12,10386.51,10476.7,10272.29,10440.6,436.427925
2020-09-13,10440.6,10575.18,10216.0,10323.92,446.337428
2020-09-14,10323.92,10743.68,10249.08,10671.65,403.702713
2020-09-15,10671.65,10928.33,10625.13,10784.43,709.616662
2020-09-16,10784.43,11091.04,10670.0,10948.88,826.971378
2020-09-17,10948.88,11038.83,10752.0,10939.03,783.240123
2020-09-18,10939.03,11028.45,10818.43,10934.32,627.942335
2020-09-19,10934.32,11191.0,10751.95,11083.5,708.938397
2020-09-20,11083.5,11083.5,10765.83,10919.65,915.319323
2020-09-21,10919.65,10987.3,10299.37,10415.04,1142.875445
2020-09-22,10415.04,10573.86,10356.66,10530.16,958.650662
2020-09-23,10530.16,10535.01,10141.94,10238.02,912.987298
2020-09-24,10238.02,10791.18,10205.34,10735.05,953.494115
2020-09-25,10735.05,10757.9,10556.08,10687.25,895.896911
2020-09-26,10687.25,10819.76,10646.76,10727.74,760.77569
2020-09-27,10727.74,10798.58,10595.63,10773.15,798.711806
2020-09-28,10773.15,10946.85,10639.93,10695.29,844.156442
2020-09-29,10695.29,10861.14,10642.32,10839.98,967.786719
2020-09-30,10839.98,10847.36,10667.85,10775.63,759.007271
2020-10-01,10775.63,10915.18,10455.0,10620.46,705.913114
2020-10-02,10620.46,10661.4,10376.75,10570.67,731.917253
2020-10-03,10570.67,10596.29,10449.83,10541.23,541.363232
2020-10-04,10541.23,10693.21,10519.0,10667.75,511.600382
2020-10-05,10667.75,10796.05,10621.7,10790.17,507.401851
2020-10-06,10790.17,10797.24,10530.51,10601.81,626.193624
2020-10-07,10601.81,10679.53,10555.06,10667.67,502.807297
2020-10-08,10667.67,10944.94,10535.65,10918.39,741.499017
2020-10-09,10918.39,11098.82,10728.72,11050.53,747.667952
2020-10-10,11050.53,11487.47,10950.0,11294.39,896.89942
2020-10-11,11294.39,11440.65,11273.58,11369.74,734.339014
2020-10-12,11369.74,11720.53,11194.83,11531.36,888.740256
2020-10-13,11531.36,11555.64,11309.28,11419.25,864.776724
2020-10-14,11419.25,11536.57,11291.1,11416.99,757.70938
2020-10-15,11416.99,11600.0,11256.34,11503.01,838.59963
2020-10-16,11503.01,11537.94,11214.35,11316.17,691.236412
2020-10-17,11316.17,11399.48,11267.23,11359.78,566.192957
2020-10-18,11359.78,11506.4,11348.16,11500.77,428.71414
2020-10-19,11500.77,11829.66,11408.3,11749.98,732.052114
2020-10-20,11749.98,12031.23,11685.01,11908.31,1295.261784
2020-10-21,11908.31,13211.83,11889.94,12793.74,1857.810497
2020-10-22,12793.74,13175.57,12691.25,12968.6,1381.130388
2020-10-23,12968.6,13020.01,12727.13,12927.0,1019.153318
2020-10-24,12927.0,13162.09,12883.71,13113.2,825.614894
2020-10-25,13113.2,13340.65,12900.01,13033.18,778.616092
2020-10-26,13033.18,13229.07,12770.35,13054.23,849.061644
2020-10-27,13054.23,13789.33,13047.22,13637.27,1554.489884
2020-10-28,13637.27,13857.3,12904.37,13273.36,1799.469406
2020-10-29,13273.36,13633.54,12976.51,13456.03,1864.963925
2020-10-30,13456.03,13661.38,13110.85,13555.56,1304.603564
2020-10-31,13555.56,14093.71,13423.53,13791.7,1639.672405
2020-11-01,13791.7,13891.71,13620.04,13757.15,632.941596
2020-11-02,13757.15,13828.85,13200.0,13552.21,996.514554
2020-11-03,13552.21,14062.17,13286.91,14020.58,1786.038817
2020-11-04,14020.58,14257.64,13529.06,14137.74,1680.054415
2020-11-05,14137.74,15733.4,14093.84,15585.94,2579.293785
2020-11-06,15585.94,15955.24,15163.61,15577.47,2719.699246
2020-11-07,15577.47,15753.35,14354.97,14814.06,2780.475639
2020-11-08,14814.06,15649.84,14704.95,15476.8,1854.052989
2020-11-09,15476.8,15840.2,14813.49,15324.96,2689.593035
2020-11-10,15324.96,15459.62,15085.43,15297.51,971.334117
2020-11-11,15297.51,15964.39,15276.01,15684.86,1025.752469
2020-11-12,15684.86,16338.66,15458.05,16288.73,1813.043599
2020-11-13,16288.73,16473.1,15964.04,16319.87,908.650301
2020-11-14,16319.87,16326.86,15704.24,16063.33,835.559875
2020-11-15,16063.33,16161.85,15776.14,15952.65,592.331795
2020-11-16,15952.65,16879.35,15866.92,16703.38,948.069556
2020-11-17,16703.38,17856.76,16546.82,17661.83,1874.699368
2020-11-18,17661.83,18475.21,17233.93,17777.46,4333.006074
2020-11-19,17777.46,18164.87,17347.94,17806.59,1843.499061
2020-11-20,17806.59,18802.99,17748.14,18660.73,1647.219447
2020-11-21,18660.73,18964.98,18349.16,18702.16,1316.006926
2020-11-22,18702.16,18749.64,17616.18,18419.64,1824.717717
2020-11-23,18419.64,18759.82,18002.71,18380.86,2163.082018
2020-11-24,18380.86,19413.87,18052.04,19151.46,2439.206472
2020-11-25,19151.46,19483.81,18510.8,18724.56,2184.704843
2020-11-26,18724.56,18911.74,16100.0,17147.72,9827.820021
2020-11-27,17147.72,17452.83,16459.61,17137.85,3516.367236
2020-11-28,17137.85,17876.52,16865.98,17725.77,1357.354591
2020-11-29,17725.77,18334.34,17521.83,18181.53,1225.381074
2020-11-30,18181.53,19850.62,18181.53,19691.54,3167.889648
2020-12-01,19691.54,19887.01,18111.0,18763.93,6153.229755
2020-12-02,18763.93,19338.09,18332.42,19222.43,3048.436612
2020-12-03,19222.43,19596.79,18873.07,19426.14,1379.267526
2020-12-04,19426.14,19525.01,18576.45,18655.99,1618.633978
2020-12-05,18655.99,19172.16,18502.5,19145.71,774.905823
2020-12-06,19145.71,19415.23,18858.19,19361.74,661.141321
2020-12-07,19361.74,19419.88,18907.37,19168.12,570.26205
2020-12-08,19168.12,19290.86,18211.0,18329.15,1401.544909
2020-12-09,18329.15,18639.23,17651.4,18542.07,2035.201965
2020-12-10,18542.07,18552.16,17912.47,18242.62,1073.310729
2020-12-11,18242.62,18292.57,17567.82,18031.9,1649.4641
2020-12-12,18031.9,18941.34,18028.69,18799.36,692.083589
2020-12-13,18799.36,19408.86,18712.65,19181.25,855.429124
2020-12-14,19181.25,19349.2,19009.41,19273.28,898.123943
2020-12-15,19273.28,19569.36,19054.47,19427.31,755.566458
2020-12-16,19427.31,21539.81,19280.26,21351.83,2140.537216
2020-12-17,21351.83,23756.85,21233.72,22807.64,6956.104992
2020-12-18,22807.64,23279.04,22359.72,23110.34,2228.912337
2020-12-19,23110.34,24142.75,22759.2,23821.93,2199.461726
2020-12-20,23821.93,24282.48,23083.03,23471.77,2113.507688
2020-12-21,23471.77,24102.52,22100.0,22727.35,6251.282368
2020-12-22,22727.35,23828.8,22378.18,23827.78,2560.203656
2020-12-23,23827.78,24089.6,22636.87,23246.41,3421.702566
2020-12-24,23246.41,23796.58,22714.98,23727.41,2179.090266
2020-12-25,23727.41,24782.55,23436.8,24705.89,2023.703401
2020-12-26,24705.89,26851.77,24502.88,26465.53,2363.760559
2020-12-27,26465.53,28409.85,25830.82,26276.84,5540.137699
2020-12-28,26276.84,27496.5,26119.7,27079.63,2878.048377
2020-12-29,27079.63,27409.64,25901.04,27379.26,2395.564523
2020-12-30,27379.26,28989.75,27379.26,28873.29,3112.027377
2020-12-31,28873.29,29299.69,27995.79,28917.61,2621.127667
2021-01-01,28917.61,29599.75,28678.32,29334.58,1313.475454
2021-01-02,29334.58,33290.72,28952.76,32195.69,5203.516826
2021-01-03,32195.69,34766.05,31979.58,33022.52,6752.90837
2021-01-04,33022.52,33577.78,28192.85,32005.67,9938.183654
2021-01-05,32005.67,34359.38,29928.1,33963.01,7544.737558
2021-01-06,33963.01,37433.97,33319.29,36781.52,8181.999861
2021-01-07,36781.52,40300.0,36322.92,39435.02,10044.336006
2021-01-08,39435.02,41946.11,36546.35,40602.79,15004.256047
2021-01-09,40602.79,41366.17,38743.09,40091.6,5726.877408
2021-01-10,40091.6,41322.9,35258.86,38169.84,10142.372141
2021-01-11,38169.84,38255.03,30438.43,35412.24,48169.482652
2021-01-12,35412.24,36621.26,32571.5,34058.66,18014.517205
2021-01-13,34058.66,37807.22,32406.65,37364.91,13720.095074
2021-01-14,37364.91,40089.72,36700.0,39190.55,6511.768512
2021-01-15,39190.55,39737.44,34433.9,36765.28,9047.362474
2021-01-16,36765.28,37941.02,35374.98,36002.76,6921.156764
2021-01-17,36002.76,36845.52,33858.62,35838.81,6065.12026
2021-01-18,35838.81,37454.88,34800.01,36620.59,4465.834398
2021-01-19,36620.59,37846.03,35900.68,35927.59,4097.63512
2021-01-20,35927.59,36404.7,33413.9,35478.14,6535.720213
2021-01-21,35478.14,35599.83,30100.01,30846.66,14449.354151
2021-01-22,30846.66,33815.99,28853.48,32971.48,12128.018741
2021-01-23,32971.48,33451.58,31396.28,32084.2,5504.054933
2021-01-24,32084.2,33063.98,30924.17,32233.03,3961.18804
2021-01-25,32233.03,34862.91,31921.76,32267.28,5306.615748
2021-01-26,32267.28,32907.92,30850.03,32470.73,6114.366885
2021-01-27,32470.73,32545.06,29255.5,30368.99,9038.123553
2021-01-28,30368.99,33763.94,29848.48,33342.55,5232.987945
2021-01-29,33342.55,38515.99,31932.46,34224.15,18810.262561
2021-01-30,34224.15,34929.89,32846.02,34267.65,7985.324878
2021-01-31,34267.65,34334.46,32178.58,33095.58,3859.463392
2021-02-01,33095.58,34699.08,32301.39,33520.03,4723.405388
2021-02-02,33520.03,35978.87,33429.57,35475.43,5019.942393
2021-02-03,35475.43,37653.15,35375.31,37616.5,2885.296922
2021-02-04,37616.5,38707.08,36189.21,36951.1,5848.105603
2021-02-05,36951.1,38305.75,36584.5,38287.26,2416.817784
2021-02-06,38287.26,40948.9,38220.91,39186.13,3605.358962
2021-02-07,39186.13,39688.55,37363.68,38796.06,5126.764024
2021-02-08,38796.06,46683.3,38013.43,46371.87,9828.93731
2021-02-09,46371.87,48395.36,44986.24,46429.14,7706.362203
2021-02-10,46429.14,47300.0,43730.74,44816.15,6587.434502
2021-02-11,44816.15,48653.48,44000.07,47982.09,5588.804546
2021-02-12,47982.09,48976.06,46210.2,47345.13,4144.665765
2021-02-13,47345.13,48114.09,46227.5,47150.03,2844.731501
2021-02-14,47150.03,49698.9,47022.72,48571.56,2219.204057
2021-02-15,48571.56,48996.01,45747.8,47936.2,4405.558806
2021-02-16,47936.2,50666.28,47030.48,49157.13,3350.057428
2021-02-17,49157.13,52604.14,48974.23,52085.22,2577.865772
2021-02-18,52085.22,52797.22,50924.46,51567.51,1475.377475
2021-02-19,51567.51,56339.7,50764.8,55874.22,2356.931887
2021-02-20,55874.22,57558.27,53927.46,55873.0,2715.306709
2021-02-21,55873.0,58344.45,55484.9,57417.39,1839.671814
2021-02-22,57417.39,57497.5,47888.88,54076.79,8676.387133
2021-02-23,54076.79,54169.4,44962.37,48909.93,20971.682774
2021-02-24,48909.93,51349.78,47014.68,49686.72,6759.878516
2021-02-25,49686.72,52020.98,46200.0,47049.7,5873.635965
2021-02-26,47049.7,48409.32,44141.97,46316.05,12321.319976
2021-02-27,46316.05,48380.0,45005.31,46127.49,5794.725146
2021-02-28,46127.49,46622.82,43007.68,45155.11,8692.460421
2021-03-01,45155.11,49788.31,44959.75,49587.85,5043.982667
2021-03-02,49587.85,50184.49,47058.89,48414.85,4088.178468
2021-03-03,48414.85,52618.98,48114.68,50368.15,3474.185441
2021-03-04,50368.15,51766.46,47500.95,48353.01,5845.094758
2021-03-05,48353.01,49441.81,46322.74,48755.22,5170.234072
2021-03-06,48755.22,49198.92,47080.09,48860.92,2328.515407
2021-03-07,48860.92,51443.97,48854.93,50936.35,2612.068619
2021-03-08,50936.35,52387.47,49295.25,52362.46,3583.428358
2021-03-09,52362.46,54881.1,51836.38,54862.18,2650.958345
2021-03-10,54862.18,57383.06,53031.12,55838.57,4064.886329
2021-03-11,55838.57,58145.95,54286.98,57789.59,4260.139124
2021-03-12,57789.59,58064.64,55033.08,57247.93,3776.117983
2021-03-13,57247.93,61832.38,56090.95,61180.15,3014.038944
2021-03-14,61180.15,61703.15,59088.0,59166.91,2002.88513
2021-03-15,59166.91,60623.0,54686.99,55609.81,6745.910273
2021-03-16,55609.81,56922.04,53316.09,56908.15,5067.880168
2021-03-17,56908.15,58964.02,54154.68,58884.95,2430.023424
2021-03-18,58884.95,60104.81,57035.16,57647.73,1350.003242
2021-03-19,57647.73,59464.02,56395.7,58050.5,1083.480752
2021-03-20,58050.5,59876.78,57827.19,58121.25,749.208701
2021-03-21,58121.25,58587.5,55476.0,57374.51,1143.98822
2021-03-22,57374.51,58416.06,53751.63,54070.02,2228.254481
2021-03-23,54070.02,55825.94,53000.01,54380.39,1880.154495
2021-03-24,54380.39,57193.59,51728.86,52300.0,2412.395078
2021-03-25,52300.0,54200.0,50471.01,51304.34,3624.587211
2021-03-26,51304.34,55068.12,51229.75,55032.28,996.100607
2021-03-27,55032.28,56666.0,53958.0,55850.64,739.770891
2021-03-28,55850.64,56541.04,54693.97,55777.6,573.855182
2021-03-29,55777.6,58401.18,54916.91,57637.52,808.123226
2021-03-30,57637.52,59365.85,57071.4,58755.3,490.097096
2021-03-31,58755.3,59794.32,56809.64,58751.77,985.612609
2021-04-01,58751.77,59473.52,57936.22,58719.33,602.519556
2021-04-02,58719.33,60193.78,58453.95,58959.99,460.106648
2021-04-03,58959.99,59787.83,56824.67,57074.31,1663.467883
2021-04-04,57074.31,58490.92,56445.6,58198.99,864.367224
2021-04-05,58198.99,59260.24,56801.61,59122.99,821.875505
2021-04-06,59122.99,59494.87,57424.79,57982.29,1355.004691
2021-04-07,57982.29,58641.54,55483.53,55956.74,1779.501702
2021-04-08,55956.74,58148.76,55703.17,58075.28,871.057403
2021-04-09,58075.28,58891.63,57666.95,58135.47,468.124536
2021-04-10,58135.47,61350.0,57900.02,59762.37,1426.127679
2021-04-11,59762.37,60698.99,59239.36,60006.82,704.153582
2021-04-12,60006.82,61300.01,59370.3,59872.95,846.155792
2021-04-13,59872.95,63743.71,59813.2,63561.54,1470.775723
2021-04-14,63561.54,64837.15,61340.16,62968.06,3006.058164
2021-04-15,62968.06,63777.34,61550.0,63149.19,1155.157043
2021-04-16,63149.19,63520.4,60010.97,61335.92,1813.54652
2021-04-17,61335.92,62506.04,59587.96,60006.69,1892.376685
2021-04-18,60006.69,60376.86,51082.43,56165.75,4639.293623
2021-04-19,56165.75,58038.46,54258.04,55616.65,2364.171814
2021-04-20,55616.65,57059.67,53264.1,56433.65,2283.9265
2021-04-21,56433.65,56750.01,53621.65,53783.91,3320.036562
2021-04-22,53783.91,55454.53,50518.43,51731.72,2502.197114
2021-04-23,51731.72,52114.4,47533.4,51129.57,3574.149313
2021-04-24,51129.57,51161.55,48679.98,50051.07,1283.210993
2021-04-25,50051.07,50541.39,46990.4,49060.72,1148.509301
2021-04-26,49060.72,54310.5,48770.85,53998.5,1577.171823
2021-04-27,53998.5,55440.24,53239.99,55017.4,1040.832555
2021-04-28,55017.4,56391.23,53815.11,54821.61,1014.338149
2021-04-29,54821.61,55195.11,52339.96,53555.0,828.159539
2021-04-30,53555.0,57930.57,53037.16,57696.05,386.217051
2021-05-01,57696.05,58450.94,57020.99,57795.15,356.728741
2021-05-02,57795.15,57910.61,56050.8,56578.24,374.806242
2021-05-03,56578.24,58967.24,56489.4,57153.85,287.498459
2021-05-04,57153.85,57198.18,53100.09,53212.23,590.02596
2021-05-05,53212.23,58000.0,52928.33,57418.99,553.776036
2021-05-06,57418.99,58359.98,55261.01,56392.15,670.233268
2021-05-07,56392.15,58643.01,55242.7,57314.07,1086.339677
2021-05-08,57314.07,59498.94,56915.65,58857.95,2717.978683
2021-05-09,58857.95,59225.95,56260.05,58217.0,403.215959
2021-05-10,58217.0,59500.0,53546.26,55819.1,1815.47199
2021-05-11,55819.1,56853.29,54500.0,56675.1,3149.15271
2021-05-12,56675.1,57963.79,48668.0,49650.32,948.611061
2021-05-13,49650.32,51358.89,46273.98,49665.18,1837.761785
2021-05-14,49665.18,51451.64,48835.61,49824.03,1079.523771
2021-05-15,49824.03,50667.5,46580.39,46759.71,1661.482234
2021-05-16,46759.71,49786.62,43503.26,46423.42,1999.630322
2021-05-17,46423.42,46615.29,42120.36,43529.8,6352.699763
2021-05-18,43529.8,45787.93,42264.06,42856.6,4627.397181
2021-05-19,42856.6,43552.09,30002.0,36638.27,20511.46645
2021-05-20,36638.27,42420.15,34912.07,40506.99,6241.126078
2021-05-21,40506.99,42186.39,33500.0,37262.28,765.054393
2021-05-22,37262.28,38812.03,35215.39,37468.91,486.210087
2021-05-23,37468.91,38265.73,31119.75,34621.98,634.680751
2021-05-24,34621.98,39883.91,34396.98,38778.41,412.153104
2021-05-25,38778.41,39789.8,36445.67,38347.98,408.181192
2021-05-26,38347.98,40814.98,37806.17,39233.38,328.623705
2021-05-27,39233.38,40388.76,37150.02,38496.11,316.835177
2021-05-28,38496.11,38858.98,34712.0,35660.58,463.872094
2021-05-29,35660.58,37301.92,33648.5,34588.03,384.495898
2021-05-30,34588.03,36487.53,33397.56,35649.81,306.463054
2021-05-31,35649.81,37492.95,34161.42,37260.84,473.430528
2021-06-01,37260.84,37888.85,35709.09,36693.01,299.011288
2021-06-02,36693.01,38222.47,35950.66,37574.17,282.828044
2021-06-03,37574.17,39475.96,37189.69,39229.0,288.401434
2021-06-04,39229.0,39287.63,34900.29,36843.42,306.136651
2021-06-05,36843.42,37894.91,34825.78,35514.11,311.693472
2021-06-06,35514.11,36450.0,35242.4,35795.94,201.670285
2021-06-07,35795.94,36801.43,33335.05,33570.45,280.16039
2021-06-08,33570.45,34042.46,31028.67,33377.94,579.615163
2021-06-09,33377.94,37520.6,32404.83,37351.19,363.876431
2021-06-10,37351.19,38422.98,35802.57,36645.85,239.169312
2021-06-11,36645.85,37660.06,35975.43,37332.41,261.031456
2021-06-12,37332.41,37450.0,34623.76,35499.98,277.832763
2021-06-13,35499.98,39357.37,34800.0,39018.48,182.592015
2021-06-14,39018.48,41031.0,38753.45,40516.66,304.401201
2021-06-15,40516.66,41316.88,39563.24,40156.47,242.69478
2021-06-16,40156.47,40497.37,38125.7,38340.41,231.829438
2021-06-17,38340.41,39547.91,37390.77,38070.27,197.353744
2021-06-18,38070.27,38200.44,35138.6,35801.91,708.039417
2021-06-19,35801.91,36433.59,34836.73,35504.44,169.246035
2021-06-20,35504.44,36101.18,33340.67,35597.17,215.313651
2021-06-21,35597.17,35739.73,31274.6,31615.97,446.811581
2021-06-22,31615.97,33289.84,28809.36,32499.92,511.780741
2021-06-23,32499.92,34802.32,31725.1,33654.87,233.148878
2021-06-24,33654.87,35278.19,32320.08,34663.23,97.596206
2021-06-25,34663.23,35499.0,31300.97,31592.92,151.923336
2021-06-26,31592.92,32663.94,30159.38,32276.99,168.992992
2021-06-27,32276.99,34715.88,32000.87,34682.35,150.200097
2021-06-28,34682.35,35267.99,33877.33,34483.37,71.753726
2021-06-29,34483.37,36561.33,34228.58,35835.41,113.997458
2021-06-30,35835.41,36099.99,34054.6,35022.53,105.449209
2021-07-01,35022.53,35030.16,32749.14,33520.8,69.288647
2021-07-02,33520.8,33977.03,32703.19,33788.59,77.764827
2021-07-03,33788.59,34942.18,33345.97,34666.58,55.729584
2021-07-04,34666.58,35964.08,34376.47,35299.77,40.217561
2021-07-05,35299.77,35299.77,33130.43,33689.32,58.359812
2021-07-06,33689.32,35080.86,33558.21,34225.36,86.009762
2021-07-07,34225.36,35028.25,33780.01,33864.15,64.472918
2021-07-08,33864.15,33925.02,32099.52,32862.65,202.007654
2021-07-09,32862.65,34082.47,32279.61,33815.88,254.312897
2021-07-10,33815.88,34250.08,33038.7,33512.33,206.927252
2021-07-11,33512.33,34597.98,33311.91,34247.16,146.391235
2021-07-12,34247.16,34663.11,32660.01,33108.66,175.401207
2021-07-13,33108.66,33312.53,32209.01,32729.22,280.11062
2021-07-14,32729.22,33093.49,31595.73,32823.91,114.53006
2021-07-15,32823.91,33179.73,31142.94,31856.74,71.449943
2021-07-16,31856.74,32237.39,31055.01,31379.19,46.657373
2021-07-17,31379.19,31941.9,31165.78,31512.99,41.74184
2021-07-18,31512.99,32399.99,31134.19,31781.14,53.015647
2021-07-19,31781.14,31893.46,30496.11,30835.74,73.765072
2021-07-20,30835.74,31062.1,29299.24,29785.94,76.745318
2021-07-21,29785.94,32782.91,29500.01,32132.47,114.942007
2021-07-22,32132.47,32582.56,31723.84,32291.29,103.115602
2021-07-23,32291.29,33612.19,32026.3,33612.19,107.608939
2021-07-24,33612.19,34483.89,33403.28,34251.45,158.179225
2021-07-25,34251.45,35394.62,33862.8,35382.03,141.065455
2021-07-26,35382.03,40521.6,35216.71,37259.9,526.540555
2021-07-27,37259.9,39498.48,36400.14,39498.48,239.214444
2021-07-28,39498.48,40888.88,38834.91,40003.6,269.014529
2021-07-29,40003.6,40625.62,39309.86,40014.79,113.877248
2021-07-30,40014.79,42278.34,38333.48,42162.28,200.410554
2021-07-31,42162.28,42284.83,41050.39,41397.17,100.341156
2021-08-01,41397.17,42576.26,39547.08,39902.51,123.417419
2021-08-02,39902.51,40436.43,38702.73,39137.47,207.13071
2021-08-03,39137.47,39761.19,37688.81,38198.17,200.039871
2021-08-04,38198.17,39961.36,37555.52,39733.1,168.320448
2021-08-05,39733.1,41349.58,37343.62,40862.75,301.714614
2021-08-06,40862.75,43344.56,39886.11,42826.19,331.478944
2021-08-07,42826.19,44691.41,42490.93,44552.53,283.754003
2021-08-08,44552.53,45299.46,43275.21,43831.38,158.193567
2021-08-09,43831.38,46452.54,42813.15,46272.08,229.57465
2021-08-10,46272.08,46676.04,44642.7,45587.76,278.779774
2021-08-11,45587.76,46740.32,45346.87,45538.7,639.388858
2021-08-12,45538.7,46213.56,43803.69,44406.46,1585.729891
2021-08-13,44406.46,47857.14,44228.7,47794.94,690.810748
2021-08-14,47794.94,48119.77,46034.46,47068.27,205.559766
2021-08-15,47068.27,47367.59,45513.18,46979.98,173.994123
2021-08-16,46979.98,48044.0,45663.98,45918.14,267.634345
2021-08-17,45918.14,47150.26,44426.25,44688.69,377.675367
2021-08-18,44688.69,45999.56,44212.08,44710.28,376.09078
2021-08-19,44710.28,47032.51,43952.08,46753.1,1772.13762
2021-08-20,46753.1,49358.82,46640.36,49312.02,3560.447612
2021-08-21,49312.02,49754.4,48232.76,48863.05,5101.84521
2021-08-22,48863.05,49474.37,48083.56,49248.29,3095.108736
2021-08-23,49248.29,50645.99,49032.01,49538.99,3783.700985
2021-08-24,49538.99,49858.87,47603.32,47713.1,2708.284353
2021-08-25,47713.1,49258.28,47129.88,48978.85,2497.077238
2021-08-26,48978.85,49348.24,46320.45,46848.91,3412.432024
2021-08-27,46848.91,49124.51,46357.79,49071.2,2516.617464
2021-08-28,49071.2,49288.19,48377.03,48881.29,721.763505
2021-08-29,48881.29,49630.81,47796.38,48764.41,1489.064089
2021-08-30,48764.41,48877.23,46870.96,46983.36,1166.451333
2021-08-31,46983.36,48238.73,46700.4,47110.47,778.664811
2021-09-01,47110.47,49147.05,46521.81,48813.54,237.958965
2021-09-02,48813.54,50351.43,48600.77,49264.4,176.316439
2021-09-03,49264.4,50999.55,48351.1,49997.52,171.388268
2021-09-04,49997.52,50535.14,49390.88,49914.23,184.212207
2021-09-05,49914.23,51882.65,49476.85,51762.21,215.673566
2021-09-06,51762.21,52764.16,50976.46,52674.04,247.211204
2021-09-07,52674.04,52904.14,42984.95,46834.94,945.811606
2021-09-08,46834.94,47325.76,44444.43,46063.99,712.582126
2021-09-09,46063.99,47380.69,45546.32,46389.13,412.007127
2021-09-10,46389.13,47032.56,44153.39,44858.64,1541.280203
2021-09-11,44858.64,45987.86,44730.14,45167.99,495.160208
2021-09-12,45167.99,46433.31,44743.88,46032.72,1285.444883
2021-09-13,46032.72,46860.31,43515.0,44939.35,1534.037386
2021-09-14,44939.35,47248.37,44691.55,47118.4,1814.83587
2021-09-15,47118.4,48438.73,46712.9,48124.36,699.692228
2021-09-16,48124.36,48480.01,47030.77,47739.51,3085.368696
2021-09-17,47739.51,48149.54,46758.45,47284.55,926.993449
2021-09-18,47284.55,48789.9,47042.05,48294.67,753.311443
2021-09-19,48294.67,48368.59,46832.82,47241.31,758.899739
2021-09-20,47241.31,47335.7,42500.4,43016.03,4590.023791
2021-09-21,43016.03,43627.08,39621.28,40702.59,3793.59304
2021-09-22,40702.59,43990.64,40570.25,43542.54,1243.765475
2021-09-23,43542.54,44967.98,43069.53,44863.0,748.776088
2021-09-24,44863.0,45123.4,40695.8,42807.77,2072.21066
2021-09-25,42807.77,42965.79,41656.39,42670.2,1194.107858
2021-09-26,42670.2,44000.0,40762.39,43177.78,1536.939713
2021-09-27,43177.78,44332.22,42103.38,42158.89,1589.333139
2021-09-28,42158.89,42764.34,40888.42,41033.62,1054.204823
2021-09-29,41033.62,42578.06,40763.41,41527.03,733.506785
2021-09-30,41527.03,44117.95,41412.86,43816.2,825.735354
2021-10-01,43816.2,48457.76,43291.46,48131.13,932.849017
2021-10-02,48131.13,48324.96,47058.21,47640.9,389.543265
2021-10-03,47640.9,49199.94,47097.67,48200.08,432.162409
2021-10-04,48200.08,49496.95,46918.4,49220.08,857.701849
2021-10-05,49220.08,51876.02,49047.67,51460.11,665.342108
2021-10-06,51460.11,55749.95,50402.84,55315.82,1345.075359
2021-10-07,55315.82,55326.07,53377.79,53779.73,1103.070063
2021-10-08,53779.73,56081.87,53636.2,53938.55,895.510936
2021-10-09,53938.55,55463.77,53677.46,54941.23,468.958444
2021-10-10,54941.23,56511.78,54095.71,54684.13,857.690844
2021-10-11,54684.13,57837.94,54418.56,57488.32,735.881595
2021-10-12,57488.32,57639.93,53988.05,56017.85,966.302499
2021-10-13,56017.85,57775.66,54290.04,57374.23,963.038037
2021-10-14,57374.23,58511.04,56826.14,57342.27,726.641446
2021-10-15,57342.27,62915.41,56865.79,61651.82,1325.94211
2021-10-16,61651.82,62349.96,60157.04,60880.3,474.553042
2021-10-17,60880.3,61708.92,58802.21,61525.02,643.208332
2021-10-18,61525.02,62684.9,59913.87,62024.8,884.951398
2021-10-19,62024.8,64478.95,61357.88,64273.54,831.568256
2021-10-20,64273.54,66985.92,63509.52,66003.56,673.49916
2021-10-21,66003.56,66593.75,62039.16,62222.28,1893.125375
2021-10-22,62222.28,63709.48,60029.0,60690.34,844.079294
2021-10-23,60690.34,61730.06,59670.4,61296.83,491.371552
2021-10-24,61296.83,61486.62,59535.34,60857.92,714.570116
2021-10-25,60857.92,63703.87,60657.2,63071.3,490.544034
2021-10-26,63071.3,63280.56,59867.0,60308.51,991.149594
2021-10-27,60308.51,61474.15,58000.07,58417.48,1375.042091
2021-10-28,58417.48,62480.7,58000.0,60593.31,2156.510039
2021-10-29,60593.31,62975.04,60184.25,62263.78,1102.748039
2021-10-30,62263.78,62359.2,60746.78,61843.76,833.423059
2021-10-31,61843.76,62402.75,59987.05,61300.34,1207.502387
2021-11-01,61300.34,62426.43,59500.0,60902.82,1023.184028
2021-11-02,60902.82,64257.51,60634.03,63214.95,1251.447589
2021-11-03,63214.95,63500.0,60500.0,62884.16,2481.565689
2021-11-04,62884.16,63086.27,60705.43,61401.74,1287.369061
2021-11-05,61401.74,62590.01,60726.82,60955.0,1177.917305
2021-11-06,60955.0,61547.33,60069.01,61463.99,871.234094
2021-11-07,61463.99,63274.55,61322.79,63267.03,763.590917
2021-11-08,63267.03,67783.06,63256.52,67525.83,1044.363002
2021-11-09,67525.83,68514.68,66260.0,66943.02,993.238716
2021-11-10,66943.02,68999.99,62890.06,64906.53,2324.976243
2021-11-11,64906.53,65599.34,64108.13,64798.56,1157.864429
2021-11-12,64798.56,65448.08,62281.87,64126.63,1626.290834
2021-11-13,64126.63,64949.95,63364.57,64380.03,544.081026
2021-11-14,64380.03,65531.97,63588.0,65523.97,774.704665
2021-11-15,65523.97,66331.99,63423.19,63615.36,1175.404899
2021-11-16,63615.36,63615.36,58584.4,60067.81,4084.023231
2021-11-17,60067.81,60816.12,58416.64,60353.37,3193.120017
2021-11-18,60353.37,60944.02,56494.7,56885.78,4431.798506
2021-11-19,56885.78,58306.99,55613.42,58057.19,2577.652357
2021-11-20,58057.19,59842.78,57365.71,59697.69,1825.417604
2021-11-21,59697.69,60000.0,58504.46,58601.69,1221.458797
2021-11-22,58601.69,59369.81,55626.48,56256.99,2676.704978
2021-11-23,56256.99,57915.91,55371.57,57531.15,2293.409453
2021-11-24,57531.15,57725.36,55881.11,57149.99,1607.450894
2021-11-25,57149.99,59387.98,57009.0,58932.89,1113.749671
2021-11-26,58932.89,59150.01,53503.99,53758.82,1666.839868
2021-11-27,53758.82,55265.9,53610.02,54762.48,1136.734309
2021-11-28,54762.48,57420.03,53263.0,57278.46,2015.348754
2021-11-29,57278.46,58852.92,56680.82,57774.49,1714.899189
2021-11-30,57774.49,59171.59,55897.94,56864.33,2382.893712
2021-12-01,56864.33,59051.17,56480.14,57184.1,2813.965687
2021-12-02,57184.1,57371.17,55779.24,56480.38,2208.762389
2021-12-03,56480.38,57574.13,51720.33,53658.58,2632.326361
2021-12-04,53658.58,53851.95,40065.06,49170.73,4408.721675
2021-12-05,49170.73,49683.06,47751.77,49379.75,2360.957852
2021-12-06,49379.75,50885.54,47172.5,50450.0,2818.172983
2021-12-07,50450.0,51913.69,50039.74,50586.51,2159.880852
2021-12-08,50586.51,51182.42,48614.63,50457.88,2133.033408
2021-12-09,50457.88,50787.35,47329.72,47555.82,1329.906158
2021-12-10,47555.82,50115.52,46928.45,47163.99,3670.37824
2021-12-11,47163.99,49479.46,46777.18,49330.88,2810.223404
2021-12-12,49330.88,50771.58,48641.23,50068.86,1651.382342
2021-12-13,50068.86,50186.54,45699.98,46693.84,4313.244723
2021-12-14,46693.84,48638.55,46309.25,48347.46,3922.558047
2021-12-15,48347.46,49483.8,46563.22,48865.01,4599.187527
2021-12-16,48865.01,49435.98,47527.59,47626.64,1863.863782
2021-12-17,47626.64,47995.96,45496.28,46145.27,3142.501485
2021-12-18,46145.27,47336.83,45503.59,46826.09,1965.743294
2021-12-19,46826.09,48257.4,46421.99,46685.95,2057.19204
2021-12-20,46685.95,47510.82,45564.5,46906.32,2772.55848
2021-12-21,46906.32,49308.12,46646.33,48897.29,1617.699371
2021-12-22,48897.29,49545.53,48436.67,48588.15,1199.016559
2021-12-23,48588.15,51360.04,48037.51,50798.17,1525.962016
2021-12-24,50798.17,51809.75,50426.99,50807.15,1470.17845
2021-12-25,50807.15,51130.17,50168.69,50396.73,837.311433
2021-12-26,50396.73,51270.44,49432.67,50765.19,1192.258737
2021-12-27,50765.19,52064.92,50449.0,50699.99,1041.577653
2021-12-28,50699.99,50704.02,47320.45,47543.69,2097.870058
2021-12-29,47543.69,48132.28,46110.0,46466.49,2314.093902
2021-12-30,46466.49,47899.99,45973.88,47117.53,1683.683408
2021-12-31,47117.53,48548.26,45678.58,46216.94,2099.838265
2022-01-01,46216.94,47929.16,46205.0,47723.46,1331.045434
2022-01-02,47723.46,47969.26,46668.04,47292.35,1114.931347
2022-01-03,47292.35,47568.43,45709.97,46434.54,1363.65179
2022-01-04,46434.54,47550.01,45555.5,45837.38,1769.234161
2022-01-05,45837.38,47042.87,42500.01,43429.46,3777.054742
2022-01-06,43429.46,43778.92,42448.66,43090.91,2333.885592
2022-01-07,43090.91,43141.93,40627.57,41553.3,3311.338852
2022-01-08,41553.3,42299.99,40548.15,41679.74,1556.257757
2022-01-09,41679.74,42765.99,41000.0,41851.07,628.71002
2022-01-10,41851.07,42236.95,39602.0,41819.36,4378.056097
2022-01-11,41819.36,43094.88,41270.5,42730.0,2231.211688
2022-01-12,42730.0,44272.9,42449.99,43905.83,1910.182249
2022-01-13,43905.83,44416.95,42323.08,42505.92,2836.933765
2022-01-14,42505.92,43446.28,41787.03,43059.96,3277.853154
2022-01-15,43059.96,43789.0,42561.34,43078.45,1636.435652
2022-01-16,43078.45,43466.45,42593.91,43069.51,1764.299925
2022-01-17,43069.51,43442.99,41544.75,42201.99,3159.64938
2022-01-18,42201.99,42673.86,41290.33,42352.18,3269.611384
2022-01-19,42352.18,42559.01,41148.98,41663.81,3216.112831
2022-01-20,41663.81,43503.78,40562.0,40704.32,3822.372632
2022-01-21,40704.32,41100.0,35421.24,36455.47,16301.092729
2022-01-22,36455.47,36809.56,34032.88,35070.35,17204.71141
2022-01-23,35070.35,36498.46,34600.0,36251.6,7653.721893
2022-01-24,36251.6,37525.64,32968.86,36669.17,17548.521293
2022-01-25,36669.17,37531.5,35702.99,36950.75,8348.197196
2022-01-26,36950.75,38910.0,36252.94,36796.91,9990.287455
2022-01-27,36796.91,37225.77,35512.99,37165.95,6106.44901
2022-01-28,37165.95,37999.99,36156.33,37716.57,3100.205417
2022-01-29,37716.57,38715.54,37298.0,38167.4,1902.922608
2022-01-30,38167.4,38319.47,37352.29,37896.8,1390.990921
2022-01-31,37896.8,38731.26,36643.37,38463.88,2150.966918
2022-02-01,38463.88,39258.05,38011.84,38695.22,2070.443
2022-02-02,38695.22,38852.93,36595.99,36893.08,2625.836645
2022-02-03,36893.08,37371.0,36250.0,37310.29,2833.962837
2022-02-04,37310.29,41704.35,37026.73,41560.38,4720.332017
2022-02-05,41560.38,41908.45,40939.37,41382.6,2186.781381
2022-02-06,41382.6,42655.31,41120.68,42381.72,1899.136864
2022-02-07,42381.72,44500.02,41650.0,43825.72,4590.89898
2022-02-08,43825.72,45475.97,42667.0,44032.87,5113.829824
2022-02-09,44032.87,44792.83,43126.38,44374.57,2216.399474
2022-02-10,44374.57,45759.12,43200.0,43494.01,3111.796323
2022-02-11,43494.01,43918.35,41966.7,42373.59,3565.319202
2022-02-12,42373.59,42999.96,41742.15,42214.01,1656.522112
2022-02-13,42214.01,42744.36,41870.27,42050.67,1349.521294
2022-02-14,42050.67,42825.22,41552.89,42531.87,2192.737497
2022-02-15,42531.87,44749.57,42433.95,44544.44,1853.575001
2022-02-16,44544.44,44549.65,43309.3,43873.96,1774.543393
2022-02-17,43873.96,44164.05,40073.55,40512.64,3536.755928
2022-02-18,40512.64,40950.71,39456.74,39974.83,3105.581231
2022-02-19,39974.83,40433.09,39642.53,40080.53,1013.470694
2022-02-20,40080.53,40115.3,38001.34,38381.48,3683.241457
2022-02-21,38381.48,39478.41,36803.59,37011.07,15861.255948
2022-02-22,37011.07,38422.32,36351.07,38238.96,5826.672212
2022-02-23,38238.96,39238.88,37058.22,37250.61,6701.833428
2022-02-24,37250.61,39731.99,34331.44,38325.31,26602.385289
2022-02-25,38325.31,39683.14,38018.17,39214.93,12677.326483
2022-02-26,39214.93,40277.19,38573.54,39116.35,6019.167834
2022-02-27,39116.35,39853.09,37000.96,37697.69,11114.339559
2022-02-28,37697.69,44212.04,37450.18,43169.33,16534.24348
2022-03-01,43169.33,44945.38,42830.85,44423.47,14656.696111
2022-03-02,44423.47,45333.62,43334.72,43892.99,14276.766237
2022-03-03,43892.99,44094.6,41832.3,42454.0,11125.910216
2022-03-04,42454.0,42527.29,38552.47,39148.66,14077.163748
2022-03-05,39148.66,39612.74,38575.63,39397.97,7100.529394
2022-03-06,39397.97,39688.13,38094.21,38410.02,10190.53207
2022-03-07,38410.02,39546.55,37155.02,38002.97,15937.049734
2022-03-08,38002.97,39359.99,37867.65,38727.23,11007.708872
2022-03-09,38727.23,42582.38,38656.68,41942.66,12924.698701
2022-03-10,41942.66,42037.3,38543.56,39421.99,15469.085331
2022-03-11,39421.99,40234.93,38229.75,38729.6,14454.455743
2022-03-12,38729.6,39457.5,38660.58,38809.95,5200.476707
2022-03-13,38809.95,39306.72,37578.57,37774.94,7416.219383
2022-03-14,37774.94,39921.74,37561.05,39671.33,12939.438279
2022-03-15,39671.33,39887.55,38130.12,39280.36,12104.421996
2022-03-16,39280.36,41718.0,38841.14,41115.45,20326.505478
2022-03-17,41115.45,41469.97,40512.34,40913.06,9118.690917
2022-03-18,40913.06,42324.98,40160.34,41759.66,10336.201349
2022-03-19,41759.66,42398.98,41506.2,42206.03,7023.211018
2022-03-20,42206.03,42295.06,40911.1,41258.39,8523.610888
2022-03-21,41258.39,41527.25,40485.03,41004.76,12293.853603
2022-03-22,41004.76,43400.0,40875.8,42361.97,15917.488871
2022-03-23,42361.97,43024.61,41763.41,42884.03,11576.736991
2022-03-24,42884.03,44220.86,42577.06,43991.51,19205.168049
2022-03-25,43991.51,45090.02,43579.01,44313.17,15920.263581
2022-03-26,44313.17,44792.97,44071.97,44511.26,6635.467289
2022-03-27,44511.26,46968.67,44422.19,46827.77,14128.91681
2022-03-28,46827.77,48189.82,46663.57,47122.2,21608.918273
2022-03-29,47122.2,48096.46,46954.48,47434.8,16038.662864
2022-03-30,47434.8,47690.02,46504.5,47067.12,18193.831527
2022-03-31,47067.12,47599.5,45201.13,45510.34,21611.747982
2022-04-01,45510.34,46711.05,44217.97,46280.5,25771.419033
2022-04-02,46280.5,47208.69,45623.61,45811.0,24400.757534
2022-04-03,45811.0,47440.41,45530.92,46407.36,22430.579072
2022-04-04,46407.36,46892.44,45118.02,46582.21,25601.236444
2022-04-05,46582.21,47199.9,45373.25,45497.54,19038.166595
2022-04-06,45497.54,45507.12,43122.33,43178.86,34933.878716
2022-04-07,43178.86,43900.0,42731.62,43455.21,21919.658232
2022-04-08,43455.21,43970.62,42106.48,42257.35,17240.345628
2022-04-09,42257.35,42800.0,42125.5,42753.97,7146.058449
2022-04-10,42753.97,43410.29,41886.72,42154.6,8747.764021
2022-04-11,42154.6,42414.71,39200.01,39530.45,26050.149984
2022-04-12,39530.45,40694.75,39255.0,40074.94,29659.938051
2022-04-13,40074.94,41540.93,39588.55,41147.79,17346.371308
2022-04-14,41147.79,41499.99,39565.55,39942.36,23812.585547
2022-04-15,39942.36,40854.38,39766.42,40547.85,12910.086097
2022-04-16,40547.85,40699.53,39995.57,40378.7,11956.258114
2022-04-17,40378.7,40589.99,39546.19,39678.12,12545.15055
2022-04-18,39678.12,41093.26,38542.94,40801.14,31955.576124
2022-04-19,40801.14,41743.14,40571.0,41493.19,19481.871738
2022-04-20,41493.19,42195.16,40888.05,41361.6,29523.655699
2022-04-21,41361.6,42975.98,39779.08,40480.4,32551.641005
2022-04-22,40480.4,40791.94,39178.67,39709.19,27560.557404
2022-04-23,39709.19,39976.21,39286.01,39441.6,9629.982482
2022-04-24,39441.6,39940.0,38970.04,39450.12,13282.643849
2022-04-25,39450.12,40591.93,38201.5,40426.09,35678.228059
2022-04-26,40426.09,40790.74,37703.02,38112.64,34767.878774
2022-04-27,38112.64,39468.01,37881.32,39235.72,39906.849031
2022-04-28,39235.72,40372.48,38885.56,39742.08,32681.994079
2022-04-29,39742.08,39925.23,38177.48,38599.98,32045.812246
2022-04-30,38599.98,38788.01,37578.38,37630.8,14972.729912
2022-05-01,37630.8,38674.03,37390.18,38469.11,20259.948888
2022-05-02,38469.11,39164.0,38055.43,38524.4,30914.833836
2022-05-03,38524.4,38651.49,37519.98,37728.94,19970.763668
2022-05-04,37728.94,40015.41,37670.0,39690.02,27806.954138
2022-05-05,39690.02,39845.51,35575.76,36552.98,33604.701263
2022-05-06,36552.98,36668.87,35262.11,36013.76,36675.29486
2022-05-07,36013.76,36142.62,34793.61,35472.41,11920.830246
2022-05-08,35472.41,35512.47,33719.97,34035.01,22064.219482
2022-05-09,34035.01,34243.14,30033.35,30090.73,58564.594728
2022-05-10,30090.73,32637.64,29732.02,31017.1,49327.304106
2022-05-11,31017.1,32158.98,27800.94,29121.64,47971.17572
2022-05-12,29121.64,30211.3,26757.17,29027.16,41119.920081
2022-05-13,29027.16,31071.98,28755.22,29284.01,31884.456805
2022-05-14,29284.01,30339.58,28635.0,30086.57,14938.031299
2022-05-15,30086.57,31459.92,29497.23,31329.5,15109.356904
2022-05-16,31329.5,31329.5,29095.09,29866.96,18261.036546
2022-05-17,29866.96,30784.98,29455.16,30443.99,13861.347806
2022-05-18,30443.99,30707.35,28654.85,28714.84,17788.783505
2022-05-19,28714.84,30543.7,28691.4,30319.22,19021.488253
2022-05-20,30319.22,30776.98,28730.02,29202.01,15736.509131
2022-05-21,29202.01,29656.1,28947.3,29452.34,5430.805781
2022-05-22,29452.34,30486.24,29260.02,30296.21,9225.090776
2022-05-23,30296.21,30665.98,28870.01,29097.85,17894.103247
2022-05-24,29097.85,29845.61,28674.0,29654.6,15141.946098
2022-05-25,29654.6,30221.74,29345.47,29542.4,15368.28408
2022-05-26,29542.4,29883.75,28026.42,29222.22,22562.382393
2022-05-27,29222.22,29390.28,28287.69,28624.76,29079.353394
2022-05-28,28624.76,29258.29,28505.01,29039.21,10162.698297
2022-05-29,29039.21,29581.94,28841.38,29468.09,7558.678444
2022-05-30,29468.09,32205.69,29310.93,31720.87,17158.929159
2022-05-31,31720.87,32393.1,31227.25,31787.62,15976.316958
2022-06-01,31787.62,31982.93,29325.26,29800.54,25679.242309
2022-06-02,29800.54,30688.98,29594.57,30461.95,16759.239143
2022-06-03,30461.95,30691.82,29300.0,29700.29,16647.634487
2022-06-04,29700.29,29981.71,29485.02,29864.98,7659.371892
2022-06-05,29864.98,30240.96,29531.87,29917.92,8004.432306
2022-06-06,29917.92,31760.38,29890.22,31373.69,26584.360454
2022-06-07,31373.69,31650.0,29220.01,31130.5,32784.410348
2022-06-08,31130.5,31348.03,29849.97,30206.7,26484.150455
2022-06-09,30206.7,30699.98,29947.71,30105.97,13713.052055
2022-06-10,30105.97,30361.23,28858.01,29089.65,14104.529558
2022-06-11,29089.65,29437.71,28100.0,28415.32,19402.07057
2022-06-12,28415.32,28544.61,26564.73,26575.51,30513.832693
2022-06-13,26575.51,26885.42,21947.81,22484.81,58827.11922
2022-06-14,22484.81,23313.89,20849.99,22133.1,47721.568422
2022-06-15,22133.1,22800.01,20119.99,22582.08,57678.745692
2022-06-16,22582.08,22981.61,20234.02,20401.9,44931.842669
2022-06-17,20401.9,21357.65,20250.93,20468.8,39548.608934
2022-06-18,20468.8,20769.72,17626.12,18970.77,61272.170168
2022-06-19,18970.77,20811.02,17961.63,20576.7,42705.461455
2022-06-20,20576.7,21069.9,19637.07,20573.88,53148.027983
2022-06-21,20573.88,21711.55,20350.01,20726.79,42632.966287
2022-06-22,20726.79,20894.3,19780.65,19984.0,32275.349763
2022-06-23,19984.0,21226.79,19892.42,21105.56,27037.64416
2022-06-24,21105.56,21552.23,20739.99,21234.47,24790.468085
2022-06-25,21234.47,21603.92,20911.56,21491.65,18359.737196
2022-06-26,21491.65,21876.0,20972.29,21045.67,16007.634087
2022-06-27,21045.67,21537.99,20512.48,20739.72,18953.561827
2022-06-28,20739.72,21214.23,20204.45,20278.52,19451.086516
2022-06-29,20278.52,20424.45,19860.15,20120.8,24062.67444
2022-06-30,20120.8,20168.98,18629.14,19947.18,26024.79006
2022-07-01,19947.18,20862.31,18979.41,19279.12,30998.650268
2022-07-02,19279.12,19452.12,18989.94,19251.81,13266.074649
2022-07-03,19251.81,19645.37,18787.5,19314.82,13665.058084
2022-07-04,19314.82,20350.34,19055.4,20232.83,22033.725024
2022-07-05,20232.83,20746.68,19305.29,20180.7,25774.250623
2022-07-06,20180.7,20670.2,19769.66,20565.79,14191.731371
2022-07-07,20565.79,21837.72,20269.12,21620.93,6173.295903
2022-07-08,21620.93,22508.06,21190.0,21601.52,7369.134316
2022-07-09,21601.52,21970.05,21325.35,21592.43,2011.552917
2022-07-10,21592.43,21603.51,20656.27,20862.86,2996.237401
2022-07-11,20862.86,20865.07,19882.82,19963.52,6220.85217
2022-07-12,19963.52,20060.0,19248.93,19331.59,8158.45188
2022-07-13,19331.59,20342.43,18906.23,20238.34,28311.650509
2022-07-14,20238.34,20896.27,19629.09,20590.81,19851.387708
2022-07-15,20590.81,21195.49,20385.35,20836.86,12359.929475
2022-07-16,20836.86,21581.1,20481.98,21197.99,16360.807226
2022-07-17,21197.99,21677.38,20755.57,20799.38,12704.304996
2022-07-18,20799.38,22769.43,20767.11,22446.45,33908.375407
2022-07-19,22446.45,23792.34,21582.87,23398.53,57194.304733
2022-07-20,23398.53,24265.39,22926.53,23224.2,46012.281723
2022-07-21,23224.2,23431.36,22346.13,23150.93,30359.807819
2022-07-22,23150.93,23750.0,22510.0,22682.76,21489.51941
2022-07-23,22682.76,22995.68,21950.68,22448.79,15619.761596
2022-07-24,22448.79,22999.0,22268.45,22580.93,13255.5718
2022-07-25,22580.93,22663.43,21263.58,21307.13,23464.275886
2022-07-26,21307.13,21340.73,20731.75,21248.14,22167.9412
2022-07-27,21248.14,23098.2,21042.91,22953.38,24677.796765
2022-07-28,22953.38,24190.19,22595.99,23846.55,29033.488747
2022-07-29,23846.55,24428.92,23437.71,23775.06,22786.455477
2022-07-30,23775.06,24669.63,23508.99,23640.76,14760.683034
2022-07-31,23640.76,24186.53,23235.42,23294.88,13096.408485
2022-08-01,23294.88,23499.74,22853.53,23266.69,11248.321653
2022-08-02,23266.69,23454.29,22657.99,22988.99,14773.113008
2022-08-03,22988.99,23629.4,22685.45,22821.79,5784.703554
2022-08-04,22821.79,23221.68,22411.98,22620.86,7305.163571
2022-08-05,22620.86,23465.9,22587.55,23311.0,10702.649373
2022-08-06,23311.0,23346.92,22916.29,22952.66,5277.310413
2022-08-07,22952.66,23398.57,22854.0,23174.19,18512.01171
2022-08-08,23174.19,24240.23,23155.73,23813.52,27367.047737
2022-08-09,23813.52,23923.03,22876.01,23149.93,18856.782358
2022-08-10,23149.93,24221.49,22676.35,23953.09,53782.245464
2022-08-11,23953.09,24902.08,23860.01,23933.72,42432.650981
2022-08-12,23933.72,24449.97,23591.92,24401.08,22454.20764
2022-08-13,24401.08,24879.99,24296.45,24443.06,17701.50803
2022-08-14,24443.06,25023.39,24149.99,24306.16,18631.142173
2022-08-15,24306.16,25200.0,23778.01,24097.09,28849.097568
2022-08-16,24097.09,24245.63,23680.01,23855.58,19616.859509
2022-08-17,23855.58,24435.67,23181.23,23338.95,33419.480762
2022-08-18,23338.95,23596.59,23118.66,23193.13,17402.331584
2022-08-19,23193.13,23207.13,20795.54,20832.54,76996.190251
2022-08-20,20832.54,21363.72,20768.48,21139.41,23364.935182
2022-08-21,21139.41,21781.25,21073.83,21517.41,19096.666746
2022-08-22,21517.41,21529.99,20900.0,21400.7,16792.201955
2022-08-23,21400.7,21681.71,20900.33,21524.54,17004.519845
2022-08-24,21524.54,21888.82,21154.29,21368.55,12637.694221
2022-08-25,21368.55,21812.3,21315.83,21563.91,7861.107395
2022-08-26,21563.91,21867.35,20118.15,20245.45,54020.972628
2022-08-27,20245.45,20378.25,19812.86,20036.43,15315.750229
2022-08-28,20036.43,20153.14,19523.61,19559.77,12713.195264
2022-08-29,19559.77,20415.95,19554.34,20288.71,14371.983937
2022-08-30,20288.71,20575.09,19545.86,19802.29,22566.222048
2022-08-31,19802.29,20487.3,19800.65,20049.68,17844.981449
2022-09-01,20049.68,20206.05,19571.43,20131.02,14445.061881
2022-09-02,20131.02,20436.61,19761.9,19949.22,13474.104256
2022-09-03,19949.22,20046.54,19655.0,19831.6,6022.696337
2022-09-04,19831.6,20023.62,19589.2,20003.48,4705.407539
2022-09-05,20003.48,20056.36,19640.18,19794.0,9629.79612
2022-09-06,19794.0,20175.69,18660.89,18789.66,28694.770231
2022-09-07,18789.66,19457.29,18539.77,19288.83,18025.166279
2022-09-08,19288.83,19447.06,19021.57,19318.5,18005.853817
2022-09-09,19318.5,21597.57,19291.95,21358.95,26743.98534
2022-09-10,21358.95,21801.22,21123.68,21650.41,12135.449771
2022-09-11,21650.41,21850.0,21358.9,21831.59,15928.1224
2022-09-12,21831.59,22479.28,21551.99,22397.75,114843.724839
2022-09-13,22397.75,22793.1,19880.31,20170.64,97783.829085
2022-09-14,20170.64,20520.04,19623.08,20220.86,13333.457433
2022-09-15,20220.86,20326.91,19499.03,19700.33,25882.161763
2022-09-16,19700.33,19888.71,19332.0,19804.15,6554.22522
2022-09-17,19804.15,20176.0,19753.78,20111.89,3212.654271
2022-09-18,20111.89,20114.89,19338.17,19414.58,11888.950593
2022-09-19,19414.58,19673.93,18259.0,19536.26,30080.009454
2022-09-20,19536.26,19631.56,18735.34,18874.21,35930.796489
2022-09-21,18874.21,19892.61,18160.48,18462.18,142961.330803
2022-09-22,18462.18,19505.46,18358.72,19399.77,38734.370098
2022-09-23,19399.77,19499.58,18537.0,19287.88,37844.236474
2022-09-24,19287.88,19310.79,18810.87,18921.26,23949.683094
2022-09-25,18921.26,19175.93,18633.83,18810.35,20609.594641
2022-09-26,18810.35,19304.78,18680.72,19226.0,25091.015189
2022-09-27,19226.0,20376.13,18818.69,19080.13,149882.428298
2022-09-28,19080.13,19800.0,18481.15,19414.09,116874.719101
2022-09-29,19414.09,19639.37,18850.0,19588.35,113725.395681
2022-09-30,19588.35,20174.27,19168.35,19420.7,123450.013553
2022-10-01,19420.7,19475.82,19166.54,19306.96,24095.978861
2022-10-02,19306.96,19392.73,18922.81,19056.27,18166.268364
2022-10-03,19056.27,19709.03,18966.83,19627.03,40937.519645
2022-10-04,19627.03,20449.79,19496.5,20329.81,52682.0361
2022-10-05,20329.81,20362.07,19743.04,20156.61,51447.941013
2022-10-06,20156.61,20441.39,19869.22,19962.98,45256.355641
2022-10-07,19962.98,20052.23,19330.29,19525.39,53932.218896
2022-10-08,19525.39,19620.67,19252.08,19413.49,26338.095203
2022-10-09,19413.49,19548.48,19325.29,19443.96,11920.759207
2022-10-10,19443.96,19521.53,19031.07,19131.37,91161.048393
2022-10-11,19131.37,19261.93,18868.45,19055.69,34397.877373
2022-10-12,19055.69,19229.75,18989.19,19156.55,21723.045932
2022-10-13,19156.55,19499.99,18184.22,19375.58,138038.119414
2022-10-14,19375.58,19947.54,19082.81,19177.67,54022.212901
2022-10-15,19177.67,19220.0,18983.5,19069.71,12567.362385
2022-10-16,19069.71,19416.37,19064.96,19267.0,35042.943413
2022-10-17,19267.0,19671.98,19157.62,19547.01,55665.880407
2022-10-18,19547.01,19698.53,19094.54,19327.18,67949.246945
2022-10-19,19327.18,19354.38,19075.01,19124.55,14454.958761
2022-10-20,19124.55,19336.71,18912.37,19041.91,10661.647013
2022-10-21,19041.91,19247.42,18669.15,19161.86,115052.178142
2022-10-22,19161.86,19249.42,19115.52,19198.82,13653.741717
2022-10-23,19198.82,19690.0,19077.49,19567.91,39780.030929
2022-10-24,19567.91,19597.75,19163.53,19333.71,34984.598206
2022-10-25,19333.71,20409.1,19242.84,20081.65,139466.894261
2022-10-26,20081.65,21008.12,20058.7,20769.24,81626.015869
2022-10-27,20769.24,20870.12,20204.8,20284.81,52247.012542
2022-10-28,20284.81,20743.86,19997.73,20593.05,32213.960572
2022-10-29,20593.05,21079.95,20558.22,20809.41,28784.550531
2022-10-30,20809.41,20925.06,20518.71,20626.25,14393.081644
2022-10-31,20626.25,20834.44,20243.91,20491.01,23572.775789
2022-11-01,20491.01,20693.86,20334.98,20484.48,18831.052277
2022-11-02,20484.48,20796.0,20066.96,20151.3,102483.202229
2022-11-03,20151.3,20386.86,20038.03,20207.92,14104.511357
2022-11-04,20207.92,21291.0,20183.78,21144.35,133560.526735
2022-11-05,21144.35,21472.93,21090.01,21298.67,17030.471721
2022-11-06,21298.67,21360.29,20891.29,20909.54,14646.178786
2022-11-07,20909.54,21066.69,20388.96,20588.72,22320.018757
2022-11-08,20588.72,20674.57,17182.63,18544.85,402298.90399
2022-11-09,18544.85,18585.41,15595.91,15914.31,483432.687942
2022-11-10,15914.31,18193.41,15756.75,17602.43,98161.928638
2022-11-11,17602.43,17688.18,16375.89,17051.1,35625.421805
2022-11-12,17051.1,17117.02,16636.33,16803.53,25101.4681
2022-11-13,16803.53,16949.99,16243.39,16332.58,24066.305295
2022-11-14,16332.58,17176.32,15823.0,16616.67,108595.25285
2022-11-15,16616.67,17126.7,16535.97,16898.13,32213.503037
2022-11-16,16898.13,17005.81,16393.15,16662.13,18253.072957
2022-11-17,16662.13,16745.55,16414.14,16694.11,15450.218179
2022-11-18,16694.11,16995.0,16550.19,16698.08,17637.537713
2022-11-19,16698.08,16819.06,16562.06,16706.23,8977.90173
2022-11-20,16706.23,16748.1,16187.18,16287.14,16321.440864
2022-11-21,16287.14,16298.96,15487.64,15778.69,47178.387622
2022-11-22,15778.69,16300.0,15620.2,16222.14,32120.995013
2022-11-23,16222.14,16700.0,16162.94,16607.84,40829.640131
2022-11-24,16607.84,16804.0,16466.88,16598.9,18560.456454
2022-11-25,16598.9,16621.38,16350.02,16529.27,17602.439061
2022-11-26,16529.27,16699.16,16391.05,16455.03,17968.771694
2022-11-27,16455.03,16597.59,16408.64,16427.99,13471.451536
2022-11-28,16427.99,16485.58,16010.82,16214.19,34578.213383
2022-11-29,16214.19,16544.37,16100.99,16441.83,13756.510642
2022-11-30,16441.83,17240.0,16431.36,17165.51,12547.277695
2022-12-01,17165.51,17298.0,16871.26,16978.21,35843.28035
2022-12-02,16978.21,17101.19,16800.0,17092.93,32921.544139
2022-12-03,17092.93,17151.29,16861.78,16883.8,21828.689461
2022-12-04,16883.8,17192.4,16879.08,17111.01,51706.039148
2022-12-05,17111.01,17412.63,16871.79,16964.29,51978.559963
2022-12-06,16964.29,17102.99,16912.64,17086.41,23284.315004
2022-12-07,17086.41,17134.66,16700.48,16835.81,28608.288699
2022-12-08,16835.81,17296.32,16747.51,17224.8,26056.809259
2022-12-09,17224.8,17341.71,17072.0,17129.52,17544.956444
2022-12-10,17129.52,17220.52,17102.12,17126.06,9042.898667
2022-12-11,17126.06,17267.41,17080.01,17091.48,13538.646038
2022-12-12,17091.48,17238.42,16874.49,17210.7,15070.898186
2022-12-13,17210.7,17966.7,17086.76,17775.88,33166.738618
2022-12-14,17775.88,18393.88,17675.41,17799.93,19340.168774
2022-12-15,17799.93,17847.0,17290.3,17358.0,8982.707466
2022-12-16,17358.0,17525.0,16535.75,16631.94,30418.211907
2022-12-17,16631.94,16794.67,16582.59,16775.85,9826.595668
2022-12-18,16775.85,16841.67,16670.0,16738.72,13813.91383
2022-12-19,16738.72,16814.65,16267.0,16441.58,25793.811766
2022-12-20,16441.58,17049.87,16400.01,16895.72,27812.160632
2022-12-21,16895.72,16921.08,16732.45,16829.26,10674.010908
2022-12-22,16829.26,16865.75,16566.35,16822.47,12185.775572
2022-12-23,16822.47,16927.05,16765.58,16779.45,7453.464933
2022-12-24,16779.45,16859.07,16777.14,16834.55,3524.165747
2022-12-25,16834.55,16855.02,16727.53,16831.32,6385.501187
2022-12-26,16831.32,16938.66,16793.02,16916.77,9404.560644
2022-12-27,16916.77,16964.86,16602.82,16705.47,17918.297427
2022-12-28,16705.47,16782.18,16469.56,16546.52,10584.008559
2022-12-29,16546.52,16660.98,16490.52,16636.0,3760.638452
2022-12-30,16636.0,16661.2,16339.43,16608.02,11025.66977
2022-12-31,16608.02,16642.61,16477.09,16541.26,6146.893384
2023-01-01,16541.26,16626.53,16500.66,16617.0,4944.827846
2023-01-02,16617.0,16793.63,16550.9,16673.32,7200.341293
2023-01-03,16673.32,16776.63,16606.88,16674.3,7432.355391
2023-01-04,16674.3,16985.67,16655.69,16850.41,19881.774037
2023-01-05,16850.41,16878.32,16761.46,16831.72,4503.733884
2023-01-06,16831.72,17040.29,16688.0,16950.67,15238.179301
2023-01-07,16950.67,16980.83,16908.63,16943.59,3276.066749
2023-01-08,16943.59,17172.66,16912.0,17128.31,19001.393008
2023-01-09,17128.31,17395.39,17108.69,17178.31,9970.305898
2023-01-10,17178.31,17490.14,17150.0,17440.12,13470.766433
2023-01-11,17440.12,17996.99,17319.03,17942.41,33877.504377
2023-01-12,17942.41,19101.38,17900.0,18850.01,53103.48269
2023-01-13,18850.01,19992.6,18714.81,19929.62,23546.391437
2023-01-14,19929.62,21237.62,19893.24,20953.35,28412.213211
2023-01-15,20953.35,21043.49,20564.91,20872.5,16944.87993
2023-01-16,20872.5,21444.0,20633.54,21185.55,38176.776135
2023-01-17,21185.55,21596.18,20856.47,21134.66,42445.958532
2023-01-18,21134.66,21639.81,20413.38,20679.41,67228.74904
2023-01-19,20679.41,21182.26,20663.88,21073.2,29043.365603
2023-01-20,21073.2,22745.85,20867.25,22669.11,26533.115722
2023-01-21,22669.11,23341.72,22439.0,22780.31,32160.52769
2023-01-22,22780.31,23071.83,22304.99,22708.48,47795.959053
2023-01-23,22708.48,23166.66,22518.19,22912.95,26514.010828
2023-01-24,22912.95,23159.97,22471.01,22633.28,40338.087031
2023-01-25,22633.28,23812.16,22333.62,23057.58,41906.943487
2023-01-26,23057.58,23277.62,22859.18,23007.23,44129.732228
2023-01-27,23007.23,23494.25,22555.0,23072.46,32803.053945
2023-01-28,23072.46,23182.94,22881.95,23021.85,25986.002141
2023-01-29,23021.85,23950.0,22973.86,23747.03,46499.434166
2023-01-30,23747.03,23798.73,22502.74,22827.54,26974.139419
2023-01-31,22827.54,23304.0,22724.04,23130.07,45853.151458
2023-02-01,23130.07,23800.0,22784.52,23731.4,26524.880314
2023-02-02,23731.4,24400.0,23388.59,23487.08,72111.946385
2023-02-03,23487.08,23709.47,23208.21,23431.73,27230.428424
2023-02-04,23431.73,23584.22,23253.91,23327.32,28103.534543
2023-02-05,23327.32,23426.01,22757.81,22928.72,40793.551191
2023-02-06,22928.72,23152.24,22641.53,22761.88,54966.743024
2023-02-07,22761.88,23350.23,22746.32,23243.64,68521.398298
2023-02-08,23243.64,23448.36,22675.22,22960.73,114717.207966
2023-02-09,22960.73,23010.51,21700.0,21797.17,28830.653604
2023-02-10,21797.17,21936.57,21473.7,21633.78,44515.560383
2023-02-11,21633.78,21900.89,21602.51,21860.86,45335.373145
2023-02-12,21860.86,22087.24,21633.11,21784.39,39611.816212
2023-02-13,21784.39,21893.62,21355.14,21774.25,27969.212845
2023-02-14,21774.25,22309.02,21543.45,22202.76,29396.960333
2023-02-15,22202.76,24368.41,22049.17,24327.98,60892.794175
2023-02-16,24327.98,25247.24,23506.76,23511.81,55465.273291
2023-02-17,23511.81,25019.0,23348.43,24573.38,57134.175694
2023-02-18,24573.38,24872.56,24438.41,24632.15,19425.450104
2023-02-19,24632.15,25181.24,24199.13,24278.24,46506.470158
2023-02-20,24278.24,25111.49,23842.43,24841.69,28491.020499
2023-02-21,24841.69,25241.03,24153.71,24451.98,25013.934824
2023-02-22,24451.98,24472.44,23579.57,24182.92,24148.147357
2023-02-23,24182.92,24596.48,23614.75,23937.74,16591.129662
2023-02-24,23937.74,24129.89,22850.0,23184.48,13325.28029
2023-02-25,23184.48,23218.72,22742.47,23164.25,5745.719298
2023-02-26,23164.25,23684.76,23062.09,23555.9,6137.620362
2023-02-27,23555.9,23897.49,23115.95,23492.78,16114.523463
2023-02-28,23492.78,23597.35,23031.9,23141.46,18163.998173
2023-03-01,23141.46,23986.15,23021.93,23633.88,18478.44394
2023-03-02,23633.88,23790.0,23200.99,23464.98,14668.899535
2023-03-03,23464.98,23476.28,21994.54,22354.37,17113.449771
2023-03-04,22354.37,22406.88,22160.64,22346.7,3343.119299
2023-03-05,22346.7,22652.44,22199.83,22429.42,6159.2253
2023-03-06,22429.42,22597.77,22280.1,22408.85,11915.290177
2023-03-07,22408.85,22555.78,21936.5,22198.4,28316.936478
2023-03-08,22198.4,22283.1,21587.55,21704.03,19698.454786
2023-03-09,21704.03,21832.52,20047.69,20361.01,29477.78251
2023-03-10,20361.01,20365.39,19559.4,20151.4,49609.853901
2023-03-11,20151.4,20679.66,19770.12,20458.41,41339.320665
2023-03-12,20458.41,22113.55,20275.74,21995.43,38053.296219
2023-03-13,21995.43,24493.49,21824.56,24107.64,45517.083055
2023-03-14,24107.64,26363.35,23988.77,24674.77,43379.764438
2023-03-15,24674.77,25161.47,23897.48,24284.73,40425.557885
2023-03-16,24284.73,25149.44,24125.23,25002.0,27196.943185
2023-03-17,25002.0,27746.68,24892.14,27384.78,39780.4651
2023-03-18,27384.78,27709.8,26580.0,26907.5,22701.349913
2023-03-19,26907.5,28379.11,26829.5,27966.67,33740.744297
2023-03-20,27966.67,28462.77,27137.21,27721.39,25245.776518
2023-03-21,27721.39,28437.11,27310.0,28107.3,41134.354013
2023-03-22,28107.3,28859.7,26619.0,27251.05,113931.39097
2023-03-23,27251.05,28739.12,27116.3,28295.26,47083.087899
2023-03-24,28295.26,28374.2,27004.49,27444.7,22255.124466
2023-03-25,27444.7,27784.67,27156.27,27468.53,26522.143422
2023-03-26,27468.53,28186.0,27417.76,27968.15,34294.726798
2023-03-27,27968.15,28022.88,26511.9,27124.14,11517.741116
2023-03-28,27124.14,27500.0,26649.0,27260.96,24994.348761
2023-03-29,27260.96,28638.0,27242.31,28348.58,27240.233988
2023-03-30,28348.58,29180.0,27690.67,28028.54,30370.061162
2023-03-31,28028.54,28655.65,27520.0,28465.68,25267.566107
2023-04-01,28465.68,28818.49,28227.81,28453.34,25012.810231
2023-04-02,28453.34,28529.2,27860.0,28171.43,10779.975291
2023-04-03,28171.43,28509.55,27210.0,27801.61,11094.588072
2023-04-04,27801.61,28441.66,27666.08,28165.77,13544.264569
2023-04-05,28165.77,28770.0,27751.0,28171.89,14539.54669
2023-04-06,28171.89,28181.32,27650.0,28034.11,12828.784688
2023-04-07,28034.11,28100.32,27775.97,27906.45,11558.896532
2023-04-08,27906.45,28152.54,27859.37,27938.47,9761.59394
2023-04-09,27938.47,28529.94,27799.38,28322.81,11742.25134
2023-04-10,28322.81,29765.26,28170.23,29637.2,14469.449092
2023-04-11,29637.2,30548.04,29590.11,30199.91,19664.982495
2023-04-12,30199.91,30500.0,29648.29,29888.27,19156.125587
2023-04-13,29888.27,30590.0,29854.9,30375.59,15799.26318
2023-04-14,30375.59,31000.59,29984.0,30466.97,8606.402032
2023-04-15,30466.97,30590.83,30202.32,30295.01,8593.789142
2023-04-16,30295.01,30548.75,30120.26,30307.29,5309.707965
2023-04-17,30307.29,30315.88,29250.0,29429.92,7241.518663
2023-04-18,29429.92,30500.0,29100.0,30380.16,13423.79975
2023-04-19,30380.16,30409.01,28551.4,28809.79,14764.98563
2023-04-20,28809.79,29080.04,28016.13,28243.94,11132.354294
2023-04-21,28243.94,28374.19,27131.78,27262.95,10296.33148
2023-04-22,27262.95,27881.94,27144.63,27812.99,8166.917252
2023-04-23,27812.99,27816.71,27318.5,27590.46,10001.586852
2023-04-24,27590.46,27999.0,26950.0,27511.13,17474.335539
2023-04-25,27511.13,28390.71,27194.6,28300.8,13303.746021
2023-04-26,28300.8,30012.36,27239.01,28415.3,13365.396339
2023-04-27,28415.3,29888.71,28378.87,29472.78,17059.066438
2023-04-28,29472.78,29593.45,28900.0,29311.7,14236.967986
2023-04-29,29311.7,29445.0,29035.0,29230.45,9945.680621
2023-04-30,29230.45,29960.92,29082.0,29219.22,13693.953446
2023-05-01,29219.22,29337.33,27666.96,28068.27,17310.826641
2023-05-02,28068.27,28878.98,27874.09,28669.86,15359.597505
2023-05-03,28669.86,29265.12,28120.0,29026.15,15781.948273
2023-05-04,29026.15,29376.99,28669.44,28838.16,19824.986669
2023-05-05,28838.16,29669.09,28815.99,29505.86,10125.106106
2023-05-06,29505.86,29820.0,28346.46,28848.19,7471.990254
2023-05-07,28848.19,29135.0,28398.83,28434.15,5005.887695
2023-05-08,28434.15,28630.9,27265.67,27668.79,9352.840373
2023-05-09,27668.79,27813.46,27353.0,27628.27,7427.240954
2023-05-10,27628.27,28328.05,26780.0,27598.75,7506.149528
2023-05-11,27598.75,27622.68,26704.0,26968.62,6879.447883
2023-05-12,26968.62,27089.11,25821.83,26795.01,9006.945327
2023-05-13,26795.01,27025.0,26692.03,26775.27,4066.8509
2023-05-14,26775.27,27199.37,26568.83,26917.62,4439.974346
2023-05-15,26917.62,27663.58,26733.84,27161.98,6247.678334
2023-05-16,27161.98,27296.91,26855.0,27033.84,5281.534454
2023-05-17,27033.84,27499.99,26548.89,27405.61,6678.746094
2023-05-18,27405.61,27485.33,26363.0,26821.28,6511.555234
2023-05-19,26821.28,27181.3,26639.8,26880.26,8396.422097
2023-05-20,26880.26,27149.25,26825.11,27102.43,4504.066733
2023-05-21,27102.43,27273.0,26669.95,26747.78,6153.13899
2023-05-22,26747.78,27099.06,26538.14,26849.27,9921.587133
2023-05-23,26849.27,27494.38,26791.93,27219.6,13037.369532
2023-05-24,27219.6,27219.61,26082.24,26329.0,13200.519584
2023-05-25,26329.0,26614.55,25874.5,26473.79,12414.333427
2023-05-26,26473.79,26927.07,26327.24,26705.92,10908.855223
2023-05-27,26705.92,26896.78,26555.0,26854.27,6496.374415
2023-05-28,26854.27,28255.0,26764.36,28065.0,9970.468635
2023-05-29,28065.0,28434.04,27524.61,27736.4,11063.9286
2023-05-30,27736.4,28037.22,27554.01,27694.42,10533.248303
2023-05-31,27694.42,27835.51,26839.01,27210.36,10802.326795
2023-06-01,27210.36,27340.27,26614.01,26817.92,10793.149842
2023-06-02,26817.92,27299.02,26505.93,27242.6,11965.377297
2023-06-03,27242.6,27328.0,26922.0,27069.22,5709.347019
2023-06-04,27069.22,27450.0,26951.0,27118.74,7029.70709
2023-06-05,27118.74,27129.34,25399.0,25728.23,12215.283234
2023-06-06,25728.23,27354.13,25351.0,27230.08,10651.212915
2023-06-07,27230.08,27390.0,26127.92,26339.34,10375.17316
2023-06-08,26339.34,26808.56,26205.96,26498.61,6982.382671
2023-06-09,26498.61,26783.28,26285.2,26477.81,6746.563299
2023-06-10,26477.81,26532.93,25366.0,25841.21,9920.387109
2023-06-11,25841.21,26200.0,25634.71,25925.55,7626.561609
2023-06-12,25925.55,26102.01,25619.87,25905.2,9146.26391
2023-06-13,25905.2,26431.41,25721.72,25934.25,8756.618813
2023-06-14,25934.25,26095.0,24822.7,25128.6,6364.77189
2023-06-15,25128.6,25757.95,24800.1,25598.48,7389.742689
2023-06-16,25598.48,26517.11,25182.87,26345.01,6902.019058
2023-06-17,26345.01,26810.0,26181.0,26517.0,5611.650302
2023-06-18,26517.0,26700.0,26259.01,26339.97,4049.06147
2023-06-19,26339.97,27067.14,26257.4,26844.35,5609.606625
2023-06-20,26844.35,28402.73,26653.03,28307.99,7628.661597
2023-06-21,28307.99,30798.64,28258.0,29993.88,9947.813869
2023-06-22,29993.88,30500.0,29530.0,29885.89,8073.002908
2023-06-23,29885.89,31416.0,29816.0,30688.5,8912.38984
2023-06-24,30688.5,30800.0,30251.0,30527.43,6480.5273
2023-06-25,30527.43,31044.56,30277.49,30462.66,7017.659165
2023-06-26,30462.66,30665.99,29930.01,30267.98,6324.228178
2023-06-27,30267.98,30994.75,30226.17,30692.45,5979.219208
2023-06-28,30692.45,30709.74,29860.0,30077.41,4625.085596
2023-06-29,30077.41,30831.97,30050.06,30446.0,2798.561704
2023-06-30,30446.0,31279.99,29505.0,30472.0,5786.06886
2023-07-01,30472.0,30659.59,30324.03,30585.9,2409.262267
2023-07-02,30585.9,30789.0,30174.0,30617.03,2851.246959
2023-07-03,30617.03,31379.99,30570.27,31156.19,4274.365833
2023-07-04,31156.19,31326.77,30620.0,30766.52,3589.91514
2023-07-05,30766.52,30878.07,30201.0,30504.81,3489.475552
2023-07-06,30504.81,31500.0,29859.0,29895.42,5928.033515
2023-07-07,29895.42,30449.0,29704.15,30344.7,3716.212765
2023-07-08,30344.7,30386.81,30044.48,30284.62,1919.118417
2023-07-09,30284.62,30442.0,30061.12,30160.71,2524.427906
2023-07-10,30160.71,31045.0,29950.2,30411.58,4639.307781
2023-07-11,30411.58,30813.62,30307.82,30622.09,3906.978567
2023-07-12,30622.09,30961.74,30212.68,30380.0,4387.896348
2023-07-13,30380.0,31803.22,30253.4,31454.24,5251.906175
2023-07-14,31454.24,31605.0,29904.76,30312.0,4946.198158
2023-07-15,30312.0,30390.9,30234.93,30289.52,1791.865392
2023-07-16,30289.52,30437.71,30066.38,30232.0,2166.401564
2023-07-17,30232.0,30336.96,29660.13,30138.01,4253.923631
2023-07-18,30138.01,30240.47,29518.02,29859.13,4280.493334
2023-07-19,29859.13,30188.0,29762.93,29909.21,4293.324296
2023-07-20,29909.21,30417.46,29578.0,29800.0,4916.07642
2023-07-21,29800.0,30061.7,29726.34,29901.71,3547.116708
2023-07-22,29901.71,29998.99,29622.24,29794.0,1956.832041
2023-07-23,29794.0,30350.0,29730.01,30083.76,2999.126007
2023-07-24,30083.76,30099.58,28867.0,29176.5,5278.560984
2023-07-25,29176.5,29373.67,29047.07,29228.91,3256.319756
2023-07-26,29228.91,29688.0,29098.0,29351.95,4251.406055
2023-07-27,29351.95,29567.49,29083.85,29222.77,4525.853838
2023-07-28,29222.77,29541.91,29125.0,29314.15,5135.237097
2023-07-29,29314.15,29406.92,29256.18,29352.91,2839.455378
2023-07-30,29352.91,29449.0,29029.12,29281.08,3985.656706
2023-07-31,29281.08,29525.0,29040.0,29232.25,5938.723969
2023-08-01,29232.25,29733.79,28587.52,29705.98,6542.003505
2023-08-02,29705.98,30040.0,28928.01,29186.01,6498.961301
2023-08-03,29186.01,29429.97,28968.01,29193.65,5331.826711
2023-08-04,29193.65,29330.56,28810.0,29114.0,4808.112789
2023-08-05,29114.0,29152.23,28979.85,29072.13,1852.239023
2023-08-06,29072.13,29205.0,28991.88,29088.43,2069.027815
2023-08-07,29088.43,29276.78,28703.02,29211.05,5261.688493
2023-08-08,29211.05,30240.0,29146.45,29770.41,6797.512629
2023-08-09,29770.41,30147.47,29376.99,29581.99,5597.864305
2023-08-10,29581.99,29736.0,29326.0,29455.76,4551.897125
2023-08-11,29455.76,29564.51,29252.46,29426.02,3346.855638
2023-08-12,29426.02,29481.35,29381.57,29430.18,1538.363669
2023-08-13,29430.18,29474.64,29272.32,29303.85,2143.601247
2023-08-14,29303.85,29695.32,29102.89,29430.92,5665.346878
2023-08-15,29430.92,29499.25,29067.09,29200.01,4837.846234
2023-08-16,29200.01,29259.85,28723.09,28730.51,4907.005051
2023-08-17,28730.51,28783.5,25169.42,26623.4,7680.029944
2023-08-18,26623.4,26830.41,25623.85,26053.99,8293.927113
2023-08-19,26053.99,26281.28,25801.31,26100.01,4164.400158
2023-08-20,26100.01,26288.88,25977.12,26190.0,3605.183585
2023-08-21,26190.0,26251.39,25813.03,26126.93,7785.943925
2023-08-22,26126.93,26139.42,25307.0,26055.99,7741.159206
2023-08-23,26055.99,26817.99,25813.51,26435.59,7090.201796
2023-08-24,26435.59,26576.01,25866.71,26180.06,6256.714419
2023-08-25,26180.06,26314.3,25777.52,26060.01,7145.917797
2023-08-26,26060.01,26124.0,25979.81,26017.37,2091.498889
2023-08-27,26017.37,26182.23,25966.11,26101.78,3955.259804
2023-08-28,26101.78,26253.78,25864.65,26120.25,7491.651871
2023-08-29,26120.25,28139.16,25922.0,27716.34,15140.416857
2023-08-30,27716.34,27765.78,27016.9,27300.0,17915.867307
2023-08-31,27300.0,27578.66,25645.77,25940.77,31908.859382
2023-09-01,25940.77,26159.36,25337.06,25805.04,35462.377687
2023-09-02,25805.04,25987.21,25752.47,25869.52,16694.420816
2023-09-03,25869.52,26135.0,25800.01,25971.21,19009.60977
2023-09-04,25971.21,26108.13,25631.21,25826.02,7509.399207
2023-09-05,25826.02,25913.9,25562.92,25792.11,1253.166452
2023-09-06,25792.11,26039.75,25373.0,25759.94,8320.442516
2023-09-07,25759.94,26433.21,25615.42,26253.9,4204.360022
2023-09-08,26253.9,26445.48,25647.95,25910.5,2224.309602
2023-09-09,25910.5,25945.1,25796.68,25901.6,574.586184
2023-09-10,25901.6,26032.23,25575.46,25841.6,1057.50544
2023-09-11,25841.6,25900.6,24905.0,25162.52,2838.71525
2023-09-12,25162.52,26558.0,25131.48,25840.09,3579.644952
2023-09-13,25840.09,26405.2,25766.0,26222.01,2159.11275
2023-09-14,26222.01,26850.0,26126.78,26522.74,2321.392483
2023-09-15,26522.74,26883.86,26224.0,26599.99,1092.444842
2023-09-16,26599.99,26776.99,26446.04,26559.67,594.986345
2023-09-17,26559.67,26623.0,26400.0,26527.51,459.445515
2023-09-18,26527.51,27409.0,26380.0,26763.07,5629.649165
2023-09-19,26763.07,27479.99,26667.79,27210.26,5468.545835
2023-09-20,27210.26,27388.5,26800.02,27125.0,5809.731205
2023-09-21,27125.0,27159.59,26377.7,26568.55,5842.962525
2023-09-22,26568.55,26743.38,26470.0,26580.14,3863.928279
2023-09-23,26580.14,26632.81,26511.21,26575.97,2320.807314
2023-09-24,26575.97,26738.5,26123.38,26251.65,3733.918974
2023-09-25,26251.65,26445.9,25990.96,26304.81,7630.741332
2023-09-26,26304.81,26397.46,26088.22,26221.67,5915.020368
2023-09-27,26221.67,26847.0,26113.78,26372.99,7824.042719
2023-09-28,26372.99,27303.78,26342.4,27021.4,9269.616782
2023-09-29,27021.4,27244.88,26670.59,26906.96,7368.341303
2023-09-30,26906.96,27094.98,26886.31,26962.56,4601.639427
2023-10-01,26962.56,28050.03,26954.09,27988.49,5824.678954
2023-10-02,27988.49,28578.62,27281.96,27497.74,11429.473165
2023-10-03,27497.74,27672.06,27166.0,27426.45,8108.7494
2023-10-04,27426.45,27834.54,27209.88,27778.57,7899.350368
2023-10-05,27778.57,28113.14,27356.0,27410.39,7317.84572
2023-10-06,27410.39,28282.0,27176.47,27931.1,9513.429163
2023-10-07,27931.1,28028.07,27842.24,27956.66,6022.954121
2023-10-08,27956.66,28095.13,27689.01,27917.06,7015.176414
2023-10-09,27917.06,27987.93,27261.03,27590.12,9153.854624
2023-10-10,27590.12,27734.99,27298.0,27390.12,7999.61101
2023-10-11,27390.12,27477.39,26539.53,26875.52,12980.961508
2023-10-12,26875.52,26947.03,26555.01,26759.63,14950.66378
2023-10-13,26759.63,27129.71,26685.0,26862.0,15752.016094
2023-10-14,26862.0,26986.9,26789.0,26852.47,7495.447785
2023-10-15,26852.47,27293.0,26808.25,27154.14,9378.384398
2023-10-16,27154.14,30000.0,27112.66,28500.78,13416.273308
2023-10-17,28500.78,28611.0,28074.24,28395.9,11948.413313
2023-10-18,28395.9,28980.0,28144.85,28320.0,10810.309299
2023-10-19,28320.0,28920.0,28107.0,28713.7,14217.420691
2023-10-20,28713.7,30207.54,28578.29,29669.05,15108.91321
2023-10-21,29669.05,30370.0,29464.77,29909.8,12536.078427
2023-10-22,29909.8,30246.73,29643.91,29992.47,11424.486228
2023-10-23,29992.47,34704.35,29883.6,33068.08,15287.557272
2023-10-24,33068.08,35271.0,32832.35,33924.62,14180.376347
2023-10-25,33924.62,35130.64,33688.35,34496.04,15517.338981
2023-10-26,34496.04,34824.13,33751.01,34151.66,12716.561971
2023-10-27,34151.66,34245.0,33397.0,33892.01,11752.583103
2023-10-28,33892.01,34492.82,33860.0,34081.01,8173.324798
2023-10-29,34081.01,34750.0,33930.36,34525.88,8258.528394
2023-10-30,34525.88,34855.99,34067.73,34474.74,11108.254807
2023-10-31,34474.74,34720.49,34031.03,34639.77,12445.5705
2023-11-01,34639.77,35580.39,34097.82,35421.43,9224.788774
2023-11-02,35421.43,35958.99,34304.73,34941.59,9547.630459
2023-11-03,34941.59,34944.29,34120.0,34716.78,7978.746129
2023-11-04,34716.78,35255.0,34585.18,35062.07,4861.36999
2023-11-05,35062.07,35373.28,34450.0,35011.88,6693.084852
2023-11-06,35011.88,35276.33,34725.91,35046.08,8549.363589
2023-11-07,35046.08,35887.99,34523.07,35399.13,9517.144032
2023-11-08,35399.13,36102.57,35101.68,35620.81,9821.577793
2023-11-09,35620.81,37969.6,35539.61,36700.73,10409.875916
2023-11-10,36700.73,37521.53,36330.64,37301.62,9472.355947
2023-11-11,37301.62,37399.65,36679.43,37130.0,8113.039877
2023-11-12,37130.0,37222.15,36734.8,37064.13,7691.074472
2023-11-13,37064.13,37413.11,36334.65,36462.93,11844.621218
2023-11-14,36462.93,36744.0,34800.36,35551.19,10837.844395
2023-11-15,35551.19,37970.38,35366.89,37858.21,9937.184698
2023-11-16,37858.21,37929.54,35500.04,36163.81,12674.60702
2023-11-17,36163.81,36797.99,35863.3,36613.92,10685.923025
2023-11-18,36613.92,36845.0,36193.3,36568.1,7075.185783
2023-11-19,36568.1,37500.0,36384.99,37359.86,6712.425783
2023-11-20,37359.86,37742.46,36690.0,37448.79,11014.593315
2023-11-21,37448.79,37649.44,35737.33,35743.59,11768.381928
2023-11-22,35743.59,37860.0,35640.0,37408.35,10904.150129
2023-11-23,37408.35,37640.35,36880.0,37294.28,9966.594209
2023-11-24,37294.28,38414.15,37251.48,37713.57,9862.675665
2023-11-25,37713.57,37888.0,37592.83,37780.67,5967.047384
2023-11-26,37780.67,37814.63,37154.0,37447.42,8467.035831
2023-11-27,37447.42,37562.53,36710.3,37242.71,11830.874985
2023-11-28,37242.71,38375.31,36868.41,37818.87,12560.023473
2023-11-29,37818.87,38446.0,37577.05,37854.65,11015.547918
2023-11-30,37854.65,38145.85,37502.49,37723.96,10590.14065
2023-12-01,37723.96,38989.0,37615.86,38682.51,12016.957386
2023-12-02,38682.51,39715.99,38641.61,39453.58,8201.390317
2023-12-03,39453.58,40228.0,39274.86,39972.26,8938.975719
2023-12-04,39972.26,42419.99,39972.26,41991.09,14369.405367
2023-12-05,41991.09,44487.54,41414.0,44072.33,12812.596824
2023-12-06,44072.33,44291.69,43317.26,43762.7,13725.717684
2023-12-07,43762.7,44045.96,42828.24,43275.13,11642.400628
2023-12-08,43275.13,44700.0,43086.0,44171.0,10598.772797
2023-12-09,44171.0,44358.02,43589.0,43713.59,9636.671832
2023-12-10,43713.59,44046.0,43565.93,43789.5,6900.730284
2023-12-11,43789.5,43804.5,40000.0,41253.82,12308.986371
2023-12-12,41253.82,42101.0,40680.4,41492.38,11208.598281
2023-12-13,41492.38,43450.6,40579.11,42869.02,11226.600111
2023-12-14,42869.02,43413.51,41426.47,43022.25,11386.679496
2023-12-15,43022.25,43080.81,41666.01,41940.3,10752.71577
2023-12-16,41940.3,42720.0,41610.0,42278.02,9448.208002
2023-12-17,42278.02,42424.1,41261.01,41374.65,9779.415047
2023-12-18,41374.65,42755.0,40542.93,42657.81,12418.837557
2023-12-19,42657.81,43490.27,41813.81,42276.0,11204.009213
2023-12-20,42276.0,44280.03,42207.69,43668.92,11961.570901
2023-12-21,43668.92,44242.23,43295.2,43861.8,10692.787451
2023-12-22,43861.8,44400.0,43412.55,43969.04,8575.124298
2023-12-23,43969.04,43988.68,43294.24,43702.15,5909.090678
2023-12-24,43702.15,43945.77,42505.0,42991.5,6444.85782
2023-12-25,42991.5,43800.0,42735.48,43576.12,7537.359423
2023-12-26,43576.12,43592.68,41639.0,42508.93,7534.274394
2023-12-27,42508.93,43675.92,42108.0,43435.31,7670.521144
2023-12-28,43435.31,43790.0,42249.13,42563.75,8363.81971
2023-12-29,42563.75,43107.48,41304.58,42066.94,10191.410884
2023-12-30,42066.94,42607.83,41520.3,42140.28,7805.693525
2023-12-31,42140.28,42896.49,41973.82,42283.59,8477.592259
2024-01-01,42283.59,44184.09,42180.81,44179.55,8082.535238
2024-01-02,44179.55,45876.79,44148.34,44946.9,11963.484364
2024-01-03,44946.9,45499.99,40789.0,42845.22,10947.278008
2024-01-04,42845.22,44729.19,42614.9,44151.09,12029.813561
2024-01-05,44151.09,44339.0,42490.0,44145.11,10526.810796
2024-01-06,44145.11,44214.41,43397.29,43970.14,7950.911165
2024-01-07,43970.14,44480.59,43586.57,43923.71,8572.070775
2024-01-08,43923.71,47237.45,43177.19,46951.03,9690.64659
2024-01-09,46951.03,47972.0,44765.45,46111.04,12168.408849
2024-01-10,46111.04,47689.15,44318.11,46653.6,12147.793007
2024-01-11,46653.6,48967.36,45609.63,46339.17,11431.534804
2024-01-12,46339.17,46515.52,41500.0,42783.0,12669.824567
2024-01-13,42783.0,43254.03,42436.12,42847.98,11564.866791
2024-01-14,42847.98,43077.99,41721.0,41743.92,8910.449218
2024-01-15,41743.92,43400.0,41718.05,42524.0,11981.959757
2024-01-16,42524.0,43573.48,42065.27,43137.95,11532.415345
2024-01-17,43137.95,43198.0,42215.86,42776.1,13403.932234
2024-01-18,42776.1,42929.76,40684.42,41327.5,12980.018338
2024-01-19,41327.5,42186.0,40293.06,41659.04,12588.484438
2024-01-20,41659.04,41862.85,41459.11,41696.04,8361.319419
2024-01-21,41696.04,41888.0,41501.88,41580.33,6264.556998
2024-01-22,41580.33,41689.65,39436.01,39568.02,14634.878632
2024-01-23,39568.02,40176.74,38555.36,39897.59,13914.427703
2024-01-24,39897.59,40554.99,39490.0,40084.88,13228.419628
2024-01-25,40084.88,40300.0,39550.0,39961.09,12594.317118
2024-01-26,39961.09,42245.91,39822.52,41823.5,12614.873408
2024-01-27,41823.5,42200.0,41398.34,42120.62,8110.313967
2024-01-28,42120.62,42841.1,41620.82,42031.05,13166.216332
2024-01-29,42031.05,43332.99,41810.0,43302.71,11879.027004
2024-01-30,43302.71,43870.87,42686.0,42941.09,14091.372602
2024-01-31,42941.09,43742.02,42291.98,42580.01,13909.082956
2024-02-01,42580.01,43285.11,41887.92,43082.94,13863.461744
2024-02-02,43082.94,43483.62,42546.79,43199.99,12171.687595
2024-02-03,43199.99,43380.01,42880.44,43011.1,8702.54669
2024-02-04,43011.1,43119.04,42228.46,42582.89,11116.437376
2024-02-05,42582.89,43569.0,42258.1,42708.71,13853.052755
2024-02-06,42708.71,43385.0,42574.0,43098.95,13442.295607
2024-02-07,43098.95,44388.94,42777.57,44349.6,12894.418408
2024-02-08,44349.6,45611.45,44333.33,45288.65,13733.024244
2024-02-09,45288.65,48190.0,45242.58,47132.77,13211.286068
2024-02-10,47132.77,48161.11,46800.17,47751.09,11890.16039
2024-02-11,47751.09,48592.0,47561.0,48298.89,13604.127193
2024-02-12,48298.89,50333.0,47716.15,49917.28,13695.149792
2024-02-13,49917.28,50368.16,48300.95,49699.6,12860.707989
2024-02-14,49699.6,52001.0,49228.0,51785.84,12844.911862
2024-02-15,51785.84,52814.0,51314.0,51880.0,13061.765454
2024-02-16,51880.0,52570.0,51583.09,52124.11,12467.026879
2024-02-17,52124.11,52162.82,50625.01,51642.65,10781.165028
2024-02-18,51642.65,52377.0,51168.58,52136.55,8767.892488
2024-02-19,52136.55,52488.77,51632.02,51774.73,6448.210518
2024-02-20,51774.73,52971.52,50762.0,52258.83,9058.091078
2024-02-21,52258.83,52366.8,50626.0,51849.38,8976.21848
2024-02-22,51849.38,52065.76,50940.78,51288.41,9274.999211
2024-02-23,51288.41,51548.61,50522.01,50744.14,9861.519475
2024-02-24,50744.14,51694.13,50587.32,51568.22,7152.040794
2024-02-25,51568.22,51958.55,51282.78,51727.2,7129.922451
2024-02-26,51727.2,54909.8,50903.55,54476.48,8530.975592
2024-02-27,54476.48,57575.0,54450.13,57037.34,11808.941646
2024-02-28,57037.34,63999.99,56691.85,62432.1,13142.930071
2024-02-29,62432.1,63675.72,60380.24,61130.98,7478.497208
2024-03-01,61130.98,63114.23,60751.12,62387.89,4987.714736
2024-03-02,62387.89,62433.19,61567.2,61987.29,9994.734988
2024-03-03,61987.29,63230.01,61332.0,63110.01,8783.034502
2024-03-04,63110.01,68497.99,62300.92,68245.71,10645.706621
2024-03-05,68245.71,69000.0,59010.0,63724.01,11448.404693
2024-03-06,63724.01,67641.1,62779.14,66074.04,7779.288174
2024-03-07,66074.04,67975.76,65555.0,66823.17,6774.652044
2024-03-08,66823.17,69989.99,66084.94,68124.12,6771.000523
2024-03-09,68124.12,68541.1,67860.42,68313.28,5647.562066
2024-03-10,68313.28,69887.6,68096.0,68955.87,7371.901323
2024-03-11,68955.87,72800.0,67034.54,72078.11,7885.33089
2024-03-12,72078.11,73000.0,68629.42,71452.0,7743.090013
2024-03-13,71452.0,73639.99,71333.31,73072.41,7962.685091
2024-03-14,73072.41,73777.0,68570.0,71388.93,9643.665011
2024-03-15,71388.93,72419.7,65617.56,69491.06,10979.891725
2024-03-16,69491.06,70043.0,64795.35,65300.63,11229.41511
2024-03-17,65300.63,68901.08,64537.85,68393.47,11083.070423
2024-03-18,68393.47,68950.05,66570.28,67610.0,11474.49231
2024-03-19,67610.0,68121.23,61556.5,61937.4,12865.030298
2024-03-20,61937.4,68099.99,60786.31,67840.51,13098.717709
2024-03-21,67840.51,68224.97,64529.99,65501.27,12024.411137
2024-03-22,65501.27,66639.8,62304.13,63794.8,12297.695638
2024-03-23,63794.8,65995.0,63000.0,63990.01,17791.955665
2024-03-24,63990.01,67628.69,63778.19,67210.0,16342.816214
2024-03-25,67210.0,71145.0,66385.06,69880.03,14624.559566
2024-03-26,69880.03,71559.99,69296.35,69987.99,13109.930316
2024-03-27,69987.99,71769.54,68372.8,69469.99,13290.991959
2024-03-28,69469.99,71552.06,68903.63,70780.6,10399.06175
2024-03-29,70780.6,70916.15,69018.87,69850.53,6995.447118
2024-03-30,69850.53,70321.1,69540.0,69582.17,8496.927455
2024-03-31,69582.17,71365.99,69562.99,71286.81,8893.900785
2024-04-01,71286.81,71288.23,68063.56,69649.8,7637.716775
2024-04-02,69649.8,69671.79,64572.6,65464.0,8975.186805
2024-04-03,65464.0,66903.63,64497.5,65963.27,10027.247892
2024-04-04,65963.27,69303.0,65070.79,68487.79,9222.798685
2024-04-05,68487.79,68754.96,65967.11,67820.63,9077.93285
2024-04-06,67820.63,69692.0,67447.83,68896.0,11964.363396
2024-04-07,68896.0,70320.0,68824.0,69360.38,7849.175621
2024-04-08,69360.38,72797.98,69048.0,71620.01,7651.63505
2024-04-09,71620.01,71753.63,68210.0,69146.01,8356.351978
2024-04-10,69146.01,71169.41,67518.55,70631.08,10387.192171
2024-04-11,70631.08,71303.27,69567.21,70006.23,8201.085211
2024-04-12,70006.23,71227.46,65100.0,67120.87,9599.095226
2024-04-13,67120.87,67927.51,60661.0,63919.57,9993.737006
2024-04-14,63919.57,65821.54,62134.01,65661.85,8886.65892
2024-04-15,65661.85,66850.0,62277.01,63415.89,9300.625821
2024-04-16,63415.89,64364.34,61601.04,63793.39,9859.008848
2024-04-17,63793.39,64490.0,59682.0,61277.37,10936.345569
2024-04-18,61277.37,64108.8,60804.02,63470.08,9473.190701
2024-04-19,63470.08,65440.72,59601.0,63818.0,9449.591081
2024-04-20,63818.0,65419.0,63090.07,64940.59,12647.764825
2024-04-21,64940.59,65695.56,64237.51,64941.15,11782.098256
2024-04-22,64941.15,67232.35,64501.45,66819.33,4198.737252
2024-04-23,66819.33,67183.27,65765.15,66414.0,9731.302782
2024-04-24,66414.0,67070.43,63606.06,64289.58,13204.317574
2024-04-25,64289.58,65280.0,62800.0,64498.34,18105.442126
2024-04-26,64498.34,64815.0,63304.0,63770.01,6608.310925
2024-04-27,63770.01,63923.41,62400.0,63461.99,3505.400223
2024-04-28,63461.99,64370.0,62781.78,63118.63,3933.137314
2024-04-29,63118.63,64219.17,61771.0,63852.0,7986.629211
2024-04-30,63852.0,64734.0,59200.0,60672.0,9111.467845
2024-05-01,60672.0,60848.11,56555.0,58364.96,11755.346658
2024-05-02,58364.96,59619.74,56946.97,59060.6,10336.425923
2024-05-03,59060.6,63332.99,58811.32,62882.0,7316.411885
2024-05-04,62882.0,64536.37,62553.91,63892.03,4077.908396
2024-05-05,63892.03,64639.81,62854.37,64011.99,4386.97168
2024-05-06,64011.99,65499.99,62706.22,63165.18,8622.802494
2024-05-07,63165.18,64404.01,62261.0,62312.07,9912.409315
2024-05-08,62312.07,63020.21,60888.0,61194.29,10835.417718
2024-05-09,61194.29,63429.03,60630.01,63074.0,8927.391068
2024-05-10,63074.0,63465.0,60190.0,60800.0,6372.560019
2024-05-11,60800.0,61509.8,60488.0,60826.0,4107.516486
2024-05-12,60826.0,61871.94,60620.0,61484.0,5466.249645
2024-05-13,61484.0,63450.0,60749.99,62940.08,8694.119647
2024-05-14,62940.08,63117.42,61142.78,61577.5,7653.23773
2024-05-15,61577.5,66438.01,61333.0,66206.5,8601.057549
2024-05-16,66206.5,66750.5,64613.44,65235.2,8910.99095
2024-05-17,65235.2,67451.0,65110.0,67024.0,8512.076037
2024-05-18,67024.0,67380.78,66600.59,66915.2,6087.924014
2024-05-19,66915.2,67699.99,65875.26,66274.01,6195.450808
2024-05-20,66274.01,71510.0,66060.31,71446.62,10866.650745
2024-05-21,71446.62,71978.99,69167.09,70148.33,11041.156842
2024-05-22,70148.33,70662.0,68846.85,69166.62,10675.393505
2024-05-23,69166.62,70090.77,66302.4,67982.0,11829.395064
2024-05-24,67982.0,69244.0,66614.56,68550.0,10144.814874
2024-05-25,68550.0,69600.0,68500.0,69290.56,7467.174828
2024-05-26,69290.56,69558.46,68140.0,68507.67,6644.980577
2024-05-27,68507.67,70721.88,68252.99,69436.4,9814.059044
2024-05-28,69436.4,69591.81,67279.85,68398.37,11741.84683
2024-05-29,68398.37,68930.0,67130.0,67652.42,9846.849612
2024-05-30,67652.42,69500.0,67132.4,68352.17,10055.479496
2024-05-31,68352.17,69037.99,66672.53,67548.01,8654.891722
2024-06-01,67548.01,67895.76,67440.81,67766.84,4287.091769
2024-06-02,67766.84,68460.0,67275.0,67765.63,6287.886313
2024-06-03,67765.63,70287.99,67612.49,68809.89,10760.260128
2024-06-04,68809.89,71063.44,68567.32,70537.83,10901.699242
2024-06-05,70537.83,71758.0,70390.35,71107.99,11839.457781
2024-06-06,71107.99,71660.86,70117.65,70799.06,12425.06748
2024-06-07,70799.06,71990.0,68443.8,69355.6,13956.221043
2024-06-08,69355.6,69582.2,69171.94,69310.47,6313.327942
2024-06-09,69310.47,69857.34,69130.25,69648.14,6485.903641
2024-06-10,69648.14,70195.94,69172.29,69540.06,11577.473221
2024-06-11,69540.06,69590.01,66051.0,67314.24,20543.872966
2024-06-12,67314.24,69999.0,66905.0,68263.99,19455.487433
2024-06-13,68263.99,68478.21,66270.0,66773.01,22923.842415
2024-06-14,66773.01,67370.24,65078.01,66043.98,14963.16245
2024-06-15,66043.98,66478.48,65859.5,66228.25,6070.66063
2024-06-16,66228.25,66983.08,66038.48,66676.87,6532.287062
2024-06-17,66676.87,67295.7,65130.63,66504.33,13794.671469
2024-06-18,66504.33,66588.23,64066.01,65175.32,12649.455109
2024-06-19,65175.32,65727.53,64672.0,64974.38,7009.537365
2024-06-20,64974.38,66482.94,64563.72,64869.98,6436.620578
2024-06-21,64869.98,65066.66,63393.81,64143.55,7684.644915
2024-06-22,64143.55,64544.1,63943.82,64262.0,2670.718459
2024-06-23,64262.0,64521.0,63178.41,63208.32,3389.083897
2024-06-24,63208.32,63369.8,58450.06,60293.29,11949.759165
2024-06-25,60293.29,62405.97,60257.06,61806.01,8292.756522
2024-06-26,61806.01,62486.24,60712.42,60864.99,6521.122478
2024-06-27,60864.99,62389.22,60607.1,61706.46,7073.273775
2024-06-28,61706.46,62215.94,60063.0,60427.83,7923.721931
2024-06-29,60427.83,61224.0,60389.51,60986.67,4504.956932
2024-06-30,60986.67,63047.99,60712.21,62772.0,8546.879829
2024-07-01,62772.0,63861.76,62499.0,62906.0,10189.997189
2024-07-02,62906.0,63288.83,61807.55,62135.47,8247.695436
2024-07-03,62135.47,62285.94,59400.01,60208.58,10877.676947
2024-07-04,60208.58,60498.19,56771.0,57050.01,13736.925701
2024-07-05,57050.01,57540.85,53535.0,56628.79,15613.69543
2024-07-06,56628.79,58471.1,56018.0,58230.26,13392.960534
2024-07-07,58230.26,58449.46,55731.11,55857.8,13747.610602
2024-07-08,55857.8,58227.37,54287.0,56714.61,14248.428909
2024-07-09,56714.61,58280.01,56289.46,58049.99,12827.426691
2024-07-10,58049.99,59450.0,57167.77,57725.84,9013.03643
2024-07-11,57725.84,59620.0,57064.15,57339.88,10305.508151
2024-07-12,57339.88,58520.21,56546.01,57889.11,11710.355968
2024-07-13,57889.11,59850.0,57762.0,59204.01,7258.976108
2024-07-14,59204.01,61419.92,59198.0,60797.91,9488.98517
2024-07-15,60797.91,64900.0,60639.28,64724.13,11759.786355
2024-07-16,64724.13,65387.0,62379.8,65038.82,12238.829807
2024-07-17,65038.82,66113.62,63858.0,64088.0,10749.460591
2024-07-18,64088.0,65128.03,63238.48,63987.91,10194.427493
2024-07-19,63987.91,67386.07,63300.67,66660.0,8238.3331
2024-07-20,66660.0,67593.0,66227.83,67139.96,4910.715544
2024-07-21,67139.96,68366.72,65777.88,68165.34,8824.967418
2024-07-22,68165.34,68474.54,66569.99,67532.01,10808.566745
2024-07-23,67532.01,67750.98,65441.38,65936.01,15235.616695
2024-07-24,65936.01,67102.01,65113.63,65376.0,9752.25405
2024-07-25,65376.0,66160.38,63459.34,65799.94,12344.156733
2024-07-26,65799.94,68200.01,65722.63,67907.99,8952.036629
2024-07-27,67907.99,69399.99,66653.87,67888.47,9673.102066
2024-07-28,67888.47,68318.43,67070.34,68249.88,6693.293576
2024-07-29,68249.88,70077.0,66439.85,66784.69,10778.511784
2024-07-30,66784.69,67000.0,65315.49,66188.01,9775.431281
2024-07-31,66188.01,66849.24,64530.0,64632.0,10550.044185
2024-08-01,64632.0,65656.01,62302.0,65354.01,13486.202069
2024-08-02,65354.01,65596.14,61232.49,61498.34,13596.72531
2024-08-03,61498.34,62196.35,59850.0,60697.99,12225.771158
2024-08-04,60697.99,61114.91,57172.0,58160.99,10803.884798
2024-08-05,58160.99,58305.59,49039.29,53989.98,17426.589314
2024-08-06,53989.98,57040.82,53956.01,56023.07,14691.558897
2024-08-07,56023.07,57707.22,54558.62,55130.01,12160.08526
2024-08-08,55130.01,62740.58,54734.0,61688.04,9889.267284
2024-08-09,61688.04,61741.25,59535.01,60828.0,11176.238566
2024-08-10,60828.0,61470.58,60250.0,60923.52,9571.456282
2024-08-11,60923.52,61856.64,58300.0,58712.59,11713.926762
2024-08-12,58712.59,60700.12,57650.0,59346.64,13798.667123
2024-08-13,59346.64,61570.0,58416.26,60587.16,15500.867646
2024-08-14,60587.16,61794.61,58434.05,58683.4,15213.241179
2024-08-15,58683.4,59849.37,56103.63,57547.74,16730.89134
2024-08-16,57547.74,59817.76,57093.02,58874.6,16408.924189
2024-08-17,58874.6,59700.0,58795.8,59492.0,9045.482201
2024-08-18,59492.0,60284.99,58418.61,58425.0,11271.629339
2024-08-19,58425.0,59610.96,57796.98,59438.51,14881.399355
2024-08-20,59438.51,61390.0,58548.59,59013.8,15795.942597
2024-08-21,59013.8,61820.01,58780.0,61156.02,15799.998986
2024-08-22,61156.02,61400.0,59727.42,60375.84,18459.773064
2024-08-23,60375.84,64955.0,60342.14,64037.24,15764.804558
2024-08-24,64037.24,64491.0,63557.45,64157.21,13351.896285
2024-08-25,64157.21,64999.0,63785.0,64220.0,12192.146571
2024-08-26,64220.0,64481.1,62801.0,62837.01,20874.525965
2024-08-27,62837.01,63212.0,58035.0,59415.09,25376.665598
2024-08-28,59415.09,60231.09,57861.54,59034.9,27217.807101
2024-08-29,59034.9,61164.87,58715.2,59362.01,30548.212274
2024-08-30,59362.01,59942.9,57705.92,59124.0,26480.953577
2024-08-31,59124.0,59462.38,58743.4,58973.99,16028.655525
2024-09-01,58973.99,59076.59,57205.0,57301.91,26799.452554
2024-09-02,57301.91,59425.69,57128.0,59132.13,28884.318577
2024-09-03,59132.13,59809.65,57415.04,57487.73,23107.446222
2024-09-04,57487.73,58519.0,55608.51,57970.89,8561.601193
2024-09-05,57970.89,58327.07,55643.66,56180.01,8888.77785
2024-09-06,56180.01,57007.99,52549.99,53963.01,12451.86518
2024-09-07,53963.01,54849.99,53746.01,54160.87,4172.522592
2024-09-08,54160.87,55316.03,53629.0,54869.94,4668.395513
2024-09-09,54869.94,58050.0,54591.96,57042.0,9476.442002
2024-09-10,57042.0,58044.37,56400.0,57635.99,9562.907816
2024-09-11,57635.99,57981.71,55550.0,57338.0,11222.629618
2024-09-12,57338.0,58576.0,57324.0,58132.32,9871.636031
2024-09-13,58132.32,60625.0,57632.62,60497.5,10767.07258
2024-09-14,60497.5,60610.0,59400.01,59993.03,5737.486786
2024-09-15,59993.03,60381.5,58691.07,59132.01,6425.852223
2024-09-16,59132.01,59210.7,57490.0,58213.99,13596.820332
2024-09-17,58213.99,61318.62,57612.0,60313.99,15571.321778
2024-09-18,60313.99,61786.24,59174.81,61756.0,15160.983593
2024-09-19,61756.0,63850.0,61555.01,62947.99,15263.977121
2024-09-20,62947.99,64133.32,62350.0,63201.05,15754.466162
2024-09-21,63201.05,63559.89,62758.58,63348.97,5184.22117
2024-09-22,63348.97,64000.0,62360.0,63578.0,6820.8332
2024-09-23,63578.0,64745.87,62562.62,63339.99,14302.311504
2024-09-24,63339.99,64688.0,62730.18,64262.7,13166.560562
2024-09-25,64262.7,64814.0,62947.08,63152.01,9696.193632
2024-09-26,63152.01,65832.0,62670.0,65174.0,13507.309911
2024-09-27,65174.0,66490.41,64819.9,65769.95,11456.468919
2024-09-28,65769.95,66256.66,65422.23,65858.0,5085.510954
2024-09-29,65858.0,66076.14,65432.1,65602.01,5287.002689
2024-09-30,65602.01,65618.8,62860.04,63327.59,13678.585074
2024-10-01,63327.59,64130.3,60164.01,60806.81,19873.79835
2024-10-02,60806.81,62366.65,60000.0,60649.24,17157.309346
2024-10-03,60649.24,61477.19,59845.45,60752.71,14593.963982
2024-10-04,60752.71,62484.85,60459.9,62085.99,13159.815616
2024-10-05,62085.99,62370.56,61689.26,62058.01,6574.740565
2024-10-06,62058.01,62970.0,61800.0,62819.9,6980.492323
2024-10-07,62819.9,64472.1,62128.01,62224.0,14825.744875
2024-10-08,62224.0,63200.1,61868.81,62160.49,13175.911528
2024-10-09,62160.49,62543.8,60306.1,60636.02,11316.123185
2024-10-10,60636.02,61320.0,58949.09,60326.4,12279.736378
2024-10-11,60326.4,63417.54,60088.54,62540.0,13159.186099
2024-10-12,62540.0,63480.0,62487.22,63206.22,6504.426066
2024-10-13,63206.22,63285.74,62049.99,62870.02,8608.276112
2024-10-14,62870.02,66500.0,62456.25,66084.0,15301.619631
2024-10-15,66084.0,67949.98,64800.05,67074.14,15590.672214
2024-10-16,67074.14,68415.18,66750.48,67620.0,12599.915808
2024-10-17,67620.0,67939.41,66669.0,67421.79,10391.691822
2024-10-18,67421.79,69000.0,67192.36,68428.0,10955.39042
2024-10-19,68428.0,68693.26,68010.0,68378.0,3952.897226
2024-10-20,68378.0,69400.0,68100.0,69031.99,4729.51277
2024-10-21,69031.99,69519.52,66840.67,67377.5,9318.537036
2024-10-22,67377.5,67836.03,66579.99,67426.0,8451.05769
2024-10-23,67426.0,67472.82,65260.0,66668.65,10063.195407
2024-10-24,66668.65,68850.0,66511.08,68198.28,8683.094346
2024-10-25,68198.28,68771.49,65599.0,66698.33,9327.017644
2024-10-26,66698.33,67450.0,66443.47,67092.75,5237.054236
2024-10-27,67092.75,68332.03,66917.0,68021.7,4791.262861
2024-10-28,68021.7,70269.51,67617.99,69962.21,9336.947108
2024-10-29,69962.21,73620.1,69760.0,72736.41,10834.850677
2024-10-30,72736.41,72953.01,71436.11,72344.74,10310.485678
2024-10-31,72344.74,72700.0,69685.76,70292.01,8775.197875
2024-11-01,70292.01,71632.83,68821.96,69496.01,11823.372792
2024-11-02,69496.01,69914.0,69023.16,69374.75,6431.633769
2024-11-03,69374.75,69391.01,67478.73,68776.0,11287.114447
2024-11-04,68776.0,69500.0,66835.0,67850.01,14800.958162
2024-11-05,67850.01,70550.0,67476.63,69372.0,15980.933596
2024-11-06,69372.0,76399.96,69295.92,75571.99,24170.249239
2024-11-07,75571.99,76836.02,74416.95,75857.9,13867.347724
2024-11-08,75857.9,77196.3,75566.52,76509.77,8883.195649
2024-11-09,76509.77,76900.0,75714.66,76683.17,3734.688795
2024-11-10,76683.17,81496.66,76380.0,80372.02,13206.696907
2024-11-11,80372.02,89529.4,80216.02,88647.99,14264.195163
2024-11-12,88647.99,89933.08,85075.99,87952.01,16562.30068838
2024-11-13,87952.01,93260.0,86128.0,90375.2,16627.09098047
2024-11-14,90375.2,91789.19,86668.23,87313.93,8577.75209285
2024-11-15,87313.93,91850.0,87080.0,91032.08,8571.00044153
2024-11-16,91032.08,91777.0,90056.17,90558.66,4307.58132464
2024-11-17,90558.66,91449.99,88722.0,89839.54,5219.58247115
2024-11-18,89839.54,92585.65,89376.91,90464.07,5882.27789557
2024-11-19,90464.07,93904.33,90360.01,92292.02,6534.04485949
2024-11-20,92292.02,94830.0,91500.0,94284.0,6445.941271
2024-11-21,94284.0,98987.0,94040.0,98317.12,7602.61746339
2024-11-22,98317.12,99588.01,97132.0,98892.0,4843.68223563
2024-11-23,98892.0,98908.86,97136.0,97672.4,3694.46996592
2024-11-24,97672.4,98555.0,95734.78,97900.01,3244.43903062
2024-11-25,97900.01,98871.8,92611.86,93018.97,7432.21817185
2024-11-26,93018.97,94972.4,90791.13,91965.16,6497.88820608
2024-11-27,91965.16,97208.21,91792.14,95863.12,9496.18018258
2024-11-28,95863.12,96564.0,94640.0,95643.97,9872.55541859
2024-11-29,95643.97,98619.99,95364.99,97460.01,8612.00588688
2024-11-30,97460.01,97463.95,96092.01,96407.99,4571.59970941
2024-12-01,96407.99,97836.0,95693.88,97185.17,9115.36369784
2024-12-02,97185.17,98129.97,94400.0,95840.61,22795.74963182
2024-12-03,95840.61,96300.0,93580.0,95849.68,19113.94939729
2024-12-04,95849.68,99000.0,94587.83,98608.0,21608.63837278
2024-12-05,98608.0,104000.0,91500.0,96945.63,30831.4624779
2024-12-06,96945.63,101892.31,95997.88,99740.84,29304.45317277
2024-12-07,99740.84,100439.18,98849.51,99831.99,12844.71168307
2024-12-08,99831.99,101351.0,98663.98,101109.59,6994.17756237
2024-12-09,101109.59,101215.93,94166.19,97276.62,21292.03267049
2024-12-10,97276.62,98270.0,94263.89,96593.0,25833.0746196
2024-12-11,96593.0,101888.0,95658.37,101119.99,16305.31546053
2024-12-12,101119.99,102523.99,99311.65,100004.29,21339.05329343
2024-12-13,100004.29,101893.93,99205.0,101424.24,11696.60949758
2024-12-14,101424.24,102650.0,100609.41,101419.99,15773.73403021
2024-12-15,101419.99,105236.01,101237.14,104463.99,4203.36649714
2024-12-16,104463.99,107793.07,103333.17,106058.65,13381.17374608
2024-12-17,106058.65,108341.65,105327.84,106133.89,16653.72604854
2024-12-18,106133.89,106515.87,100000.99,100204.02,15347.53110941
2024-12-19,100204.02,102800.01,95700.01,97461.87,18644.12987284
2024-12-20,97461.87,98233.0,92280.1,97805.43,18965.90240265
2024-12-21,97805.43,99540.61,96398.39,97292.0,14201.71573326
2024-12-22,97292.0,97448.08,94250.35,95186.27,6848.41133564
2024-12-23,95186.27,96538.86,92520.01,94881.47,16864.59965174
2024-12-24,94881.47,99486.08,93569.03,98663.58,12074.86103253
2024-12-25,98663.58,99568.98,97632.02,99429.6,8840.29223619
2024-12-26,99429.6,99963.7,95199.14,95791.6,7691.45291206
2024-12-27,95791.6,97521.58,93503.0,94299.02,10957.49859362
2024-12-28,94299.02,95724.49,94135.66,95300.01,5503.79013591
2024-12-29,95300.01,95339.99,93015.99,93738.2,5099.10492712
2024-12-30,93738.2,95024.5,91532.58,92792.04,17570.99719338
2024-12-31,92792.04,96249.99,92033.73,93576.01,13200.77973745
2025-01-01,93576.01,95151.02,92900.0,94591.79,6806.06116436
2025-01-02,94591.79,97839.5,94392.0,96984.79,8077.9849039
2025-01-03,96984.79,98976.91,96100.01,98174.18,6908.9163942
2025-01-04,98174.18,98777.83,97514.79,98220.51,3395.10212414
2025-01-05,98220.51,98836.85,97276.8,98363.61,2386.10447707
2025-01-06,98363.61,102477.11,97920.0,102235.6,11298.23425593
2025-01-07,102235.6,102702.85,96181.98,96954.6,12866.68245838
2025-01-08,96954.6,97268.65,92550.0,95068.15,18605.09124837
2025-01-09,95068.15,95382.32,91213.2,92552.49,15319.08138683
2025-01-10,92552.49,95813.6,92225.0,94726.1,11124.23566684
2025-01-11,94726.1,95044.0,93837.72,94599.99,3057.60701206
2025-01-12,94599.99,95450.1,93711.19,94545.06,3377.41866203
2025-01-13,94545.06,95931.43,89300.0,94536.1,7525.13792474
2025-01-14,94536.1,97371.0,94347.18,96560.86,4855.55921053
2025-01-15,96560.86,100681.92,96500.0,100497.35,1856.4273841
2025-01-16,100497.35,100862.07,97341.06,99987.29,4241.48968257
2025-01-17,99987.29,105851.16,99950.77,104077.47,11683.57717492
2025-01-18,104077.47,104988.88,102277.64,104556.22,7130.27022365
2025-01-19,104556.22,106422.42,99654.09,101311.29,14212.62391982
2025-01-20,101311.29,109568.87,99550.0,102260.0,26053.69911231
2025-01-21,102260.0,107234.94,100163.0,106143.82,18976.7297308
2025-01-22,106143.82,106394.46,103345.89,103706.66,17934.41622319
2025-01-23,103706.66,106850.0,101262.29,103910.34,27920.36318316
2025-01-24,103910.34,107119.99,102750.0,104871.16,16493.32366928
2025-01-25,104871.16,105286.51,104107.57,104746.86,7094.85989784
2025-01-26,104746.86,105496.92,102520.44,102620.0,3637.47840763
2025-01-27,102620.0,103260.0,97780.0,102082.83,15430.47395762
2025-01-28,102082.83,103793.71,100272.68,101335.51,8593.76059271
2025-01-29,101335.51,104782.65,101328.01,103733.24,9528.87199511
2025-01-30,103733.24,106453.2,103297.24,104722.95,6447.80170837
2025-01-31,104722.95,106008.6,101560.64,102429.55,9519.17330706
2025-02-01,102429.55,102783.7,100280.3,100635.65,6018.79596932
2025-02-02,100635.65,101456.6,96150.01,97700.59,14718.16115019
2025-02-03,97700.59,102475.37,91245.56,101328.51,30530.62155509
2025-02-04,101328.51,101708.6,96150.02,97754.67,17959.31671219
2025-02-05,97754.67,99133.06,96155.0,96612.44,11144.15764069
2025-02-06,96612.44,99120.0,95676.64,96554.35,7931.88950141
2025-02-07,96554.35,100137.98,95629.23,96506.79,9313.97989588
2025-02-08,96506.79,96880.0,95630.0,96444.74,4115.96082139
2025-02-09,96444.74,97323.09,94713.0,96463.49,4855.53203912
2025-02-10,96463.49,98344.96,95256.1,97430.82,6679.21330938
2025-02-11,97430.82,98478.41,94876.88,95778.2,6108.58949178
2025-02-12,95778.2,98119.87,94088.42,97869.99,8446.54978023
2025-02-13,97869.99,98082.46,95225.01,96608.13,6404.10847832
2025-02-14,96608.13,98825.99,96266.24,97500.48,5774.13009438
2025-02-15,97500.48,97972.26,97223.58,97569.67,3064.52290219
2025-02-16,97569.67,97704.47,96046.18,96118.12,2955.20071164
2025-02-17,96118.12,97046.05,95208.0,95780.0,5232.0053314
2025-02-18,95780.0,96750.3,93388.09,95671.75,5366.05759673
2025-02-19,95671.75,96889.74,95029.99,96644.36,4652.27523954
2025-02-20,96644.36,98711.36,96415.09,98305.0,5235.45570644
2025-02-21,98305.0,99475.0,94882.01,96181.98,7414.98438287
2025-02-22,96181.98,96980.0,95771.44,96551.0,2823.04914981
2025-02-23,96551.0,96650.0,95240.7,96258.0,1759.54274023
2025-02-24,96258.0,96500.0,91349.26,91552.88,8270.68895461
2025-02-25,91552.88,92539.13,86051.02,88680.39,21650.0659968
2025-02-26,88680.39,89414.14,82264.04,84250.08,11361.8863808
2025-02-27,84250.08,87078.46,82718.16,84708.57,15527.91008948
2025-02-28,84708.57,85102.13,78276.82,84349.94,19242.75407422
2025-03-01,84349.94,86558.0,83824.78,86064.54,7703.21497884
2025-03-02,86064.54,94999.99,85050.6,94269.99,8135.06533129
2025-03-03,94269.99,94416.47,85117.72,86218.11,17414.11612758
2025-03-04,86218.11,88967.51,81516.98,87281.97,17894.55463807
2025-03-05,87281.97,90990.33,86350.0,90606.01,9565.24059392
2025-03-06,90606.01,92810.63,87836.02,89931.88,7460.18813686
2025-03-07,89931.88,91269.99,84686.0,86801.74,9376.21666452
2025-03-08,86801.74,86897.25,85240.0,86222.45,3004.52507691
2025-03-09,86222.45,86500.0,80000.03,80734.29,5172.07070062
2025-03-10,80734.29,84053.26,77459.94,78591.22,11934.26007843
2025-03-11,78591.22,83617.39,76621.94,82933.0,6999.89864281
2025-03-12,82933.0,84500.0,80609.53,83680.12,5861.63409319
2025-03-13,83680.12,84336.35,79943.39,81115.77,3396.08393133
2025-03-14,81115.77,85309.71,80819.96,83983.2,2994.87601273
2025-03-15,83983.2,84676.28,83620.31,84338.44,1672.68936257
2025-03-16,84338.44,85115.0,81987.79,82574.52,1136.92891727
2025-03-17,82574.52,84750.0,82462.0,84010.02,1317.37985524
2025-03-18,84010.02,84021.74,81150.28,82715.04,2415.75709543
2025-03-19,82715.04,87000.0,82547.16,86845.93,3412.24040267
2025-03-20,86845.93,87445.0,83655.23,84223.38,6168.24390265
2025-03-21,84223.38,84850.31,83175.25,84088.79,1511.86492117
2025-03-22,84088.79,84539.17,83660.0,83840.59,803.27510255
2025-03-23,83840.59,86129.64,83809.75,86082.49,656.42902673
2025-03-24,86082.49,88765.44,85519.09,87498.16,1990.04973028
2025-03-25,87498.16,88535.22,86310.0,87392.87,1562.6376092
2025-03-26,87392.87,88275.0,85860.0,86909.18,1242.75168796
2025-03-27,86909.18,87755.02,85810.08,87232.01,1393.26789752
2025-03-28,87232.01,87515.67,83584.99,84424.37,5459.88883023
2025-03-29,84424.37,84624.72,81644.8,82648.53,937.56897556
2025-03-30,82648.53,83534.64,81565.17,82379.99,687.28363608
2025-03-31,82379.99,83921.02,81278.96,82550.01,2207.58807192
2025-04-01,82550.01,85559.14,82432.74,85154.39,2440.33061151
2025-04-02,85154.39,88499.0,82325.69,82516.28,2170.69230048
2025-04-03,82516.28,83953.46,81211.38,83210.33,2952.98803835
2025-04-04,83210.33,84719.99,81659.73,83889.87,2165.50415962
2025-04-05,83889.87,84266.0,82380.81,83537.99,1296.19011153
2025-04-06,83537.99,83779.5,77153.83,78424.5,2067.77443176
2025-04-07,78424.5,81222.0,74508.01,79163.23,6637.13684419
2025-04-08,79163.23,80866.0,76239.89,76322.41,3858.16665004
2025-04-09,76322.41,83587.99,74620.01,82615.21,6643.05302122
2025-04-10,82615.21,82745.17,78464.35,79607.3,3689.83174134
2025-04-11,79607.3,84300.0,78969.58,83423.83,3714.2187406
2025-04-12,83423.83,85903.73,82792.95,85276.9,1738.10515602
2025-04-13,85276.9,86099.95,83038.77,83759.99,1442.27762773
2025-04-14,83759.99,85799.99,83680.0,84591.58,1678.37505972
2025-04-15,84591.58,86485.0,83600.01,83643.99,2283.77010617
2025-04-16,83643.99,85481.15,83111.64,84030.37,1470.89564985
2025-04-17,84030.37,85470.0,83742.0,84947.91,1675.13931599
2025-04-18,84947.91,85124.8,84303.96,84474.69,855.62837828
2025-04-19,84474.69,85671.07,84364.45,85077.0,730.19690532
2025-04-20,85077.0,85320.76,83950.0,85179.25,694.81638652
2025-04-21,85179.25,88466.0,85144.76,87516.23,6657.02470232
2025-04-22,87516.23,93875.0,87076.03,93443.0,6841.12560041
2025-04-23,93443.0,94620.0,91935.45,93691.07,3844.54783401
2025-04-24,93691.07,94005.0,91660.0,93980.47,5494.78269627
2025-04-25,93980.47,95750.0,92855.96,94638.67,4970.84366696
2025-04-26,94638.67,95199.0,93870.69,94628.0,2202.7298677
2025-04-27,94628.0,95355.87,93619.36,93749.29,1298.89279562
2025-04-28,93749.29,95621.0,92800.01,95011.17,6541.68979752
2025-04-29,95011.17,95459.06,93742.54,94256.82,5321.84008161
2025-04-30,94256.82,95228.45,92915.98,94172.0,3565.93928992
2025-05-01,94172.0,97421.0,94130.43,96489.9,4304.36055313
2025-05-02,96489.9,97895.66,96350.0,96887.13,2386.2918647
2025-05-03,96887.13,96922.83,95758.03,95856.41,1654.09722676
2025-05-04,95856.41,96304.48,94151.38,94277.61,2051.63075365
2025-05-05,94277.61,95199.0,93514.09,94733.68,3067.21225036
2025-05-06,94733.68,96919.54,93379.08,96829.63,3479.55693566
2025-05-07,96829.63,97730.0,95791.44,97030.49,3809.95766507
2025-05-08,97030.49,104141.44,96876.29,103261.6,6557.59382934
2025-05-09,103261.6,104361.3,102323.99,102972.0,4115.53390806
2025-05-10,102972.0,104984.57,102818.76,104809.53,1885.52871905
2025-05-11,104809.53,104971.99,103345.06,104118.0,2077.1284775
2025-05-12,104118.0,105747.59,100735.22,102791.31,6078.87599926
2025-05-13,102791.31,104976.25,101434.22,104103.73,8303.47520151
2025-05-14,104103.73,104356.93,102602.05,103507.82,5346.85758495
2025-05-15,103507.82,104192.63,101388.0,103763.7,5158.2631337
2025-05-16,103763.7,104550.32,103100.65,103463.9,4590.90545586
2025-05-17,103463.9,103709.85,102613.01,103126.64,5497.18824368
2025-05-18,103126.64,106659.94,103105.09,106454.26,5477.65389448
2025-05-19,106454.26,107108.06,102001.0,105573.74,8857.80798066
2025-05-20,105573.74,107319.78,104184.72,106849.99,7013.80072754
2025-05-21,106849.99,110778.66,106100.01,109643.99,10641.90445319
2025-05-22,109643.99,111979.69,109191.4,111696.21,5153.51148837
2025-05-23,111696.21,111799.99,106800.0,107318.3,4698.1909309
2025-05-24,107318.3,109506.03,106875.42,107761.9,3922.61258364
2025-05-25,107761.9,109299.99,106601.97,109004.19,3694.52990786
2025-05-26,109004.19,110422.22,108670.58,109434.79,2517.70336987
2025-05-27,109434.79,110718.0,107518.01,108938.16,4394.46998767
2025-05-28,108938.16,109284.7,106790.74,107781.78,4179.51160196
2025-05-29,107781.78,108891.91,105346.0,105589.74,3884.76410541
2025-05-30,105589.74,106313.12,103621.0,103985.47,5599.16294765
2025-05-31,103985.47,104900.0,103074.94,104591.88,3083.05394309
2025-06-01,104591.88,105866.9,103752.49,105642.92,2141.2670875
2025-06-02,105642.92,105935.63,103660.0,105857.99,4095.84228862
2025-06-03,105857.99,106793.41,104872.48,105376.9,3961.16376538
2025-06-04,105376.9,105999.99,104182.81,104696.86,3255.93374528
2025-06-05,104696.86,105909.71,100382.17,101508.68,5858.08455546
2025-06-06,101508.68,105332.99,101095.8,104288.43,3590.88926614
2025-06-07,104288.43,105900.0,103875.07,105552.15,2660.0179544
2025-06-08,105552.15,106487.75,104990.0,105734.05,3054.42938004
2025-06-09,105734.05,110516.72,105318.37,110263.02,6412.60270046
2025-06-10,110263.02,110395.44,108335.22,110274.4,6320.84701701
2025-06-11,110274.4,110392.0,108064.0,108645.12,4291.20437435
2025-06-12,108645.12,108813.55,105671.71,105671.73,5389.28603579
2025-06-13,105671.73,106179.52,102664.44,106068.0,6475.7153317
2025-06-14,106068.0,106244.03,104300.0,105414.63,3007.63835167
2025-06-15,105414.63,106128.57,104494.53,105594.01,2575.26494286
2025-06-16,105594.01,108950.0,104980.37,106794.53,5212.39637594
2025-06-17,106794.53,107771.33,103371.02,104551.16,5860.62503202
2025-06-18,104551.16,105550.27,103500.17,104886.78,5926.87531956
2025-06-19,104886.78,105226.16,103929.27,104658.58,2824.59152288
2025-06-20,104658.58,106523.96,102350.0,103297.99,4576.96880687
2025-06-21,103297.99,103982.64,100879.99,102119.99,3354.08399339
2025-06-22,102119.99,103387.0,98200.01,100963.87,7561.77792371
2025-06-23,100963.87,106060.94,99630.02,105333.94,7140.83751757
2025-06-24,105333.94,106288.01,104625.01,106082.99,4326.26893156
2025-06-25,106082.99,108133.39,105808.03,107340.58,5050.5045794
2025-06-26,107340.58,108272.45,106565.31,106947.06,3232.83621263
2025-06-27,106947.06,107735.34,106369.0,107041.36,4290.33148805
2025-06-28,107041.36,107558.79,106811.5,107296.78,1368.74930621
2025-06-29,107296.78,108528.5,107172.52,108356.92,2499.4845726
2025-06-30,108356.92,108783.91,106733.33,107146.51,3278.38555742
2025-07-01,107146.51,107539.99,105250.87,105681.13,3274.65659616
2025-07-02,105681.13,109730.0,105104.78,108849.59,6005.94888288
2025-07-03,108849.59,110506.68,108530.4,109584.78,4047.13770065
2025-07-04,109584.78,109767.59,107250.0,107984.24,4106.17590806
2025-07-05,107984.24,108408.77,107756.31,108198.11,1014.87977506
2025-07-06,108198.11,109700.0,107800.01,109203.85,1834.46944823
2025-07-07,109203.85,109700.0,107513.2,108262.95,3021.58241898
2025-07-08,108262.95,109216.56,107440.0,108922.98,1933.50943529
2025-07-09,108922.98,111999.79,108324.53,111234.12,5077.19799567
2025-07-10,111234.12,116800.0,110511.01,116010.01,4696.7411266
2025-07-11,116010.01,118865.17,115222.22,117527.66,5579.58153568
2025-07-12,117527.66,118200.0,116900.05,117420.0,1464.66962246
2025-07-13,117420.0,119469.6,117224.79,119086.64,2881.43211298
2025-07-14,119086.64,123217.99,118905.18,119841.17,4267.48522984
2025-07-15,119841.17,119940.83,115736.92,117758.08,7478.28354593
2025-07-16,117758.08,120025.17,117017.29,118630.43,5422.84469
2025-07-17,118630.43,120954.5,117453.57,119177.55,4060.5987268
2025-07-18,119177.55,120809.84,116812.76,117924.84,3182.46073628
2025-07-19,117924.84,118499.0,117277.34,117840.01,1159.45929368
2025-07-20,117840.01,118856.87,116467.02,117265.11,3822.83119883
2025-07-21,117265.11,119642.85,116515.0,117380.37,3876.57140913
2025-07-22,117380.37,120247.8,116128.01,119954.42,4335.6984928
2025-07-23,119954.42,120089.99,117300.98,118755.99,3182.59000772
2025-07-24,118755.99,119450.0,117104.82,118319.99,3610.81510538
2025-07-25,118319.99,118451.57,114723.16,117614.3,7747.7220027
2025-07-26,117614.3,118297.33,117138.38,117919.99,1809.79865589
2025-07-27,117919.99,119766.65,117825.5,119415.55,2189.30898064
2025-07-28,119415.55,119800.0,117427.48,118062.31,3262.8359779
2025-07-29,118062.31,119272.73,116963.0,117950.75,3305.74130497
2025-07-30,117950.75,118792.0,115796.34,117840.29,2936.63725672
2025-07-31,117840.29,118922.44,115500.58,115764.46,4626.84394996
2025-08-01,115764.46,116053.16,112723.54,113298.82,7155.85639157
2025-08-02,113298.82,114057.57,112002.11,112546.17,3088.89286263
2025-08-03,112546.17,114782.07,111951.01,114207.74,1488.82530279
2025-08-04,114207.74,115718.9,114106.55,115054.06,2476.67449604
2025-08-05,115054.06,115120.31,112657.0,114129.58,2594.3964625
2025-08-06,114129.58,115715.57,113354.24,114991.68,2551.02501007
2025-08-07,114991.68,117619.83,114259.38,117470.86,3546.38272023
2025-08-08,117470.86,117628.84,115890.0,116669.1,3020.41782734
2025-08-09,116669.1,117935.2,116334.44,116456.42,2739.42116547
2025-08-10,116456.42,119305.14,116454.81,119288.3,3212.75919023
2025-08-11,119288.3,122328.0,118118.0,118688.61,7369.66424636
2025-08-12,118688.61,120318.42,118208.37,120128.1,5307.16298281
2025-08-13,120128.1,123663.95,118933.43,123304.65,4549.38045712
2025-08-14,123304.65,124467.78,117185.0,118296.05,8534.64452757
2025-08-15,118296.05,119212.93,116802.45,117341.18,3110.63884577
2025-08-16,117341.18,117894.4,117147.06,117382.15,1212.16381814
2025-08-17,117382.15,118573.89,117175.78,117407.79,1043.95920607
2025-08-18,117407.79,117549.46,114645.87,116228.93,3978.8623945
2025-08-19,116228.93,116729.43,112728.9,112870.35,4152.08854665
2025-08-20,112870.35,114611.39,112381.5,114270.41,4979.87882212
2025-08-21,114270.41,114817.16,112019.54,112496.39,3025.80373687
2025-08-22,112496.39,117424.46,111690.23,116933.26,6558.50895092
2025-08-23,116933.26,117026.03,114555.68,115432.36,3756.83596738
2025-08-24,115432.36,115663.28,110832.0,113490.22,4150.82446891
2025-08-25,113490.22,113659.96,109264.77,110104.59,7522.19034875
2025-08-26,110104.59,112374.19,108700.01,111766.52,6708.96685924
2025-08-27,111766.52,112618.52,110356.69,111261.98,2800.95454178
2025-08-28,111261.98,113477.0,110864.29,112556.7,5116.68919001
2025-08-29,112556.7,112627.38,107490.0,108379.15,9359.84581797
2025-08-30,108379.15,108915.98,107356.0,108816.17,5488.87152916
2025-08-31,108816.17,109485.1,108090.0,108255.51,4720.48586861
2025-09-01,108255.51,109899.26,107248.55,109227.33,7798.07162683
2025-09-02,109227.33,111760.0,108385.09,111244.96,10118.67459561
2025-09-03,111244.96,112562.36,110537.34,111710.9,6952.1206878
2025-09-04,111710.9,112186.45,109346.0,110721.22,7038.53304164
2025-09-05,110721.22,113375.55,110224.27,110664.26,10007.60586242
2025-09-06,110664.26,111308.9,109990.98,110177.95,2960.9231414
2025-09-07,110177.95,111588.85,110170.75,111130.57,3597.0651861
2025-09-08,111130.57,112913.34,110620.03,112057.21,10106.501289
2025-09-09,112057.21,113287.13,110776.46,111547.36,12400.24169414
2025-09-10,111547.36,114303.26,110927.71,113956.97,11117.05110875
2025-09-11,113956.97,115480.42,113430.0,115475.27,8656.57743675
2025-09-12,115475.27,116655.39,114751.03,116027.72,9781.81516192
2025-09-13,116027.72,116289.62,115131.4,115910.21,5035.26944685
2025-09-14,115910.21,116157.8,115129.89,115277.83,4483.47652685
2025-09-15,115277.83,116749.31,114400.0,115340.65,9450.31029057
2025-09-16,115340.65,116956.85,114785.0,116778.96,7811.19136103
2025-09-17,116778.96,117275.22,114750.0,116437.25,10227.07075911
2025-09-18,116437.25,117891.67,116088.81,117074.71,7506.43896994
2025-09-19,117074.71,117455.09,115094.86,115630.75,5778.17217443
2025-09-20,115630.75,116112.04,115408.58,115684.61,2862.79948732
2025-09-21,115684.61,115815.69,115190.24,115231.46,2761.48716754
2025-09-22,115231.46,115379.58,111865.19,112649.95,11831.56065932
2025-09-23,112649.95,113288.47,111449.83,111989.15,7385.17854084
2025-09-24,111989.15,113936.36,111052.53,113296.28,7876.61541523
2025-09-25,113296.28,113499.42,108639.36,108990.87,12690.35140701
2025-09-26,108990.87,110288.97,108627.14,109644.56,8527.97686662
2025-09-27,109644.56,109734.82,109053.49,109635.16,3312.53451828
2025-09-28,109635.16,112339.6,109193.73,112161.25,4585.23215333
2025-09-29,112161.25,114395.69,111550.8,114302.47,10499.71110424
2025-09-30,114302.47,114781.56,112650.03,114043.89,9911.30246461
2025-10-01,114043.89,118640.58,113958.68,118588.3,12224.80195142
2025-10-02,118588.3,121018.43,118267.54,120516.49,10182.81664474
2025-10-03,120516.49,123884.89,119240.21,122213.24,13445.01896669
2025-10-04,122213.24,122792.07,121523.12,122379.95,4539.30246499
2025-10-05,122379.95,125693.99,122129.99,123464.93,11129.24216793
2025-10-06,123464.93,126192.94,123099.53,124640.17,10747.56981239
2025-10-07,124640.17,125117.77,120581.87,121325.99,12854.37147762
2025-10-08,121325.99,124150.0,121063.93,123315.37,10191.38201395
2025-10-09,123315.37,123750.56,119661.99,121650.23,10349.53285168
2025-10-10,121650.23,122508.41,102500.0,112768.25,32689.0697119
2025-10-11,112768.25,113311.94,109568.18,110633.34,23928.06409236
2025-10-12,110633.34,115750.0,109561.0,114960.12,19046.08532622
2025-10-13,114960.12,115928.35,113640.38,115156.63,11631.86358543
2025-10-14,115156.63,115401.55,109875.69,113038.92,17675.22718109
2025-10-15,113038.92,113616.4,110164.25,110759.03,13652.75658941
2025-10-16,110759.03,111974.27,107435.81,108194.37,15318.11199598
2025-10-17,108194.37,109231.53,103524.0,106428.7,18978.4525376
2025-10-18,106428.7,107495.52,106320.25,107180.0,4059.76594441
2025-10-19,107180.0,109453.67,106107.23,108641.46,7141.97187359
2025-10-20,108641.46,111700.0,107404.94,110532.08,8683.54439452
2025-10-21,110532.08,113999.99,107478.29,108300.91,22982.06384034
2025-10-22,108300.91,109169.97,106713.6,107567.39,17376.72238298
2025-10-23,107567.39,111294.59,107500.0,110078.18,11371.48718114
2025-10-24,110078.18,112112.0,109700.74,111004.89,9746.56163277
2025-10-25,111004.89,111927.2,110669.79,111646.28,4900.81151375
2025-10-26,111646.28,115445.22,111260.45,114559.41,8781.47999458
2025-10-27,114559.41,116399.99,113847.37,114107.64,12477.82980346
2025-10-28,114107.64,116085.99,112222.0,112898.41,8401.96424818
2025-10-29,112898.41,113633.0,109279.05,110021.29,10338.15815597
2025-10-30,110021.29,111587.28,106341.31,108313.94,12989.17713193
2025-10-31,108313.94,111161.01,108276.24,109604.41,11276.91873446
2025-11-01,109604.41,110552.57,109396.29,110089.69,4159.30756803
2025-11-02,110089.69,111240.81,109485.02,110531.37,6559.26152449
2025-11-03,110531.37,110743.41,105309.53,106574.18,12402.05223811
2025-11-04,106574.18,107305.68,98980.0,101482.38,19512.39448018
