timestamp,open,high,low,close,volume
2019-01-01,0.00232005,0.00234304,0.00230291,0.00233909,299335258.1579
2019-01-02,0.00233909,0.00236009,0.002321,0.002347,277469982.6324
2019-01-03,0.002347,0.00235205,0.00229107,0.00229111,278118673.1403
2019-01-04,0.00229111,0.002294,0.00218197,0.002235,327402041.6595
2019-01-05,0.002235,0.00227007,0.00220493,0.002238,324525308.6007
2019-01-06,0.002238,0.00230004,0.00219992,0.002246,313115303.0456
2019-01-07,0.002246,0.00226308,0.00221991,0.00222795,302332718.6745
2019-01-08,0.00222795,0.00224744,0.002205,0.002221,326870974.8492
2019-01-09,0.002221,0.002245,0.00220491,0.00221193,313067984.3259
2019-01-10,0.00221193,0.002231,0.002013,0.002082,293380467.574
2019-01-11,0.002082,0.002097,0.002025,0.002061,174770598.0
2019-01-12,0.002061,0.00209,0.002043,0.002078,141826638.0
2019-01-13,0.002078,0.002091,0.001987,0.002046,145651130.4152
2019-01-14,0.002046,0.0021085,0.00202,0.002086,154854985.0
2019-01-15,0.002086,0.0020861,0.0020308,0.002035,224839722.0
2019-01-16,0.002035,0.0020748,0.0020212,0.002057,346120003.0
2019-01-17,0.002057,0.0020659,0.0020357,0.0020594,349617827.0
2019-01-18,0.0020594,0.0020606,0.0020211,0.002038,308989776.0
2019-01-19,0.002038,0.0021434,0.0019634,0.002093,343207087.0
2019-01-20,0.002093,0.0021067,0.001995,0.002046,331916605.0
2019-01-21,0.002046,0.002049,0.00197,0.0020317,301204838.09
2019-01-22,0.0020317,0.0020424,0.0019802,0.002019,345570031.92
2019-01-23,0.002019,0.0020193,0.001958,0.001998,352800793.43
2019-01-24,0.001998,0.0020103,0.0019765,0.0020041,277659147.86
2019-01-25,0.0020041,0.0020074,0.0019893,0.0020042,233998526.42
2019-01-26,0.0020042,0.002027,0.0019884,0.002008,232246655.33
2019-01-27,0.002008,0.0020188,0.001981,0.0020004,241170499.73
2019-01-28,0.0020004,0.002001,0.0018378,0.0018943,256767212.83
2019-01-29,0.0018943,0.0019,0.001823,0.001873,254015904.92
2019-01-30,0.001873,0.0019308,0.0018599,0.001926,243588874.83
2019-01-31,0.001926,0.001944,0.0018808,0.0018981,211462703.63
2019-02-01,0.0018981,0.0019106,0.001838,0.001906,203265060.82
2019-02-02,0.001906,0.0019276,0.0018785,0.0019207,198702628.67
2019-02-03,0.0019207,0.0019331,0.001826,0.001852,204831495.54
2019-02-04,0.001852,0.0018945,0.001851,0.0018645,197218146.28
2019-02-05,0.0018645,0.0018814,0.001849,0.0018603,193618266.96
2019-02-06,0.0018603,0.001861,0.0018014,0.001806,198309439.53
2019-02-07,0.001806,0.001832,0.0018025,0.001812,193650455.7
2019-02-08,0.001812,0.00196,0.0018011,0.0019224,202034749.44
2019-02-09,0.0019224,0.001936,0.001876,0.00191,201924887.34
2019-02-10,0.00191,0.0019108,0.0018656,0.0019,198599571.84
2019-02-11,0.0019,0.0019019,0.0018524,0.001875,195110527.66
2019-02-12,0.001875,0.0018919,0.0018543,0.0018871,188126218.8
2019-02-13,0.0018871,0.0019106,0.0018706,0.0018806,190351404.39
2019-02-14,0.0018806,0.0019046,0.0018788,0.0018885,183240049.54
2019-02-15,0.0018885,0.0019009,0.0018777,0.00189,183979414.87
2019-02-16,0.00189,0.001943,0.0018851,0.001934,182677218.53
2019-02-17,0.001934,0.0020506,0.0019294,0.0020142,188808862.78
2019-02-18,0.0020142,0.0020702,0.0019916,0.0020502,194371748.25
2019-02-19,0.0020502,0.002094,0.0020348,0.0020656,185060821.72
2019-02-20,0.0020656,0.002066,0.0020148,0.0020415,184756531.46
2019-02-21,0.0020415,0.0020615,0.0020155,0.002032,179631584.67
2019-02-22,0.002032,0.0020451,0.002007,0.0020317,176222998.41
2019-02-23,0.0020317,0.0020969,0.0020191,0.0020658,176912753.61
2019-02-24,0.0020658,0.002129,0.0018876,0.001932,188374353.34
2019-02-25,0.001932,0.0020162,0.0018958,0.001985,167531512.96
2019-02-26,0.001985,0.001997,0.001954,0.0019699,153176577.87
2019-02-27,0.0019699,0.001982,0.001911,0.0019473,137959891.71
2019-02-28,0.0019473,0.001953,0.001914,0.0019271,147134915.88
2019-03-01,0.0019271,0.0019661,0.001913,0.0019591,153197904.53
2019-03-02,0.0019591,0.00197,0.0019459,0.0019618,146639259.75
2019-03-03,0.0019618,0.001991,0.0019468,0.0019668,150998904.56
2019-03-04,0.0019668,0.001978,0.001895,0.001912,171522550.52
2019-03-05,0.001912,0.0019621,0.001899,0.0019414,166244283.68
2019-03-06,0.0019414,0.001956,0.001921,0.0019351,169202198.42
2019-03-07,0.0019351,0.0019931,0.001935,0.0019719,123920612.64
2019-03-08,0.0019719,0.0019719,0.001934,0.0019436,98196337.92
2019-03-09,0.0019438,0.001988,0.00194,0.0019699,94881757.48
2019-03-10,0.001972,0.0019731,0.0019409,0.0019532,81752709.59
2019-03-11,0.0019539,0.00196,0.0019169,0.0019331,211549929.67
2019-03-12,0.001916,0.0020381,0.0018949,0.0019932,241198706.28
2019-03-13,0.0019932,0.0020752,0.0019768,0.002019,358229010.05
2019-03-14,0.002019,0.0020262,0.0019807,0.0020239,362732464.4
2019-03-15,0.0020239,0.002043,0.0020029,0.002033,359586743.77
2019-03-16,0.002033,0.00206,0.0020185,0.00205,376630458.44
2019-03-17,0.00205,0.0020522,0.002015,0.0020474,373842787.89
2019-03-18,0.0020474,0.0020689,0.0020268,0.0020595,680047582.85
2019-03-19,0.0020595,0.0020679,0.0020212,0.002053,685530626.7
2019-03-20,0.002053,0.0020571,0.0020168,0.002022,647913314.24
2019-03-21,0.002022,0.002048,0.0020008,0.002009,626114206.23
2019-03-22,0.002009,0.002034,0.0019846,0.0020191,691156039.07
2019-03-23,0.0020191,0.002032,0.0020028,0.0020125,727918100.85
2019-03-24,0.0020125,0.002035,0.0019899,0.0020086,721231161.66
2019-03-25,0.0020086,0.0020449,0.0019859,0.002001,749760113.59
2019-03-26,0.002001,0.0020442,0.001999,0.002031,797439367.79
2019-03-27,0.002031,0.0020724,0.0020038,0.0020692,822246885.85
2019-03-28,0.0020692,0.0020722,0.00203,0.00204,800604481.6
2019-03-29,0.00204,0.0020922,0.0020398,0.0020864,823920343.73
2019-03-30,0.0020864,0.0021068,0.00205,0.002075,871779487.13
2019-03-31,0.002075,0.0020791,0.0020498,0.0020703,822657783.76
2019-04-01,0.0020703,0.0025966,0.0020548,0.002465,783342125.25
2019-04-02,0.002465,0.0028993,0.002355,0.00278,708838023.77
2019-04-03,0.00278,0.0036677,0.002733,0.0031328,850144828.84
2019-04-04,0.0031328,0.00429,0.0030588,0.003676,837947104.85
2019-04-05,0.003676,0.0037528,0.0033097,0.003589,747294836.48
2019-04-06,0.003589,0.0035898,0.003311,0.0033613,729471328.43
2019-04-07,0.0033613,0.0035764,0.003219,0.003405,763380979.12
2019-04-08,0.003405,0.00342,0.0028998,0.002975,833335580.89
2019-04-09,0.002975,0.0030001,0.0026888,0.002885,801748156.93
2019-04-10,0.002885,0.0031008,0.0028381,0.002946,875598243.12
2019-04-11,0.002946,0.0029817,0.0026304,0.002729,855645358.83
2019-04-12,0.002729,0.0028352,0.002641,0.002816,900228001.39
2019-04-13,0.002816,0.00291,0.0027739,0.002854,899868673.38
2019-04-14,0.002854,0.00288,0.0027699,0.002848,860932364.92
2019-04-15,0.002848,0.002899,0.0027199,0.0027762,890360207.5
2019-04-16,0.0027762,0.0027882,0.0026915,0.002754,846249076.18
2019-04-17,0.002754,0.0028024,0.0027353,0.002766,872880481.93
2019-04-18,0.002766,0.0030148,0.0027498,0.0029357,872181749.19
2019-04-19,0.0029357,0.002952,0.0028199,0.002861,859921825.97
2019-04-20,0.002861,0.002868,0.0027936,0.002811,808609165.11
2019-04-21,0.002811,0.0028271,0.0018003,0.002717,895322256.94
2019-04-22,0.002717,0.002792,0.0018007,0.0027508,902800053.09
2019-04-23,0.0027508,0.002844,0.0026927,0.0026955,504212596.01
2019-04-24,0.0026955,0.0027003,0.00245,0.0025451,387094678.49
2019-04-25,0.0025451,0.0025962,0.0024296,0.0024496,240810136.18
2019-04-26,0.0024496,0.0025753,0.0024075,0.0025539,229224307.08
2019-04-27,0.0025539,0.0025758,0.0024728,0.0025653,209080840.47
2019-04-28,0.0025653,0.0025732,0.0024989,0.0025078,191228905.52
2019-04-29,0.0025078,0.0025191,0.0024041,0.0024166,192014091.61
2019-04-30,0.0024166,0.0025121,0.0023998,0.0025096,213017767.89
2019-05-01,0.0025096,0.0025432,0.0024698,0.0025159,204061549.48
2019-05-02,0.0025159,0.0026298,0.0025098,0.0025891,219007510.27
2019-05-03,0.0025891,0.002713,0.0025758,0.002685,235344581.7
2019-05-04,0.002685,0.0027832,0.0025348,0.0026598,223692362.37
2019-05-05,0.0026598,0.0026759,0.0025728,0.0026012,187726478.22
2019-05-06,0.0026012,0.002608,0.0024878,0.002575,212121259.94
2019-05-07,0.002575,0.0026442,0.0025049,0.0025482,214969637.72
2019-05-08,0.0025482,0.0025482,0.0024868,0.0025166,1185064680.6
2019-05-09,0.0025166,0.0025314,0.0024308,0.0024874,1580390178.11
2019-05-10,0.0024874,0.0025112,0.0024427,0.0024942,1616805618.42
2019-05-11,0.0024942,0.0028402,0.0024821,0.0027447,2066587373.23
2019-05-12,0.0027447,0.0028158,0.0025783,0.0026095,1993412722.87
2019-05-13,0.0026095,0.0027902,0.0025878,0.0026863,1881950323.84
2019-05-14,0.0026863,0.0032111,0.0026651,0.0030638,2497694702.8
2019-05-15,0.0030638,0.0033604,0.0030011,0.0033554,2532611875.36
2019-05-16,0.0033554,0.0036002,0.0030099,0.0031157,2738881448.99
2019-05-17,0.0031157,0.0031362,0.0026801,0.0029092,2259037452.8
2019-05-18,0.0029092,0.0029902,0.0028224,0.0029298,1920941279.61
2019-05-19,0.0029298,0.0031612,0.0029129,0.003139,2035576516.89
2019-05-20,0.003139,0.0031392,0.0028746,0.0029601,1971835495.47
2019-05-21,0.0029601,0.0030452,0.002915,0.0030238,1792234482.71
2019-05-22,0.0030238,0.0030331,0.0028552,0.0028866,1787234356.24
2019-05-23,0.0028866,0.00296,0.0027975,0.0029123,5168534086.59
2019-05-24,0.0029123,0.0030388,0.0028782,0.0029962,6179787386.82
2019-05-25,0.0029962,0.0030087,0.0029198,0.0029813,6010593252.82
2019-05-26,0.0029813,0.0031108,0.002913,0.0030732,6236056778.79
2019-05-27,0.0030732,0.003246,0.0030187,0.0031473,6223173215.32
2019-05-28,0.0031473,0.003165,0.0030801,0.0031483,6146729177.29
2019-05-29,0.0031483,0.003214,0.0030075,0.003156,6205273396.93
2019-05-30,0.003156,0.0036792,0.0031144,0.0031926,3136663149.8
2019-05-31,0.0031926,0.003488,0.0031126,0.0034156,331191322.52
2019-06-01,0.0034156,0.003436,0.0032902,0.0033409,330575771.43
2019-06-02,0.0033409,0.0034301,0.0033178,0.0033787,332944547.28
2019-06-03,0.0033787,0.0033791,0.0031069,0.003116,325686051.59
2019-06-04,0.003116,0.0031401,0.0028946,0.0029476,319839513.6
2019-06-05,0.0029476,0.0030643,0.0029098,0.0030263,320244043.08
2019-06-06,0.0030263,0.0030653,0.0029743,0.003065,321657571.87
2019-06-07,0.003065,0.003122,0.0030254,0.0030931,327248580.53
2019-06-08,0.0030931,0.0031216,0.0029783,0.0030508,324659463.33
2019-06-09,0.0030508,0.00307,0.0029083,0.0029393,320969025.07
2019-06-10,0.0029393,0.0030629,0.0029003,0.0030468,323237431.76
2019-06-11,0.0030468,0.0030602,0.0029563,0.0030278,326381419.25
2019-06-12,0.0030278,0.0030595,0.0029344,0.003036,288270726.23
2019-06-13,0.003036,0.003074,0.0029749,0.0030367,328240277.53
2019-06-14,0.0030192,0.0031007,0.0029722,0.0030881,214254785.49
2019-06-15,0.0030881,0.0031777,0.0030449,0.0031218,330383492.6
2019-06-16,0.0031218,0.0032854,0.0031052,0.0031344,329098945.53
2019-06-17,0.0031344,0.0031997,0.0031033,0.003157,332566490.38
2019-06-18,0.003157,0.0031791,0.0030337,0.0030505,340384618.86
2019-06-19,0.0030505,0.003114,0.0030233,0.0031027,340420436.55
2019-06-20,0.0030617,0.003089,0.0030342,0.0030793,95430384.74
2019-06-21,0.0030793,0.0032533,0.0030563,0.0032509,341396099.65
2019-06-22,0.0032509,0.0033833,0.0032039,0.0033082,334744241.07
2019-06-23,0.0033082,0.0033969,0.0032383,0.003296,338697614.09
2019-06-24,0.003296,0.0033885,0.0032029,0.0033359,343580572.75
2019-06-25,0.0033359,0.0033998,0.00326,0.0033274,376225211.6
2019-06-26,0.0033274,0.0034471,0.0032161,0.0033985,418620128.82
2019-06-27,0.0033985,0.0041,0.0029662,0.0033872,398893414.12
2019-06-28,0.0033872,0.0036022,0.0033498,0.0034175,341532277.18
2019-06-29,0.0034175,0.0034223,0.0032547,0.0033792,291831376.69
2019-06-30,0.0033792,0.0034151,0.0032158,0.0032392,315751319.49
2019-07-01,0.0032392,0.0033116,0.0030088,0.0032516,360082411.55
2019-07-02,0.0032516,0.003275,0.0030175,0.0031365,368180462.5
2019-07-03,0.0031365,0.0032456,0.003096,0.0032454,345446589.9
2019-07-04,0.0032454,0.0034225,0.0031296,0.0032011,344456946.74
2019-07-05,0.0032011,0.0045,0.0031421,0.0038682,469461762.04
2019-07-06,0.0038682,0.0039472,0.0033666,0.0035072,381775363.4
2019-07-07,0.0035072,0.0035899,0.0034085,0.0035315,256641358.64
2019-07-08,0.0035315,0.0035633,0.0034458,0.0034614,298708086.51
2019-07-09,0.0034614,0.0035791,0.0034056,0.003467,307310948.46
2019-07-10,0.003467,0.0035365,0.0032901,0.0033331,298577309.44
2019-07-11,0.0033331,0.0033355,0.0031116,0.0032192,304323288.45
2019-07-12,0.0032192,0.0033549,0.003163,0.0032619,294735347.89
2019-07-13,0.0032621,0.0032648,0.0031481,0.003254,280471183.51
2019-07-14,0.0032567,0.0032688,0.0028988,0.0029119,307694715.41
2019-07-15,0.0029108,0.0031267,0.0027949,0.0030636,333178941.57
2019-07-16,0.0030631,0.0030985,0.0027294,0.0027934,336552609.28
2019-07-17,0.0027981,0.0029762,0.0027183,0.0028774,347597680.71
2019-07-18,0.0028771,0.0031274,0.0027796,0.0030943,352821274.39
2019-07-19,0.0030939,0.0031027,0.00294,0.0030212,358055496.34
2019-07-20,0.003021,0.0031487,0.0030065,0.003086,391665881.68
2019-07-21,0.0030868,0.0031276,0.0029905,0.0030492,405460459.07
2019-07-22,0.0030493,0.0030791,0.0029196,0.0029577,384555600.35
2019-07-23,0.0029579,0.0029585,0.0028262,0.0028396,736896956.82
2019-07-24,0.0028396,0.0028776,0.0027636,0.0028664,791223807.9
2019-07-25,0.002863,0.0029449,0.0028517,0.0028749,796861131.07
2019-07-26,0.0028747,0.002897,0.0028255,0.0028887,784188666.48
2019-07-27,0.0028878,0.0029449,0.0027551,0.0028034,759167755.99
2019-07-28,0.0027988,0.0028139,0.0027727,0.0027909,789896060.86
2019-07-29,0.002791,0.0028774,0.0027664,0.0027746,790326550.02
2019-07-30,0.0027741,0.0028053,0.0027472,0.0027909,797139323.72
2019-07-31,0.0027905,0.0028721,0.0027905,0.0028603,732581370.7
2019-08-01,0.0028603,0.0029346,0.002823,0.0028898,685503504.24
2019-08-02,0.0028898,0.0029252,0.0028615,0.0028958,788842073.64
2019-08-03,0.0028958,0.002945,0.0028763,0.0028973,773564790.55
2019-08-04,0.0028973,0.0029841,0.0028966,0.0029228,558479390.14
2019-08-05,0.0029228,0.0031891,0.0029168,0.003035,348580689.56
2019-08-06,0.003035,0.0030899,0.0029158,0.0029532,395009589.92
2019-08-07,0.0029532,0.0030301,0.0029,0.0029846,404294158.43
2019-08-08,0.0029846,0.002991,0.002864,0.0029609,400834043.03
2019-08-09,0.0029609,0.0029629,0.002852,0.0029127,403035543.39
2019-08-10,0.0029127,0.0029422,0.0028101,0.0028445,405406960.44
2019-08-11,0.0028445,0.0028968,0.0028259,0.002896,404649574.4
2019-08-12,0.002896,0.0029006,0.0028435,0.0028536,403450711.6
2019-08-13,0.0028536,0.0028656,0.0028084,0.0028321,397933372.0
2019-08-14,0.0028321,0.002834,0.0026993,0.0027236,404440043.34
2019-08-15,0.0027236,0.0027591,0.0025489,0.0025849,405622968.34
2019-08-16,0.0025849,0.002693,0.0025318,0.0026452,405748085.24
2019-08-17,0.0026452,0.002661,0.0025831,0.0026217,403544562.22
2019-08-18,0.0026217,0.0027198,0.0025892,0.002691,403159624.39
2019-08-19,0.002691,0.0028134,0.0026889,0.0028025,399554191.49
2019-08-20,0.0028025,0.0028038,0.0026837,0.0027112,402944663.73
2019-08-21,0.0027112,0.002721,0.0025671,0.0026332,569925374.21
2019-08-22,0.0026332,0.0026664,0.0025516,0.002658,432572574.09
2019-08-23,0.002658,0.0026858,0.0026105,0.002671,398580938.36
2019-08-24,0.002671,0.0026832,0.0025702,0.0026216,421603059.59
2019-08-25,0.0026216,0.0026642,0.0025865,0.0026174,345662187.38
2019-08-26,0.0026174,0.0027,0.0025982,0.0026328,358405493.48
2019-08-27,0.0026328,0.0026413,0.0025749,0.0026033,218526402.02
2019-08-28,0.0026033,0.0026033,0.0024785,0.0025001,357748582.34
2019-08-29,0.0025001,0.0025022,0.0023447,0.0024342,624608878.56
2019-08-30,0.0024342,0.002469,0.0023917,0.0024538,379210672.52
2019-08-31,0.0024538,0.0024792,0.0024125,0.002454,399036934.42
2019-09-01,0.002454,0.0024854,0.0024146,0.0024599,409694573.34
2019-09-02,0.0024599,0.0026086,0.0024388,0.0025835,487128452.34
2019-09-03,0.0025835,0.0026072,0.0025305,0.0025597,644612991.87
2019-09-04,0.0025597,0.0025752,0.0024994,0.0025126,364464359.95
2019-09-05,0.0025126,0.0025129,0.0024595,0.0024831,578054658.85
2019-09-06,0.0024831,0.0025055,0.0024077,0.002462,966850704.23
2019-09-07,0.002462,0.0024992,0.0024334,0.0024589,849800429.76
2019-09-08,0.0024589,0.0025,0.0024076,0.0024598,821848225.38
2019-09-09,0.0024598,0.0024696,0.0024037,0.0024365,845403348.72
2019-09-10,0.0024365,0.0024501,0.0023879,0.002418,392848531.4
2019-09-11,0.002418,0.0024383,0.0023665,0.0023927,659576089.78
2019-09-12,0.0023927,0.0024063,0.0023376,0.0023928,909344304.89
2019-09-13,0.0023928,0.0024104,0.0023624,0.0024046,594285105.8
2019-09-14,0.0024046,0.0024306,0.0023679,0.0024198,695909721.16
2019-09-15,0.0024198,0.0024876,0.0024188,0.0024276,928809273.77
2019-09-16,0.0024276,0.0024658,0.0023988,0.0024273,672225248.12
2019-09-17,0.0024273,0.0026147,0.0024121,0.0026003,707765510.44
2019-09-18,0.0026003,0.0027999,0.0025467,0.0027001,1151213243.16
2019-09-19,0.0027001,0.0027369,0.002545,0.002692,1381561464.65
2019-09-20,0.002692,0.002695,0.0026361,0.0026479,794859034.28
2019-09-21,0.0026479,0.0026572,0.0025378,0.002574,384067970.13
2019-09-22,0.002574,0.0025773,0.0025225,0.0025735,594932356.95
2019-09-23,0.0025735,0.002574,0.0024969,0.0024975,634094923.0
2019-09-24,0.0024975,0.0024992,0.0019349,0.00219,1473261503.25
2019-09-25,0.00219,0.002221,0.0020801,0.0021775,4291200743.97
2019-09-26,0.0021775,0.0022074,0.0020034,0.0021311,2123052552.29
2019-09-27,0.0021311,0.0022064,0.0021003,0.0021732,1924610686.81
2019-09-28,0.0021732,0.0022273,0.0021414,0.0022,1143444192.78
2019-09-29,0.0022,0.0022131,0.0021326,0.0021972,1295747729.1
2019-09-30,0.0021972,0.0024014,0.0021289,0.0023768,2498774250.12
2019-10-01,0.0023768,0.0024638,0.0023545,0.0023553,1682991820.28
2019-10-02,0.0023553,0.0023613,0.0022888,0.0023192,1251668168.99
2019-10-03,0.0023192,0.002321,0.0022371,0.0022936,1349104748.43
2019-10-04,0.0022936,0.0023091,0.0022431,0.0022892,1250503905.57
2019-10-05,0.0022892,0.0023015,0.0022573,0.0022943,1053415287.2
2019-10-06,0.0022943,0.0022995,0.0022276,0.0022561,1181830300.99
2019-10-07,0.0022561,0.0023573,0.0022423,0.002331,1372290119.01
2019-10-08,0.002331,0.0023554,0.0022887,0.0022997,1591077097.51
2019-10-09,0.0022997,0.0023614,0.0022862,0.0023492,1628005483.45
2019-10-10,0.0023492,0.002352,0.0023001,0.0023051,1587311998.13
2019-10-11,0.0023051,0.0023381,0.0022461,0.0022893,1641751602.6
2019-10-12,0.0022893,0.0023323,0.0022844,0.0023186,1479453674.42
2019-10-13,0.0023186,0.0026362,0.0022988,0.002437,2781687728.14
2019-10-14,0.002437,0.0026888,0.002408,0.002549,2820065880.35
2019-10-15,0.002549,0.0025685,0.0024752,0.0024924,2294487262.6
2019-10-16,0.0024924,0.0026279,0.0024884,0.0026108,3490356891.49
2019-10-17,0.0026108,0.0029682,0.0025802,0.00274,4015386753.01
2019-10-18,0.00274,0.0028741,0.0026298,0.0026942,3871116868.04
2019-10-19,0.0026942,0.0027895,0.0026421,0.0027219,2652735421.08
2019-10-20,0.0027219,0.0027592,0.002648,0.002711,3044913364.36
2019-10-21,0.002711,0.0027241,0.00258,0.0026852,3349292445.32
2019-10-22,0.0026852,0.0027311,0.0025144,0.0025318,3191665409.56
2019-10-23,0.0025318,0.0025801,0.0023544,0.0024782,4388823687.61
2019-10-24,0.0024782,0.0025418,0.0024185,0.0025133,3402925532.72
2019-10-25,0.0025133,0.0027166,0.0024677,0.0026639,4558383871.84
2019-10-26,0.0026639,0.0028924,0.0025627,0.0025966,5444871601.8
2019-10-27,0.0025966,0.0027379,0.0025605,0.0026427,3337437192.04
2019-10-28,0.0026427,0.0027201,0.0026245,0.002625,3183285174.62
2019-10-29,0.002625,0.0026964,0.0026229,0.0026282,2887956456.34
2019-10-30,0.0026282,0.002654,0.002561,0.0025886,3109767162.86
2019-10-31,0.0025886,0.0026272,0.0025479,0.0025844,2677163814.6
2019-11-01,0.0025844,0.0026003,0.0025504,0.0025955,2616418405.6
2019-11-02,0.0025955,0.0026102,0.0025519,0.0025747,2783300403.28
2019-11-03,0.0025747,0.0025907,0.0025427,0.002579,2914811725.87
2019-11-04,0.002579,0.0025956,0.0025399,0.0025747,3233836154.92
2019-11-05,0.0025747,0.0026144,0.0025478,0.0025849,2828979655.27
2019-11-06,0.0025849,0.0026085,0.0025741,0.0025967,2615722711.08
2019-11-07,0.0025967,0.002742,0.0025741,0.0027056,3232982677.83
2019-11-08,0.0027056,0.0027069,0.0025815,0.0026428,3076064541.62
2019-11-09,0.0026428,0.0027319,0.0026263,0.0027082,2631907088.21
2019-11-10,0.0027082,0.0027728,0.0026659,0.0027585,2865955386.68
2019-11-11,0.0027585,0.0027624,0.0026487,0.0027007,2461332971.28
2019-11-12,0.0027007,0.0027265,0.002644,0.0027075,2410840553.29
2019-11-13,0.0027075,0.0027077,0.0026246,0.0026809,2548427275.01
2019-11-14,0.0026809,0.0026813,0.0026002,0.0026632,2280338745.89
2019-11-15,0.0026632,0.0026746,0.0025859,0.0026538,2881471915.93
2019-11-16,0.0026538,0.002669,0.0026113,0.0026585,2555935879.38
2019-11-17,0.0026585,0.0026609,0.0026104,0.0026157,2590168013.2
2019-11-18,0.0026157,0.0026273,0.0025004,0.0025322,2432762841.34
2019-11-19,0.0025322,0.0025387,0.0024898,0.0025203,2370522035.07
2019-11-20,0.0025203,0.002559,0.0025074,0.0025152,2220609625.41
2019-11-21,0.0025152,0.0025286,0.0023078,0.0024082,3110132811.22
2019-11-22,0.0024082,0.002441,0.0021721,0.0023526,4135869369.22
2019-11-23,0.0023526,0.0023984,0.0022643,0.0023927,2717095198.08
2019-11-24,0.0023927,0.002395,0.0022272,0.0022307,3099658462.77
2019-11-25,0.0022307,0.0023055,0.0020933,0.0022526,3834691117.3
2019-11-26,0.0022526,0.0023058,0.0022227,0.0022664,2609168870.45
2019-11-27,0.0022664,0.0023434,0.0021832,0.0023139,3287278013.55
2019-11-28,0.0023139,0.0023351,0.0022664,0.0022755,2743287047.6
2019-11-29,0.0022755,0.0023599,0.0022711,0.0023559,2733676935.01
2019-11-30,0.0023559,0.0023598,0.0022593,0.0022899,2731548885.37
2019-12-01,0.0022899,0.0022902,0.0022353,0.002263,2702699325.59
2019-12-02,0.002263,0.0022691,0.0021574,0.0022214,2711336138.38
2019-12-03,0.0022214,0.0022316,0.0021513,0.0021768,2711884489.28
2019-12-04,0.0021768,0.0022374,0.0021126,0.0021689,3617940215.06
2019-12-05,0.0021689,0.0021969,0.0021369,0.0021692,2877014669.05
2019-12-06,0.0021692,0.0021854,0.0021208,0.0021854,2803057032.67
2019-12-07,0.0021854,0.0022108,0.0021677,0.0021833,2892444969.26
2019-12-08,0.0021833,0.0022034,0.0021423,0.0021925,2319092578.59
2019-12-09,0.0021925,0.0022109,0.002159,0.0021708,2905470955.72
2019-12-10,0.0021708,0.002193,0.0021313,0.0021368,3351340787.31
2019-12-11,0.0021368,0.0021671,0.0021202,0.0021378,3229390731.32
2019-12-12,0.0021378,0.0021561,0.0021112,0.0021395,3148855318.96
2019-12-13,0.0021395,0.0021599,0.0021205,0.0021259,3276570062.88
2019-12-14,0.0021259,0.0021583,0.0020995,0.0021121,3211173347.36
2019-12-15,0.0021121,0.0021435,0.002094,0.0021338,2648402453.62
2019-12-16,0.0021338,0.0021527,0.0020668,0.0020833,3376071127.52
2019-12-17,0.0020833,0.0020892,0.0019409,0.0019793,4117171527.94
2019-12-18,0.0019793,0.002076,0.0018997,0.0020505,4772590827.19
2019-12-19,0.0020505,0.002072,0.0019852,0.0020268,3390473710.49
2019-12-20,0.0020268,0.0020533,0.0019887,0.0020274,3330738945.38
2019-12-21,0.0020274,0.0020587,0.0020107,0.0020396,3142219989.62
2019-12-22,0.0020396,0.0020862,0.0020173,0.0020852,3827287619.06
2019-12-23,0.0020852,0.0021084,0.0020272,0.0020427,3700283755.04
2019-12-24,0.0020427,0.0020533,0.0019984,0.0020212,3248756783.02
2019-12-25,0.0020212,0.002055,0.0019969,0.0020273,3343369120.52
2019-12-26,0.0020273,0.0020521,0.0020049,0.0020191,3605090881.71
2019-12-27,0.0020191,0.0020431,0.0019935,0.0020276,3412294099.39
2019-12-28,0.0020276,0.0020626,0.0020274,0.0020485,2914084141.63
2019-12-29,0.0020485,0.002059,0.002026,0.0020338,2827861340.57
2019-12-30,0.0020338,0.0020517,0.0020139,0.0020212,2778613064.87
2019-12-31,0.0020212,0.0020256,0.0019854,0.0020148,3113784915.25
2020-01-01,0.0020148,0.0020408,0.0020024,0.0020264,2612868330.51
2020-01-02,0.0020264,0.0020409,0.0019536,0.0019939,3187555438.32
2020-01-03,0.0019939,0.0020353,0.001968,0.002021,3118987840.3
2020-01-04,0.002021,0.0020697,0.0020204,0.002055,2696712918.51
2020-01-05,0.002055,0.0020896,0.0020498,0.0020656,2036846508.85
2020-01-06,0.0020656,0.0021326,0.0020633,0.0021308,2908083756.85
2020-01-07,0.0021308,0.0021859,0.0021108,0.0021735,3478087256.84
2020-01-08,0.0021735,0.0022237,0.0020722,0.0020894,4145862460.55
2020-01-09,0.0020894,0.0021611,0.0020609,0.0021275,3472725077.64
2020-01-10,0.0021275,0.0022044,0.0020994,0.0022044,3786686456.17
2020-01-11,0.0022044,0.0022233,0.002171,0.0021733,3094562782.04
2020-01-12,0.0021733,0.0022126,0.002156,0.0022,2586014560.04
2020-01-13,0.0022,0.0022052,0.002165,0.0021699,2722995874.45
2020-01-14,0.0021699,0.0023899,0.0021637,0.0023485,4950795095.69
2020-01-15,0.0023485,0.002485,0.0023147,0.0023782,5075005160.33
2020-01-16,0.0023782,0.002379,0.0022849,0.0023327,3106634065.58
2020-01-17,0.0023327,0.0024985,0.0023146,0.0024845,3709824587.0
2020-01-18,0.0024845,0.002521,0.0024461,0.0025075,3423403899.48
2020-01-19,0.0025075,0.0025871,0.0023328,0.0023932,3869494231.77
2020-01-20,0.0023932,0.0024034,0.0023492,0.0023703,3238477466.53
2020-01-21,0.0023703,0.0023933,0.0023335,0.0023648,3063386346.19
2020-01-22,0.0023648,0.0023838,0.0023314,0.0023395,2870724738.98
2020-01-23,0.0023395,0.0023482,0.0022243,0.0022534,3363497272.37
2020-01-24,0.0022534,0.0022903,0.0022019,0.0022666,2856610902.64
2020-01-25,0.0022666,0.0022682,0.002225,0.002253,2569801435.41
2020-01-26,0.002253,0.0023016,0.0022374,0.0022894,2785455878.56
2020-01-27,0.0022894,0.0024321,0.0022589,0.0023636,3414415469.47
2020-01-28,0.0023636,0.002444,0.0023456,0.0024435,3484268066.76
2020-01-29,0.0024435,0.0024476,0.0023826,0.0023832,3504869969.03
2020-01-30,0.0023832,0.0024239,0.0023547,0.0024175,3264291944.17
2020-01-31,0.0024175,0.0024459,0.0023657,0.0023766,3264936946.92
2020-02-01,0.0023766,0.0024176,0.0023735,0.0024135,3134944975.17
2020-02-02,0.0024135,0.0024945,0.0024021,0.0024411,3599036345.98
2020-02-03,0.0024411,0.0024935,0.0024129,0.002421,3403309040.73
2020-02-04,0.002421,0.0025156,0.0024003,0.002514,3634127660.89
2020-02-05,0.002514,0.002625,0.0025113,0.0025873,4391067489.95
2020-02-06,0.0025873,0.0026692,0.0025729,0.0026598,3776462924.56
2020-02-07,0.0026598,0.0027998,0.0026496,0.0027966,3692742608.67
2020-02-08,0.0027966,0.0032562,0.0027307,0.0031619,5266022527.38
2020-02-09,0.0031619,0.0035627,0.0030768,0.0032213,6266883495.68
2020-02-10,0.0032213,0.0032872,0.002863,0.0029652,5761429247.85
2020-02-11,0.0029652,0.0030874,0.0028372,0.0030222,4824742821.14
2020-02-12,0.0030222,0.0031608,0.0030097,0.0030515,5123241439.31
2020-02-13,0.0030515,0.0032097,0.0029501,0.003002,5876326018.39
2020-02-14,0.003002,0.0031368,0.0029754,0.003105,4390772616.12
2020-02-15,0.003105,0.0031808,0.0028528,0.0029001,5105460447.49
2020-02-16,0.0029001,0.0029626,0.0026028,0.0027508,5649091280.83
2020-02-17,0.0027508,0.0027565,0.0025469,0.0026986,5902309168.71
2020-02-18,0.0026986,0.0028575,0.0026539,0.0028364,5133134997.34
2020-02-19,0.0028364,0.0028614,0.0025672,0.0026035,4193169630.2
2020-02-20,0.0026035,0.0026833,0.0025375,0.0026523,5561125062.17
2020-02-21,0.0026523,0.0027142,0.0025859,0.0026463,4083139479.45
2020-02-22,0.0026463,0.0026546,0.0025733,0.0025887,3766662019.1
2020-02-23,0.0025887,0.0026841,0.002588,0.0026826,4375563528.55
2020-02-24,0.0026826,0.0026841,0.0025515,0.0025847,6673210305.54
2020-02-25,0.0025847,0.0025901,0.0024265,0.0024777,6614681695.7
2020-02-26,0.0024777,0.0024876,0.0022017,0.0023422,10051125569.28
2020-02-27,0.0023422,0.0024142,0.0022983,0.0023298,7688153026.49
2020-02-28,0.0023298,0.0023713,0.0022171,0.0022814,7380350357.22
2020-02-29,0.0022814,0.002319,0.0022116,0.0022182,5534861119.59
2020-03-01,0.0022182,0.0023002,0.0022104,0.0022797,5347598798.94
2020-03-02,0.0022797,0.0023782,0.0022544,0.0023539,5542746935.39
2020-03-03,0.0023539,0.0025339,0.0023056,0.0024972,9161227121.56
2020-03-04,0.0024972,0.002503,0.0023746,0.002422,6197860830.86
2020-03-05,0.002422,0.0025282,0.002422,0.0024811,4468210234.87
2020-03-06,0.0024811,0.0024987,0.002441,0.0024883,4419408905.69
2020-03-07,0.0024883,0.0025,0.002395,0.0024055,3916909035.89
2020-03-08,0.0024055,0.0024055,0.0021618,0.0021707,5845111855.79
2020-03-09,0.0021707,0.0022246,0.0020899,0.0022238,12970492154.45
2020-03-10,0.0022238,0.0022631,0.0021683,0.0022083,6939625236.81
2020-03-11,0.0022083,0.002222,0.0021074,0.0021773,5911711747.75
2020-03-12,0.0021773,0.0021795,0.0014012,0.0014958,24537699284.77
2020-03-13,0.0014958,0.0017848,0.0011558,0.0017434,39374059537.28
2020-03-14,0.0017434,0.0017768,0.0016326,0.0016689,11382122206.24
2020-03-15,0.0016689,0.0018209,0.0016444,0.001686,16168044152.45
2020-03-16,0.001686,0.0016973,0.0014212,0.001589,21099274271.23
2020-03-17,0.001589,0.0016774,0.0015305,0.0016214,15988120342.81
2020-03-18,0.0016214,0.0016403,0.0015457,0.0016023,13843149962.1
2020-03-19,0.0016023,0.0018347,0.0015699,0.001763,16474409048.74
2020-03-20,0.001763,0.0019299,0.0016473,0.0017794,20144447412.93
2020-03-21,0.0017794,0.0018545,0.0016989,0.0017879,11843122052.57
2020-03-22,0.0017879,0.0018461,0.0017114,0.0017304,11027482788.67
2020-03-23,0.0017304,0.0018411,0.0016849,0.0018167,12875698037.57
2020-03-24,0.0018167,0.0019024,0.0018053,0.0018504,12552686226.67
2020-03-25,0.0018504,0.0018886,0.0017951,0.001824,10089352493.77
2020-03-26,0.001824,0.0018672,0.0018101,0.0018392,6447440133.29
2020-03-27,0.0018392,0.001864,0.0017511,0.0017737,6515007014.2
2020-03-28,0.0017737,0.0018025,0.0017017,0.001785,11670106296.65
2020-03-29,0.001785,0.0017967,0.0017021,0.0017167,8092531834.29
2020-03-30,0.0017167,0.0018416,0.0017129,0.0018024,5132220850.96
2020-03-31,0.0018024,0.0018261,0.0017935,0.0017993,4663726111.01
2020-04-01,0.0017993,0.0018695,0.0017683,0.0018607,6790378062.33
2020-04-02,0.0018607,0.0019365,0.0018412,0.0018673,4427119716.27
2020-04-03,0.0018673,0.0018995,0.0018206,0.0018462,2938615136.94
2020-04-04,0.0018462,0.0018982,0.0018271,0.0018719,3956106732.18
2020-04-05,0.0018719,0.001882,0.0018398,0.0018542,3758099650.78
2020-04-06,0.0018542,0.0019828,0.0018494,0.0019818,5649205534.52
2020-04-07,0.0019818,0.0020196,0.0019576,0.0020008,4815432185.27
2020-04-08,0.0020008,0.0020432,0.0019689,0.0020027,3200003126.72
2020-04-09,0.0020027,0.0020297,0.0019879,0.002018,2540650105.58
2020-04-10,0.002018,0.0020211,0.0018763,0.0019624,4299005284.3
2020-04-11,0.0019624,0.002002,0.0019352,0.0019647,4333351361.28
2020-04-12,0.0019647,0.0020074,0.0019436,0.0019679,4563934673.93
2020-04-13,0.0019679,0.0019679,0.0018726,0.0019525,4956644027.68
2020-04-14,0.0019525,0.0019736,0.001928,0.0019585,3392082012.0
2020-04-15,0.0019585,0.0019692,0.0019061,0.0019071,3909415244.97
2020-04-16,0.0019071,0.002009,0.0018738,0.0020008,5367279798.41
2020-04-17,0.0020008,0.0020029,0.0019718,0.0019876,2785615388.31
2020-04-18,0.0019876,0.0020536,0.0019777,0.0020488,3551996946.67
2020-04-19,0.0020488,0.0020596,0.0019968,0.0020258,3598933496.65
2020-04-20,0.0020258,0.002051,0.0019435,0.0019671,4330531804.31
2020-04-21,0.0019671,0.001995,0.0019315,0.0019492,3377437803.91
2020-04-22,0.0019492,0.0020145,0.0019398,0.0019935,3082182876.05
2020-04-23,0.0019935,0.0021482,0.0019807,0.0020506,3747572864.18
2020-04-24,0.0020506,0.0020975,0.0020455,0.0020791,2970058216.89
2020-04-25,0.0020791,0.0021463,0.0020667,0.002131,2944488873.56
2020-04-26,0.002131,0.0024386,0.0021294,0.0024043,3737589550.51
2020-04-27,0.0024043,0.002406,0.0022973,0.002339,3262166625.63
2020-04-28,0.002339,0.0023577,0.0022975,0.0023239,2413686375.39
2020-04-29,0.0023239,0.0025324,0.0023123,0.0024929,3214869117.35
2020-04-30,0.0024929,0.0026789,0.0023642,0.0024267,4017749557.2
2020-05-01,0.0024267,0.0025391,0.0024263,0.0024773,2427803886.61
2020-05-02,0.0024773,0.0025443,0.0024534,0.0025421,2428871985.57
2020-05-03,0.0025421,0.0025762,0.0024574,0.002498,2740188591.15
2020-05-04,0.002498,0.0025025,0.0023473,0.0024577,2588813328.5
2020-05-05,0.0024577,0.0025124,0.0024226,0.0024822,2877493221.9
2020-05-06,0.0024822,0.0025607,0.002456,0.0024728,2702117109.52
2020-05-07,0.0024728,0.002681,0.0024561,0.0026557,3010873356.21
2020-05-08,0.0026557,0.0026584,0.0025705,0.0026067,2890667089.51
2020-05-09,0.0026067,0.0026332,0.0025638,0.0025945,2621894218.23
2020-05-10,0.0025945,0.002597,0.0022414,0.0024485,2715620597.05
2020-05-11,0.0024485,0.0025269,0.0023086,0.0024055,3150399022.48
2020-05-12,0.0024055,0.0025107,0.0024037,0.0024577,2375389819.72
2020-05-13,0.0024577,0.0025304,0.0024427,0.002518,2635381882.13
2020-05-14,0.002518,0.0026368,0.0025067,0.0025713,2319258264.38
2020-05-15,0.0025713,0.0025734,0.0024831,0.002491,1265475271.76
2020-05-16,0.002491,0.0025305,0.002467,0.0025003,1031976554.11
2020-05-17,0.0025003,0.0025715,0.002497,0.0025299,998818858.08
2020-05-18,0.0025299,0.0025761,0.0025046,0.0025375,825086094.85
2020-05-19,0.0025375,0.0025532,0.0024764,0.0025247,426704916.55
2020-05-20,0.0025247,0.0025447,0.0024665,0.0024863,405407943.38
2020-05-21,0.0024863,0.002526,0.0024315,0.0024774,504185622.24
2020-05-22,0.0024774,0.002531,0.0024511,0.002518,609097710.71
2020-05-23,0.002518,0.002552,0.0024497,0.0025309,847038498.83
2020-05-24,0.0025309,0.0025506,0.0024289,0.0024329,767163322.95
2020-05-25,0.0024329,0.0025301,0.0024,0.002523,881359819.43
2020-05-26,0.002523,0.0025268,0.0024476,0.0024705,794035309.78
2020-05-27,0.0024705,0.002519,0.0024481,0.0025015,1810520987.21
2020-05-28,0.0025015,0.0025579,0.0024802,0.0025246,2688467139.12
2020-05-29,0.0025246,0.0025455,0.0024992,0.0025244,2226060678.0
2020-05-30,0.0025244,0.0026275,0.0025243,0.0026127,2434428509.14
2020-05-31,0.0026127,0.0026187,0.0025409,0.002554,2422846805.48
2020-06-01,0.002554,0.002667,0.0025453,0.0026481,2323669042.01
2020-06-02,0.0026481,0.0026585,0.0024723,0.0025652,2821558673.04
2020-06-03,0.0025652,0.0025965,0.0025383,0.0025834,2186595680.75
2020-06-04,0.0025834,0.0026657,0.0025664,0.0026252,2337455495.97
2020-06-05,0.0026252,0.0026273,0.0025807,0.0025875,1996960074.33
2020-06-06,0.0025875,0.0026005,0.0025557,0.0025894,2040703387.26
2020-06-07,0.0025894,0.0026094,0.0025498,0.0025972,2080210776.91
2020-06-08,0.0025972,0.0026005,0.0025517,0.0025819,1864711366.33
2020-06-09,0.0025819,0.0025884,0.0025281,0.0025549,2020044679.0
2020-06-10,0.0025549,0.0025971,0.0025429,0.0025784,1921895196.33
2020-06-11,0.0025784,0.002591,0.0023949,0.0024489,2477927266.43
2020-06-12,0.0024489,0.0025279,0.0024373,0.0025117,2356837699.1
2020-06-13,0.0025117,0.0025321,0.0024884,0.0025234,2206419861.06
2020-06-14,0.0025234,0.0025302,0.0024822,0.0024921,1614776975.01
2020-06-15,0.0024921,0.0024958,0.0023968,0.0024714,2855609810.58
2020-06-16,0.0024714,0.0024987,0.0024219,0.0024829,2278122735.46
2020-06-17,0.0024829,0.0024904,0.0024486,0.0024775,2037478408.96
2020-06-18,0.0024775,0.0024894,0.0024354,0.0024605,1803970625.56
2020-06-19,0.0024605,0.0024653,0.0024272,0.0024394,1974562076.5344021
2020-06-20,0.0024394,0.00245,0.0024022,0.0024449,1591853003.6469517
2020-06-21,0.0024449,0.0024662,0.00243,0.0024355,1576786633.2576358
2020-06-22,0.0024355,0.0025026,0.0024315,0.0024791,1716471443.409298
2020-06-23,0.0024791,0.002488,0.0024602,0.0024743,1722634624.7793715
2020-06-24,0.0024743,0.0024892,0.0023813,0.0024267,1882825237.9209123
2020-06-25,0.0024267,0.0024274,0.0023793,0.0024087,1703253123.15
2020-06-26,0.0024087,0.0024173,0.0023466,0.0023553,1527618842.2
2020-06-27,0.0023553,0.0023645,0.0022749,0.0022988,1611861904.56
2020-06-28,0.0022988,0.0023351,0.0022731,0.0023163,1788703584.74
2020-06-29,0.0023163,0.0023295,0.0022947,0.0023045,1763419768.7
2020-06-30,0.0023045,0.0023252,0.0022856,0.0023151,1708597132.07
2020-07-01,0.0023151,0.0023477,0.0022968,0.0023287,1583991539.78
2020-07-02,0.0023287,0.0023483,0.0022882,0.00232,1730021534.11
2020-07-03,0.00232,0.0023336,0.0022937,0.0023104,1823903455.34
2020-07-04,0.0023104,0.0023316,0.0022998,0.0023049,1614306632.05
2020-07-05,0.0023049,0.0023141,0.0022781,0.0023022,1463569144.29
2020-07-06,0.0023022,0.0026246,0.0022932,0.0026227,2158776536.89
2020-07-07,0.0026227,0.0032713,0.0026073,0.0031187,3022590052.45
2020-07-08,0.0031187,0.005757,0.0030488,0.0047566,7122608024.39
2020-07-09,0.0047566,0.0050538,0.0040658,0.0043251,4409109189.18
2020-07-10,0.0043251,0.0043287,0.0034122,0.0035227,2653938645.82
2020-07-11,0.0035227,0.0039564,0.0034508,0.003809,2155869706.39
2020-07-12,0.003809,0.0038542,0.0035954,0.0036378,1646283032.61
2020-07-13,0.0036378,0.0036403,0.0030253,0.0031628,2825084970.9
2020-07-14,0.0031628,0.0033862,0.0030317,0.0032918,782064563.82
2020-07-15,0.0032918,0.0032923,0.0030568,0.0030903,353020203.5
2020-07-16,0.0030903,0.003094,0.0028777,0.0029841,371117675.32
2020-07-17,0.0029841,0.0030957,0.0029177,0.0030602,551776663.94
2020-07-18,0.0030602,0.0036798,0.0030159,0.0034453,878809638.91
2020-07-19,0.0034453,0.0037749,0.0033083,0.0033764,620911027.24
2020-07-20,0.0033764,0.0034228,0.0031562,0.003223,517255590.47
2020-07-21,0.003223,0.0033111,0.0031774,0.0033067,530534736.63
2020-07-22,0.0033067,0.0033067,0.0032046,0.0032874,457498428.14
2020-07-23,0.0032874,0.0033295,0.003258,0.0032972,485839101.78
2020-07-24,0.0032972,0.0033065,0.0031589,0.003209,481299010.0
2020-07-25,0.003209,0.0033287,0.0031731,0.0032512,482781365.05
2020-07-26,0.0032512,0.0032804,0.0031739,0.0032305,506339640.04
2020-07-27,0.0032305,0.0032383,0.0030241,0.0031638,521114997.08
2020-07-28,0.0031638,0.003221,0.0031255,0.0031844,500080197.88
2020-07-29,0.0031844,0.0032691,0.0031585,0.0031672,501224307.52
2020-07-30,0.0031672,0.00324,0.0031314,0.0032271,451866261.29
2020-07-31,0.0032271,0.0032363,0.0031706,0.0032209,460586779.87
2020-08-01,0.0032209,0.0038486,0.0032004,0.0037047,739930892.85
2020-08-02,0.0037047,0.0037686,0.0031535,0.003331,714739921.69
2020-08-03,0.003331,0.003439,0.0033091,0.0033719,549213545.23
2020-08-04,0.0033719,0.0035695,0.0033615,0.0035372,527661352.55
2020-08-05,0.0035372,0.0035833,0.003454,0.0034951,453366075.85
2020-08-06,0.0034951,0.0036558,0.00345,0.0035559,492152998.12
2020-08-07,0.0035559,0.0036188,0.0033783,0.0034936,495041937.92
2020-08-08,0.0034936,0.0035199,0.0033992,0.0035123,503803604.93
2020-08-09,0.0035123,0.0035306,0.0034172,0.0034619,477639322.12
2020-08-10,0.0034619,0.0035478,0.0034086,0.0034978,509827169.89
2020-08-11,0.0034978,0.0035709,0.0033218,0.0033914,566665504.68
2020-08-12,0.0033914,0.0034936,0.0033196,0.0034628,528322167.11
2020-08-13,0.0034628,0.0035136,0.0033348,0.0034797,554088926.98
2020-08-14,0.0034797,0.0035825,0.003434,0.0035675,254078000.9
2020-08-15,0.0035675,0.0036239,0.0034753,0.0035261,153606140.63
2020-08-16,0.0035261,0.0035594,0.0034354,0.0035231,115868458.67
2020-08-17,0.0035231,0.0037201,0.0034909,0.0035877,133830921.78
2020-08-18,0.0035877,0.0037097,0.0034379,0.0034715,145184359.23
2020-08-19,0.0034715,0.0035371,0.0033314,0.0034122,166173634.37
2020-08-20,0.0034122,0.0035,0.0033716,0.0034422,116700137.48
2020-08-21,0.0034422,0.0035569,0.0033623,0.0033729,167091768.85
2020-08-22,0.0033729,0.0034498,0.0033195,0.0034338,79204458.51
2020-08-23,0.0034338,0.0034496,0.0033638,0.0033917,76538017.66
2020-08-24,0.0033917,0.0034628,0.0033699,0.003412,339264756.3
2020-08-25,0.003412,0.0034224,0.0032105,0.0032871,512450259.3
2020-08-26,0.0032871,0.003338,0.0032371,0.0032871,500160693.02
2020-08-27,0.0032871,0.0033022,0.0031392,0.0031942,385348741.98
2020-08-28,0.0031942,0.0032656,0.0031711,0.0032596,382491851.92
2020-08-29,0.0032596,0.0032939,0.0032277,0.0032769,444342367.72
2020-08-30,0.0032769,0.0033497,0.0032623,0.0032987,427155771.91
2020-08-31,0.0032987,0.0033014,0.0031829,0.0032058,454126783.41
2020-09-01,0.0032058,0.0032711,0.003173,0.0032383,464995609.69
2020-09-02,0.0032383,0.0032599,0.0030076,0.0031175,515019916.67
2020-09-03,0.0031175,0.0031211,0.0026985,0.0027659,569304285.95
2020-09-04,0.0027659,0.0029592,0.0027103,0.0028641,554242837.31
2020-09-05,0.0028641,0.0029225,0.0026927,0.0027626,530773701.88
2020-09-06,0.0027626,0.0028008,0.0026928,0.0027907,525291302.31
2020-09-07,0.0027907,0.0028379,0.0026895,0.002807,532843973.58
2020-09-08,0.002807,0.0028299,0.0026852,0.002736,478826349.92
2020-09-09,0.002736,0.0028098,0.00269,0.0027774,241621129.8
2020-09-10,0.0027774,0.0028438,0.0027514,0.0028024,291222317.02
2020-09-11,0.0028024,0.002815,0.0027421,0.0027925,277917665.12
2020-09-12,0.0027925,0.0028268,0.0027561,0.002814,258303901.02
2020-09-13,0.002814,0.0028157,0.0027398,0.0027813,273136189.12
2020-09-14,0.0027813,0.0028124,0.0027372,0.0027866,267025162.72
2020-09-15,0.0027866,0.0028714,0.0027747,0.0028297,248035131.13
2020-09-16,0.0028297,0.002847,0.0027779,0.0028083,272753759.29
2020-09-17,0.0028083,0.002856,0.0027645,0.0028047,266963441.32
2020-09-18,0.0028047,0.0028146,0.0027432,0.0027885,255048052.57
2020-09-19,0.0027885,0.0028055,0.0027612,0.0027903,261382620.16
2020-09-20,0.0027903,0.0028008,0.0027244,0.0027726,258605551.07
2020-09-21,0.0027726,0.0027989,0.0025697,0.0025963,328901365.66
2020-09-22,0.0025963,0.0026581,0.0025809,0.002642,242389390.73
2020-09-23,0.002642,0.0026486,0.0025357,0.0025453,275604470.45
2020-09-24,0.0025453,0.002653,0.0025345,0.0026276,279588763.39
2020-09-25,0.0026276,0.002717,0.0026119,0.0027031,294198495.54
2020-09-26,0.0027031,0.0027564,0.002674,0.0026962,279769147.2
2020-09-27,0.0026962,0.0027305,0.0026595,0.0026955,264206571.54
2020-09-28,0.0026955,0.0027322,0.0026227,0.0026497,270887615.85
2020-09-29,0.0026497,0.0027075,0.0026336,0.0026712,290340453.76
2020-09-30,0.0026712,0.002676,0.0026101,0.0026308,220086434.79
2020-10-01,0.0026308,0.0026791,0.0025614,0.0026239,153172135.46
2020-10-02,0.0026239,0.0026239,0.0025356,0.0025853,176499373.15
2020-10-03,0.0025853,0.0026357,0.0025758,0.0025936,133521935.68
2020-10-04,0.0025936,0.0026793,0.0025877,0.0026319,145994543.11
2020-10-05,0.0026319,0.0026507,0.0026014,0.0026138,135582368.21
2020-10-06,0.0026138,0.0026277,0.0025692,0.0025969,146927645.94
2020-10-07,0.0025969,0.0026091,0.0025588,0.0025887,162876887.8
2020-10-08,0.0025887,0.0026267,0.0025403,0.0026027,151693551.59
2020-10-09,0.0026027,0.0026685,0.0025888,0.0026563,146615589.0
2020-10-10,0.0026563,0.0027154,0.0026451,0.0026569,146583275.83
2020-10-11,0.0026569,0.0027024,0.0026493,0.0026681,142557987.14
2020-10-12,0.0026681,0.0027035,0.0026199,0.0026655,179997011.96
2020-10-13,0.0026655,0.0026729,0.0026273,0.0026375,247086186.96
2020-10-14,0.0026375,0.0026538,0.002619,0.0026387,214471254.05
2020-10-15,0.0026387,0.0026395,0.0025707,0.002591,250057703.56
2020-10-16,0.002591,0.0026159,0.0025516,0.0026,267053823.63
2020-10-17,0.0026,0.0026022,0.0025735,0.0025838,216913267.08
2020-10-18,0.0025838,0.0026015,0.0025801,0.0025878,210216777.74
2020-10-19,0.0025878,0.0026168,0.0025692,0.0025931,244035505.38
2020-10-20,0.0025931,0.0026233,0.0025808,0.002596,253192036.21
2020-10-21,0.002596,0.0026579,0.0025935,0.0026232,259288470.68
2020-10-22,0.0026232,0.0026908,0.0026225,0.0026449,255218896.53
2020-10-23,0.0026449,0.0026901,0.0026242,0.0026393,252662761.95
2020-10-24,0.0026393,0.0026456,0.0026091,0.0026349,231549450.07
2020-10-25,0.0026349,0.0026742,0.002617,0.0026532,239820893.61
2020-10-26,0.0026532,0.0028984,0.0026317,0.0026653,723628546.8
2020-10-27,0.0026653,0.0027043,0.002607,0.0026678,195060119.77
2020-10-28,0.0026678,0.0026896,0.0025626,0.0025792,260897833.24
2020-10-29,0.0025792,0.0026124,0.0025094,0.0025729,96474717.13
2020-10-30,0.0025729,0.0025982,0.0025081,0.002583,295582210.7
2020-10-31,0.002583,0.0025982,0.0025506,0.002566,113282812.78
2020-11-01,0.002566,0.0025856,0.002555,0.0025719,82330427.33
2020-11-02,0.0025719,0.0025895,0.0025086,0.0025135,183932752.94
2020-11-03,0.0025135,0.0025284,0.0024512,0.0025155,210111064.93
2020-11-04,0.0025155,0.0025605,0.0024901,0.0025432,247314619.3
2020-11-05,0.0025432,0.0026696,0.0025432,0.0026349,267626472.73
2020-11-06,0.0026349,0.0028153,0.0026288,0.0027549,731047804.92
2020-11-07,0.0027549,0.0028269,0.0026001,0.0026687,990778879.15
2020-11-08,0.0026687,0.0027385,0.0026498,0.0027026,358929973.16
2020-11-09,0.0027026,0.0029495,0.0026566,0.0026681,424610783.05
2020-11-10,0.0026681,0.002894,0.0026514,0.0027568,465432118.53
2020-11-11,0.0027568,0.0028635,0.0027454,0.0027586,444810315.98
2020-11-12,0.0027586,0.0027967,0.0027247,0.0027729,345744822.29
2020-11-13,0.0027729,0.0028439,0.0027669,0.0028109,307293071.38
2020-11-14,0.0028109,0.0028214,0.0027086,0.0027689,287650473.11
2020-11-15,0.0027689,0.002817,0.0027221,0.0027677,263297143.3
2020-11-16,0.0027677,0.0030397,0.0027512,0.0028894,606496881.91
2020-11-17,0.0028894,0.0029976,0.0028835,0.0029349,554268438.96
2020-11-18,0.0029349,0.0030197,0.0028162,0.0029041,785282718.74
2020-11-19,0.0029041,0.0029658,0.0028564,0.0029053,423672923.28
2020-11-20,0.0029053,0.0030198,0.0028983,0.0029881,444876913.14
2020-11-21,0.0029881,0.0035969,0.0029795,0.0035084,1797286241.47
2020-11-22,0.0035084,0.003682,0.0031569,0.003338,1564642564.57
2020-11-23,0.003338,0.0036926,0.0032261,0.0036878,945349103.27
2020-11-24,0.0036878,0.0042787,0.0035505,0.0042568,3168803344.95
2020-11-25,0.0042568,0.0042888,0.0035948,0.0037112,2372540036.54
2020-11-26,0.0037112,0.0038474,0.0029556,0.0032508,4214937534.05
2020-11-27,0.0032508,0.0033543,0.0030837,0.0032748,1622886690.12
2020-11-28,0.0032748,0.0034809,0.0032347,0.0033937,835624052.14
2020-11-29,0.0033937,0.0035338,0.0033494,0.0034382,568777128.63
2020-11-30,0.0034382,0.0036052,0.0034004,0.0035501,1011818388.35
2020-12-01,0.0035501,0.0035741,0.0032577,0.0033187,1130745107.01
2020-12-02,0.0033187,0.0034263,0.0032667,0.0033603,450627879.07
2020-12-03,0.0033603,0.0035022,0.0033405,0.0034231,285596251.72
2020-12-04,0.0034231,0.003438,0.003274,0.0032868,390804890.67
2020-12-05,0.0032868,0.0034092,0.0032543,0.003387,279601993.49
2020-12-06,0.003387,0.0034395,0.0033474,0.0033918,168370210.92
2020-12-07,0.0033918,0.0034036,0.0033054,0.0033328,121377186.07
2020-12-08,0.0033328,0.0033646,0.0031167,0.0031704,341883346.91
2020-12-09,0.0031704,0.0031785,0.0029996,0.0031456,375183757.13
2020-12-10,0.0031456,0.0031606,0.0030598,0.0031019,215458627.51
2020-12-11,0.0031019,0.0031073,0.0029976,0.0030696,206868045.69
2020-12-12,0.0030696,0.003184,0.0030666,0.0031603,102077289.9
2020-12-13,0.0031603,0.0032716,0.0031459,0.0032558,123088862.71
2020-12-14,0.0032558,0.0032794,0.0031917,0.0032249,77244893.4
2020-12-15,0.0032249,0.0032595,0.0031711,0.0032046,64189496.63
2020-12-16,0.0032046,0.0034331,0.0031778,0.0034265,139357416.93
2020-12-17,0.0034265,0.0041399,0.0034115,0.0037207,526341326.41
2020-12-18,0.0037207,0.0039839,0.0036048,0.0038604,258133791.0
2020-12-19,0.0038604,0.0040244,0.0037982,0.0039221,282506117.91
2020-12-20,0.0039221,0.0047154,0.0038107,0.0046327,969239485.01
2020-12-21,0.0046327,0.0054464,0.0043417,0.0047773,1436722710.22
2020-12-22,0.0047773,0.0048379,0.0043446,0.0045152,448562738.91
2020-12-23,0.0045152,0.0047527,0.0036314,0.0037732,565141729.21
2020-12-24,0.0037732,0.0045935,0.0036883,0.0045775,489920143.18
2020-12-25,0.0045775,0.0046343,0.0043846,0.004564,361136997.81
2020-12-26,0.004564,0.0046602,0.0044163,0.0045089,321737797.92
2020-12-27,0.0045089,0.0048213,0.0044099,0.0045426,414221163.91
2020-12-28,0.0045426,0.0047276,0.0045103,0.0045983,310337311.97
2020-12-29,0.0045983,0.0046213,0.0042596,0.0044898,502897998.83
2020-12-30,0.0044898,0.0047296,0.0044407,0.0046299,452835390.91
2020-12-31,0.0046299,0.0047503,0.0045323,0.0046789,380397430.92
2021-01-01,0.0046789,0.0056836,0.0046106,0.0056836,674037051.71
2021-01-02,0.0056836,0.0139132,0.0055619,0.0105056,2945931775.32
2021-01-03,0.0105056,0.0140044,0.0093184,0.0098406,2325092594.48
2021-01-04,0.0098406,0.0114849,0.0077341,0.0097655,1854369521.59
2021-01-05,0.0097655,0.010254,0.0088737,0.0099621,1104616999.07
2021-01-06,0.0099621,0.0109626,0.0096104,0.0104689,916608399.52
2021-01-07,0.0104689,0.0105489,0.008879,0.0097054,676241520.65
2021-01-08,0.0097054,0.010282,0.0088443,0.0097648,758199024.0
2021-01-09,0.0097648,0.0107283,0.009689,0.0101561,404412311.14
2021-01-10,0.0101561,0.0108879,0.0090551,0.0098422,470805898.58
2021-01-11,0.0098422,0.0098422,0.006737,0.0088393,1519478254.85
2021-01-12,0.0088393,0.0091492,0.0078457,0.0080673,849594648.6
2021-01-13,0.0080673,0.0086682,0.0077808,0.0086574,448572561.88
2021-01-14,0.0086574,0.0100723,0.0083322,0.0093959,758480971.54
2021-01-15,0.0093959,0.0098238,0.0083627,0.009381,931005571.01
2021-01-16,0.009381,0.0095431,0.0090876,0.0092428,567025015.9
2021-01-17,0.0092428,0.0093792,0.0088,0.0090798,590832765.01
2021-01-18,0.0090798,0.0093116,0.0089572,0.0091787,308077597.04
2021-01-19,0.0091787,0.0096677,0.008999,0.0090594,363617327.85
2021-01-20,0.0090594,0.0091363,0.0085169,0.0090477,442529703.43
2021-01-21,0.0090477,0.0090964,0.0080526,0.0081534,695176886.24
2021-01-22,0.0081534,0.0087607,0.0075565,0.0085309,590474433.88
2021-01-23,0.0085309,0.0087988,0.0083551,0.0085711,361330036.13
2021-01-24,0.0085711,0.0089557,0.0085119,0.0087236,295863474.05
2021-01-25,0.0087236,0.0089062,0.0082669,0.008353,361633114.49
2021-01-26,0.008353,0.0084487,0.0079595,0.0082461,321015824.27
2021-01-27,0.0082461,0.0082477,0.0072758,0.0074357,468055515.91
2021-01-28,0.0074357,0.0373,0.0073067,0.0365362,3535972531.29
2021-01-29,0.0365362,0.0849999,0.0316163,0.0458876,5100244501.53
2021-01-30,0.0458876,0.0506582,0.0223,0.0282534,3630896275.8
2021-01-31,0.0282534,0.0494384,0.0269233,0.0369036,2541803832.05
2021-02-01,0.0369036,0.0438526,0.032985,0.0349546,2018226335.78
2021-02-02,0.0349546,0.0352178,0.0288888,0.0312749,1373799524.74
2021-02-03,0.0312749,0.0397253,0.0310326,0.0373465,1016265796.6
2021-02-04,0.0373465,0.0592651,0.0358807,0.0529538,1926364075.18
2021-02-05,0.0529538,0.0541687,0.0431394,0.046791,871628342.13
2021-02-06,0.046791,0.0586871,0.0447063,0.0576034,741588837.28
2021-02-07,0.0576034,0.0867537,0.0533207,0.0779959,1375396017.98
2021-02-08,0.0779959,0.0853618,0.0629564,0.0787695,1353540258.81
2021-02-09,0.0787695,0.0838206,0.063541,0.0701594,766352950.58
2021-02-10,0.0701594,0.0815723,0.0666002,0.0726415,685390829.75
2021-02-11,0.0726415,0.077,0.068084,0.0697201,268528705.64
2021-02-12,0.0697201,0.0729375,0.0609299,0.0698296,434393217.08
2021-02-13,0.0698296,0.0716461,0.0659299,0.0662425,192743242.2
2021-02-14,0.0662425,0.0664345,0.0557556,0.0626621,452669183.1
2021-02-15,0.0626621,0.0640939,0.047,0.0564722,756311959.42
2021-02-16,0.0564722,0.0597728,0.0506736,0.0535298,439165550.47
2021-02-17,0.0535298,0.0550335,0.0479031,0.0494849,293341016.03
2021-02-18,0.0494849,0.065,0.0489595,0.0590538,533165837.91
2021-02-19,0.0590538,0.0596216,0.054,0.0549681,349693094.25
2021-02-20,0.0549681,0.062,0.0509489,0.0542311,414683018.84
2021-02-21,0.0542311,0.062,0.0528535,0.056,126240754.26
2021-02-22,0.056,0.062,0.0459836,0.053624,200439849.05
2021-02-23,0.053624,0.0536416,0.0417509,0.047676,731102336.87
2021-02-24,0.047676,0.0605,0.0460444,0.056699,817393246.02
2021-02-25,0.056699,0.0580049,0.0495338,0.0499791,485443172.02
2021-02-26,0.0499791,0.0525472,0.0485892,0.0504336,368819187.99
2021-02-27,0.0504336,0.0519227,0.0491599,0.0500613,132413791.31
2021-02-28,0.0500613,0.0501637,0.0447157,0.0481118,235863539.88
2021-03-01,0.0481118,0.0523012,0.0478905,0.0506019,132303853.4
2021-03-02,0.0506019,0.0525,0.049207,0.050302,126563400.28
2021-03-03,0.050302,0.0521615,0.0500553,0.0505034,68015909.31
2021-03-04,0.0505034,0.0512068,0.047782,0.0499628,105007619.49
2021-03-05,0.0499628,0.051,0.0480163,0.0495838,111691720.66
2021-03-06,0.0495838,0.0525533,0.0492276,0.0509458,127940604.97
2021-03-07,0.0509458,0.0524129,0.05035,0.051961,54313896.91
2021-03-08,0.051961,0.0630513,0.0515846,0.0630513,355054884.64
2021-03-09,0.0630513,0.0630513,0.0560386,0.0580044,179812981.52
2021-03-10,0.0580044,0.0586725,0.0533964,0.0559486,141128185.15
2021-03-11,0.0559486,0.0569206,0.0543907,0.0558874,98088723.35
2021-03-12,0.0558874,0.057,0.0542771,0.0552389,95884062.33
2021-03-13,0.0552389,0.063,0.0547568,0.062528,176948161.91
2021-03-14,0.062528,0.0641299,0.0583319,0.0583319,266673718.26
2021-03-15,0.0583319,0.0597299,0.055139,0.0570225,174045943.19
2021-03-16,0.0570225,0.0590058,0.0553463,0.0586021,133756404.53
2021-03-17,0.0586021,0.0588763,0.056588,0.0578303,49085608.35
2021-03-18,0.0578303,0.0591977,0.0570693,0.0573509,61277582.38
2021-03-19,0.0573509,0.0598177,0.0564801,0.0583208,47454802.56
2021-03-20,0.0583208,0.060639,0.0580578,0.0588316,39225009.67
2021-03-21,0.0588316,0.0595111,0.0566368,0.0575031,33056545.48
2021-03-22,0.0575031,0.0578967,0.0548679,0.0549298,38814811.35
2021-03-23,0.0549298,0.0561079,0.0516916,0.053464,52066543.83
2021-03-24,0.053464,0.0566161,0.05,0.0515921,63373725.18
2021-03-25,0.0515921,0.0523848,0.049649,0.0513216,82460080.16
2021-03-26,0.0513216,0.0540124,0.0512671,0.0539778,29899783.93
2021-03-27,0.0539778,0.0554061,0.053439,0.0543866,38556143.67
2021-03-28,0.0543866,0.0548606,0.0530213,0.0536188,17258256.92
2021-03-29,0.0536188,0.0546577,0.0532638,0.0541288,20377714.46
2021-03-30,0.0541288,0.0555927,0.0537375,0.0540159,30489454.79
2021-03-31,0.0540159,0.0545244,0.0517797,0.0537938,36888696.47
2021-04-01,0.0537938,0.0707249,0.0537321,0.0621986,337823642.98
2021-04-02,0.0621986,0.0628543,0.0572082,0.0576774,78613618.76
2021-04-03,0.0576774,0.0595232,0.0555555,0.055594,53028317.19
2021-04-04,0.055594,0.0582001,0.0550969,0.0574565,44711589.39
2021-04-05,0.0574565,0.0605752,0.0563206,0.0600033,69150829.61
2021-04-06,0.0600033,0.065,0.058,0.0643611,161247111.85
2021-04-07,0.0643611,0.0673717,0.057391,0.0587916,153446599.7
2021-04-08,0.0587916,0.0622451,0.0587324,0.0617861,45657717.54
2021-04-09,0.0617861,0.0641231,0.0605584,0.0615746,52305569.67
2021-04-10,0.0615746,0.065,0.0609698,0.0625185,75383564.01
2021-04-11,0.0625185,0.0798888,0.0624861,0.0742173,284065299.71
2021-04-12,0.0742173,0.0753626,0.0687,0.0707403,107569178.66
2021-04-13,0.0707403,0.0975161,0.0707068,0.0942621,264129534.63
2021-04-14,0.0942621,0.1454484,0.0923057,0.1215738,743840589.74
2021-04-15,0.1215738,0.1898814,0.1198058,0.1822286,374051015.63
2021-04-16,0.1822286,0.48,0.1797392,0.3648815,849135792.43
2021-04-17,0.3648815,0.3815555,0.234111,0.2814278,608372937.67
2021-04-18,0.2814278,0.35,0.2379703,0.3227334,479415182.56
2021-04-19,0.3227334,0.435,0.3095162,0.40868,266071495.56
2021-04-20,0.40868,0.423,0.2708096,0.316632,259521400.48
2021-04-21,0.316632,0.3474002,0.2958364,0.3061564,138713689.12
2021-04-22,0.3061564,0.3092627,0.2534111,0.2606295,62046735.59
2021-04-23,0.2606295,0.2691264,0.163726,0.2490875,133140856.89
2021-04-24,0.2490875,0.2898418,0.2275368,0.2699816,52287853.59
2021-04-25,0.2699816,0.2892424,0.2242521,0.2512189,36126119.24
2021-04-26,0.2512189,0.2804297,0.2475781,0.2708854,20439359.11
2021-04-27,0.2708854,0.27999,0.2644404,0.272154,14284799.85
2021-04-28,0.272154,0.346,0.256,0.3228608,61811822.89
2021-04-29,0.3228608,0.3244531,0.2960452,0.3048954,17167258.86
2021-04-30,0.3048954,0.3398791,0.3023088,0.3377311,18761004.08
2021-05-01,0.3377311,0.3974886,0.3276556,0.3918463,31959827.22
2021-05-02,0.3918463,0.3999999,0.3624394,0.3732149,28447993.13
2021-05-03,0.3732149,0.4477594,0.3732149,0.4403443,25230189.6
2021-05-04,0.4403443,0.6100668,0.3991904,0.5387436,105566979.24
2021-05-05,0.5387436,0.6956242,0.531,0.6532967,98161245.62
2021-05-06,0.6532967,0.666,0.5408478,0.5809506,45263577.78
2021-05-07,0.5809506,0.733,0.5179672,0.6878921,65272236.09
2021-05-08,0.6878921,0.735,0.5877833,0.6361044,66786248.05
2021-05-09,0.6361044,0.74,0.4226607,0.5699999,153280486.95
2021-05-10,0.5699999,0.5704944,0.4188,0.45028,93357721.63
2021-05-11,0.45028,0.733,0.4433095,0.4936123,90667432.57
2021-05-12,0.4936123,0.5217623,0.3804571,0.3914255,49302033.85
2021-05-13,0.3914255,0.5217217,0.33577,0.4892266,102168078.84
2021-05-14,0.4892266,0.59,0.4640993,0.5597609,124444302.31
2021-05-15,0.5597609,0.5642,0.4909685,0.5079327,76485385.81
2021-05-16,0.5079327,0.549,0.4496886,0.5135045,70767476.69
2021-05-17,0.5135045,0.5158704,0.455556,0.4873444,70287983.33
2021-05-18,0.4873444,0.5150687,0.4690001,0.4758646,36228818.29
2021-05-19,0.4758646,0.4793938,0.2136604,0.329285,863569018.04
2021-05-20,0.329285,0.4346873,0.2950001,0.3974163,384697058.71
2021-05-21,0.3974163,0.411529,0.3140227,0.3582762,73850601.66
2021-05-22,0.3582762,0.363,0.3167504,0.3419232,37536091.28
2021-05-23,0.3419232,0.3505045,0.248,0.3059801,40319478.58
2021-05-24,0.3059801,0.3743656,0.2954885,0.3658474,32223271.62
2021-05-25,0.3658474,0.3799924,0.3225183,0.3461419,23868020.63
2021-05-26,0.3461419,0.3660992,0.336774,0.3527416,12942188.96
2021-05-27,0.3527416,0.3527416,0.3272576,0.3330224,7154407.84
2021-05-28,0.3330224,0.3473276,0.3002988,0.3114588,16209697.9
2021-05-29,0.3114588,0.3175668,0.2801464,0.3029921,10788028.12
2021-05-30,0.3029921,0.3100678,0.2869481,0.3021324,9086127.31
2021-05-31,0.3021324,0.3296035,0.2941308,0.3258,8375371.34
2021-06-01,0.3258,0.385,0.312,0.3707312,19426770.94
2021-06-02,0.3707312,0.4462583,0.3518283,0.4230004,37451655.61
2021-06-03,0.4230004,0.4412615,0.3773462,0.4008853,21783546.0
2021-06-04,0.4008853,0.4018758,0.3501799,0.3760485,17141094.04
2021-06-05,0.3760485,0.3944778,0.36,0.3715105,11436380.26
2021-06-06,0.3715105,0.3766904,0.3669348,0.3715035,5412735.52
2021-06-07,0.3715035,0.3793637,0.3277,0.3316753,7115298.13
2021-06-08,0.3316753,0.3414469,0.2964192,0.3259995,14257835.44
2021-06-09,0.3259995,0.3545133,0.312468,0.3429926,11914374.27
2021-06-10,0.3429926,0.3447817,0.3228943,0.3257743,6442121.08
2021-06-11,0.3257743,0.3333481,0.3111111,0.3189344,5637582.23
2021-06-12,0.3189344,0.3190815,0.301,0.3118555,6350429.64
2021-06-13,0.3118555,0.3299542,0.3071358,0.3241169,4444699.54
2021-06-14,0.3241169,0.3375937,0.3198694,0.3274695,5716384.77
2021-06-15,0.3274695,0.3304225,0.3167177,0.3205309,4659601.87
2021-06-16,0.3205309,0.3215321,0.3053224,0.3079011,4643802.34
2021-06-17,0.3079011,0.314176,0.3028894,0.3061444,2927341.86
2021-06-18,0.3061444,0.3076287,0.2803276,0.2930087,6403035.26
2021-06-19,0.2930087,0.2975456,0.2858969,0.2862158,3769120.35
2021-06-20,0.2862158,0.2892267,0.2558074,0.2804691,7268146.8
2021-06-21,0.2804691,0.2809802,0.1653176,0.1785071,28873786.05
2021-06-22,0.1785071,0.2166211,0.1634666,0.1901701,36115349.88
2021-06-23,0.1901701,0.2483625,0.1805892,0.2348288,23074270.64
2021-06-24,0.2348288,0.26888,0.2221491,0.2640436,13755199.49
2021-06-25,0.2640436,0.2892111,0.2293355,0.2377171,19531203.46
2021-06-26,0.2377171,0.255,0.2306553,0.2459712,10733653.14
2021-06-27,0.2459712,0.2667702,0.2402428,0.2649963,6006875.24
2021-06-28,0.2649963,0.2668915,0.2505,0.25696,4986064.99
2021-06-29,0.25696,0.2752935,0.2526177,0.2626251,5840775.68
2021-06-30,0.2626251,0.2635295,0.2380295,0.2536185,5995951.14
2021-07-01,0.2536185,0.2609254,0.2381775,0.2441294,7933917.4
2021-07-02,0.2441294,0.2488289,0.2387506,0.2452471,3758728.99
2021-07-03,0.2452471,0.2500811,0.2420913,0.24629,2527353.31
2021-07-04,0.24629,0.2524236,0.2434827,0.2465879,3627302.4
2021-07-05,0.2465879,0.2465879,0.2269212,0.2311751,4343606.32
2021-07-06,0.2311751,0.2419983,0.2296112,0.2343468,3142729.25
2021-07-07,0.2343468,0.238071,0.221154,0.2240151,2541602.95
2021-07-08,0.2240151,0.2247296,0.2022,0.2070181,5103105.12
2021-07-09,0.2070181,0.2295035,0.1957728,0.2196943,9697330.69
2021-07-10,0.2196943,0.2281373,0.21,0.2137766,3900742.69
2021-07-11,0.2137766,0.2187856,0.2105113,0.2158538,1664508.75
2021-07-12,0.2158538,0.218935,0.2043276,0.2079859,3218595.66
2021-07-13,0.2079859,0.2079859,0.1981094,0.2000986,3054015.85
2021-07-14,0.2000986,0.2045376,0.187506,0.1975814,4642660.96
2021-07-15,0.1975814,0.2007511,0.1807448,0.185244,3878859.85
2021-07-16,0.185244,0.1882087,0.1713381,0.1720406,4545541.57
2021-07-17,0.1720406,0.2051048,0.1690496,0.1863338,10634526.85
2021-07-18,0.1863338,0.1955902,0.1809563,0.1815877,5196226.0
2021-07-19,0.1815877,0.183843,0.170685,0.1734513,3062336.7
2021-07-20,0.1734513,0.1795769,0.160005,0.1704919,6127442.57
2021-07-21,0.1704919,0.2143321,0.168659,0.1904047,17210343.43
2021-07-22,0.1904047,0.1962301,0.1864222,0.1912862,5389905.1
2021-07-23,0.1912862,0.1995087,0.1833239,0.1947031,3768491.44
2021-07-24,0.1947031,0.2041212,0.1913546,0.1969533,4787164.89
2021-07-25,0.1969533,0.2005731,0.191226,0.1978709,3969732.99
2021-07-26,0.1978709,0.2328539,0.1969115,0.20372,11647688.05
2021-07-27,0.20372,0.2094284,0.1952917,0.2059023,5179055.4
2021-07-28,0.2059023,0.2138724,0.2019054,0.2053823,4103472.94
2021-07-29,0.2053823,0.2064759,0.2005294,0.2048587,2065032.01
2021-07-30,0.2048587,0.2104937,0.196238,0.208583,3111528.23
2021-07-31,0.208583,0.2141929,0.2049474,0.2073941,2598926.3
2021-08-01,0.2073941,0.2178527,0.2012,0.2043788,4011064.89
2021-08-02,0.2043788,0.2097128,0.202057,0.2034542,1803349.02
2021-08-03,0.2034542,0.2050075,0.1935461,0.1958156,1726404.27
2021-08-04,0.1958156,0.2031695,0.1943144,0.2015513,1708992.1
2021-08-05,0.2015513,0.20256,0.1943978,0.2008233,2201944.82
2021-08-06,0.2008233,0.212,0.1985659,0.2046404,2451292.61
2021-08-07,0.2046404,0.2626352,0.2037972,0.2620733,12483238.32
2021-08-08,0.2620733,0.2834173,0.2352295,0.239935,11769524.05
2021-08-09,0.239935,0.265974,0.231,0.2561605,6359026.52
2021-08-10,0.2561605,0.263,0.2453237,0.2571884,4592383.13
2021-08-11,0.2571884,0.2823395,0.2564942,0.2649976,5232404.97
2021-08-12,0.2649976,0.2944793,0.252,0.263725,7082019.62
2021-08-13,0.263725,0.2875034,0.2620651,0.2869007,4237977.71
2021-08-14,0.2869007,0.2982222,0.2764273,0.2939748,5590587.11
2021-08-15,0.2939748,0.349,0.2868241,0.3401467,9430081.99
2021-08-16,0.3401467,0.3514658,0.3106156,0.3196594,7894754.46
2021-08-17,0.3196594,0.3395899,0.2948724,0.299105,5163559.91
2021-08-18,0.299105,0.3248885,0.2787119,0.3035618,13060755.68
2021-08-19,0.3035618,0.3190744,0.2937916,0.3175167,19167548.07
2021-08-20,0.3175167,0.333663,0.3138887,0.3270787,28411016.37
2021-08-21,0.3270787,0.3293795,0.3143666,0.3167579,26204024.56
2021-08-22,0.3167579,0.3215666,0.3054745,0.3144492,21184083.49
2021-08-23,0.3144492,0.3278,0.3130155,0.3179206,60716694.31
2021-08-24,0.3179206,0.3197894,0.2751597,0.2888029,113364347.77
2021-08-25,0.2888029,0.2968974,0.2798123,0.2924214,96222820.11
2021-08-26,0.2924214,0.2963268,0.2645888,0.2682321,155204295.43
2021-08-27,0.2682321,0.294646,0.2651377,0.2943311,95802503.22
2021-08-28,0.2943311,0.2992999,0.2831169,0.2857783,81825847.85
2021-08-29,0.2857783,0.2917958,0.2763288,0.2807154,98770910.96
2021-08-30,0.2807154,0.2900458,0.2700012,0.2721191,84705002.02
2021-08-31,0.2721191,0.2858281,0.269717,0.2783721,37676026.15
2021-09-01,0.2783721,0.29479,0.273,0.2942028,6335098.06
2021-09-02,0.2942028,0.3092072,0.2918051,0.2947406,8676522.91
2021-09-03,0.2947406,0.3063496,0.2876809,0.2961487,6749053.87
2021-09-04,0.2961487,0.3085,0.2932594,0.2989107,4868704.29
2021-09-05,0.2989107,0.315202,0.2963129,0.3143356,5268937.63
2021-09-06,0.3143356,0.3195099,0.3000008,0.3088028,6059546.58
2021-09-07,0.3088028,0.3113109,0.2107904,0.2546176,20641166.03
2021-09-08,0.2546176,0.2632862,0.2339024,0.2566778,7605765.88
2021-09-09,0.2566778,0.2593427,0.2487509,0.2522999,3551855.07
2021-09-10,0.2522999,0.2617,0.2357924,0.2395734,3232514.0
2021-09-11,0.2395734,0.2475581,0.2379077,0.2408365,2028098.03
2021-09-12,0.2408365,0.2549999,0.238711,0.2504324,3104737.03
2021-09-13,0.2504324,0.2520029,0.2285495,0.2359051,3980957.85
2021-09-14,0.2359051,0.2415091,0.2339024,0.2405299,2172164.09
2021-09-15,0.2405299,0.2480105,0.2389693,0.2475513,2265202.07
2021-09-16,0.2475513,0.2476518,0.2334325,0.2420432,3635578.74
2021-09-17,0.2420432,0.259664,0.2377899,0.23978,12218692.13
2021-09-18,0.23978,0.2472157,0.2381887,0.2414034,3029738.29
2021-09-19,0.2414034,0.2414218,0.231,0.2329566,2856137.98
2021-09-20,0.2329566,0.2333283,0.1992088,0.2083754,15074674.15
2021-09-21,0.2083754,0.2181776,0.1980755,0.2004896,12969439.94
2021-09-22,0.2004896,0.2300699,0.2001072,0.2244909,12491625.05
2021-09-23,0.2244909,0.2270944,0.2176824,0.2246621,6017301.06
2021-09-24,0.2246621,0.228441,0.1969832,0.209217,11188932.4
2021-09-25,0.209217,0.2125454,0.2043861,0.2083447,6113664.74
2021-09-26,0.2083447,0.2088641,0.1941941,0.2050576,8039630.57
2021-09-27,0.2050576,0.2093824,0.1997187,0.1997901,5051301.56
2021-09-28,0.1997901,0.2024906,0.1961519,0.1965971,4756174.39
2021-09-29,0.1965971,0.2041361,0.1948545,0.1987488,4286833.8
2021-09-30,0.1987488,0.2059758,0.1976511,0.2042315,3056770.26
2021-10-01,0.2042315,0.2247166,0.201849,0.2228069,5936957.99
2021-10-02,0.2228069,0.2247625,0.2153217,0.2187259,5324935.64
2021-10-03,0.2187259,0.226269,0.2157518,0.2217852,5748194.43
2021-10-04,0.2217852,0.2485551,0.2127267,0.2413688,24525170.74
2021-10-05,0.2413688,0.2679999,0.2328722,0.2514855,32095850.31
2021-10-06,0.2514855,0.2716249,0.2423845,0.2542712,30884413.83
2021-10-07,0.2542712,0.25678,0.2360883,0.2427234,21014065.17
2021-10-08,0.2427234,0.2548999,0.2415384,0.2437281,14368327.07
2021-10-09,0.2437281,0.2524518,0.2412971,0.2466486,9831626.38
2021-10-10,0.2466486,0.2485742,0.2268309,0.2291344,10363885.05
2021-10-11,0.2291344,0.2393,0.2252297,0.2313345,7950277.64
2021-10-12,0.2313345,0.2315276,0.2165696,0.2260372,11568088.64
2021-10-13,0.2260372,0.2341043,0.2206242,0.2325055,8295386.59
2021-10-14,0.2325055,0.24,0.2312094,0.2323673,7498407.04
2021-10-15,0.2323673,0.2436613,0.2245363,0.2339529,10715066.87
2021-10-16,0.2339529,0.245593,0.2338227,0.2370403,8860610.58
2021-10-17,0.2370403,0.242,0.2257678,0.2376247,7864643.9
2021-10-18,0.2376247,0.2725225,0.2371631,0.2471549,35377532.44
2021-10-19,0.2471549,0.2549191,0.2403543,0.2455,10135088.39
2021-10-20,0.2455,0.2617115,0.2421792,0.2547734,11075884.03
2021-10-21,0.2547734,0.2581766,0.2407537,0.2423958,10676751.15
2021-10-22,0.2423958,0.2528681,0.2354377,0.2442651,11612483.89
2021-10-23,0.2442651,0.2538182,0.2413764,0.2510874,9625509.01
2021-10-24,0.2510874,0.2827912,0.246,0.2756042,34900228.52
2021-10-25,0.2756042,0.280251,0.2595202,0.2648383,18770937.52
2021-10-26,0.2648383,0.2740129,0.2523,0.2557862,14442025.23
2021-10-27,0.2557862,0.2635082,0.217691,0.237444,31928952.16
2021-10-28,0.237444,0.3495,0.2329254,0.299859,143227767.8
2021-10-29,0.299859,0.3066593,0.2772816,0.2875662,46852904.5
2021-10-30,0.2875662,0.2948857,0.2582585,0.2687323,29054809.28
2021-10-31,0.2687323,0.284891,0.2520195,0.2799567,31021844.89
2021-11-01,0.2799567,0.286076,0.2635,0.2716854,21706345.71
2021-11-02,0.2716854,0.2809904,0.2674162,0.2736309,17175572.64
2021-11-03,0.2736309,0.277266,0.2627321,0.2690843,11162095.56
2021-11-04,0.2690843,0.2707853,0.2541465,0.2640515,13992668.11
2021-11-05,0.2640515,0.2704011,0.256955,0.2608222,7796539.67
2021-11-06,0.2608222,0.2675326,0.2502131,0.2615068,7452169.34
2021-11-07,0.2615068,0.2694998,0.2586681,0.2657252,5509971.07
2021-11-08,0.2657252,0.2971119,0.2644807,0.2821174,24549570.76
2021-11-09,0.2821174,0.2898747,0.272,0.2732122,11180950.34
2021-11-10,0.2732122,0.2772999,0.236,0.2553177,19494773.33
2021-11-11,0.2553177,0.2709808,0.2532039,0.2604271,9474734.34
2021-11-12,0.2604271,0.2685558,0.249,0.2596798,9592557.24
2021-11-13,0.2596798,0.2623448,0.2542464,0.2613839,4796367.37
2021-11-14,0.2613839,0.2715142,0.26,0.2628785,8079399.56
2021-11-15,0.2628785,0.2650825,0.2555555,0.256479,4514612.87
2021-11-16,0.256479,0.256508,0.223761,0.2368391,14529942.95
2021-11-17,0.2368391,0.240636,0.2295281,0.2373748,8424969.7
2021-11-18,0.2373748,0.2412706,0.2152188,0.2209298,11807252.59
2021-11-19,0.2209298,0.236803,0.2155313,0.2326931,11661156.65
2021-11-20,0.2326931,0.2356797,0.2250623,0.2331046,5400009.42
2021-11-21,0.2331046,0.2331046,0.2252621,0.2259625,4498716.73
2021-11-22,0.2259625,0.2270684,0.2165834,0.2193174,7687255.36
2021-11-23,0.2193174,0.2365542,0.2135703,0.2267748,16331587.59
2021-11-24,0.2267748,0.2297366,0.210907,0.2171585,9835775.25
2021-11-25,0.2171585,0.2289003,0.2140504,0.2206386,10268100.05
2021-11-26,0.2206386,0.2216272,0.1886169,0.2014967,21149600.4
2021-11-27,0.2014967,0.2091105,0.2006825,0.2048666,7607101.51
2021-11-28,0.2048666,0.2072938,0.1911,0.2072938,7509939.05
2021-11-29,0.2072938,0.2249375,0.2026877,0.2149024,14524263.86
2021-11-30,0.2149024,0.2273405,0.2126588,0.2142997,18246673.28
2021-12-01,0.2142997,0.2185752,0.206,0.2094,6267890.25
2021-12-02,0.2094,0.2231284,0.2016,0.2093966,16845572.33
2021-12-03,0.2093966,0.2118442,0.1906713,0.1999702,10153806.48
2021-12-04,0.1999702,0.20017,0.1314395,0.1783171,49834855.57
2021-12-05,0.1783171,0.1807503,0.16195,0.1709933,13860621.6
2021-12-06,0.1709933,0.1802876,0.1591354,0.1779495,19859347.82
2021-12-07,0.1779495,0.1836374,0.175,0.1762737,11247123.47
2021-12-08,0.1762737,0.182,0.1721876,0.1789595,10558827.92
2021-12-09,0.1789595,0.18255,0.1692185,0.1692185,9954721.7
2021-12-10,0.1692185,0.1746419,0.1637228,0.1638498,8122977.85
2021-12-11,0.1638498,0.1698799,0.1611673,0.1686657,5995038.62
2021-12-12,0.1686657,0.1732397,0.1656279,0.1695388,5612099.5
2021-12-13,0.1695388,0.1702696,0.1514902,0.1572503,9862359.53
2021-12-14,0.1572503,0.2193241,0.1552253,0.1909082,66788041.99
2021-12-15,0.1909082,0.1909688,0.170695,0.1809945,20040667.39
2021-12-16,0.1809945,0.1850632,0.1723498,0.1730768,8034843.61
2021-12-17,0.1730768,0.1763516,0.16154,0.1688779,5625509.64
2021-12-18,0.1688779,0.1754256,0.1661522,0.1722442,3609276.07
2021-12-19,0.1722442,0.1745693,0.1690682,0.1693168,2501048.13
2021-12-20,0.1693168,0.1705,0.1612498,0.1670499,3745623.69
2021-12-21,0.1670499,0.1720284,0.1657497,0.1707495,3316218.78
2021-12-22,0.1707495,0.17945,0.1697125,0.1729119,16620434.04
2021-12-23,0.1729119,0.18485,0.1712923,0.18485,5488932.84
2021-12-24,0.18485,0.1953891,0.1793064,0.1861626,7038007.83
2021-12-25,0.1861626,0.1949,0.1848645,0.1905076,5012051.57
2021-12-26,0.1905076,0.1923475,0.1852866,0.1896035,2588169.43
2021-12-27,0.1896035,0.1926077,0.1869299,0.1876498,2373698.38
2021-12-28,0.1876498,0.1877999,0.1722217,0.173766,15331430.75
2021-12-29,0.173766,0.17715,0.1665167,0.1678157,4495958.12
2021-12-30,0.1678157,0.1756004,0.1655,0.171084,2438670.44
2021-12-31,0.171084,0.1754746,0.1663168,0.1701139,2177085.99
2022-01-01,0.1701139,0.1737235,0.1697141,0.1731048,1566341.03
2022-01-02,0.1731048,0.1760388,0.1706575,0.1743132,1529303.49
2022-01-03,0.1743132,0.1743132,0.1676165,0.1701627,1554515.58
2022-01-04,0.1701627,0.1724123,0.1669063,0.16845,2246495.76
2022-01-05,0.16845,0.17085,0.1474973,0.1589496,3991446.49
2022-01-06,0.1589496,0.1619714,0.1540496,0.16005,3017121.44
2022-01-07,0.16005,0.1601601,0.1495994,0.154929,4624724.18
2022-01-08,0.154929,0.1576539,0.1457359,0.1509993,2941535.81
2022-01-09,0.1509993,0.1545512,0.1490406,0.1506446,1160283.22
2022-01-10,0.1506446,0.1521231,0.137427,0.1430704,7159957.26
2022-01-11,0.1430704,0.16698,0.1419652,0.1536241,17775570.33
2022-01-12,0.1536241,0.1633,0.1511986,0.1624944,9153283.01
2022-01-13,0.1624944,0.1762259,0.1612885,0.1715213,16749307.99
2022-01-14,0.1715213,0.22,0.1710757,0.182969,41122071.76
2022-01-15,0.182969,0.1944181,0.1816125,0.1844653,10623640.7
2022-01-16,0.1844653,0.1844857,0.173723,0.1766777,5557208.43
2022-01-17,0.1766777,0.1780278,0.1657732,0.1708752,4974789.12
2022-01-18,0.1708752,0.174455,0.161757,0.16505,5929947.25
2022-01-19,0.16505,0.1692806,0.15908,0.1616608,4579007.59
2022-01-20,0.1616608,0.1693191,0.1539914,0.1553507,4168478.34
2022-01-21,0.1553507,0.1572378,0.1401097,0.14217,10617622.89
2022-01-22,0.14217,0.1450694,0.12027,0.1330335,17576321.34
2022-01-23,0.1330335,0.144399,0.115,0.1416088,10623424.97
2022-01-24,0.1416088,0.1417502,0.125962,0.1374494,11435118.38
2022-01-25,0.1374494,0.15,0.1325435,0.1427742,11360587.81
2022-01-26,0.1427742,0.1530325,0.1410278,0.1430658,8023909.05
2022-01-27,0.1430658,0.1453047,0.1362366,0.1414503,7765579.8
2022-01-28,0.1414503,0.1425979,0.1378498,0.1414323,5436154.69
2022-01-29,0.1414323,0.1440079,0.1404892,0.1429782,2585208.85
2022-01-30,0.1429782,0.14375,0.1382462,0.1392707,3739479.81
2022-01-31,0.1392707,0.1424449,0.1365093,0.1416512,3802105.19
2022-02-01,0.1416512,0.1441472,0.1409464,0.1421093,2841530.86
2022-02-02,0.1421093,0.146201,0.136,0.1369497,2896323.73
2022-02-03,0.1369497,0.1388159,0.134723,0.1378951,2587681.61
2022-02-04,0.1378951,0.1479043,0.1370746,0.14775,2687708.61
2022-02-05,0.14775,0.15065,0.1447254,0.1468457,2652718.38
2022-02-06,0.1468457,0.1556811,0.1446921,0.1540113,8410902.97
2022-02-07,0.1540113,0.1726155,0.1513208,0.1652167,17322798.06
2022-02-08,0.1652167,0.1694832,0.1531828,0.1580142,10971864.86
2022-02-09,0.1580142,0.1621527,0.1542194,0.1593921,2956117.41
2022-02-10,0.1593921,0.1606434,0.1504297,0.1514785,7883312.57
2022-02-11,0.1514785,0.1540837,0.1423763,0.1448081,4693030.13
2022-02-12,0.1448081,0.1471953,0.1408162,0.1442586,3683893.23
2022-02-13,0.1442586,0.1577761,0.1437632,0.1480221,9797091.26
2022-02-14,0.1480221,0.1502101,0.1428783,0.1457913,6023334.37
2022-02-15,0.1457913,0.1523043,0.1448548,0.1516726,3723296.99
2022-02-16,0.1516726,0.1516866,0.1462976,0.1486627,3178143.73
2022-02-17,0.1486627,0.149918,0.1371255,0.1382977,7112160.52
2022-02-18,0.1382977,0.1419964,0.1362392,0.138519,13321526.85
2022-02-19,0.138519,0.1463161,0.1382485,0.1411104,17199572.05
2022-02-20,0.1411104,0.1411104,0.1350701,0.1365705,34681314.17
2022-02-21,0.1365705,0.1416599,0.1271688,0.1281696,75438307.95
2022-02-22,0.1281696,0.1317657,0.1239495,0.1313429,70002354.22
2022-02-23,0.1313429,0.1353866,0.1272442,0.1273494,34265962.03
2022-02-24,0.1273494,0.1276946,0.1069798,0.1238496,164396743.0
2022-02-25,0.1238496,0.1282583,0.1204569,0.1276359,54829771.68
2022-02-26,0.1276359,0.1304449,0.1257112,0.1275217,24043034.92
2022-02-27,0.1275217,0.1282994,0.1211583,0.123024,26851421.58
2022-02-28,0.123024,0.1347422,0.1212786,0.133264,26356553.59
2022-03-01,0.133264,0.1386439,0.1298923,0.1338832,30303787.81
2022-03-02,0.1338832,0.1369765,0.1306751,0.1330391,27261033.74
2022-03-03,0.1330391,0.1337812,0.1272427,0.1298141,26944339.82
2022-03-04,0.1298141,0.1300368,0.1202115,0.1224133,89891890.63
2022-03-05,0.1224133,0.1255379,0.1210401,0.1247755,46984972.08
2022-03-06,0.1247755,0.1255186,0.1197575,0.1204812,88732169.63
2022-03-07,0.1204812,0.1226518,0.1135695,0.1170025,132756077.91
2022-03-08,0.1170025,0.119959,0.115302,0.1170342,107128906.45
2022-03-09,0.1170342,0.1243469,0.1165063,0.1214717,45836119.37
2022-03-10,0.1214717,0.1218455,0.1146539,0.1167782,36878414.13
2022-03-11,0.1167782,0.118471,0.1139542,0.11537,65496216.58
2022-03-12,0.11537,0.1172044,0.1146316,0.1146977,29639935.6
2022-03-13,0.1146977,0.1164202,0.1100291,0.1113801,79789377.56
2022-03-14,0.1113801,0.1217827,0.1103397,0.1138968,131588326.42
2022-03-15,0.1138968,0.1141719,0.1101887,0.1125357,55899563.33
2022-03-16,0.1125357,0.1170638,0.1120597,0.1170236,76880003.89
2022-03-17,0.1170236,0.1193095,0.1159041,0.1164289,30402834.29
2022-03-18,0.1164289,0.1194897,0.114208,0.1191908,37864794.79
2022-03-19,0.1191908,0.1249373,0.1183118,0.1235878,79677949.96
2022-03-20,0.1235878,0.1240085,0.1174599,0.1190172,106870741.42
2022-03-21,0.1190172,0.1215935,0.1176926,0.1192635,171556127.25
2022-03-22,0.1192635,0.125629,0.1187056,0.1224638,125345438.97
2022-03-23,0.1224638,0.1313063,0.1211173,0.1298551,334744807.95
2022-03-24,0.1298551,0.1411056,0.1277838,0.1368314,569123506.23
2022-03-25,0.1368314,0.1376076,0.1276645,0.1307756,228781301.27
2022-03-26,0.1307756,0.1369499,0.1290594,0.1360263,174997236.92
2022-03-27,0.1360263,0.1455,0.1355141,0.1447546,398285413.99
2022-03-28,0.1447546,0.1537239,0.1409431,0.1422772,343075674.08
2022-03-29,0.1422772,0.1488169,0.1406136,0.1445018,227033751.36
2022-03-30,0.1445018,0.1454858,0.138077,0.1430248,133562144.08
2022-03-31,0.1430248,0.1479284,0.1361809,0.1381927,128743836.28
2022-04-01,0.1381927,0.1428427,0.1323027,0.1412974,85394305.57
2022-04-02,0.1412974,0.1444999,0.1381631,0.1386726,54857227.04
2022-04-03,0.1386726,0.149555,0.1362833,0.1465131,84351687.05
2022-04-04,0.1465131,0.1565619,0.1412712,0.1485952,268681810.38
2022-04-05,0.1485952,0.1794792,0.1474643,0.1726233,525483656.85
2022-04-06,0.1726233,0.1745804,0.1411879,0.143371,499092637.7
2022-04-07,0.143371,0.148229,0.1400901,0.1460634,121292030.87
2022-04-08,0.1460634,0.1532889,0.1405856,0.1425656,130140757.1
2022-04-09,0.1425656,0.1446163,0.140659,0.1442084,29538218.7
2022-04-10,0.1442084,0.1576522,0.1436564,0.1481153,138453553.23
2022-04-11,0.1481153,0.1513801,0.1329903,0.1339833,121453668.2
2022-04-12,0.1339833,0.1444432,0.1331846,0.1380647,106847924.24
2022-04-13,0.1380647,0.1434,0.1363079,0.1399252,55978323.3
2022-04-14,0.1399252,0.1477212,0.13708,0.1439965,133621711.95
2022-04-15,0.1439965,0.1498242,0.1418585,0.1459718,65865734.32
2022-04-16,0.1459718,0.1479646,0.1414884,0.143544,18130004.51
2022-04-17,0.143544,0.1449999,0.1384823,0.1391487,43236344.82
2022-04-18,0.1391487,0.1404133,0.133,0.1401698,82149149.56
2022-04-19,0.1401698,0.1445931,0.139137,0.1426836,40347989.56
2022-04-20,0.1426836,0.1466893,0.1389845,0.1406052,65557619.34
2022-04-21,0.1406052,0.1429394,0.1340941,0.1362929,47392056.89
2022-04-22,0.1362929,0.1380545,0.1345837,0.1363148,28836078.04
2022-04-23,0.1363148,0.1367874,0.1332028,0.1338132,17720011.52
2022-04-24,0.1338132,0.1347202,0.1309459,0.1318332,38229488.26
2022-04-25,0.1318332,0.1710562,0.1224266,0.1580876,484501633.58
2022-04-26,0.1580876,0.166526,0.1355566,0.1374641,300115005.49
2022-04-27,0.1374641,0.1456339,0.1350297,0.1400353,106443741.9
2022-04-28,0.1400353,0.1434465,0.1353479,0.1374994,55785866.16
2022-04-29,0.1374994,0.1449345,0.1331999,0.1349563,99733430.64
2022-04-30,0.1349563,0.1368007,0.1239618,0.1274225,60547055.86
2022-05-01,0.1274225,0.1362843,0.126073,0.1326402,63115205.1
2022-05-02,0.1326402,0.1338723,0.1276409,0.1306124,46949354.98
2022-05-03,0.1306124,0.1319269,0.1264748,0.1294208,39976921.57
2022-05-04,0.1294208,0.1361249,0.129,0.1358167,42521593.67
2022-05-05,0.1358167,0.1376362,0.1254392,0.1280244,117183669.75
2022-05-06,0.1280244,0.1297124,0.1234961,0.1278987,78736109.4
2022-05-07,0.1278987,0.1323791,0.1246373,0.1273453,46832390.12
2022-05-08,0.1273453,0.1282766,0.122938,0.1241292,40971919.85
2022-05-09,0.1241292,0.125172,0.100226,0.1016244,220296786.99
2022-05-10,0.1016244,0.1185261,0.0994142,0.1080484,377068156.36
2022-05-11,0.1080484,0.110866,0.0705795,0.0850406,1032075781.16
2022-05-12,0.0850406,0.0897555,0.0689444,0.0827716,2292545128.49
2022-05-13,0.0827716,0.0960737,0.0819865,0.0881435,541593634.77
2022-05-14,0.0881435,0.0919906,0.0836623,0.0894684,137251114.47
2022-05-15,0.0894684,0.0931182,0.08657,0.0931182,54673586.1
2022-05-16,0.0931182,0.0931465,0.085852,0.0879425,61791226.56
2022-05-17,0.0879425,0.091245,0.0869346,0.0902333,40952329.66
2022-05-18,0.0902333,0.0909409,0.083082,0.0832978,48450282.81
2022-05-19,0.0832978,0.0874662,0.0813766,0.0865925,61936652.99
2022-05-20,0.0865925,0.0878941,0.0825017,0.0838917,47344690.04
2022-05-21,0.0838917,0.0853527,0.0823847,0.0843935,16745208.72
2022-05-22,0.0843935,0.0866284,0.0837883,0.0857704,27442846.76
2022-05-23,0.0857704,0.0883986,0.0821035,0.083204,39109557.54
2022-05-24,0.083204,0.0843273,0.0800857,0.0835964,42280936.71
2022-05-25,0.0835964,0.0844927,0.0820924,0.0828963,37755202.31
2022-05-26,0.0828963,0.0835922,0.0750621,0.0778744,94473269.07
2022-05-27,0.0778744,0.0895437,0.0760203,0.0814922,201419291.1
2022-05-28,0.0814922,0.08325,0.0807894,0.08182,50887073.46
2022-05-29,0.08182,0.0833221,0.0799247,0.0826634,27970973.23
2022-05-30,0.0826634,0.0885302,0.0821229,0.0879875,38553773.49
2022-05-31,0.0879875,0.088485,0.0830987,0.0858331,34993422.09
2022-06-01,0.0858331,0.0895,0.0788487,0.0810188,53709254.05
2022-06-02,0.0810188,0.0831304,0.0800155,0.0827604,29509264.02
2022-06-03,0.0827604,0.0829595,0.0793896,0.0802903,25583690.99
2022-06-04,0.0802903,0.0825076,0.0793448,0.081896,20603546.79
2022-06-05,0.081896,0.0822,0.0805678,0.0810881,12804888.26
2022-06-06,0.0810881,0.0847294,0.080869,0.082511,25701540.65
2022-06-07,0.082511,0.0826196,0.0777442,0.0803808,37961019.68
2022-06-08,0.0803808,0.0816006,0.0788198,0.0793128,24887671.51
2022-06-09,0.0793128,0.0811184,0.0789399,0.0793578,13534959.42
2022-06-10,0.0793578,0.0796906,0.0742086,0.0753828,35508334.45
2022-06-11,0.0753828,0.0765507,0.068,0.0698318,65424988.92
2022-06-12,0.0698318,0.0703438,0.0634492,0.0635421,137855984.34
2022-06-13,0.0635421,0.0661697,0.0523912,0.054273,547290181.93
2022-06-14,0.054273,0.058542,0.0498435,0.0554899,323599668.75
2022-06-15,0.0554899,0.0638569,0.0504688,0.0628596,407935357.49
2022-06-16,0.0628596,0.0628753,0.0542237,0.0552309,240480278.68
2022-06-17,0.0552309,0.0581323,0.0546507,0.0568925,104411125.01
2022-06-18,0.0568925,0.0578601,0.0491887,0.0528778,249273909.88
2022-06-19,0.0528778,0.0628583,0.051188,0.0605169,362602564.9
2022-06-20,0.0605169,0.061532,0.0574127,0.0600282,124520901.29
2022-06-21,0.0600282,0.0699147,0.059,0.0658107,240743211.82
2022-06-22,0.0658107,0.0658115,0.0610874,0.0616918,195074548.99
2022-06-23,0.0616918,0.0647501,0.0615683,0.0639619,89703752.61
2022-06-24,0.0639619,0.0684945,0.0638741,0.0669321,89178035.93
2022-06-25,0.0669321,0.0693343,0.0650889,0.068495,62752356.45
2022-06-26,0.068495,0.0775398,0.0672065,0.0729111,140040362.47
2022-06-27,0.0729111,0.0787282,0.0706175,0.0720636,150036150.95
2022-06-28,0.0720636,0.0733009,0.0653869,0.0660361,82097385.37
2022-06-29,0.0660361,0.0715196,0.0641,0.0694693,118287370.86
2022-06-30,0.0694693,0.0697231,0.0623682,0.0663884,122159373.39
2022-07-01,0.0663884,0.0683416,0.0638691,0.0663754,102972475.51
2022-07-02,0.0663754,0.0679677,0.0655308,0.0666721,62409021.16
2022-07-03,0.0666721,0.0674813,0.0648501,0.0672175,30555434.55
2022-07-04,0.0672175,0.0697824,0.0656784,0.0693641,72561167.8
2022-07-05,0.0693641,0.07,0.0655097,0.0671537,103188960.18
2022-07-06,0.0671537,0.0692767,0.0661858,0.0684115,109216812.92
2022-07-07,0.0684115,0.071187,0.0679022,0.0705287,48753569.96
2022-07-08,0.0705287,0.0734677,0.0682252,0.0691397,65300825.95
2022-07-09,0.0691397,0.0701933,0.0688172,0.0694775,15900455.74
2022-07-10,0.0694775,0.0694775,0.0662828,0.0672516,28680228.01
2022-07-11,0.0672516,0.0672822,0.0611992,0.061748,48207870.03
2022-07-12,0.061748,0.0630897,0.0597186,0.0598279,47166091.28
2022-07-13,0.0598279,0.0623258,0.0575412,0.0619378,117549293.75
2022-07-14,0.0619378,0.0628599,0.0595,0.0624524,53226100.97
2022-07-15,0.0624524,0.0644125,0.0616571,0.0629321,72515289.82
2022-07-16,0.0629321,0.0648521,0.0617769,0.0643922,44309649.57
2022-07-17,0.0643922,0.0655413,0.0628807,0.0630626,39161709.19
2022-07-18,0.0630626,0.0688914,0.062986,0.0675784,112440468.22
2022-07-19,0.0675784,0.0702452,0.0654482,0.0690519,150134080.29
2022-07-20,0.0690519,0.0769634,0.0677085,0.0701422,322691528.61
2022-07-21,0.0701422,0.0709059,0.0669175,0.0699914,123930257.9
2022-07-22,0.0699914,0.0713627,0.0667295,0.0674332,77047432.06
2022-07-23,0.0674332,0.0695349,0.066,0.0680187,72594515.24
2022-07-24,0.0680187,0.0689303,0.0672379,0.0675422,45203279.98
2022-07-25,0.0675422,0.0680162,0.0617775,0.0619305,79059903.47
2022-07-26,0.0619305,0.0626702,0.0601273,0.0625125,70445412.06
2022-07-27,0.0625125,0.0672247,0.0617978,0.0672119,78613095.58
2022-07-28,0.0672119,0.0708461,0.0651973,0.0691073,122954750.39
2022-07-29,0.0691073,0.0724254,0.0671707,0.0687632,101500787.61
2022-07-30,0.0687632,0.0744661,0.0678947,0.0696016,103818459.23
2022-07-31,0.0696016,0.0722968,0.0677435,0.0680919,60502318.99
2022-08-01,0.0680919,0.0713015,0.0667917,0.0684474,67546878.94
2022-08-02,0.0684474,0.0690527,0.065474,0.0664876,46885623.43
2022-08-03,0.0664876,0.0684007,0.0651208,0.0662184,20153816.85
2022-08-04,0.0662184,0.06766,0.0657473,0.0672129,27762490.47
2022-08-05,0.0672129,0.0702565,0.0671431,0.069803,51977802.62
2022-08-06,0.069803,0.07133,0.0683767,0.0686332,51203209.38
2022-08-07,0.0686332,0.0700163,0.0673337,0.0689665,54642062.5
2022-08-08,0.0689665,0.0725497,0.0688095,0.0701017,138899970.7
2022-08-09,0.0701017,0.0742642,0.0677404,0.0690288,394315845.24
2022-08-10,0.0690288,0.0714758,0.0666969,0.0712551,219142137.89
2022-08-11,0.0712551,0.0754368,0.0704403,0.0708464,353506777.02
2022-08-12,0.0708464,0.0727575,0.0697082,0.0723023,126722257.89
2022-08-13,0.0723023,0.0751617,0.0718376,0.0729567,199404966.38
2022-08-14,0.0729567,0.0846446,0.0726268,0.081673,1288405177.49
2022-08-15,0.081673,0.0820431,0.0745805,0.0765601,619407755.04
2022-08-16,0.0765601,0.0895,0.0761383,0.0867524,1447995006.04
2022-08-17,0.0867524,0.0889387,0.0794285,0.0801462,487440928.18
2022-08-18,0.0801462,0.0822576,0.0736209,0.0747419,320851997.93
2022-08-19,0.0747419,0.0752444,0.06709,0.0677381,687025869.67
2022-08-20,0.0677381,0.0711528,0.0676382,0.0693357,345999296.37
2022-08-21,0.0693357,0.0707827,0.06745,0.069329,177535999.21
2022-08-22,0.069329,0.0694274,0.0652276,0.0684095,183029296.64
2022-08-23,0.0684095,0.069223,0.0668915,0.0688305,75858213.73
2022-08-24,0.0688305,0.06964,0.0670546,0.0678884,80590423.73
2022-08-25,0.0678884,0.0717957,0.0676394,0.0690111,122268830.46
2022-08-26,0.0690111,0.0695864,0.0627642,0.0635372,289300656.66
2022-08-27,0.0635372,0.0641352,0.0622521,0.0634725,107483967.58
2022-08-28,0.0634725,0.0643459,0.0613248,0.0618033,89597572.65
2022-08-29,0.0618033,0.0640516,0.0609071,0.0638385,85643235.51
2022-08-30,0.0638385,0.0644651,0.060097,0.061542,83803167.23
2022-08-31,0.061542,0.0634351,0.0607461,0.0613562,86828854.47
2022-09-01,0.0613562,0.062629,0.0599017,0.062352,114184784.67
2022-09-02,0.062352,0.0628446,0.0607064,0.0616427,74224287.97
2022-09-03,0.0616427,0.0640092,0.0611279,0.0627145,118015688.93
2022-09-04,0.0627145,0.0638791,0.0618779,0.0632211,68274533.7
2022-09-05,0.0632211,0.0637272,0.0609307,0.0627408,66073023.43
2022-09-06,0.0627408,0.0652598,0.0580019,0.0588676,204805641.86
2022-09-07,0.0588676,0.0615287,0.0574063,0.0609601,116784821.95
2022-09-08,0.0609601,0.0614169,0.0596708,0.0609623,91152645.5
2022-09-09,0.0609623,0.0648358,0.0609067,0.0638679,174268178.78
2022-09-10,0.0638679,0.0654891,0.063171,0.0646726,135953796.04
2022-09-11,0.0646726,0.0653031,0.0626059,0.0637084,85457067.88
2022-09-12,0.0637084,0.0654056,0.0626372,0.0639158,101683337.12
2022-09-13,0.0639158,0.0641373,0.05924,0.0596516,221959019.21
2022-09-14,0.0596516,0.0614926,0.0591641,0.0611286,141172333.07
2022-09-15,0.0611286,0.0612126,0.0584807,0.058611,123066158.13
2022-09-16,0.058611,0.0604812,0.0581032,0.0604529,73392517.35
2022-09-17,0.0604529,0.0623856,0.0601562,0.0622,43725806.16
2022-09-18,0.0622,0.0622208,0.0564197,0.0574418,125568749.57
2022-09-19,0.0574418,0.0588029,0.055883,0.0585269,120789661.53
2022-09-20,0.0585269,0.0606313,0.0576047,0.0583877,136949258.61
2022-09-21,0.0583877,0.0608792,0.0560561,0.0571669,279809203.71
2022-09-22,0.0571669,0.0600357,0.0568181,0.0595829,83259086.76
2022-09-23,0.0595829,0.0642722,0.0591422,0.063373,606575167.63
2022-09-24,0.063373,0.0683055,0.0625134,0.0630973,862138149.8
2022-09-25,0.0630973,0.0638664,0.060064,0.061195,242196454.33
2022-09-26,0.061195,0.0618721,0.0597558,0.0611325,243866911.83
2022-09-27,0.0611325,0.0630623,0.0597578,0.0605255,262893670.61
2022-09-28,0.0605255,0.0611115,0.0585099,0.0605045,305148457.64
2022-09-29,0.0605045,0.0610731,0.0592651,0.0608359,194331029.6
2022-09-30,0.0608359,0.0622386,0.0596525,0.061682,533280742.13
2022-10-01,0.061682,0.0631291,0.0602541,0.0605852,280809413.32
2022-10-02,0.0605852,0.0609609,0.0588254,0.0592817,119388142.24
2022-10-03,0.0592817,0.0605374,0.0587881,0.0603293,146716678.59
2022-10-04,0.0603293,0.066422,0.0599548,0.0658426,1707729933.61
2022-10-05,0.0658426,0.0668382,0.0627025,0.0647852,664140572.35
2022-10-06,0.0647852,0.0668256,0.0628331,0.0634615,183784933.45
2022-10-07,0.0634615,0.0638143,0.0613543,0.0623557,126425641.49
2022-10-08,0.0623557,0.062667,0.0612063,0.0616409,44810086.12
2022-10-09,0.0616409,0.062383,0.0611868,0.0621222,26624760.06
2022-10-10,0.0621222,0.0624924,0.0592209,0.0593775,87125273.41
2022-10-11,0.0593775,0.0608738,0.057511,0.0602407,140660865.13
2022-10-12,0.0602407,0.0609875,0.0592775,0.0598085,70300653.44
2022-10-13,0.0598085,0.0602342,0.0550783,0.0596496,411219940.25
2022-10-14,0.0596496,0.0610064,0.0581113,0.0586515,98634258.12
2022-10-15,0.0586515,0.059776,0.0579713,0.0585716,67333921.67
2022-10-16,0.0585716,0.0594594,0.0584736,0.0589008,60158126.52
2022-10-17,0.0589008,0.0601747,0.0585491,0.0599717,76991666.78
2022-10-18,0.0599717,0.0610964,0.0585476,0.0597509,245414143.04
2022-10-19,0.0597509,0.0607839,0.058238,0.0586801,292742944.39
2022-10-20,0.0586801,0.0603413,0.0582536,0.059427,152847511.56
2022-10-21,0.059427,0.0594875,0.0571736,0.0593223,154607462.89
2022-10-22,0.0593223,0.0599005,0.0590873,0.0596819,102204797.63
2022-10-23,0.0596819,0.0604781,0.0586645,0.0603786,100459287.54
2022-10-24,0.0603786,0.0609031,0.0586744,0.0594411,148012596.66
2022-10-25,0.0594411,0.0642403,0.0591312,0.0630458,543083232.09
2022-10-26,0.0630458,0.0735863,0.0625999,0.0726499,1117438571.85
2022-10-27,0.0726499,0.0855008,0.0717657,0.076863,2240962794.59
2022-10-28,0.076863,0.0884532,0.0725456,0.0838433,2382304871.95
2022-10-29,0.0838433,0.151111,0.0829064,0.1216651,13057581657.93
2022-10-30,0.1216651,0.143471,0.1112186,0.1176888,6942168799.13
2022-10-31,0.1176888,0.1315415,0.1138403,0.1268557,4664858160.02
2022-11-01,0.1268557,0.1589,0.1245902,0.1420367,2098812288.36
2022-11-02,0.1420367,0.148,0.1220765,0.1277128,390415818.8
2022-11-03,0.1277128,0.1368861,0.1200039,0.1226694,162463673.6
2022-11-04,0.1226694,0.1290919,0.1156074,0.1261208,198033138.05
2022-11-05,0.1261208,0.1358,0.12025,0.124424,120602612.79
2022-11-06,0.124424,0.1276341,0.1119236,0.1147581,77854752.16
2022-11-07,0.1147581,0.1190081,0.1075477,0.1112241,94724989.39
2022-11-08,0.1112241,0.11294,0.0778523,0.0883987,1047382219.29
2022-11-09,0.0883987,0.09207,0.0704742,0.0744599,1013730123.06
2022-11-10,0.0744599,0.094,0.0731398,0.0897823,288671075.23
2022-11-11,0.0897823,0.0933255,0.0800593,0.0850035,146110518.93
2022-11-12,0.0850035,0.095001,0.0784566,0.0880286,194924891.2
2022-11-13,0.0880286,0.091542,0.0829249,0.0850088,91992312.31
2022-11-14,0.0850088,0.0912739,0.0792109,0.0859527,121362486.75
2022-11-15,0.0859527,0.0893418,0.0848891,0.0870391,48250887.55
2022-11-16,0.0870391,0.0911168,0.0835,0.085593,44804241.91
2022-11-17,0.085593,0.0872084,0.0825,0.0846697,26726654.13
2022-11-18,0.0846697,0.0867809,0.0836782,0.0846979,17855176.3
2022-11-19,0.0846979,0.085,0.0830611,0.0845725,9024534.49
2022-11-20,0.0845725,0.085817,0.0764043,0.0770918,30689487.8
2022-11-21,0.0770918,0.0773479,0.0713321,0.0746388,67666845.56
2022-11-22,0.0746388,0.0796182,0.0730916,0.0787591,50662157.51
2022-11-23,0.0787591,0.0835814,0.0778037,0.0819674,34618268.34
2022-11-24,0.0819674,0.0842132,0.0804301,0.0814874,30343688.79
2022-11-25,0.0814874,0.0916524,0.0805656,0.089107,81831785.44
2022-11-26,0.089107,0.0955584,0.0872196,0.08893,62596354.93
2022-11-27,0.08893,0.1078616,0.0888285,0.0986154,144852959.73
2022-11-28,0.0986154,0.0995429,0.0906767,0.0951224,71910239.75
2022-11-29,0.0951224,0.1051992,0.0936499,0.10144,89585269.93
2022-11-30,0.10144,0.1098945,0.0994113,0.1067271,51538710.24
2022-12-01,0.1067271,0.1076859,0.1003096,0.1017276,52894935.72
2022-12-02,0.1017276,0.1035567,0.0967609,0.1021248,44322451.82
2022-12-03,0.1021248,0.1031183,0.0981112,0.09966,32059431.91
2022-12-04,0.09966,0.105604,0.0995312,0.1041056,27940343.46
2022-12-05,0.1041056,0.1118821,0.0992595,0.1015718,34819023.4
2022-12-06,0.1015718,0.1027708,0.098104,0.1002591,14666155.09
2022-12-07,0.1002591,0.1011919,0.092906,0.0957474,50862813.43
2022-12-08,0.0957474,0.0992225,0.09479,0.0984772,18354449.93
2022-12-09,0.0984772,0.0994125,0.0956586,0.0966831,9070694.59
2022-12-10,0.0966831,0.0973978,0.0960467,0.0963257,6746242.69
2022-12-11,0.0963257,0.0971129,0.0916363,0.0926928,10185695.83
2022-12-12,0.0926928,0.0929708,0.0848156,0.0902723,42516518.9
2022-12-13,0.0902723,0.095279,0.0869944,0.0910153,31204999.97
2022-12-14,0.0910153,0.0924495,0.08725,0.0882,26152841.96
2022-12-15,0.0882,0.0887705,0.0840659,0.08481,11100083.31
2022-12-16,0.08481,0.0867932,0.0739618,0.0757025,64516586.09
2022-12-17,0.0757025,0.0794621,0.0755279,0.0792044,22594622.9
2022-12-18,0.0792044,0.0800247,0.0776127,0.0784662,20388345.22
2022-12-19,0.0784662,0.0794919,0.0700017,0.0713395,85838978.87
2022-12-20,0.0713395,0.0756278,0.0710747,0.0748552,39336342.69
2022-12-21,0.0748552,0.0750072,0.0713704,0.0737374,21609306.65
2022-12-22,0.0737374,0.0778118,0.0732824,0.0768497,47664227.2
2022-12-23,0.0768497,0.0789978,0.0764016,0.0771992,32637216.73
2022-12-24,0.0771992,0.0781324,0.0766353,0.0775188,11713415.93
2022-12-25,0.0775188,0.0776422,0.0733467,0.0759794,76306549.0
2022-12-26,0.0759794,0.0765582,0.0742817,0.0756836,29913949.97
2022-12-27,0.0756836,0.0761254,0.0726668,0.0737248,22654073.81
2022-12-28,0.0737248,0.0738939,0.0692925,0.0703981,73812119.87
2022-12-29,0.0703981,0.0715835,0.0692794,0.0709342,32748326.3
2022-12-30,0.0709342,0.0714338,0.0659602,0.0683967,73391937.72
2022-12-31,0.0683967,0.0713576,0.067975,0.0702271,51002483.9
2023-01-01,0.0702271,0.0708115,0.0690678,0.0702345,24238458.97
2023-01-02,0.0702345,0.0735207,0.0690777,0.0713933,59850117.18
2023-01-03,0.0713933,0.072307,0.0695219,0.0704762,28321273.6
2023-01-04,0.0704762,0.0735297,0.0702153,0.0731222,38984534.35
2023-01-05,0.0731222,0.0752687,0.070517,0.0714966,67444882.24
2023-01-06,0.0714966,0.072788,0.0695999,0.072418,39262912.16
2023-01-07,0.072418,0.072976,0.0717058,0.0721685,16070038.53
2023-01-08,0.0721685,0.0739637,0.0712226,0.0735908,32064456.61
2023-01-09,0.0735908,0.0795822,0.0729911,0.0756756,122729234.47
2023-01-10,0.0756756,0.0778551,0.0738568,0.077806,71471228.69
2023-01-11,0.077806,0.0785098,0.0747402,0.0781306,43064028.34
2023-01-12,0.0781306,0.0812261,0.0751116,0.0802685,59252421.86
2023-01-13,0.0802685,0.0851587,0.0786618,0.0844847,31727329.33
2023-01-14,0.0844847,0.0925717,0.082639,0.0872835,59357329.53
2023-01-15,0.0872835,0.087845,0.0828823,0.0860894,28602761.04
2023-01-16,0.0860894,0.08823,0.0816043,0.0836666,30583308.79
2023-01-17,0.0836666,0.0849983,0.0820188,0.0828526,22218025.12
2023-01-18,0.0828526,0.0897261,0.07788,0.0800475,138629721.29
2023-01-19,0.0800475,0.082134,0.0797839,0.0816134,23215334.54
2023-01-20,0.0816134,0.0869685,0.0806119,0.0861852,26404552.73
2023-01-21,0.0861852,0.0892092,0.0842865,0.0846539,59236281.26
2023-01-22,0.0846539,0.0933984,0.0844193,0.0881914,65925518.41
2023-01-23,0.0881914,0.091468,0.0863011,0.0884711,58586268.81
2023-01-24,0.0884711,0.0906949,0.0822001,0.0838372,30969265.21
2023-01-25,0.0838372,0.0881171,0.0818232,0.0865651,28531890.1
2023-01-26,0.0865651,0.087559,0.084658,0.0863181,20870722.36
2023-01-27,0.0863181,0.0878663,0.0836751,0.0872026,17440523.88
2023-01-28,0.0872026,0.0936615,0.086787,0.0877118,46537259.39
2023-01-29,0.0877118,0.0910343,0.0873535,0.0900787,26582007.55
2023-01-30,0.0900787,0.0928189,0.0844649,0.0883502,60382057.58
2023-01-31,0.0883502,0.0977675,0.0883017,0.0961056,148671418.66
2023-02-01,0.0961056,0.0970828,0.08822,0.0939997,96407914.15
2023-02-02,0.0939997,0.0958626,0.090146,0.0909649,58126001.89
2023-02-03,0.0909649,0.0933698,0.0903417,0.0929314,30794214.42
2023-02-04,0.0929314,0.0997599,0.0925613,0.095711,72057624.5
2023-02-05,0.095711,0.0970345,0.0903839,0.0920844,54662269.76
2023-02-06,0.0920844,0.0933,0.0888336,0.0895282,115403785.01
2023-02-07,0.08952,0.09273,0.08941,0.09253,583808080.49
2023-02-08,0.09253,0.09334,0.0885,0.09007,427966644.66
2023-02-09,0.09007,0.09091,0.07883,0.08141,842785034.32
2023-02-10,0.08141,0.083,0.0794,0.08089,449764952.9
2023-02-11,0.08089,0.08257,0.0807,0.08226,127686476.22
2023-02-12,0.08226,0.08569,0.08119,0.08219,291922515.75
2023-02-13,0.08219,0.08644,0.07951,0.08201,535775513.17
2023-02-14,0.08201,0.08368,0.08017,0.08352,332010804.89
2023-02-15,0.08352,0.0896,0.08266,0.08928,469059031.05
2023-02-16,0.08928,0.09192,0.08474,0.08488,946253683.03
2023-02-17,0.08488,0.08849,0.08433,0.0877,425233949.63
2023-02-18,0.0877,0.09042,0.08678,0.08882,207474785.55
2023-02-19,0.08882,0.08999,0.08571,0.08707,507685329.57
2023-02-20,0.08707,0.08875,0.08517,0.0883,455487025.47
2023-02-21,0.0883,0.08879,0.0843,0.08548,397352784.85
2023-02-22,0.08548,0.08861,0.08288,0.08546,761510736.15
2023-02-23,0.08546,0.08641,0.08363,0.08422,317353408.45
2023-02-24,0.08422,0.08497,0.07925,0.08088,432349883.88
2023-02-25,0.08088,0.08213,0.07845,0.08075,262451956.95
2023-02-26,0.08075,0.08263,0.08045,0.08221,103632871.86
2023-02-27,0.08221,0.08227,0.07997,0.08134,181127853.23
2023-02-28,0.08134,0.08309,0.07992,0.08081,229165158.12
2023-03-01,0.08081,0.08283,0.08031,0.08193,155224739.27
2023-03-02,0.08193,0.08226,0.07962,0.08053,155310272.93
2023-03-03,0.08053,0.0806,0.0733,0.07684,583689158.43
2023-03-04,0.07684,0.07725,0.07257,0.07457,151187008.26
2023-03-05,0.07457,0.07607,0.07433,0.07477,140376772.88
2023-03-06,0.07477,0.07513,0.0734,0.07477,67757409.65
2023-03-07,0.07477,0.07594,0.07247,0.0741,5594937.04
2023-03-08,0.0741,0.07425,0.07001,0.07111,5906810.32
2023-03-09,0.07111,0.07228,0.06399,0.06594,11334124.34
2023-03-10,0.06594,0.06615,0.06261,0.06573,8407685.83
2023-03-11,0.06573,0.06802,0.06329,0.06612,11421951.34
2023-03-12,0.06612,0.07068,0.06517,0.07046,8756695.28
2023-03-13,0.07046,0.07347,0.06824,0.07276,9234999.22
2023-03-14,0.07276,0.07758,0.07112,0.07462,13344749.71
2023-03-15,0.07462,0.07585,0.0674,0.0696,8447222.16
2023-03-16,0.0696,0.07404,0.06879,0.07247,7566759.68
2023-03-17,0.07247,0.07719,0.07152,0.07636,14681702.26
2023-03-18,0.07636,0.07873,0.07243,0.07288,9207146.13
2023-03-19,0.07288,0.07647,0.07288,0.07444,35260058.01
2023-03-20,0.07444,0.07555,0.0704,0.07134,20744005.38
2023-03-21,0.07134,0.07781,0.07038,0.07659,56651107.21
2023-03-22,0.07659,0.078,0.07147,0.07385,35315099.81
2023-03-23,0.07385,0.07902,0.07296,0.07737,33099573.83
2023-03-24,0.07737,0.07745,0.073,0.07454,7233484.79
2023-03-25,0.07454,0.07593,0.07255,0.07403,8919857.83
2023-03-26,0.07403,0.07537,0.07336,0.07438,12296629.97
2023-03-27,0.07438,0.07617,0.07128,0.07285,12073493.96
2023-03-28,0.07285,0.07401,0.0717,0.07382,29478748.85
2023-03-29,0.07382,0.07683,0.07352,0.0755,16974480.46
2023-03-30,0.0755,0.07678,0.0733,0.07419,12765465.48
2023-03-31,0.07419,0.07782,0.07343,0.077,9301175.59
2023-04-01,0.077,0.08332,0.07593,0.08181,18129574.19
2023-04-02,0.08181,0.08552,0.07741,0.07903,15840896.22
2023-04-03,0.07903,0.10472,0.07605,0.09603,116191420.65
2023-04-04,0.09603,0.10341,0.09228,0.09507,73408031.5
2023-04-05,0.09507,0.09911,0.09063,0.09264,203151212.1
2023-04-06,0.09264,0.09272,0.0842,0.08543,182351139.03
2023-04-07,0.08543,0.08613,0.0812,0.08223,181840396.66
2023-04-08,0.08223,0.08383,0.08048,0.08134,170474691.04
2023-04-09,0.08134,0.08386,0.08112,0.08316,157130286.34
2023-04-10,0.08316,0.08541,0.08231,0.08474,102876478.2
2023-04-11,0.08474,0.08578,0.08361,0.0841,106729003.12
2023-04-12,0.0841,0.0846,0.0805,0.08344,92744995.13
2023-04-13,0.08344,0.0888,0.08287,0.08729,145295443.68
2023-04-14,0.08729,0.09122,0.08547,0.08866,137700354.37
2023-04-15,0.08866,0.09055,0.08722,0.08889,85538624.59
2023-04-16,0.08889,0.09177,0.08768,0.09043,93219477.78
2023-04-17,0.09043,0.09474,0.08808,0.09139,154692286.62
2023-04-18,0.09139,0.09495,0.08978,0.09414,117836771.18
2023-04-19,0.09414,0.09414,0.085,0.08792,133955379.49
2023-04-20,0.08792,0.09346,0.08251,0.08388,228054695.0
2023-04-21,0.08388,0.08469,0.07636,0.07842,136595090.68
2023-04-22,0.07842,0.081,0.07818,0.08028,91723653.0
2023-04-23,0.08028,0.08079,0.0766,0.07876,105319065.52
2023-04-24,0.07876,0.08,0.07717,0.07873,87902419.62
2023-04-25,0.07873,0.07995,0.07755,0.07976,72349385.13
2023-04-26,0.07976,0.08355,0.075,0.07858,100501683.5
2023-04-27,0.07858,0.08098,0.0784,0.08013,103366094.33
2023-04-28,0.08013,0.08062,0.07919,0.08032,85787786.19
2023-04-29,0.08032,0.08193,0.08019,0.08157,92596258.76
2023-04-30,0.08157,0.08171,0.07931,0.07949,82757271.95
2023-05-01,0.07949,0.08002,0.07737,0.07882,89629495.62
2023-05-02,0.07882,0.07907,0.07764,0.07876,74630284.37
2023-05-03,0.07876,0.0807,0.07714,0.07963,79711031.61
2023-05-04,0.07963,0.0797,0.07796,0.07838,63922549.41
2023-05-05,0.07838,0.08146,0.0771,0.08018,95651924.45
2023-05-06,0.08018,0.08044,0.0758,0.07672,68459779.25
2023-05-07,0.07672,0.07749,0.0762,0.07652,45481310.25
2023-05-08,0.07652,0.07707,0.06995,0.07239,53252382.38
2023-05-09,0.07239,0.07333,0.07211,0.0731,33829476.36
2023-05-10,0.0731,0.07467,0.07053,0.07313,36694246.63
2023-05-11,0.07313,0.07317,0.06922,0.07195,39186779.09
2023-05-12,0.07195,0.07275,0.06935,0.07234,52327017.52
2023-05-13,0.07234,0.0724,0.0713,0.07168,28908369.74
2023-05-14,0.07168,0.07263,0.07123,0.07195,23544347.58
2023-05-15,0.07195,0.07362,0.07094,0.0719,35761028.34
2023-05-16,0.0719,0.07324,0.0709,0.07276,36691638.05
2023-05-17,0.07276,0.07543,0.07232,0.0748,55272536.92
2023-05-18,0.0748,0.0749,0.07164,0.07345,46311784.39
2023-05-19,0.07345,0.07403,0.07302,0.0735,25845659.28
2023-05-20,0.0735,0.07388,0.07307,0.07361,25860651.93
2023-05-21,0.07361,0.07399,0.07198,0.07212,25754812.08
2023-05-22,0.07212,0.07401,0.07076,0.07291,32397621.04
2023-05-23,0.07291,0.07394,0.07245,0.07288,30400961.79
2023-05-24,0.07288,0.07288,0.06945,0.07065,41176052.54
2023-05-25,0.07065,0.07113,0.06868,0.07089,27079684.74
2023-05-26,0.07089,0.07137,0.07039,0.07096,28350518.4
2023-05-27,0.07096,0.07338,0.07082,0.07257,27066905.96
2023-05-28,0.07257,0.07395,0.07188,0.07353,31346252.4
2023-05-29,0.07353,0.07399,0.07271,0.07313,25697737.95
2023-05-30,0.07313,0.07346,0.07212,0.07231,23332945.1
2023-05-31,0.07231,0.07268,0.07055,0.07165,20361706.0
2023-06-01,0.07165,0.07218,0.07076,0.07142,13642400.39
2023-06-02,0.07142,0.0733,0.07097,0.07257,15799716.12
2023-06-03,0.07257,0.07298,0.07218,0.07271,10308139.49
2023-06-04,0.07271,0.07331,0.07237,0.07248,9109534.08
2023-06-05,0.07248,0.07269,0.06332,0.06639,36037003.15
2023-06-06,0.06639,0.07197,0.06597,0.07024,41165759.12
2023-06-07,0.07024,0.07028,0.06671,0.06727,25983990.97
2023-06-08,0.06727,0.0685,0.06698,0.06795,16894658.32
2023-06-09,0.06795,0.07108,0.06735,0.06946,23056797.26
2023-06-10,0.06946,0.07132,0.05341,0.06175,73980407.58
2023-06-11,0.06175,0.06287,0.06097,0.06151,24173107.25
2023-06-12,0.06151,0.0617,0.0598,0.06145,26913842.28
2023-06-13,0.06145,0.06264,0.06006,0.06174,27663590.9
2023-06-14,0.06174,0.06219,0.05815,0.0604,30453619.37
2023-06-15,0.0604,0.06195,0.05978,0.06154,22227564.09
2023-06-16,0.06154,0.06278,0.06078,0.06219,20565818.84
2023-06-17,0.06219,0.06295,0.06177,0.0622,14813514.46
2023-06-18,0.0622,0.06393,0.06115,0.06212,31574318.28
2023-06-19,0.06212,0.06276,0.06154,0.06244,17825987.29
2023-06-20,0.06244,0.06312,0.06078,0.06312,31636074.51
2023-06-21,0.06312,0.06676,0.06284,0.06561,43789801.72
2023-06-22,0.06561,0.06936,0.06513,0.06556,33817772.15
2023-06-23,0.06556,0.07003,0.06537,0.06822,25009423.63
2023-06-24,0.06822,0.0684,0.0651,0.06668,24998509.73
2023-06-25,0.06668,0.06799,0.06641,0.06671,22273694.95
2023-06-26,0.06671,0.0668,0.06333,0.06475,20635041.36
2023-06-27,0.06475,0.06577,0.06443,0.06556,22292584.81
2023-06-28,0.06556,0.06593,0.06028,0.06255,23622503.75
2023-06-29,0.06255,0.0641,0.06241,0.06342,14457077.14
2023-06-30,0.06342,0.06693,0.06109,0.06647,35497739.35
2023-07-01,0.06647,0.0717,0.06643,0.0685,44515515.13
2023-07-02,0.0685,0.06907,0.06603,0.06799,27188294.62
2023-07-03,0.06799,0.06878,0.06729,0.06845,27730424.44
2023-07-04,0.06845,0.0717,0.06776,0.0689,43543412.25
2023-07-05,0.0689,0.06934,0.0656,0.067,34181589.28
2023-07-06,0.067,0.06853,0.0647,0.06489,32827964.07
2023-07-07,0.06489,0.06586,0.06416,0.06541,21792351.16
2023-07-08,0.06541,0.06606,0.06477,0.06573,17230641.01
2023-07-09,0.06573,0.06635,0.06516,0.06536,21175592.41
2023-07-10,0.06536,0.06619,0.06335,0.06523,22487458.47
2023-07-11,0.06523,0.0655,0.06441,0.06528,26151038.95
2023-07-12,0.06528,0.0657,0.06384,0.06503,18464677.59
2023-07-13,0.06503,0.0716,0.06458,0.0704,50068461.63
2023-07-14,0.0704,0.07305,0.06626,0.06849,63613462.05
2023-07-15,0.06849,0.07516,0.06769,0.07197,90644403.2
2023-07-16,0.07197,0.07222,0.069,0.06954,78180043.89
2023-07-17,0.06954,0.07312,0.06778,0.06982,89505378.49
2023-07-18,0.06982,0.07031,0.06707,0.06867,65792048.8
2023-07-19,0.06867,0.072,0.06828,0.07005,93190718.49
2023-07-20,0.07005,0.07385,0.06937,0.07064,84660244.15
2023-07-21,0.07064,0.07688,0.07026,0.07322,74777003.97
2023-07-22,0.07322,0.07331,0.0697,0.07048,48576525.3
2023-07-23,0.07048,0.07292,0.07004,0.07177,41696240.48
2023-07-24,0.07177,0.07782,0.07018,0.0742,165050873.62
2023-07-25,0.0742,0.08364,0.07361,0.08185,199424722.9
2023-07-26,0.08185,0.08225,0.07649,0.07794,154191738.91
2023-07-27,0.07794,0.07983,0.07668,0.07761,94718045.79
2023-07-28,0.07761,0.0779,0.07585,0.07718,61932184.79
2023-07-29,0.07718,0.0823,0.07687,0.08025,62278892.34
2023-07-30,0.08025,0.0805,0.0763,0.078,68526950.53
2023-07-31,0.078,0.07977,0.0768,0.07788,60267367.3
2023-08-01,0.07788,0.07826,0.07535,0.07815,68093321.18
2023-08-02,0.07815,0.07831,0.07375,0.07423,56342159.41
2023-08-03,0.07423,0.07502,0.07265,0.07358,52164583.82
2023-08-04,0.07358,0.07493,0.0726,0.07347,46269036.74
2023-08-05,0.07347,0.07707,0.07291,0.0757,84068928.09
2023-08-06,0.0757,0.07648,0.07415,0.07426,51082857.01
2023-08-07,0.07426,0.07571,0.07173,0.07354,53380634.14
2023-08-08,0.07354,0.07548,0.07324,0.07499,47710703.61
2023-08-09,0.07499,0.07618,0.07428,0.07541,44623066.06
2023-08-10,0.07541,0.07694,0.07515,0.07587,43051215.47
2023-08-11,0.07587,0.07611,0.0749,0.07573,29311456.91
2023-08-12,0.07573,0.07743,0.07562,0.0767,52130481.41
2023-08-13,0.0767,0.07688,0.0743,0.07483,38739356.18
2023-08-14,0.07483,0.077,0.0737,0.07468,48449656.06
2023-08-15,0.07468,0.07499,0.06847,0.07094,35747231.56
2023-08-16,0.07094,0.07125,0.06602,0.06721,48030092.28
2023-08-17,0.06721,0.0684,0.05585,0.06101,140986022.5
2023-08-18,0.06101,0.06385,0.05992,0.06326,65762633.48
2023-08-19,0.06326,0.06445,0.06309,0.06379,30274802.9
2023-08-20,0.06379,0.0647,0.06338,0.06385,24591518.65
2023-08-21,0.06385,0.0641,0.0604,0.06252,37861973.24
2023-08-22,0.06252,0.06326,0.0604,0.06258,61578334.81
2023-08-23,0.06258,0.06483,0.06245,0.0638,111796431.52
2023-08-24,0.0638,0.06405,0.06196,0.06307,95343113.51
2023-08-25,0.06307,0.06315,0.06178,0.06312,62361281.12
2023-08-26,0.06312,0.06337,0.06259,0.06289,21964907.28
2023-08-27,0.06289,0.06372,0.0627,0.06317,33088485.0
2023-08-28,0.06317,0.06363,0.06188,0.06346,33662973.15
2023-08-29,0.06346,0.06852,0.06243,0.0664,62858682.92
2023-08-30,0.0664,0.06647,0.06442,0.0659,48285319.87
2023-08-31,0.0659,0.06702,0.06281,0.06379,49380343.16
2023-09-01,0.06379,0.06422,0.06246,0.06388,46286034.51
2023-09-02,0.06388,0.06495,0.06265,0.06349,28446658.5
2023-09-03,0.06349,0.06377,0.06279,0.06315,120013688.7
2023-09-04,0.06315,0.06385,0.06211,0.06326,142179095.31
2023-09-05,0.06326,0.06436,0.06287,0.06402,53846577.79
2023-09-06,0.06402,0.06461,0.0625,0.06364,45908874.58
2023-09-07,0.06364,0.06384,0.06279,0.06366,35388065.0
2023-09-08,0.06366,0.064,0.06249,0.06369,33597851.37
2023-09-09,0.06369,0.0639,0.06326,0.06339,19349740.14
2023-09-10,0.06339,0.0634,0.05935,0.0613,34029903.19
2023-09-11,0.0613,0.06198,0.05923,0.06048,43185820.37
2023-09-12,0.06048,0.06238,0.06043,0.06091,47852901.41
2023-09-13,0.06091,0.06168,0.06051,0.06126,28541267.45
2023-09-14,0.06126,0.06243,0.06108,0.06208,48278248.41
2023-09-15,0.06208,0.06295,0.06139,0.06251,36886338.19
2023-09-16,0.06251,0.06297,0.06176,0.06214,32299934.98
2023-09-17,0.06214,0.06254,0.06099,0.06147,37424593.96
2023-09-18,0.06147,0.06281,0.061,0.062,57754479.6
2023-09-19,0.062,0.06321,0.0619,0.06268,107050352.9
2023-09-20,0.06268,0.06301,0.06175,0.06263,56309056.21
2023-09-21,0.06263,0.06346,0.06109,0.0613,50464122.37
2023-09-22,0.0613,0.06187,0.0606,0.06153,27732723.96
2023-09-23,0.06153,0.06195,0.06128,0.06152,30538851.12
2023-09-24,0.06152,0.06174,0.06029,0.06069,24577728.85
2023-09-25,0.06069,0.06123,0.0601,0.06094,32063775.75
2023-09-26,0.06094,0.06114,0.0594,0.06062,42635368.17
2023-09-27,0.06062,0.0614,0.06017,0.06052,48646697.92
2023-09-28,0.06052,0.06167,0.06038,0.06149,33025434.93
2023-09-29,0.06149,0.06246,0.06131,0.06214,34420874.88
2023-09-30,0.06214,0.06261,0.06173,0.06207,33161446.03
2023-10-01,0.06207,0.06358,0.06172,0.0632,56972627.47
2023-10-02,0.0632,0.06415,0.061,0.06201,64526477.88
2023-10-03,0.06201,0.0623,0.06108,0.06138,31366622.44
2023-10-04,0.06138,0.06159,0.06008,0.06146,48076618.56
2023-10-05,0.06146,0.06165,0.06056,0.06085,42435696.43
2023-10-06,0.06085,0.06154,0.06073,0.06136,74892851.99
2023-10-07,0.06136,0.06168,0.06105,0.06142,39943373.35
2023-10-08,0.06142,0.0616,0.06069,0.06096,33111009.99
2023-10-09,0.06096,0.061,0.05695,0.05872,151449477.73
2023-10-10,0.05872,0.05924,0.05846,0.05915,94876162.75
2023-10-11,0.05915,0.05948,0.05765,0.05852,114501588.11
2023-10-12,0.05852,0.05853,0.05719,0.05788,93685573.59
2023-10-13,0.05788,0.05885,0.05778,0.0584,111013608.52
2023-10-14,0.0584,0.05999,0.05835,0.05985,101523336.65
2023-10-15,0.05985,0.05986,0.059,0.05931,88691940.16
2023-10-16,0.05931,0.06173,0.0591,0.06,171978812.88
2023-10-17,0.06,0.06016,0.05831,0.05904,135058183.64
2023-10-18,0.05904,0.05936,0.05826,0.05859,142763897.93
2023-10-19,0.05859,0.0589,0.0575,0.05887,121957660.72
2023-10-20,0.05887,0.06044,0.05862,0.05991,178348566.07
2023-10-21,0.05991,0.06145,0.05943,0.0612,188173111.22
2023-10-22,0.0612,0.06173,0.05985,0.0617,178623706.3
2023-10-23,0.0617,0.0678,0.06131,0.06762,440780788.29
2023-10-24,0.06762,0.07014,0.06426,0.06659,417062565.99
2023-10-25,0.06659,0.06975,0.06477,0.06832,381497914.97
2023-10-26,0.06832,0.07514,0.06782,0.07184,468468243.72
2023-10-27,0.07184,0.07245,0.06734,0.0678,363036310.37
2023-10-28,0.0678,0.06989,0.06747,0.069,263008622.12
2023-10-29,0.069,0.0702,0.06741,0.06936,221329739.51
2023-10-30,0.06936,0.07039,0.0678,0.06959,288958057.05
2023-10-31,0.06959,0.07085,0.06588,0.06827,321161360.91
2023-11-01,0.06827,0.06969,0.06575,0.06896,366475119.34
2023-11-02,0.06896,0.07085,0.06662,0.0679,386553420.13
2023-11-03,0.0679,0.06825,0.06622,0.06809,314375598.15
2023-11-04,0.06809,0.06927,0.06787,0.06908,236589812.56
2023-11-05,0.06908,0.07175,0.06882,0.07108,387327018.94
2023-11-06,0.07108,0.07654,0.07024,0.07639,448256550.86
2023-11-07,0.07639,0.07649,0.07153,0.07337,432115052.65
2023-11-08,0.07337,0.07705,0.07277,0.07537,368260851.11
2023-11-09,0.07537,0.07791,0.0678,0.07354,451333424.09
2023-11-10,0.07354,0.07558,0.07244,0.07539,435162813.09
2023-11-11,0.07539,0.08185,0.07454,0.07849,477496703.07
2023-11-12,0.07849,0.08027,0.0751,0.07795,387967076.53
2023-11-13,0.07795,0.07953,0.0735,0.07456,404871720.43
2023-11-14,0.07456,0.07552,0.06898,0.07244,384321441.32
2023-11-15,0.07244,0.07653,0.07228,0.07623,375451046.96
2023-11-16,0.07623,0.08332,0.07593,0.07956,480285678.92
2023-11-17,0.07956,0.0875,0.07906,0.08651,505557815.98
2023-11-18,0.08651,0.08662,0.07921,0.08026,443577657.4
2023-11-19,0.08026,0.08066,0.07743,0.08043,411503549.98
2023-11-20,0.08043,0.08218,0.07665,0.07771,404906630.2
2023-11-21,0.07771,0.07873,0.07073,0.0718,408405103.17
2023-11-22,0.0718,0.0766,0.07165,0.07576,357890773.2
2023-11-23,0.07576,0.07638,0.07494,0.07619,270435408.04
2023-11-24,0.07619,0.07864,0.07604,0.07818,323195727.98
2023-11-25,0.07818,0.07917,0.07758,0.07893,266066267.11
2023-11-26,0.07893,0.07899,0.07559,0.07868,283409894.1
2023-11-27,0.07868,0.08156,0.07683,0.07883,382266215.59
2023-11-28,0.07883,0.08121,0.07672,0.08083,318399550.05
2023-11-29,0.08083,0.08315,0.07959,0.08049,341707412.73
2023-11-30,0.08049,0.08444,0.08039,0.08343,369976017.72
2023-12-01,0.08343,0.08507,0.08231,0.08385,336556560.31
2023-12-02,0.08385,0.08665,0.08327,0.08618,327219026.94
2023-12-03,0.08618,0.0874,0.08357,0.08572,349150836.33
2023-12-04,0.08572,0.0925,0.08511,0.09181,411469851.84
2023-12-05,0.09181,0.09578,0.08748,0.09428,403365026.78
2023-12-06,0.09428,0.10641,0.09336,0.09497,418896691.99
2023-12-07,0.09497,0.09828,0.09291,0.09592,357489589.13
2023-12-08,0.09592,0.10379,0.09555,0.10165,313006198.13
2023-12-09,0.10165,0.10492,0.09754,0.09847,296438741.52
2023-12-10,0.09847,0.10275,0.09667,0.10185,264460859.7
2023-12-11,0.10185,0.10722,0.09117,0.09412,311798079.98
2023-12-12,0.09412,0.098,0.0912,0.0938,340239339.04
2023-12-13,0.0938,0.09758,0.08992,0.0964,361067887.51
2023-12-14,0.0964,0.09876,0.0935,0.09831,344923385.48
2023-12-15,0.09831,0.09876,0.09236,0.09302,342791304.96
2023-12-16,0.09302,0.09726,0.09178,0.09714,323248460.0
2023-12-17,0.09714,0.09788,0.09239,0.09296,314152687.86
2023-12-18,0.09296,0.09379,0.08647,0.09213,332574243.9
2023-12-19,0.09213,0.09348,0.08931,0.09025,320676511.98
2023-12-20,0.09025,0.09335,0.0895,0.0915,309551993.18
2023-12-21,0.0915,0.09776,0.09064,0.095,328843902.99
2023-12-22,0.095,0.09559,0.09196,0.09498,325433551.99
2023-12-23,0.09498,0.095,0.09203,0.09344,261086188.11
2023-12-24,0.09344,0.09489,0.09036,0.0917,305153713.05
2023-12-25,0.0917,0.09543,0.09128,0.09436,277641569.94
2023-12-26,0.09436,0.09443,0.08707,0.09135,281087497.84
2023-12-27,0.09135,0.0939,0.08956,0.09366,271332785.35
2023-12-28,0.09366,0.09494,0.09109,0.09174,269925518.25
2023-12-29,0.09174,0.093,0.08864,0.09097,241543636.15
2023-12-30,0.09097,0.0914,0.08923,0.08999,205906947.77
2023-12-31,0.08999,0.09088,0.08822,0.08955,207624098.36
2024-01-01,0.08955,0.09208,0.08848,0.092,227954727.16
2024-01-02,0.092,0.0944,0.09045,0.09109,290648202.67
2024-01-03,0.09109,0.09213,0.08,0.08198,307670567.43
2024-01-04,0.08198,0.08458,0.08103,0.08399,353158909.25
2024-01-05,0.08399,0.08477,0.0805,0.08267,302552504.8
2024-01-06,0.08267,0.08268,0.07834,0.08058,287788005.75
2024-01-07,0.08058,0.08148,0.07706,0.07823,313407686.07
2024-01-08,0.07823,0.08174,0.07419,0.08129,361724001.15
2024-01-09,0.08129,0.08397,0.07661,0.07922,384942603.23
2024-01-10,0.07922,0.085,0.07579,0.08304,334516182.03
2024-01-11,0.08304,0.08792,0.08197,0.08457,340766360.83
2024-01-12,0.08457,0.08545,0.07783,0.08005,337287898.11
2024-01-13,0.08005,0.08137,0.0786,0.08094,210456258.38
2024-01-14,0.08094,0.08391,0.0797,0.08003,264219584.45
2024-01-15,0.08003,0.08175,0.07987,0.08107,193957071.49
2024-01-16,0.08107,0.08256,0.07986,0.08135,225806817.46
2024-01-17,0.08135,0.08159,0.07946,0.0806,188985073.83
2024-01-18,0.0806,0.08081,0.07698,0.07807,222796857.6
2024-01-19,0.07807,0.07884,0.07486,0.07855,228067759.58
2024-01-20,0.07855,0.0905,0.07821,0.0879,250200459.53
2024-01-21,0.0879,0.09035,0.08472,0.08544,381961188.85
2024-01-22,0.08544,0.08558,0.08012,0.08056,357591518.47
2024-01-23,0.08056,0.08189,0.07603,0.07822,307169406.91
2024-01-24,0.07822,0.08065,0.07762,0.07905,249129376.63
2024-01-25,0.07905,0.07924,0.07713,0.07795,202793057.33
2024-01-26,0.07795,0.08035,0.07754,0.07984,203149023.06
2024-01-27,0.07984,0.0807,0.07902,0.08014,156943688.15
2024-01-28,0.08014,0.08149,0.07819,0.07882,185579799.45
2024-01-29,0.07882,0.08302,0.0782,0.08136,278840309.16
2024-01-30,0.08136,0.08219,0.07944,0.07972,238685134.52
2024-01-31,0.07972,0.08028,0.07805,0.07876,208332590.59
2024-02-01,0.07876,0.07986,0.07729,0.07937,181372968.44
2024-02-02,0.07937,0.07996,0.07858,0.07928,155155445.87
2024-02-03,0.07928,0.07951,0.07853,0.07874,95445911.02
2024-02-04,0.07874,0.07999,0.078,0.07831,122731143.71
2024-02-05,0.07831,0.08031,0.07736,0.07835,97014177.76
2024-02-06,0.07835,0.07923,0.07775,0.07849,62212427.24
2024-02-07,0.07849,0.08031,0.07816,0.08015,52249841.38
2024-02-08,0.08015,0.08084,0.07956,0.07987,55151371.97
2024-02-09,0.07987,0.08218,0.07986,0.08155,75455639.24
2024-02-10,0.08155,0.08213,0.0803,0.08141,49186859.94
2024-02-11,0.08141,0.08358,0.08082,0.08123,52986436.68
2024-02-12,0.08123,0.08283,0.07949,0.08223,84523823.1
2024-02-13,0.08223,0.08297,0.07969,0.08105,78079845.29
2024-02-14,0.08105,0.08697,0.08048,0.0855,128154778.48
2024-02-15,0.0855,0.08816,0.08395,0.08525,118293928.74
2024-02-16,0.08525,0.08797,0.08397,0.0859,101564218.94
2024-02-17,0.0859,0.08605,0.08194,0.08355,72190610.12
2024-02-18,0.08355,0.08572,0.08284,0.08518,75289150.67
2024-02-19,0.08518,0.09081,0.08502,0.08942,125581593.41
2024-02-20,0.08942,0.0915,0.083,0.08616,105809761.31
2024-02-21,0.08616,0.08628,0.08198,0.08458,69614966.97
2024-02-22,0.08458,0.08552,0.08306,0.0841,58786800.83
2024-02-23,0.0841,0.08552,0.08285,0.08452,62019184.65
2024-02-24,0.08452,0.08636,0.08385,0.08616,78069916.22
2024-02-25,0.08616,0.08681,0.08528,0.08612,73542154.67
2024-02-26,0.08612,0.09,0.08418,0.08922,98616627.09
2024-02-27,0.08922,0.10052,0.08851,0.09759,253085769.68
2024-02-28,0.09759,0.1232,0.09438,0.11583,322559703.78
2024-02-29,0.11583,0.13498,0.11147,0.11732,321252756.61
2024-03-01,0.11732,0.14554,0.11721,0.13933,297321290.56
2024-03-02,0.13933,0.15074,0.13596,0.14192,238452218.18
2024-03-03,0.14192,0.15629,0.12145,0.1535,304986513.13
2024-03-04,0.1535,0.18516,0.14446,0.18201,373733997.25
2024-03-05,0.18201,0.2063,0.12792,0.15309,397067342.86
2024-03-06,0.15309,0.17963,0.14646,0.15785,243096713.21
2024-03-07,0.15785,0.16224,0.14641,0.15755,245986012.94
2024-03-08,0.15755,0.17592,0.1551,0.1646,253695167.16
2024-03-09,0.1646,0.18479,0.16299,0.1787,208356992.01
2024-03-10,0.1787,0.17961,0.16535,0.16992,162715422.56
2024-03-11,0.16992,0.18314,0.15988,0.18192,206597889.13
2024-03-12,0.18192,0.18341,0.15529,0.16825,198734222.93
2024-03-13,0.16825,0.17442,0.16486,0.16896,193544666.85
2024-03-14,0.16896,0.19274,0.1651,0.17711,264736543.97
2024-03-15,0.17711,0.18137,0.1512,0.16354,231747665.0
2024-03-16,0.16354,0.16513,0.13801,0.14252,215899143.2
2024-03-17,0.14252,0.15919,0.1367,0.1543,233126059.03
2024-03-18,0.1543,0.15432,0.14,0.14352,199429763.38
2024-03-19,0.14352,0.14518,0.12524,0.12879,271737462.03
2024-03-20,0.12879,0.15315,0.1228,0.15216,273011618.51
2024-03-21,0.15216,0.15988,0.14649,0.15536,249836268.5
2024-03-22,0.15536,0.16499,0.14536,0.15286,223174465.43
2024-03-23,0.15286,0.17483,0.1517,0.16197,234442093.81
2024-03-24,0.16197,0.17991,0.16117,0.17645,232435605.4
2024-03-25,0.17645,0.1869,0.17001,0.17526,207808088.95
2024-03-26,0.17526,0.18706,0.17413,0.18229,201751721.95
2024-03-27,0.18229,0.19178,0.17879,0.19024,215655947.18
2024-03-28,0.19024,0.22872,0.1892,0.21998,234033099.44
2024-03-29,0.21998,0.22476,0.20776,0.21296,161734987.96
2024-03-30,0.21296,0.21672,0.19659,0.1991,169704266.3
2024-03-31,0.1991,0.22429,0.19909,0.22003,167080816.24
2024-04-01,0.22003,0.22003,0.197,0.20502,177183895.72
2024-04-02,0.20502,0.20504,0.18008,0.18248,197682865.25
2024-04-03,0.18248,0.18748,0.17014,0.17529,191877339.26
2024-04-04,0.17529,0.18817,0.17193,0.17998,177809171.87
2024-04-05,0.17998,0.18076,0.1676,0.17719,165393751.75
2024-04-06,0.17719,0.1878,0.17643,0.18579,155919670.32
2024-04-07,0.18579,0.2052,0.18546,0.19892,179730796.5
2024-04-08,0.19892,0.209,0.1956,0.2026,152536876.62
2024-04-09,0.2026,0.20347,0.18567,0.18917,129249650.85
2024-04-10,0.18917,0.20217,0.18008,0.19979,133001630.13
2024-04-11,0.19979,0.20354,0.18979,0.19383,112705036.42
2024-04-12,0.19383,0.20114,0.16117,0.17403,201825032.92
2024-04-13,0.17403,0.17587,0.13,0.15257,159611878.57
2024-04-14,0.15257,0.165,0.14373,0.16217,226323013.16
2024-04-15,0.16217,0.16895,0.15029,0.16123,217795845.39
2024-04-16,0.16123,0.16245,0.14628,0.156,200627931.53
2024-04-17,0.156,0.15872,0.14433,0.14762,169898028.71
2024-04-18,0.14762,0.1538,0.14099,0.15223,169021361.68
2024-04-19,0.15223,0.15721,0.13922,0.15631,160400827.89
2024-04-20,0.15631,0.16494,0.15065,0.16262,118664116.86
2024-04-21,0.16262,0.16585,0.15507,0.15824,101388041.69
2024-04-22,0.15824,0.16339,0.15654,0.16126,103025752.06
2024-04-23,0.16126,0.16295,0.15682,0.15982,97057089.24
2024-04-24,0.15982,0.1644,0.14934,0.15132,116109080.41
2024-04-25,0.15132,0.15443,0.14748,0.15127,121717526.76
2024-04-26,0.15127,0.15178,0.14686,0.14801,67495114.01
2024-04-27,0.14801,0.14971,0.1425,0.14776,59682351.35
2024-04-28,0.14776,0.15103,0.146,0.14667,39001778.55
2024-04-29,0.14667,0.1481,0.1397,0.14341,96428970.15
2024-04-30,0.14341,0.14601,0.12929,0.13339,134177400.29
2024-05-01,0.13339,0.13393,0.12013,0.13024,195949025.54
2024-05-02,0.13024,0.13443,0.12407,0.13194,137410082.54
2024-05-03,0.13194,0.14797,0.13114,0.14605,94714311.58
2024-05-04,0.14605,0.16999,0.14572,0.16021,125610803.57
2024-05-05,0.16021,0.1635,0.15457,0.16097,98677120.95
2024-05-06,0.16097,0.1691,0.15411,0.15649,157571795.34
2024-05-07,0.15649,0.15992,0.14931,0.14999,116119392.67
2024-05-08,0.14999,0.152,0.14206,0.14322,115612971.23
2024-05-09,0.14322,0.15407,0.14311,0.15219,104310163.47
2024-05-10,0.15219,0.15385,0.14231,0.14391,72262868.4
2024-05-11,0.14391,0.14618,0.14262,0.14305,34920821.69
2024-05-12,0.14305,0.14444,0.13957,0.14123,32884217.76
2024-05-13,0.14123,0.15732,0.13582,0.14864,130299330.42
2024-05-14,0.14864,0.15514,0.14432,0.14549,121445731.71
2024-05-15,0.14549,0.15698,0.14528,0.15534,123542324.36
2024-05-16,0.15534,0.15911,0.14865,0.14972,97695201.96
2024-05-17,0.14972,0.15669,0.14934,0.15553,101113423.67
2024-05-18,0.15553,0.15687,0.15131,0.15299,43958765.74
2024-05-19,0.15299,0.15602,0.14751,0.1491,63755123.41
2024-05-20,0.1491,0.16621,0.14769,0.1657,96204935.37
2024-05-21,0.1657,0.17323,0.1607,0.17024,133125710.17
2024-05-22,0.17024,0.17457,0.16179,0.16627,98221415.11
2024-05-23,0.16627,0.16925,0.152,0.15974,100770523.58
2024-05-24,0.15974,0.17311,0.15523,0.16386,109795593.4
2024-05-25,0.16386,0.17423,0.1627,0.17404,93097716.88
2024-05-26,0.17404,0.17487,0.16552,0.1662,77412589.65
2024-05-27,0.1662,0.1735,0.16416,0.16908,103135817.02
2024-05-28,0.16908,0.16974,0.1616,0.16497,91918314.81
2024-05-29,0.16497,0.17076,0.16217,0.16385,73934554.11
2024-05-30,0.16385,0.16568,0.15642,0.15946,75905283.83
2024-05-31,0.15946,0.16254,0.1544,0.15902,17853906.1
2024-06-01,0.15902,0.1617,0.15841,0.16033,7047661.14
2024-06-02,0.16033,0.16133,0.15471,0.15716,10861214.98
2024-06-03,0.15716,0.16346,0.15587,0.15836,36857218.53
2024-06-04,0.15836,0.16186,0.15706,0.16135,31954155.19
2024-06-05,0.16135,0.16487,0.16119,0.16326,33982632.97
2024-06-06,0.16326,0.16577,0.15831,0.16015,41034925.51
2024-06-07,0.16015,0.16213,0.14103,0.14821,19196008.14
2024-06-08,0.14821,0.14875,0.14354,0.14591,10276966.06
2024-06-09,0.14591,0.14915,0.14499,0.1468,6454784.48
2024-06-10,0.1468,0.14796,0.14327,0.14475,16939169.65
2024-06-11,0.14475,0.14516,0.13371,0.13806,63669325.92
2024-06-12,0.13806,0.15066,0.13472,0.14622,70243288.35
2024-06-13,0.14622,0.1465,0.14011,0.14109,37296989.9
2024-06-14,0.14109,0.14342,0.13196,0.13499,46599460.53
2024-06-15,0.13499,0.13747,0.13418,0.13678,23531725.13
2024-06-16,0.13678,0.13767,0.13469,0.13712,19771453.41
2024-06-17,0.13712,0.13822,0.12607,0.1288,80401848.12
2024-06-18,0.1288,0.12927,0.1135,0.12224,148884362.37
2024-06-19,0.12224,0.1268,0.1214,0.12246,52603743.05
2024-06-20,0.12246,0.12861,0.12135,0.12456,61503317.54
2024-06-21,0.12456,0.12573,0.12145,0.12418,22991373.76
2024-06-22,0.12418,0.12554,0.1229,0.12376,4074008.59
2024-06-23,0.12376,0.12637,0.1209,0.12222,5677141.59
2024-06-24,0.12222,0.12396,0.11378,0.11901,117127803.61
2024-06-25,0.11901,0.12856,0.11881,0.12615,91325515.91
2024-06-26,0.12615,0.12866,0.1218,0.12277,58579230.16
2024-06-27,0.12277,0.12847,0.12061,0.12712,72411487.12
2024-06-28,0.12712,0.12851,0.1222,0.12305,70862049.15
2024-06-29,0.12305,0.1244,0.12139,0.1219,23043948.16
2024-06-30,0.1219,0.12564,0.1205,0.12448,33409676.31
2024-07-01,0.12448,0.1275,0.12322,0.12352,43267274.59
2024-07-02,0.12352,0.1254,0.12248,0.1253,31385440.63
2024-07-03,0.1253,0.12555,0.11687,0.11849,57093052.87
2024-07-04,0.11849,0.11912,0.10391,0.105,155758023.21
2024-07-05,0.105,0.10646,0.0916,0.10546,180638545.34
2024-07-06,0.10546,0.11417,0.10468,0.11341,19938060.47
2024-07-07,0.11341,0.11342,0.10361,0.10415,14911580.55
2024-07-08,0.10415,0.11136,0.09894,0.10758,143985899.33
2024-07-09,0.10758,0.10952,0.10583,0.10756,84132069.94
2024-07-10,0.10756,0.11053,0.10572,0.108,78225209.16
2024-07-11,0.108,0.11244,0.10615,0.10666,85315567.39
2024-07-12,0.10666,0.10832,0.10481,0.10766,73311052.33
2024-07-13,0.10766,0.11299,0.1073,0.11233,79860609.27
2024-07-14,0.11233,0.11692,0.1111,0.1154,97876628.96
2024-07-15,0.1154,0.12554,0.11457,0.12492,155404524.88
2024-07-16,0.12492,0.12784,0.11897,0.12477,160839571.8
2024-07-17,0.12477,0.12769,0.12037,0.12179,103242042.91
2024-07-18,0.12179,0.12385,0.11715,0.1195,141706302.37
2024-07-19,0.1195,0.126,0.1175,0.12542,154858696.28
2024-07-20,0.12542,0.13578,0.1243,0.13423,208875549.7
2024-07-21,0.13423,0.14363,0.12595,0.14027,217087660.8
2024-07-22,0.14027,0.14262,0.13592,0.13785,524619829.77
2024-07-23,0.13785,0.13921,0.1281,0.1303,165683762.83
2024-07-24,0.1303,0.13482,0.12694,0.12796,140512533.93
2024-07-25,0.12796,0.12874,0.12014,0.12528,260706930.21
2024-07-26,0.12528,0.13496,0.1252,0.1342,131347118.07
2024-07-27,0.1342,0.13874,0.13025,0.13131,258646654.06
2024-07-28,0.13131,0.13185,0.12811,0.13004,1358019538.01
2024-07-29,0.13004,0.13509,0.12767,0.12855,289730294.76
2024-07-30,0.12855,0.13058,0.12339,0.12548,115446672.92
2024-07-31,0.12548,0.12735,0.12134,0.12191,52114240.6
2024-08-01,0.12191,0.12307,0.11217,0.11899,104822667.39
2024-08-02,0.11899,0.11973,0.11029,0.11163,164885591.02
2024-08-03,0.11163,0.11475,0.10524,0.10811,61174478.93
2024-08-04,0.10811,0.10933,0.09901,0.1037,70389538.84
2024-08-05,0.1037,0.10424,0.08056,0.0942,751726167.88
2024-08-06,0.0942,0.1014,0.09412,0.09648,296627350.84
2024-08-07,0.09648,0.10205,0.09435,0.09556,317957682.15
2024-08-08,0.09556,0.10794,0.09364,0.10751,51678317.82
2024-08-09,0.10751,0.1077,0.10163,0.10386,20390560.85
2024-08-10,0.10386,0.1059,0.10297,0.10519,26750747.98
2024-08-11,0.10519,0.11098,0.10008,0.10058,32094242.14
2024-08-12,0.10058,0.10853,0.10032,0.10787,31206701.85
2024-08-13,0.10787,0.109,0.10343,0.10637,32096747.85
2024-08-14,0.10637,0.10685,0.10155,0.10243,27347570.72
2024-08-15,0.10243,0.10486,0.09794,0.10016,16815943.44
2024-08-16,0.10016,0.10205,0.09754,0.10034,9165397.44
2024-08-17,0.10034,0.10369,0.10002,0.10278,4334918.2
2024-08-18,0.10278,0.1044,0.10005,0.10005,6567638.38
2024-08-19,0.10005,0.10188,0.09862,0.10137,11067954.96
2024-08-20,0.10137,0.10564,0.10111,0.10294,21186579.11
2024-08-21,0.10294,0.10788,0.1022,0.10616,22048797.29
2024-08-22,0.10616,0.10689,0.10401,0.10525,29666546.32
2024-08-23,0.10525,0.11539,0.10522,0.1129,22583581.71
2024-08-24,0.1129,0.11498,0.11085,0.11258,22830474.97
2024-08-25,0.11258,0.11282,0.10784,0.1096,13796503.54
2024-08-26,0.1096,0.11031,0.10446,0.10521,12128667.52
2024-08-27,0.10521,0.1065,0.09642,0.09887,15713057.34
2024-08-28,0.09887,0.10186,0.09696,0.0996,16912115.91
2024-08-29,0.0996,0.10259,0.09828,0.10038,25637644.76
2024-08-30,0.10038,0.103,0.097,0.10174,8755370.39
2024-08-31,0.10174,0.10233,0.10035,0.10128,5999860.83
2024-09-01,0.10128,0.10149,0.094,0.0951,14488225.37
2024-09-02,0.0951,0.09982,0.09413,0.09913,11280796.68
2024-09-03,0.09913,0.10078,0.09662,0.09678,11802678.46
2024-09-04,0.09678,0.09951,0.092,0.098,10625952.75
2024-09-05,0.098,0.09917,0.09608,0.09842,35563771.2
2024-09-06,0.09842,0.09945,0.08894,0.09255,28153892.33
2024-09-07,0.09255,0.0957,0.09175,0.0954,26211077.52
2024-09-08,0.0954,0.09698,0.09383,0.09615,16712226.16
2024-09-09,0.09615,0.10485,0.09572,0.10375,28649294.27
2024-09-10,0.10375,0.10459,0.10155,0.10279,11322432.47
2024-09-11,0.10279,0.10306,0.09787,0.10132,16169600.18
2024-09-12,0.10132,0.10334,0.10044,0.10269,14759147.41
2024-09-13,0.10269,0.10847,0.10179,0.10696,85650034.57
2024-09-14,0.10696,0.10768,0.1043,0.10539,66816952.56
2024-09-15,0.10539,0.10642,0.10214,0.1028,49996781.82
2024-09-16,0.1028,0.10322,0.09834,0.09965,64563804.54
2024-09-17,0.09965,0.10265,0.0987,0.10112,60149820.75
2024-09-18,0.10112,0.10388,0.09932,0.10384,71029978.8
2024-09-19,0.10384,0.10713,0.10344,0.10499,79981584.72
2024-09-20,0.10499,0.10748,0.10361,0.10556,85911002.21
2024-09-21,0.10556,0.11046,0.10404,0.10994,72327242.12
2024-09-22,0.10994,0.10998,0.10378,0.10632,54162864.7
2024-09-23,0.10632,0.1092,0.10413,0.10807,133054475.93
2024-09-24,0.10807,0.1106,0.10681,0.10978,161547298.54
2024-09-25,0.10978,0.11115,0.10802,0.10849,163600431.57
2024-09-26,0.10849,0.12066,0.10698,0.11818,383136938.22
2024-09-27,0.11818,0.12871,0.117,0.1235,366098935.37
2024-09-28,0.1235,0.13204,0.12013,0.12806,387839075.88
2024-09-29,0.12806,0.13044,0.12436,0.12437,211429002.64
2024-09-30,0.12437,0.12465,0.11326,0.11421,207759255.16
2024-10-01,0.11421,0.11935,0.10261,0.10687,306195919.9
2024-10-02,0.10687,0.10952,0.10223,0.10463,115573969.43
2024-10-03,0.10463,0.10681,0.10108,0.10508,71714200.79
2024-10-04,0.10508,0.1106,0.10476,0.10925,60382087.46
2024-10-05,0.10925,0.11025,0.10747,0.10941,32317248.41
2024-10-06,0.10941,0.11289,0.10839,0.11159,39674752.18
2024-10-07,0.11159,0.11546,0.10828,0.1084,83351486.25
2024-10-08,0.1084,0.10986,0.10523,0.10711,53318287.6
2024-10-09,0.10711,0.11152,0.1061,0.10795,56700960.66
2024-10-10,0.10795,0.10865,0.10312,0.10603,52262959.1
2024-10-11,0.10603,0.1114,0.10567,0.11078,43845570.46
2024-10-12,0.11078,0.11219,0.10934,0.11138,37115323.98
2024-10-13,0.11138,0.11211,0.10865,0.1114,44997328.02
2024-10-14,0.1114,0.11771,0.10932,0.11669,104274664.5
2024-10-15,0.11669,0.11931,0.11019,0.11748,117849336.05
2024-10-16,0.11748,0.12989,0.1158,0.12572,238911387.87
2024-10-17,0.12572,0.131,0.12049,0.12966,147811061.44
2024-10-18,0.12966,0.1408,0.12952,0.13716,223271729.53
2024-10-19,0.13716,0.14694,0.13704,0.14411,164095890.79
2024-10-20,0.14411,0.14569,0.13721,0.14214,108676574.51
2024-10-21,0.14214,0.14974,0.13819,0.14368,164383359.07
2024-10-22,0.14368,0.14849,0.1365,0.1397,119900367.15
2024-10-23,0.1397,0.14101,0.13314,0.13997,113492424.14
2024-10-24,0.13997,0.14381,0.13631,0.1419,104229450.52
2024-10-25,0.1419,0.14277,0.12791,0.13162,112413770.31
2024-10-26,0.13162,0.13819,0.13071,0.13747,57548984.09
2024-10-27,0.13747,0.1463,0.13607,0.14435,78622145.62
2024-10-28,0.14435,0.1626,0.14115,0.16147,284282657.57
2024-10-29,0.16147,0.17971,0.16054,0.17585,357764057.91
2024-10-30,0.17585,0.17786,0.16449,0.16829,207131182.15
2024-10-31,0.16829,0.17364,0.15646,0.16164,184682030.32
2024-11-01,0.16164,0.169,0.15415,0.15916,214803425.2
2024-11-02,0.15916,0.16364,0.15548,0.15955,95687536.64
2024-11-03,0.15955,0.1599,0.14221,0.15139,171664893.51
2024-11-04,0.15139,0.16024,0.1482,0.1582,228328760.7
2024-11-05,0.1582,0.17944,0.15795,0.16998,302010097.49
2024-11-06,0.16998,0.21882,0.16904,0.19645,817773292.55
2024-11-07,0.19645,0.20426,0.18554,0.19323,126255312.75
2024-11-08,0.19323,0.20695,0.19051,0.20192,51610671.77
2024-11-09,0.20192,0.21999,0.19737,0.21881,65806606.53
2024-11-10,0.21881,0.29773,0.21665,0.27792,227409524.75
2024-11-11,0.27792,0.35142,0.27276,0.35134,299537931.18
2024-11-12,0.35134,0.43855,0.32736,0.38007,307309426.24
2024-11-13,0.38007,0.43285,0.35177,0.39892,191174154.79
2024-11-14,0.39892,0.416,0.3525,0.36232,81749732.48
2024-11-15,0.36232,0.3847,0.3532,0.38153,59812589.98
2024-11-16,0.38153,0.39136,0.36002,0.36402,41547677.62
2024-11-17,0.36402,0.37555,0.3401,0.36679,48481273.47
2024-11-18,0.36679,0.38057,0.35786,0.37113,54470616.47
2024-11-19,0.37113,0.4199,0.36628,0.39043,97781613.69
2024-11-20,0.39043,0.39655,0.365,0.37769,57835181.82
2024-11-21,0.37769,0.39557,0.369,0.38661,54133377.65
2024-11-22,0.38661,0.42,0.38084,0.41267,624475808.89
2024-11-23,0.41267,0.47992,0.40419,0.43015,1324309315.41
2024-11-24,0.43015,0.45336,0.3995,0.43023,951587423.34
2024-11-25,0.43023,0.43757,0.38091,0.39282,691892531.11
2024-11-26,0.39282,0.40873,0.36512,0.38704,646259767.2
2024-11-27,0.38704,0.40779,0.38029,0.40093,496478997.34
2024-11-28,0.40093,0.42874,0.39112,0.40161,429081748.75
2024-11-29,0.40161,0.43743,0.39943,0.42635,420639344.16
2024-11-30,0.42635,0.4357,0.41382,0.42157,389317020.22
2024-12-01,0.42157,0.44973,0.41643,0.44052,661441663.44
2024-12-02,0.44052,0.4633,0.40052,0.42457,877432839.48
2024-12-03,0.42457,0.42961,0.38833,0.40629,432950780.19
2024-12-04,0.40629,0.43656,0.40001,0.43286,446332508.18
2024-12-05,0.43286,0.46523,0.407,0.42686,814819343.15
2024-12-06,0.42686,0.44141,0.4198,0.43469,540443551.21
2024-12-07,0.43469,0.46619,0.4306,0.45284,696309181.32
2024-12-08,0.45284,0.48432,0.44602,0.46637,526444721.78
2024-12-09,0.46637,0.46739,0.38652,0.41408,546893437.5
2024-12-10,0.41408,0.423,0.36546,0.39388,1500469109.15
2024-12-11,0.39388,0.41906,0.37514,0.41402,861545674.56
2024-12-12,0.41402,0.4241,0.40122,0.40611,591813275.11
2024-12-13,0.40611,0.4123,0.39904,0.40902,285838716.29
2024-12-14,0.40902,0.414,0.38742,0.39815,270613033.5
2024-12-15,0.39815,0.41125,0.39249,0.40657,217276901.49
2024-12-16,0.40657,0.41498,0.39242,0.40198,272544078.47
2024-12-17,0.40198,0.4103,0.39118,0.39414,329592486.02
2024-12-18,0.39414,0.39637,0.35167,0.35824,709064792.64
2024-12-19,0.35824,0.36733,0.30016,0.31429,1527818573.26
2024-12-20,0.31429,0.32906,0.26306,0.31788,2298843380.0
2024-12-21,0.31788,0.35004,0.31411,0.31993,1131903390.93
2024-12-22,0.31993,0.32458,0.30511,0.31266,661063282.07
2024-12-23,0.31266,0.32876,0.30284,0.32494,662221872.36
2024-12-24,0.32494,0.3405,0.31617,0.33712,470425341.53
2024-12-25,0.33712,0.3422,0.32593,0.33438,348404211.52
2024-12-26,0.33438,0.338,0.30841,0.31273,411303200.95
2024-12-27,0.31273,0.32491,0.30881,0.31177,367622879.57
2024-12-28,0.31177,0.32744,0.31134,0.3244,191199614.4
2024-12-29,0.3244,0.32971,0.31192,0.31431,203997055.23
2024-12-30,0.31431,0.32322,0.30678,0.31393,423527424.5
2024-12-31,0.31393,0.32906,0.3093,0.316,352198486.98
2025-01-01,0.316,0.32748,0.312,0.32513,163918343.25
2025-01-02,0.32513,0.34497,0.32462,0.33892,524896310.02
2025-01-03,0.33892,0.38941,0.33598,0.3799,750466340.76
2025-01-04,0.3799,0.39877,0.37668,0.39482,669209625.3
2025-01-05,0.39482,0.39786,0.37527,0.38229,373753365.91
2025-01-06,0.38229,0.3955,0.376,0.38781,423000530.29
2025-01-07,0.38781,0.3982,0.34734,0.34802,747392356.92
2025-01-08,0.34802,0.35559,0.32473,0.34231,854154568.05
2025-01-09,0.34231,0.34685,0.31435,0.32101,666269820.44
2025-01-10,0.32101,0.3397,0.3209,0.3339,607900348.27
2025-01-11,0.3339,0.34819,0.32957,0.34121,209585858.69
2025-01-12,0.34121,0.34348,0.33166,0.3359,294552885.62
2025-01-13,0.3359,0.34611,0.31,0.33805,799735777.9
2025-01-14,0.33805,0.36215,0.33589,0.35594,283201417.4
2025-01-15,0.35594,0.38778,0.34839,0.38537,222698437.83
2025-01-16,0.38537,0.39021,0.36774,0.3765,233194186.14
2025-01-17,0.3765,0.42179,0.3755,0.41525,365703280.68
2025-01-18,0.41525,0.4345,0.38369,0.39642,486368729.52
2025-01-19,0.39642,0.41,0.34705,0.3584,639440441.78
2025-01-20,0.3584,0.38654,0.34492,0.35459,615333268.12
2025-01-21,0.35459,0.4029,0.33582,0.37176,523843093.42
2025-01-22,0.37176,0.3738,0.35532,0.3629,150608835.43
2025-01-23,0.3629,0.36446,0.34135,0.35207,213284912.67
2025-01-24,0.35207,0.36471,0.34285,0.35085,129552441.76
2025-01-25,0.35085,0.36171,0.34547,0.35352,92186748.87
2025-01-26,0.35352,0.35742,0.33507,0.33603,78640471.29
2025-01-27,0.33603,0.33709,0.30521,0.33396,599570195.17
2025-01-28,0.33396,0.33914,0.31505,0.31869,197315890.71
2025-01-29,0.31869,0.33485,0.31688,0.32398,246736228.1
2025-01-30,0.32398,0.33879,0.32202,0.33152,104838392.67
2025-01-31,0.33152,0.34171,0.3235,0.3289,159622974.07
2025-02-01,0.3289,0.33227,0.30328,0.30797,151037760.29
2025-02-02,0.30797,0.31482,0.25011,0.26806,992996254.46
2025-02-03,0.26806,0.29295,0.2013,0.28485,2246195880.28
2025-02-04,0.28485,0.28897,0.25527,0.26345,1068416674.82
2025-02-05,0.26345,0.273,0.25332,0.25612,324631234.62
2025-02-06,0.25612,0.26594,0.24277,0.24791,354452253.62
2025-02-07,0.24791,0.26167,0.23863,0.24654,393453487.66
2025-02-08,0.24654,0.25417,0.24451,0.25288,171902798.84
2025-02-09,0.25288,0.26,0.23977,0.24889,213323836.6
2025-02-10,0.24889,0.25646,0.24157,0.25541,246509696.36
2025-02-11,0.25541,0.2703,0.24838,0.25307,210115818.9
2025-02-12,0.25307,0.26736,0.24662,0.26418,286028274.92
2025-02-13,0.26418,0.26718,0.25335,0.26245,194505415.46
2025-02-14,0.26245,0.28682,0.2608,0.2718,246365316.18
2025-02-15,0.2718,0.28328,0.26827,0.27174,160827813.22
2025-02-16,0.27174,0.27412,0.26348,0.26555,115743580.88
2025-02-17,0.26555,0.26884,0.2538,0.25821,230800179.42
2025-02-18,0.25821,0.25992,0.24221,0.25128,309661007.32
2025-02-19,0.25128,0.2555,0.24893,0.25475,207061757.6
2025-02-20,0.25475,0.25763,0.24989,0.25473,143519786.24
2025-02-21,0.25473,0.26118,0.23439,0.23964,281799942.34
2025-02-22,0.23964,0.2478,0.23807,0.24655,125458908.52
2025-02-23,0.24655,0.24754,0.24043,0.24286,125508083.05
2025-02-24,0.24286,0.24398,0.206,0.21045,447649393.54
2025-02-25,0.21045,0.21464,0.19557,0.21158,758243453.45
2025-02-26,0.21158,0.2141,0.19608,0.20355,416161143.87
2025-02-27,0.20355,0.2116,0.20102,0.20687,212542336.98
2025-02-28,0.20687,0.20721,0.18153,0.20184,441734005.49
2025-03-01,0.20184,0.20899,0.19935,0.20669,130734490.63
2025-03-02,0.20669,0.24218,0.2017,0.23936,442923473.13
2025-03-03,0.23936,0.24061,0.19329,0.19913,430643072.24
2025-03-04,0.19913,0.20226,0.18277,0.19909,458164573.12
2025-03-05,0.19909,0.20662,0.19633,0.20471,204678544.53
2025-03-06,0.20471,0.21999,0.19904,0.20142,210478295.64
2025-03-07,0.20142,0.20871,0.19023,0.19844,246240483.31
2025-03-08,0.19844,0.20089,0.1911,0.19231,121658118.03
2025-03-09,0.19231,0.19423,0.16534,0.16804,356035546.97
2025-03-10,0.16804,0.18097,0.15041,0.15409,507677123.12
2025-03-11,0.15409,0.16861,0.14291,0.16454,439485983.79
2025-03-12,0.16454,0.18123,0.15954,0.17244,407541700.01
2025-03-13,0.17244,0.17297,0.16172,0.16521,366348736.91
2025-03-14,0.16521,0.17624,0.16461,0.17195,203898079.73
2025-03-15,0.17195,0.17786,0.17121,0.17594,207107281.77
2025-03-16,0.17594,0.17682,0.16572,0.16815,266576741.47
2025-03-17,0.16815,0.17621,0.16804,0.17333,185953995.58
2025-03-18,0.17333,0.17349,0.16275,0.16805,147911520.47
2025-03-19,0.16805,0.17879,0.16677,0.17799,179035187.34
2025-03-20,0.17799,0.17919,0.16666,0.16949,234231956.41
2025-03-21,0.16949,0.17158,0.16467,0.16726,166311996.59
2025-03-22,0.16726,0.16979,0.16658,0.16738,92740706.47
2025-03-23,0.16738,0.17261,0.16705,0.17261,138769127.64
2025-03-24,0.17261,0.18907,0.17067,0.18299,416032283.51
2025-03-25,0.18299,0.1936,0.18089,0.19065,410627285.75
2025-03-26,0.19065,0.20584,0.18935,0.19489,429434178.15
2025-03-27,0.19489,0.20059,0.18775,0.19045,166021085.55
2025-03-28,0.19045,0.19288,0.1772,0.18023,256843024.13
2025-03-29,0.18023,0.18257,0.166,0.16955,312213406.56
2025-03-30,0.16955,0.17242,0.16444,0.16654,243622390.29
2025-03-31,0.16654,0.16838,0.16007,0.16666,321807606.61
2025-04-01,0.16666,0.17576,0.16601,0.17398,259357102.47
2025-04-02,0.17398,0.18003,0.16196,0.1638,287495540.64
2025-04-03,0.1638,0.16745,0.15536,0.16225,315036903.13
2025-04-04,0.16225,0.17281,0.15998,0.17126,403658996.01
2025-04-05,0.17126,0.17169,0.16609,0.16898,144616559.72
2025-04-06,0.16898,0.17001,0.14582,0.14927,380122735.97
2025-04-07,0.14927,0.15402,0.12999,0.14955,1146049387.0
2025-04-08,0.14955,0.15705,0.14111,0.14223,499196478.63
2025-04-09,0.14223,0.16427,0.1365,0.1603,830748521.19
2025-04-10,0.1603,0.16046,0.14883,0.15359,448712485.36
2025-04-11,0.15359,0.16246,0.15327,0.16003,277512998.9
2025-04-12,0.16003,0.16948,0.15777,0.16764,268277382.9
2025-04-13,0.16764,0.16868,0.16102,0.16257,180451242.23
2025-04-14,0.16257,0.16961,0.15732,0.15853,161674208.99
2025-04-15,0.15853,0.16133,0.15309,0.15355,123570396.04
2025-04-16,0.15355,0.15736,0.1502,0.15471,141130845.47
2025-04-17,0.15471,0.15946,0.15296,0.15589,89347227.48
2025-04-18,0.15589,0.15895,0.15357,0.15758,64561223.42
2025-04-19,0.15758,0.1609,0.15631,0.15736,95735459.08
2025-04-20,0.15736,0.15958,0.1525,0.15527,91059631.86
2025-04-21,0.15527,0.16357,0.15501,0.15939,385899942.3
2025-04-22,0.15939,0.17998,0.15722,0.17863,480637697.57
2025-04-23,0.17863,0.18545,0.17491,0.17863,488533441.69
2025-04-24,0.17863,0.1833,0.1698,0.18253,488212275.79
2025-04-25,0.18253,0.18625,0.17751,0.18158,397051340.06
2025-04-26,0.18158,0.19298,0.18014,0.18192,355316356.59
2025-04-27,0.18192,0.18349,0.1765,0.17932,279012323.65
2025-04-28,0.17932,0.18275,0.17376,0.17908,335073484.77
2025-04-29,0.17908,0.18073,0.17242,0.17465,319500754.35
2025-04-30,0.17465,0.17664,0.1668,0.17224,275604821.19
2025-05-01,0.17224,0.18339,0.17205,0.18065,281246386.08
2025-05-02,0.18065,0.18446,0.17918,0.18151,237275922.11
2025-05-03,0.18151,0.1822,0.17526,0.17564,192876854.25
2025-05-04,0.17564,0.17743,0.16991,0.17049,217614374.99
2025-05-05,0.17049,0.17464,0.16827,0.17061,186521740.81
2025-05-06,0.17061,0.17256,0.16425,0.17219,203318840.29
2025-05-07,0.17219,0.17445,0.16902,0.17201,179355257.92
2025-05-08,0.17201,0.19841,0.17172,0.19817,611799360.46
2025-05-09,0.19817,0.21448,0.193,0.20529,718321039.22
2025-05-10,0.20529,0.25092,0.20336,0.25063,773962781.42
2025-05-11,0.25063,0.25966,0.22212,0.23182,811543555.7
2025-05-12,0.23182,0.25339,0.22017,0.23101,1024363002.41
2025-05-13,0.23101,0.24309,0.21738,0.24079,670695005.27
2025-05-14,0.24079,0.24758,0.22819,0.23278,464264343.29
2025-05-15,0.23278,0.23677,0.21375,0.2194,543747161.03
2025-05-16,0.2194,0.23094,0.21797,0.2211,354577658.88
2025-05-17,0.2211,0.22224,0.21075,0.21458,466782658.02
2025-05-18,0.21458,0.23776,0.21402,0.23307,550394041.91
2025-05-19,0.23307,0.23578,0.21393,0.22445,528094880.71
2025-05-20,0.22445,0.23079,0.21768,0.22623,416782632.11
2025-05-21,0.22623,0.238,0.22273,0.23403,657966493.97
2025-05-22,0.23403,0.24578,0.23383,0.24558,556345229.18
2025-05-23,0.24558,0.25441,0.22306,0.22521,750634038.92
2025-05-24,0.22521,0.23043,0.22357,0.22512,305369442.17
2025-05-25,0.22512,0.22644,0.21568,0.2249,318956304.83
2025-05-26,0.2249,0.23035,0.22254,0.22595,258124750.04
2025-05-27,0.22595,0.23214,0.21965,0.22598,291549141.64
2025-05-28,0.22598,0.22785,0.21679,0.22096,268511386.64
2025-05-29,0.22096,0.22797,0.21403,0.21487,320336168.2
2025-05-30,0.21487,0.21648,0.19064,0.19357,591913625.94
2025-05-31,0.19357,0.19552,0.18556,0.1925,355661639.38
2025-06-01,0.1925,0.19484,0.18643,0.1936,202453692.5
2025-06-02,0.1936,0.19639,0.1885,0.19506,223135473.86
2025-06-03,0.19506,0.20052,0.19143,0.1931,267201242.72
2025-06-04,0.1931,0.19705,0.18705,0.18811,193146907.06
2025-06-05,0.18811,0.19249,0.16805,0.17105,460021268.5
2025-06-06,0.17105,0.18444,0.16945,0.17877,408649714.2
2025-06-07,0.17877,0.18867,0.17776,0.1851,312988336.16
2025-06-08,0.1851,0.187,0.1805,0.18418,303522051.36
2025-06-09,0.18418,0.1961,0.18022,0.19489,392959571.92
2025-06-10,0.19489,0.19859,0.18883,0.19851,361925004.49
2025-06-11,0.19851,0.20667,0.19125,0.19294,394135446.85
2025-06-12,0.19294,0.19367,0.18,0.1811,499997017.46
2025-06-13,0.1811,0.18148,0.16989,0.1804,743742431.94
2025-06-14,0.1804,0.18045,0.17457,0.17824,294807654.88
2025-06-15,0.17824,0.17872,0.17145,0.17553,271315550.09
2025-06-16,0.17553,0.18115,0.1721,0.17271,462612364.72
2025-06-17,0.17271,0.17609,0.16394,0.16935,486636896.44
2025-06-18,0.16935,0.1722,0.16406,0.17068,390682312.99
2025-06-19,0.17068,0.17204,0.16771,0.17091,190053167.08
2025-06-20,0.17091,0.17198,0.15841,0.16234,496016467.57
2025-06-21,0.16234,0.16436,0.15029,0.15445,356632595.5
2025-06-22,0.15445,0.15779,0.14277,0.15129,829848260.56
2025-06-23,0.15129,0.16525,0.14863,0.16375,559366328.88
2025-06-24,0.16375,0.16765,0.16168,0.16571,453907977.1
2025-06-25,0.16571,0.1677,0.16253,0.16459,367467935.76
2025-06-26,0.16459,0.16809,0.15792,0.16,417179976.41
2025-06-27,0.16,0.16306,0.15703,0.16103,239244788.93
2025-06-28,0.16103,0.165,0.1604,0.16363,153349413.69
2025-06-29,0.16363,0.17001,0.16259,0.16945,224616562.74
2025-06-30,0.16945,0.1699,0.16224,0.16519,354221318.95
2025-07-01,0.16519,0.16631,0.15673,0.15779,279359814.28
2025-07-02,0.15779,0.17266,0.15654,0.16868,419468830.46
2025-07-03,0.16868,0.17542,0.16738,0.17201,469555027.03
2025-07-04,0.17201,0.17296,0.16137,0.16288,390309572.02
2025-07-05,0.16288,0.16507,0.16194,0.16422,149235965.56
2025-07-06,0.16422,0.1752,0.16312,0.17196,390643473.17
2025-07-07,0.17196,0.17712,0.16568,0.16792,416358580.74
2025-07-08,0.16792,0.17199,0.16591,0.17094,275205082.93
2025-07-09,0.17094,0.18663,0.16999,0.18053,466450428.1
2025-07-10,0.18053,0.19638,0.17873,0.19507,524892474.06
2025-07-11,0.19507,0.21364,0.19114,0.20101,1025101246.72
2025-07-12,0.20101,0.2065,0.1919,0.19741,426016123.21
2025-07-13,0.19741,0.20412,0.19573,0.19855,365299868.73
2025-07-14,0.19855,0.21081,0.19464,0.19748,758200745.46
2025-07-15,0.19748,0.19934,0.1885,0.1992,622991369.68
2025-07-16,0.1992,0.22077,0.19552,0.21269,803300926.51
2025-07-17,0.21269,0.22229,0.20662,0.21827,906584441.23
2025-07-18,0.21827,0.25411,0.21617,0.23579,1544349476.4
2025-07-19,0.23579,0.2577,0.23556,0.24142,562713177.47
2025-07-20,0.24142,0.27845,0.23999,0.27368,649482391.76
2025-07-21,0.27368,0.28749,0.26422,0.27141,597455006.52
2025-07-22,0.27141,0.27487,0.25748,0.27097,448398115.95
2025-07-23,0.27097,0.27112,0.23068,0.24078,474446565.02
2025-07-24,0.24078,0.24668,0.2218,0.23217,470899059.62
2025-07-25,0.23217,0.237,0.22089,0.23676,557990970.53
2025-07-26,0.23676,0.24023,0.2329,0.23541,238672637.15
2025-07-27,0.23541,0.24369,0.23435,0.24066,306415151.16
2025-07-28,0.24066,0.24859,0.22422,0.22616,481484287.36
2025-07-29,0.22616,0.23274,0.21757,0.22391,363892371.9
2025-07-30,0.22391,0.2265,0.20917,0.21987,338257432.85
2025-07-31,0.21987,0.22563,0.20815,0.20972,375021419.63
2025-08-01,0.20972,0.21249,0.1959,0.20098,765844227.98
2025-08-02,0.20098,0.20351,0.18945,0.19098,565456386.21
2025-08-03,0.19098,0.20043,0.18863,0.19873,293757770.49
2025-08-04,0.19873,0.2113,0.19847,0.21037,248389701.51
2025-08-05,0.21037,0.21102,0.19601,0.1998,207808445.99
2025-08-06,0.1998,0.20715,0.1956,0.20522,157897635.1
2025-08-07,0.20522,0.22304,0.2033,0.22229,250962965.76
2025-08-08,0.22229,0.2325,0.21953,0.23037,372541988.98
2025-08-09,0.23037,0.24669,0.22977,0.23995,325243300.68
2025-08-10,0.23995,0.24349,0.22947,0.23383,242637930.48
2025-08-11,0.23383,0.24177,0.22117,0.22208,334745884.6
2025-08-12,0.22208,0.2383,0.21877,0.23578,315547961.72
2025-08-13,0.23578,0.25053,0.23129,0.24484,465633934.62
2025-08-14,0.24484,0.25569,0.2156,0.22382,643583613.35
2025-08-15,0.22382,0.23303,0.22009,0.22887,395364559.49
2025-08-16,0.22887,0.23625,0.22523,0.23113,244303926.77
2025-08-17,0.23113,0.24256,0.22841,0.23459,283479518.4
2025-08-18,0.23459,0.23558,0.21987,0.22265,438196647.05
2025-08-19,0.22265,0.22565,0.20866,0.2094,440906149.86
2025-08-20,0.2094,0.22286,0.2078,0.22167,542175781.23
2025-08-21,0.22167,0.2245,0.21387,0.21471,225755882.33
2025-08-22,0.21471,0.2422,0.20832,0.2405,456100604.59
2025-08-23,0.2405,0.24087,0.22897,0.23631,330901528.35
2025-08-24,0.23631,0.2449,0.22763,0.23182,327599033.75
2025-08-25,0.23182,0.23459,0.20591,0.20968,465522999.8
2025-08-26,0.20968,0.22,0.20716,0.21841,290395619.11
2025-08-27,0.21841,0.22378,0.21611,0.21888,273639911.91
2025-08-28,0.21888,0.22593,0.21669,0.22437,228516685.15
2025-08-29,0.22437,0.22526,0.20981,0.21391,315408644.83
2025-08-30,0.21391,0.21888,0.21128,0.21591,138253115.17
2025-08-31,0.21591,0.2213,0.21323,0.21366,130463787.87
2025-09-01,0.21366,0.2199,0.20478,0.21074,352767491.89
2025-09-02,0.21074,0.21559,0.20659,0.2149,252869469.82
2025-09-03,0.2149,0.22348,0.21248,0.22028,389014805.16
2025-09-04,0.22028,0.2211,0.2105,0.2124,355492788.75
2025-09-05,0.2124,0.22099,0.21181,0.21787,496563618.59
2025-09-06,0.21787,0.21888,0.21222,0.21565,248806450.76
2025-09-07,0.21565,0.22928,0.21565,0.22877,375164361.35
2025-09-08,0.22877,0.24415,0.22651,0.24167,801796797.82
2025-09-09,0.24167,0.24952,0.23355,0.24059,851290817.68
2025-09-10,0.24059,0.24868,0.23617,0.24535,411570277.38
2025-09-11,0.24535,0.25696,0.24201,0.25601,557688854.52
2025-09-12,0.25601,0.27857,0.25482,0.27552,642988535.39
2025-09-13,0.27552,0.30674,0.27269,0.28941,1009082157.67
2025-09-14,0.28941,0.29512,0.27272,0.27799,695148973.21
2025-09-15,0.27799,0.28207,0.25875,0.26825,667068504.64
2025-09-16,0.26825,0.27203,0.257,0.26995,549814034.79
2025-09-17,0.26995,0.28383,0.26079,0.28259,563517595.51
2025-09-18,0.28259,0.28885,0.2756,0.27855,540756414.61
2025-09-19,0.27855,0.28489,0.26319,0.26532,432279064.61
2025-09-20,0.26532,0.26945,0.26299,0.26758,224849249.45
2025-09-21,0.26758,0.26961,0.26034,0.2607,219955337.95
2025-09-22,0.2607,0.26229,0.23083,0.24127,702615899.25
2025-09-23,0.24127,0.24387,0.23409,0.23705,424641130.41
2025-09-24,0.23705,0.25054,0.23099,0.24105,526938387.68
2025-09-25,0.24105,0.24193,0.22064,0.22296,731876502.49
2025-09-26,0.22296,0.2333,0.22146,0.23242,478809048.88
2025-09-27,0.23242,0.23425,0.228,0.23073,218763782.52
2025-09-28,0.23073,0.23767,0.22504,0.23731,246326347.89
2025-09-29,0.23731,0.23899,0.22862,0.23482,381806899.63
2025-09-30,0.23482,0.23594,0.2264,0.23288,304730557.54
2025-10-01,0.23288,0.24912,0.2303,0.24908,430608622.54
2025-10-02,0.24908,0.26416,0.24668,0.262,448147383.14
2025-10-03,0.262,0.26537,0.25274,0.25817,485369012.95
2025-10-04,0.25817,0.25975,0.24672,0.25083,314476586.37
2025-10-05,0.25083,0.26516,0.24952,0.25284,496177029.02
2025-10-06,0.25284,0.27039,0.2506,0.26599,541521777.99
2025-10-07,0.26599,0.26833,0.24636,0.24683,617347041.91
2025-10-08,0.24683,0.2611,0.24288,0.25559,455616078.87
2025-10-09,0.25559,0.25589,0.24104,0.24848,497819125.38
2025-10-10,0.24848,0.25403,0.0952,0.19345,1401311288.57
2025-10-11,0.19345,0.20046,0.1782,0.18524,1629359546.06
2025-10-12,0.18524,0.21416,0.1807,0.20714,1033391080.02
2025-10-13,0.20714,0.21833,0.20198,0.2138,859336051.82
2025-10-14,0.2138,0.21567,0.19338,0.20439,900541579.96
2025-10-15,0.20439,0.20852,0.19424,0.19623,498040434.62
2025-10-16,0.19623,0.20148,0.18473,0.1885,639311820.75
2025-10-17,0.1885,0.19113,0.1756,0.1847,654481266.06
2025-10-18,0.1847,0.19054,0.18426,0.18959,224461893.46
2025-10-19,0.18959,0.19863,0.18605,0.19533,342475922.47
2025-10-20,0.19533,0.20251,0.19163,0.20005,353928380.9
2025-10-21,0.20005,0.20558,0.19208,0.19429,521120558.82
2025-10-22,0.19429,0.19544,0.1848,0.18991,613704656.75
2025-10-23,0.18991,0.19743,0.18959,0.19492,462492678.53
2025-10-24,0.19492,0.20089,0.19405,0.19773,363843529.69
2025-10-25,0.19773,0.19983,0.196,0.19652,349313699.52
2025-10-26,0.19652,0.20738,0.19467,0.20579,434862874.45
2025-10-27,0.20579,0.20951,0.19887,0.20036,494920693.09
2025-10-28,0.20036,0.20309,0.19009,0.19364,593627571.84
2025-10-29,0.19364,0.19727,0.18709,0.19237,608555909.46
2025-10-30,0.19237,0.19458,0.1765,0.18266,849334469.93
2025-10-31,0.18266,0.18811,0.18224,0.18642,373135545.0
2025-11-01,0.18642,0.18835,0.18509,0.18733,163472283.94
2025-11-02,0.18733,0.18882,0.18179,0.18637,185050623.52
2025-11-03,0.18637,0.18665,0.16048,0.1674,789241955.82
2025-11-04,0.1674,0.17107,0.1516,0.16222,1285597817.21
