timestamp,open,high,low,close,volume
2019-01-01,4.9751,5.1341,4.9392,5.1341,2409347.6701
2019-01-02,5.1341,5.376,5.122,5.3194,2347199.0366
2019-01-03,5.3194,5.3353,4.9396,5.0011,2503996.3404
2019-01-04,5.0011,5.2465,4.9545,5.1919,2608129.6304
2019-01-05,5.1919,5.2499,5.0311,5.0514,2722921.8675
2019-01-06,5.0514,5.4543,5.0387,5.3803,2673473.0285
2019-01-07,5.3803,5.3956,4.8033,4.8332,2840210.7891
2019-01-08,4.8332,5.0519,4.7516,4.8854,3174930.5894
2019-01-09,4.8854,5.0216,4.865,4.9096,2820969.0544
2019-01-10,4.9096,5.0032,4.127,4.326,2305704.4678
2019-01-11,4.326,4.466,4.284,4.372,2162107.224
2019-01-12,4.372,4.68,4.337,4.46,1740140.725
2019-01-13,4.46,4.492,4.078,4.139,1888857.419
2019-01-14,4.139,4.415,4.134,4.3154,1680121.651
2019-01-15,4.3154,4.3387,4.052,4.1276,1959546.822
2019-01-16,4.1276,4.3231,4.118,4.2484,2968621.087
2019-01-17,4.2484,4.5147,4.2045,4.4185,3274630.062
2019-01-18,4.4185,4.4185,4.2453,4.323,2775447.543
2019-01-19,4.323,4.5377,4.3225,4.3479,2743559.993
2019-01-20,4.3479,4.4034,4.156,4.2066,2825871.09
2019-01-21,4.2066,4.31,4.1882,4.2243,2654520.016
2019-01-22,4.2243,4.3029,4.1263,4.2769,3089704.363
2019-01-23,4.2769,4.3394,4.2405,4.2513,3336612.497
2019-01-24,4.2513,4.2954,4.1999,4.2662,3035822.404
2019-01-25,4.2662,4.3664,4.2195,4.3216,2837377.77
2019-01-26,4.3216,4.3935,4.2695,4.2724,2837590.069
2019-01-27,4.2724,4.2945,4.1417,4.2001,2881815.917
2019-01-28,4.2001,4.2278,3.7765,3.9077,2950374.368
2019-01-29,3.9077,3.9678,3.8099,3.8722,2931531.853
2019-01-30,3.8722,4.0356,3.8426,3.9733,2863720.903
2019-01-31,3.9733,4.0405,3.8824,3.9257,2563151.269
2019-02-01,3.9257,3.9802,3.8573,3.9047,2725719.525
2019-02-02,3.9047,3.9952,3.8801,3.9849,2677274.786
2019-02-03,3.9849,4.0009,3.8516,3.8976,2759507.847
2019-02-04,3.8976,3.925,3.8632,3.8736,2702235.682
2019-02-05,3.8736,3.906,3.8535,3.8592,2681725.059
2019-02-06,3.8592,3.8754,3.6589,3.7491,2600887.061
2019-02-07,3.7491,3.8846,3.7135,3.8512,2666382.123
2019-02-08,3.8512,4.27,3.8179,4.1317,2701939.73
2019-02-09,4.1317,4.1606,3.9984,4.0753,2729598.895
2019-02-10,4.0753,4.1619,3.924,4.1572,2718668.299
2019-02-11,4.1572,4.1605,3.9675,4.068,2731682.568
2019-02-12,4.068,4.1831,4.0152,4.0655,2474777.822
2019-02-13,4.0655,4.1601,4.0396,4.0988,2500220.618
2019-02-14,4.0988,4.1674,4.0501,4.1078,2435904.919
2019-02-15,4.1078,4.2079,4.0523,4.0894,2460512.665
2019-02-16,4.0894,4.1385,4.0645,4.0756,2437820.965
2019-02-17,4.0756,4.1877,4.0674,4.1764,2301466.875
2019-02-18,4.1764,4.4386,4.1548,4.3823,2487471.817
2019-02-19,4.3823,4.815,4.374,4.5384,2464803.311
2019-02-20,4.5384,4.7555,4.4182,4.6814,2494818.283
2019-02-21,4.6814,4.6899,4.4011,4.5,2379662.43
2019-02-22,4.5,4.7931,4.4622,4.6798,2448291.086
2019-02-23,4.6798,4.8827,4.595,4.8101,2425721.792
2019-02-24,4.8101,4.9613,4.4522,4.4705,2701346.123
2019-02-25,4.4705,4.475,4.1048,4.2366,2297179.576
2019-02-26,4.2366,4.3332,4.1912,4.2558,1951123.65
2019-02-27,4.2558,4.3802,4.1416,4.2824,1896786.269
2019-02-28,4.2824,4.3397,4.1897,4.2188,2104093.561
2019-03-01,4.2188,4.2971,4.193,4.2339,2002124.087
2019-03-02,4.2339,4.4064,4.175,4.2324,2121320.282
2019-03-03,4.2324,4.2794,4.1983,4.2389,2091817.566
2019-03-04,4.2389,4.2652,3.954,4.0852,2347483.088
2019-03-05,4.0852,4.3463,4.0657,4.2678,2340360.653
2019-03-06,4.2678,4.3594,4.168,4.2644,2512572.32
2019-03-07,4.2644,4.4804,4.243,4.3534,2214489.098
2019-03-08,4.3534,4.4088,4.0952,4.1901,1470114.43
2019-03-09,4.1873,4.3244,4.1783,4.2513,1431080.215
2019-03-10,4.2503,4.3516,4.177,4.3078,1205715.466
2019-03-11,4.3078,4.345,4.1834,4.1977,3945885.49
2019-03-12,4.1743,4.3097,4.1283,4.2688,5480144.726
2019-03-13,4.2688,4.2907,4.1743,4.2178,6222669.649
2019-03-14,4.2178,4.3445,4.1849,4.2937,5711839.616
2019-03-15,4.2937,4.4436,4.2937,4.3979,6471957.71
2019-03-16,4.3979,4.6222,4.392,4.4845,6391916.873
2019-03-17,4.4845,4.4938,4.3606,4.4156,6034226.0
2019-03-18,4.4156,4.4878,4.3216,4.3907,5830867.25
2019-03-19,4.3907,4.6562,4.3566,4.596,5592184.169
2019-03-20,4.596,4.714,4.4839,4.6531,5517711.938
2019-03-21,4.6531,4.8821,4.4937,4.7588,5533124.671
2019-03-22,4.7588,4.9787,4.7467,4.8563,4639177.129
2019-03-23,4.8563,4.897,4.8014,4.8726,4803628.352
2019-03-24,4.8726,4.8763,4.7312,4.8228,6740945.185
2019-03-25,4.8228,4.8258,4.6009,4.6936,6495805.749
2019-03-26,4.6936,4.7142,4.5763,4.6634,7362177.49
2019-03-27,4.6634,4.8266,4.6446,4.8024,7373786.177
2019-03-28,4.8024,4.8024,4.6936,4.706,7228043.986
2019-03-29,4.706,4.973,4.703,4.8707,7636946.944
2019-03-30,4.8707,4.9136,4.7098,4.7807,7859674.909
2019-03-31,4.7807,4.8438,4.7431,4.8251,7810268.248
2019-04-01,4.8251,4.8475,4.7784,4.8077,6735137.305
2019-04-02,4.8077,5.4475,4.791,5.4304,6854374.12
2019-04-03,5.4304,6.114,5.1961,5.4109,7624665.534
2019-04-04,5.4109,5.5961,5.2062,5.3263,7202120.803
2019-04-05,5.3263,5.9363,5.3256,5.7262,6919575.822
2019-04-06,5.7262,6.0579,5.5075,5.9939,6869600.04
2019-04-07,5.9939,7.9611,5.9901,7.6593,7508714.84
2019-04-08,7.6593,7.9,6.7555,7.1178,7921043.796
2019-04-09,7.1178,7.353,6.6343,6.9361,8401425.617
2019-04-10,6.9361,7.2101,6.8912,7.0232,9413279.931
2019-04-11,7.0232,7.0432,5.9287,6.2345,9637267.258
2019-04-12,6.2345,6.4678,5.8621,6.3142,9700958.254
2019-04-13,6.3142,6.3999,6.1255,6.2929,9233654.022
2019-04-14,6.2929,6.42,6.1447,6.4159,9105590.441
2019-04-15,6.4159,6.5215,5.9201,6.1638,9427342.052
2019-04-16,6.1638,6.278,6.0263,6.238,8962890.158
2019-04-17,6.238,6.3128,6.1006,6.1833,8645851.079
2019-04-18,6.1833,6.3799,6.165,6.3217,8614652.069
2019-04-19,6.3217,6.3388,6.1827,6.2559,8592362.692
2019-04-20,6.2559,6.2994,6.1282,6.2112,5543106.971
2019-04-21,6.2112,6.219,5.6534,5.8831,2680911.782
2019-04-22,5.8831,5.9393,5.7712,5.8912,7863406.365
2019-04-23,5.8912,6.0688,5.8526,5.8732,4170890.01
2019-04-24,5.8732,5.8832,5.2417,5.5562,8111124.738
2019-04-25,5.5562,5.681,5.2845,5.4322,5796398.832
2019-04-26,5.4322,5.6115,5.3052,5.4804,4526616.838
2019-04-27,5.4804,5.6278,5.4571,5.5406,4486241.501
2019-04-28,5.5406,5.7043,5.4834,5.6289,3984720.301
2019-04-29,5.6289,5.7478,5.4767,5.5829,3844424.632
2019-04-30,5.5829,5.8929,5.5818,5.8752,4828661.195
2019-05-01,5.8752,5.9395,5.7377,5.8077,5149562.575
2019-05-02,5.8077,5.8408,5.7446,5.7838,5330319.103
2019-05-03,5.7838,6.1532,5.7611,6.0568,6126120.164
2019-05-04,6.0568,6.1614,5.6606,5.828,6099267.816
2019-05-05,5.828,5.8732,5.6511,5.7215,5588671.781
2019-05-06,5.7215,5.7855,5.4869,5.6887,5773268.688
2019-05-07,5.6887,5.9084,5.6194,5.6571,4406520.276
2019-05-08,5.6571,5.7745,5.5999,5.7056,4263334.786
2019-05-09,5.7056,5.7882,5.5021,5.5812,4619187.068
2019-05-10,5.5812,5.6939,5.5018,5.6333,4545235.011
2019-05-11,5.6333,6.3742,5.5966,6.056,4474757.891
2019-05-12,6.056,6.2275,5.7069,5.8375,4272979.353
2019-05-13,5.8375,6.2548,5.7869,6.0651,3820523.944
2019-05-14,6.0651,6.6904,6.0549,6.5386,3107574.064
2019-05-15,6.5386,7.6756,6.4849,7.6284,3549012.689
2019-05-16,7.6284,8.513,6.9234,7.6648,8266643.024
2019-05-17,7.6648,7.8012,6.8082,7.2608,7391133.756
2019-05-18,7.2608,7.4595,7.0501,7.1769,7558122.99
2019-05-19,7.1769,7.8585,7.1401,7.7763,7990375.835
2019-05-20,7.7763,7.7763,7.111,7.3702,5944407.739
2019-05-21,7.3702,7.6201,7.2045,7.384,5185710.796
2019-05-22,7.384,7.4909,6.8003,6.9007,5008697.476
2019-05-23,6.9007,7.0706,6.6283,7.0395,7937526.417
2019-05-24,7.0395,7.3674,6.9655,7.258,8478538.007
2019-05-25,7.258,7.3236,7.1406,7.2672,8021836.835
2019-05-26,7.2672,7.6979,7.0729,7.5852,7774677.451
2019-05-27,7.5852,8.2904,7.547,8.1414,8707724.438
2019-05-28,8.1414,8.4304,7.9699,8.2281,8349218.515
2019-05-29,8.2281,8.3685,7.6834,8.14,8094267.353
2019-05-30,8.14,8.8528,7.787,8.119,8008010.17
2019-05-31,8.119,8.6973,7.8717,8.6581,8113042.874
2019-06-01,8.6581,8.9182,8.4295,8.5409,8087238.179
2019-06-02,8.5409,9.6046,8.5277,9.5581,8021500.684
2019-06-03,9.5581,9.8304,9.0561,9.4014,4839417.428
2019-06-04,9.4014,9.4014,7.546,8.2514,3284387.064
2019-06-05,8.2514,8.4193,7.745,8.0667,3332353.086
2019-06-06,8.0667,8.2186,7.3502,7.9523,3495828.029
2019-06-07,7.9523,8.4045,7.7542,8.1971,3443341.299
2019-06-08,8.1971,8.8163,8.0001,8.3982,3427528.729
2019-06-09,8.3982,8.5467,7.8017,8.0823,3379496.665
2019-06-10,8.0823,8.4081,7.8676,8.2657,3412057.188
2019-06-11,8.2657,8.3283,7.9968,8.2667,3425386.357
2019-06-12,8.2667,8.8,8.0687,8.597,2725685.048
2019-06-13,8.597,8.6999,8.4176,8.5697,3379606.779
2019-06-14,8.2688,8.5813,8.172,8.5672,2154148.907
2019-06-15,8.5672,8.6993,8.3485,8.5983,3202256.018
2019-06-16,8.5983,8.9094,8.4328,8.6711,3163936.941
2019-06-17,8.6711,8.8922,8.6509,8.7456,3231039.58
2019-06-18,8.7456,8.8417,8.3326,8.4532,3625898.243
2019-06-19,8.4532,8.6655,8.4172,8.53,3716408.197
2019-06-20,8.4278,8.6036,8.3699,8.4822,1263098.698
2019-06-21,8.4822,8.7679,8.4777,8.7052,4236529.827
2019-06-22,8.7052,9.29,8.6645,9.1874,4226765.801
2019-06-23,9.1874,9.7041,9.1095,9.2645,4235269.828
2019-06-24,9.2645,9.4838,8.9258,9.3184,2949402.914
2019-06-25,9.3184,9.3789,9.0208,9.3009,2128757.475
2019-06-26,9.3009,9.7155,8.7883,9.1247,1921836.735
2019-06-27,9.1247,9.1976,7.2428,7.7454,1850017.96
2019-06-28,7.7454,8.102,7.6825,8.0416,1737141.243
2019-06-29,8.0416,8.3321,7.6317,8.2701,1703387.513
2019-06-30,8.2701,8.6532,7.728,7.7664,1835142.282
2019-07-01,7.7664,8.0206,7.3186,7.7989,1933370.974
2019-07-02,7.7989,7.8905,7.3169,7.7012,1899141.274
2019-07-03,7.7012,7.9149,7.6189,7.8508,1716468.802
2019-07-04,7.8508,8.1447,7.655,7.7435,1757422.619
2019-07-05,7.7435,7.9176,7.6286,7.8437,1684198.773
2019-07-06,7.8437,7.915,7.7435,7.8345,1540933.168
2019-07-07,7.8345,7.9657,7.76,7.95,1095700.062
2019-07-08,7.95,8.0331,7.8494,7.9886,1327554.005
2019-07-09,7.9886,8.1155,7.7423,7.879,1509399.839
2019-07-10,7.879,7.9276,6.9372,7.2855,1557519.415
2019-07-11,7.2855,7.2862,6.1625,6.6224,1668095.66
2019-07-12,6.6228,6.8305,6.514,6.7593,1485500.355
2019-07-13,6.7603,6.7822,6.3951,6.6072,1519124.294
2019-07-14,6.6062,6.6538,5.7408,5.8001,1636027.92
2019-07-15,5.8001,5.8594,5.1234,5.7604,1795999.811
2019-07-16,5.7597,6.0821,5.1227,5.3323,1665545.244
2019-07-17,5.332,5.9412,5.2239,5.701,1783637.713
2019-07-18,5.7035,6.0871,5.4118,6.0329,1724641.85
2019-07-19,6.0329,6.0339,5.676,5.8456,1558372.888
2019-07-20,5.8415,6.3101,5.8411,6.1552,1697601.214
2019-07-21,6.1549,6.2882,6.0346,6.2569,1655072.085
2019-07-22,6.2571,6.4852,6.2194,6.3716,1671714.965
2019-07-23,6.3714,6.3729,5.9515,6.0383,2929032.954
2019-07-24,6.0349,6.2421,5.7695,6.0973,2720005.722
2019-07-25,6.0976,6.2596,5.9819,6.0052,2635289.664
2019-07-26,6.0051,6.2439,5.8881,6.1999,2799375.911
2019-07-27,6.1979,6.3026,5.7994,5.9413,2849784.357
2019-07-28,5.9418,6.0198,5.5758,5.9172,2886333.087
2019-07-29,5.9171,6.0802,5.8643,5.9309,2717926.105
2019-07-30,5.9308,5.9937,5.815,5.9334,2797993.841
2019-07-31,5.9323,6.0769,5.7992,6.0473,2830807.236
2019-08-01,6.0473,6.0692,5.8309,5.9611,2235975.767
2019-08-02,5.9611,6.001,5.8019,5.8826,2765072.268
2019-08-03,5.8826,5.9486,5.8341,5.8815,2629326.942
2019-08-04,5.8815,6.146,5.8682,6.093,1484123.67
2019-08-05,6.093,6.3508,6.0925,6.179,1241438.874
2019-08-06,6.179,6.2475,5.8683,5.8751,1387926.577
2019-08-07,5.8751,6.009,5.8682,5.91,1464176.096
2019-08-08,5.91,6.1999,5.8792,6.0043,1496775.945
2019-08-09,6.0043,6.0283,5.7485,5.8136,1395064.159
2019-08-10,5.8136,5.8992,5.5409,5.655,1538819.188
2019-08-11,5.655,5.8787,5.6518,5.8284,1524695.107
2019-08-12,5.8284,5.8943,5.7136,5.795,1506478.736
2019-08-13,5.795,5.9567,5.7483,5.9208,1516065.634
2019-08-14,5.9208,6.1668,5.483,5.6034,1553126.865
2019-08-15,5.6034,5.9227,5.3029,5.6456,1566947.136
2019-08-16,5.6456,5.6511,5.4348,5.53,1521507.316
2019-08-17,5.53,5.5332,5.3868,5.4645,1427865.225
2019-08-18,5.4645,5.6546,5.4105,5.5795,1499899.002
2019-08-19,5.5795,5.6608,5.424,5.5489,1513086.418
2019-08-20,5.5489,6.1784,5.4627,6.0201,1542946.66
2019-08-21,6.0201,6.381,5.8696,6.1507,1870908.521
2019-08-22,6.1507,7.6633,5.9952,7.2166,1372420.112
2019-08-23,7.2166,7.5439,6.8389,7.1326,1299694.864
2019-08-24,7.1326,7.2156,6.7448,6.8597,1528330.559
2019-08-25,6.8597,7.4094,6.8362,7.1498,1252840.916
2019-08-26,7.1498,7.4999,7.1147,7.3434,1542892.433
2019-08-27,7.3434,7.3566,7.0999,7.1938,1087111.963
2019-08-28,7.1938,7.2401,6.3001,6.4671,1443152.886
2019-08-29,6.4671,6.4715,5.6951,5.9387,1972251.267
2019-08-30,5.9387,6.4691,5.7306,6.3041,1540069.707
2019-08-31,6.3041,6.4298,6.1383,6.2669,1495789.118
2019-09-01,6.2669,6.3277,6.0761,6.2322,1300132.175
2019-09-02,6.2322,6.8676,6.1757,6.6972,1681517.229
2019-09-03,6.6972,7.0119,6.5968,6.7942,1670771.884
2019-09-04,6.7942,6.8537,6.6618,6.7508,1559753.185
2019-09-05,6.7508,7.198,6.6903,7.0465,1774247.952
2019-09-06,7.0465,7.072,6.6542,6.6681,2256976.798
2019-09-07,6.6681,6.7983,6.3308,6.6472,2032510.921
2019-09-08,6.6472,6.7714,6.5417,6.6554,1714295.449
2019-09-09,6.6554,6.7843,6.3749,6.5997,1987418.437
2019-09-10,6.5997,6.7463,6.43,6.5267,1338459.639
2019-09-11,6.5267,6.5949,6.119,6.3279,1450103.254
2019-09-12,6.3279,6.3725,6.1936,6.2003,1936460.86
2019-09-13,6.2003,6.2429,6.1002,6.1638,1146498.634
2019-09-14,6.1638,6.2936,6.1012,6.2497,1198293.8
2019-09-15,6.2497,6.3339,6.2096,6.2422,1729950.746
2019-09-16,6.2422,6.3304,6.1299,6.2179,1239402.705
2019-09-17,6.2179,6.4423,6.1539,6.2763,1289095.538
2019-09-18,6.2763,6.5204,6.2759,6.3701,2544946.036
2019-09-19,6.3701,6.3736,5.769,6.2172,2653243.635
2019-09-20,6.2172,6.2748,5.9873,6.1658,1732536.255
2019-09-21,6.1658,6.1949,6.0345,6.1151,1049715.356
2019-09-22,6.1151,6.1364,5.9371,5.998,1175007.629
2019-09-23,5.998,6.0177,5.9128,5.9979,580241.852
2019-09-24,5.9979,5.9979,4.119,4.6224,2118627.044
2019-09-25,4.6224,4.9282,4.4922,4.8114,4827722.922
2019-09-26,4.8114,4.8454,4.4712,4.6823,2067772.35
2019-09-27,4.6823,4.7226,4.4785,4.6641,2025621.253
2019-09-28,4.6641,4.7538,4.6136,4.6711,1490694.687
2019-09-29,4.6711,4.6802,4.426,4.5501,1023926.702
2019-09-30,4.5501,4.7529,4.4139,4.7048,2152581.991
2019-10-01,4.7048,4.8403,4.562,4.6045,1904078.509
2019-10-02,4.6045,4.6857,4.5521,4.6836,1225900.749
2019-10-03,4.6836,4.6857,4.5062,4.605,1256216.332
2019-10-04,4.605,4.6583,4.4896,4.5826,1271406.618
2019-10-05,4.5826,4.6575,4.5399,4.6104,1147829.276
2019-10-06,4.6104,4.623,4.3983,4.4848,1045613.977
2019-10-07,4.4848,4.7206,4.4567,4.668,1372210.052
2019-10-08,4.668,4.7257,4.5777,4.6251,1156844.858
2019-10-09,4.6251,5.2196,4.5918,5.0724,1956383.19
2019-10-10,5.0724,5.0901,4.8176,4.8276,2333377.669
2019-10-11,4.8276,4.9353,4.6341,4.636,1878650.9
2019-10-12,4.636,4.7405,4.6355,4.7118,1383699.854
2019-10-13,4.7118,4.8058,4.685,4.7447,1170998.055
2019-10-14,4.7447,4.8456,4.7264,4.7815,1605948.041
2019-10-15,4.7815,4.7956,4.4459,4.5357,2131317.858
2019-10-16,4.5357,4.694,4.15,4.415,3049452.494
2019-10-17,4.415,4.5667,4.3686,4.4938,2129423.606
2019-10-18,4.4938,4.5189,4.3286,4.4138,2005146.617
2019-10-19,4.4138,4.4605,4.3661,4.412,1616474.109
2019-10-20,4.412,4.5393,4.358,4.4995,1506364.895
2019-10-21,4.4995,4.6739,4.4291,4.5856,2058795.619
2019-10-22,4.5856,4.6449,4.4065,4.4456,1944368.35
2019-10-23,4.4456,4.482,4.0228,4.2534,3125505.373
2019-10-24,4.2534,4.3523,4.1881,4.2606,2183637.585
2019-10-25,4.2606,4.9822,4.2186,4.7433,3582827.912
2019-10-26,4.7433,5.0994,4.4748,4.566,4313728.913
2019-10-27,4.566,4.913,4.5321,4.7798,2819550.259
2019-10-28,4.7798,4.9935,4.7234,4.7411,2845802.74
2019-10-29,4.7411,5.1497,4.7404,4.9194,2849361.094
2019-10-30,4.9194,4.9651,4.7247,4.7945,2343065.325
2019-10-31,4.7945,4.9605,4.676,4.8122,2441982.801
2019-11-01,4.8122,4.939,4.7888,4.8645,2112205.865
2019-11-02,4.8645,5.0315,4.8268,4.9193,1911014.316
2019-11-03,4.9193,5.005,4.8208,4.8796,2145841.532
2019-11-04,4.8796,5.0148,4.8451,4.9587,2464716.565
2019-11-05,4.9587,5.0636,4.8517,5.0237,2322834.681
2019-11-06,5.0237,5.1806,4.9846,5.0789,2581884.288
2019-11-07,5.0789,5.3499,5.0376,5.2351,2796912.983
2019-11-08,5.2351,5.2818,4.7734,4.9732,2862885.058
2019-11-09,4.9732,5.0578,4.9205,4.9524,2066395.902
2019-11-10,4.9524,5.1673,4.9181,5.0395,1784340.636
2019-11-11,5.0395,5.0638,4.82,4.8876,1900191.457
2019-11-12,4.8876,4.9342,4.7962,4.9018,1875908.87
2019-11-13,4.9018,4.9206,4.8267,4.8467,1561906.813
2019-11-14,4.8467,4.86,4.6857,4.7549,1732381.159
2019-11-15,4.7549,4.8027,4.4543,4.5632,2076061.705
2019-11-16,4.5632,4.6485,4.5333,4.6266,1741228.604
2019-11-17,4.6266,4.6917,4.5749,4.6157,1859854.227
2019-11-18,4.6157,4.625,4.1866,4.3607,2285765.529
2019-11-19,4.3607,4.5239,4.245,4.3828,2762087.326
2019-11-20,4.3828,4.4338,4.2981,4.3352,2076369.844
2019-11-21,4.3352,4.4099,4.0484,4.174,2394281.387
2019-11-22,4.174,4.2213,3.5323,3.8606,4404452.024
2019-11-23,3.8606,4.0686,3.7908,3.9866,2648247.018
2019-11-24,3.9866,3.9947,3.6622,3.7001,2440741.125
2019-11-25,3.7001,3.9728,3.5286,3.7757,3208700.875
2019-11-26,3.7757,3.9186,3.7512,3.8716,2245825.958
2019-11-27,3.8716,4.042,3.6724,3.9509,2802744.663
2019-11-28,3.9509,4.0131,3.8523,3.9346,2278674.381
2019-11-29,3.9346,4.1235,3.9183,4.0723,2327218.699
2019-11-30,4.0723,4.0979,3.8581,3.9383,2179563.999
2019-12-01,3.9383,4.0107,3.8084,3.927,2554892.564
2019-12-02,3.927,3.9456,3.7722,3.8538,2355233.669
2019-12-03,3.8538,3.935,3.8206,3.8292,1917805.482
2019-12-04,3.8292,3.884,3.6984,3.7464,2769452.515
2019-12-05,3.7464,3.8116,3.725,3.7875,2066651.027
2019-12-06,3.7875,3.9058,3.7639,3.8873,1991402.637
2019-12-07,3.8873,3.9393,3.8465,3.862,2082811.675
2019-12-08,3.862,3.946,3.8214,3.9004,1964807.693
2019-12-09,3.9004,3.9207,3.7674,3.8008,2099189.46
2019-12-10,3.8008,3.801,3.7269,3.7743,2079085.918
2019-12-11,3.7743,3.8057,3.7523,3.7711,1950525.916
2019-12-12,3.7711,3.85,3.7191,3.8129,2449960.082
2019-12-13,3.8129,3.886,3.7968,3.859,2263465.852
2019-12-14,3.859,3.8705,3.7429,3.7995,1978890.134
2019-12-15,3.7995,3.8477,3.7544,3.807,1909102.787
2019-12-16,3.807,3.8434,3.6211,3.6771,2685812.536
2019-12-17,3.6771,3.7024,3.4205,3.4681,3103340.46
2019-12-18,3.4681,3.8055,3.3636,3.7632,4464966.367
2019-12-19,3.7632,3.7905,3.6555,3.7263,2922784.205
2019-12-20,3.7263,4.2181,3.6824,4.0494,2877359.157
2019-12-21,4.0494,4.1714,3.9911,4.0815,3292642.94
2019-12-22,4.0815,4.2486,4.0487,4.1922,3075676.506
2019-12-23,4.1922,4.2279,3.9433,3.9967,2853689.153
2019-12-24,3.9967,4.0035,3.8781,3.9371,2862571.239
2019-12-25,3.9371,4.086,3.89,4.0373,2711976.347
2019-12-26,4.0373,4.7089,4.0322,4.4959,3562623.714
2019-12-27,4.4959,4.6619,4.374,4.5062,3563460.072
2019-12-28,4.5062,4.5551,4.3816,4.4116,2891749.484
2019-12-29,4.4116,4.8389,4.3906,4.6518,3101812.75
2019-12-30,4.6518,4.857,4.5316,4.6217,3405200.655
2019-12-31,4.6217,4.75,4.431,4.4942,3607460.587
2020-01-01,4.4942,4.5696,4.4723,4.5055,2495518.125
2020-01-02,4.5055,4.509,4.1777,4.2323,2995975.037
2020-01-03,4.2323,4.6296,4.1804,4.5703,4095430.429
2020-01-04,4.5703,4.7776,4.5221,4.7476,3169306.211
2020-01-05,4.7476,4.9978,4.7336,4.881,3193860.544
2020-01-06,4.881,5.1412,4.8482,5.032,3296322.148
2020-01-07,5.032,5.071,4.7139,4.8366,3728460.975
2020-01-08,4.8366,5.056,4.7064,4.9479,4253809.154
2020-01-09,4.9479,5.199,4.87,5.182,3970891.386
2020-01-10,5.182,5.3929,4.912,5.3554,4501317.515
2020-01-11,5.3554,5.8103,5.3206,5.5756,4900460.812
2020-01-12,5.5756,5.6434,5.3652,5.5761,3557530.413
2020-01-13,5.5761,5.5917,5.3183,5.4709,3413054.261
2020-01-14,5.4709,6.9858,5.4704,6.8012,6467830.381
2020-01-15,6.8012,8.1184,6.6242,7.9901,7958763.382
2020-01-16,7.9901,8.6139,7.3055,8.416,5990102.046
2020-01-17,8.416,11.9897,8.1803,9.4481,7990992.59
2020-01-18,9.4481,9.7461,8.1141,8.298,7070034.878
2020-01-19,8.298,9.447,7.7837,8.5158,6923196.485
2020-01-20,8.5158,9.0755,8.0691,8.6198,4917739.864
2020-01-21,8.6198,9.1312,8.5042,8.9329,4335733.016
2020-01-22,8.9329,9.5142,8.916,9.347,3916441.384
2020-01-23,9.347,9.3766,8.1801,8.4464,4379857.266
2020-01-24,8.4464,8.8355,7.8433,8.6098,4732723.449
2020-01-25,8.6098,8.6405,8.1093,8.398,3577499.045
2020-01-26,8.398,9.367,8.2219,9.1783,3783514.844
2020-01-27,9.1783,11.1324,9.1668,10.4299,5432673.862
2020-01-28,10.4299,11.6874,10.3543,11.3838,5616111.748
2020-01-29,11.3838,12.8606,11.3433,12.2568,5575836.545
2020-01-30,12.2568,12.6928,11.6947,12.2795,5016272.31
2020-01-31,12.2795,12.3097,10.7208,11.3336,4798117.993
2020-02-01,11.3336,11.7888,11.0646,11.5296,4567657.844
2020-02-02,11.5296,11.7425,11.1562,11.3717,4428911.054
2020-02-03,11.3717,12.228,11.304,11.7802,4340054.524
2020-02-04,11.7802,11.902,11.0615,11.4132,4018329.78
2020-02-05,11.4132,12.6296,11.3184,12.3416,4289202.506
2020-02-06,12.3416,13.2266,10.9697,12.1201,5281991.915
2020-02-07,12.1201,12.2641,11.3371,11.7023,4618978.938
2020-02-08,11.7023,11.9407,11.1021,11.6971,4095262.562
2020-02-09,11.6971,12.1382,11.3071,11.7056,3984225.984
2020-02-10,11.7056,12.0671,11.3871,11.8281,4530655.512
2020-02-11,11.8281,12.1384,11.584,11.9511,4136546.746
2020-02-12,11.9511,12.4652,11.9509,12.208,4114962.527
2020-02-13,12.208,13.0579,11.3094,12.0691,5061076.048
2020-02-14,12.0691,12.0701,11.6801,12.0104,4022690.823
2020-02-15,12.0104,12.0608,9.7745,10.3973,4698863.422
2020-02-16,10.3973,10.6578,8.8705,9.5659,6344884.831
2020-02-17,9.5659,9.8904,8.7008,9.6492,6904847.729
2020-02-18,9.6492,9.9897,9.1444,9.8566,5077857.121
2020-02-19,9.8566,9.8645,8.7018,8.8549,4340079.319
2020-02-20,8.8549,9.0412,8.3254,8.8917,5972839.913
2020-02-21,8.8917,9.8703,8.7845,9.433,5280337.098
2020-02-22,9.433,9.7319,9.3032,9.5055,6366855.961
2020-02-23,9.5055,9.9719,9.4573,9.7623,6865832.019
2020-02-24,9.7623,9.7721,8.9816,9.3576,6841828.832
2020-02-25,9.3576,9.4497,8.9363,9.2017,6518013.721
2020-02-26,9.2017,9.3548,7.2757,7.6586,11822808.927
2020-02-27,7.6586,8.0627,7.3209,7.712,9164487.743
2020-02-28,7.712,7.837,7.1771,7.452,8101211.288
2020-02-29,7.452,7.6576,7.3306,7.35,5547541.866
2020-03-01,7.35,7.9162,7.35,7.7437,6536439.296
2020-03-02,7.7437,8.6539,7.6885,8.4538,8666898.61
2020-03-03,8.4538,8.624,8.123,8.4732,8947817.261
2020-03-04,8.4732,8.5233,7.6184,7.9386,7852687.931
2020-03-05,7.9386,8.4265,7.9374,8.1815,6787456.647
2020-03-06,8.1815,8.3048,7.8759,8.2198,6142803.331
2020-03-07,8.2198,8.2205,7.7516,7.8073,6346214.594
2020-03-08,7.8073,7.8079,6.2261,6.4378,10084700.761
2020-03-09,6.4378,7.046,6.386,6.9332,16252890.266
2020-03-10,6.9332,6.959,6.6124,6.8127,9722524.672
2020-03-11,6.8127,6.8844,6.1156,6.5941,9686743.067
2020-03-12,6.5941,6.616,3.6152,3.7434,32497455.514
2020-03-13,3.7434,5.2791,3.0893,4.8324,46173520.49
2020-03-14,4.8324,4.9048,4.4852,4.5886,17274444.058
2020-03-15,4.5886,5.2761,4.5449,5.0466,16217779.323
2020-03-16,5.0466,5.0474,4.0546,4.4857,21915230.323
2020-03-17,4.4857,4.9892,4.3702,4.6069,14482770.319
2020-03-18,4.6069,4.664,4.321,4.6025,11353684.478
2020-03-19,4.6025,5.2701,4.4758,5.0396,14191360.083
2020-03-20,5.0396,5.5119,4.5399,4.8979,19615817.349
2020-03-21,4.8979,5.147,4.6778,5.008,13578671.972
2020-03-22,5.008,5.2324,4.543,4.5981,13552171.195
2020-03-23,4.5981,5.0627,4.5182,4.9738,18051855.95
2020-03-24,4.9738,5.1935,4.8677,5.0636,16087929.452
2020-03-25,5.0636,5.265,4.8986,5.0214,16607870.401
2020-03-26,5.0214,5.1104,4.9077,5.0934,12728294.554
2020-03-27,5.0934,5.1965,4.8705,4.9175,9465021.51
2020-03-28,4.9175,4.9175,4.6244,4.8115,8836144.623
2020-03-29,4.8115,5.0613,4.7787,4.8106,10701400.507
2020-03-30,4.8106,5.0432,4.8037,4.9516,9752344.297
2020-03-31,4.9516,5.0122,4.8596,4.9379,9459013.532
2020-04-01,4.9379,5.0462,4.7914,5.0256,13452159.447
2020-04-02,5.0256,5.3401,4.9732,5.0962,11090004.146
2020-04-03,5.0962,5.2364,4.9946,5.1176,8202697.996
2020-04-04,5.1176,5.2391,5.0456,5.1507,8321938.214
2020-04-05,5.1507,5.1831,4.9254,5.027,7929906.807
2020-04-06,5.027,5.6243,5.026,5.6175,12080104.001
2020-04-07,5.6175,5.8209,5.3775,5.4753,12524826.708
2020-04-08,5.4753,5.902,5.4016,5.8266,11581024.213
2020-04-09,5.8266,5.966,5.5585,5.8843,12896583.132
2020-04-10,5.8843,5.9143,5.0763,5.2501,13039808.193
2020-04-11,5.2501,5.3955,5.1305,5.2758,11550651.241
2020-04-12,5.2758,5.4834,5.1707,5.312,9272613.957
2020-04-13,5.312,5.312,5.0335,5.1807,11222929.481
2020-04-14,5.1807,5.3491,5.103,5.2436,10859203.43
2020-04-15,5.2436,5.3575,5.0819,5.0994,10420169.867
2020-04-16,5.0994,5.558,4.8647,5.477,13113191.636
2020-04-17,5.477,5.4961,5.3299,5.3702,9473928.465
2020-04-18,5.3702,5.6795,5.3699,5.6578,9359646.774
2020-04-19,5.6578,5.7118,5.4087,5.4777,8677450.297
2020-04-20,5.4777,5.6006,5.1577,5.2238,12113913.363
2020-04-21,5.2238,5.3021,5.1167,5.1975,10849200.337
2020-04-22,5.1975,5.4522,5.1556,5.3866,9211898.046
2020-04-23,5.3866,5.7811,5.2972,5.5966,7801215.513
2020-04-24,5.5966,5.6868,5.5191,5.5923,9041707.965
2020-04-25,5.5923,5.8579,5.5336,5.7502,9863321.972
2020-04-26,5.7502,6.2471,5.7229,6.2139,10849884.151
2020-04-27,6.2139,6.2715,5.9347,6.104,10662800.405
2020-04-28,6.104,6.1667,5.9537,6.1408,7962802.121
2020-04-29,6.1408,6.8879,6.1247,6.7389,11201992.548
2020-04-30,6.7389,6.9949,6.2897,6.4409,12849824.323
2020-05-01,6.4409,6.6926,6.4326,6.6416,8321503.145
2020-05-02,6.6416,7.6164,6.561,7.4719,10676482.796
2020-05-03,7.4719,7.6219,7.0302,7.2065,11426324.914
2020-05-04,7.2065,7.3455,6.659,7.2113,11594819.865
2020-05-05,7.2113,7.4798,7.0312,7.1884,10099184.046
2020-05-06,7.1884,7.3234,6.7934,6.8302,8917897.668
2020-05-07,6.8302,7.2,6.7864,7.0938,10294702.966
2020-05-08,7.0938,7.3108,6.9322,7.1444,9613892.982
2020-05-09,7.1444,7.255,7.0127,7.0606,9213442.342
2020-05-10,7.0606,7.0607,5.5632,6.2066,9673088.074
2020-05-11,6.2066,6.3033,5.6259,6.0011,9823804.009
2020-05-12,6.0011,6.2096,5.9147,6.077,7219833.989
2020-05-13,6.077,6.2771,6.002,6.2049,6964473.249
2020-05-14,6.2049,6.3552,6.084,6.266,6508498.3
2020-05-15,6.266,6.6971,6.1093,6.5004,4964749.317
2020-05-16,6.5004,6.851,6.4395,6.6927,4807591.727
2020-05-17,6.6927,6.7791,6.5197,6.658,3691208.445
2020-05-18,6.658,6.9178,6.589,6.709,2956010.165
2020-05-19,6.709,6.7321,6.5509,6.6683,949499.092
2020-05-20,6.6683,6.6778,6.2773,6.4558,915670.189
2020-05-21,6.4558,6.5232,5.935,6.1255,1122881.545
2020-05-22,6.1255,6.6108,6.0801,6.4611,1946481.577
2020-05-23,6.4611,6.6298,6.3789,6.5585,2173649.309
2020-05-24,6.5585,6.7813,6.4965,6.5801,2308142.667
2020-05-25,6.5801,6.8986,6.5169,6.8033,2555960.845
2020-05-26,6.8033,6.8286,6.5379,6.7021,2089830.191
2020-05-27,6.7021,6.8259,6.6656,6.7701,1755128.888
2020-05-28,6.7701,6.8785,6.677,6.8596,1697762.539
2020-05-29,6.8596,7.2938,6.8583,7.2225,2399517.68
2020-05-30,7.2225,7.5662,7.1016,7.4887,2239497.172
2020-05-31,7.4887,7.4906,6.6284,6.9424,2529777.815
2020-06-01,6.9424,7.2262,6.8666,7.1916,2369529.339
2020-06-02,7.1916,7.3155,6.6793,6.9869,2150009.558
2020-06-03,6.9869,7.001,6.8147,6.9381,1841858.073
2020-06-04,6.9381,7.0369,6.7785,6.9119,1888906.661
2020-06-05,6.9119,6.9644,6.7827,6.8421,1856105.303
2020-06-06,6.8421,6.9102,6.7837,6.863,1614542.49
2020-06-07,6.863,6.8869,6.6188,6.8327,1576346.716
2020-06-08,6.8327,6.9288,6.7336,6.8995,1480725.066
2020-06-09,6.8995,6.9222,6.7237,6.7787,1311222.019
2020-06-10,6.7787,6.8319,6.7139,6.8089,1263746.778
2020-06-11,6.8089,6.8322,6.0642,6.2564,1765811.442
2020-06-12,6.2564,6.491,6.2093,6.4029,1873117.234
2020-06-13,6.4029,6.5059,6.3301,6.4914,1589302.086
2020-06-14,6.4914,6.4919,6.2581,6.3194,1375456.306
2020-06-15,6.3194,6.3199,5.9813,6.2405,2168546.725
2020-06-16,6.2405,6.3039,6.1677,6.2491,1639805.335
2020-06-17,6.2491,6.3701,6.1422,6.2808,1826007.223
2020-06-18,6.2808,6.2915,6.0996,6.2089,1590337.097
2020-06-19,6.2089,6.4098,6.1462,6.3405,1770735.929599957
2020-06-20,6.3405,6.3588,6.1623,6.2589,1213219.2920635098
2020-06-21,6.2589,6.2778,6.174,6.2123,1076636.9799376263
2020-06-22,6.2123,6.3948,6.1987,6.3743,1178203.755273358
2020-06-23,6.3743,6.4331,6.2841,6.3707,1243659.9712560438
2020-06-24,6.3707,6.5183,6.1353,6.2208,1408499.826039586
2020-06-25,6.2208,6.2449,6.0436,6.1533,1264153.161
2020-06-26,6.1533,6.1697,6.0005,6.0448,1304801.965
2020-06-27,6.0448,6.0519,5.306,5.588,1415162.443
2020-06-28,5.588,5.835,5.534,5.753,1348532.298
2020-06-29,5.753,5.89,5.734,5.827,1459784.631
2020-06-30,5.827,5.858,5.678,5.727,1240688.995
2020-07-01,5.727,5.786,5.623,5.713,1258313.433
2020-07-02,5.713,5.791,5.547,5.64,1270789.539
2020-07-03,5.64,5.73,5.598,5.651,1150601.433
2020-07-04,5.651,5.743,5.639,5.701,1078455.657
2020-07-05,5.701,5.718,5.517,5.662,1227402.487
2020-07-06,5.662,6.186,5.647,6.105,1518143.24
2020-07-07,6.105,6.319,5.972,6.218,1506066.265
2020-07-08,6.218,6.647,6.121,6.639,1713255.993
2020-07-09,6.639,6.796,6.408,6.648,1696726.29
2020-07-10,6.648,6.65,6.258,6.382,982084.135
2020-07-11,6.382,6.582,6.377,6.504,347463.744
2020-07-12,6.504,6.562,6.356,6.455,200410.307
2020-07-13,6.455,6.562,6.191,6.306,352837.727
2020-07-14,6.306,6.33,6.172,6.328,106616.819
2020-07-15,6.328,6.36,6.19,6.222,49842.951
2020-07-16,6.222,6.269,5.917,6.03,96126.441
2020-07-17,6.03,6.111,5.97,6.028,80625.521
2020-07-18,6.028,6.118,5.947,6.05,76729.351
2020-07-19,6.05,6.121,5.951,6.101,73617.819
2020-07-20,6.101,6.19,5.993,6.029,82491.628
2020-07-21,6.029,6.193,6.016,6.192,85213.613
2020-07-22,6.192,6.389,6.096,6.355,94419.166
2020-07-23,6.355,6.491,6.298,6.442,86460.639
2020-07-24,6.442,6.445,6.206,6.252,101683.039
2020-07-25,6.252,6.728,6.235,6.704,123496.508
2020-07-26,6.704,6.886,6.468,6.634,159168.388
2020-07-27,6.634,7.339,6.628,7.119,300418.47
2020-07-28,7.119,7.398,6.815,7.21,270841.674
2020-07-29,7.21,7.542,7.139,7.261,195616.396
2020-07-30,7.261,7.472,7.005,7.343,143277.525
2020-07-31,7.343,7.576,7.25,7.397,138376.888
2020-08-01,7.397,7.954,7.31,7.836,191033.743
2020-08-02,7.836,8.301,6.521,7.191,331265.696
2020-08-03,7.191,7.367,7.062,7.167,143769.218
2020-08-04,7.167,7.277,7.002,7.138,138648.12
2020-08-05,7.138,7.361,7.058,7.228,158630.919
2020-08-06,7.228,7.25,7.0,7.097,118156.364
2020-08-07,7.097,7.283,6.611,6.877,139227.745
2020-08-08,6.877,6.986,6.767,6.933,91167.617
2020-08-09,6.933,7.192,6.688,6.873,105682.137
2020-08-10,6.873,7.121,6.711,7.064,97493.39
2020-08-11,7.064,7.18,6.465,6.745,119903.885
2020-08-12,6.745,6.798,6.493,6.759,100864.664
2020-08-13,6.759,6.948,6.556,6.92,114626.879
2020-08-14,6.92,6.969,6.798,6.889,73148.479
2020-08-15,6.889,7.295,6.878,7.172,52624.816
2020-08-16,7.172,7.299,6.925,7.249,59349.359
2020-08-17,7.249,7.557,7.09,7.396,51264.795
2020-08-18,7.396,7.802,7.155,7.272,63852.013
2020-08-19,7.272,7.369,6.649,6.823,51570.452
2020-08-20,6.823,7.09,6.758,6.972,32368.791
2020-08-21,6.972,7.099,6.603,6.615,41084.078
2020-08-22,6.615,6.801,6.525,6.761,26902.68
2020-08-23,6.761,6.826,6.606,6.756,37673.64
2020-08-24,6.756,6.902,6.706,6.855,61581.022
2020-08-25,6.855,6.87,6.368,6.468,101777.317
2020-08-26,6.468,6.551,6.405,6.463,94137.283
2020-08-27,6.463,6.749,6.206,6.354,95258.994
2020-08-28,6.354,6.621,6.267,6.534,129301.688
2020-08-29,6.534,6.646,6.475,6.491,105243.646
2020-08-30,6.491,6.707,6.441,6.694,89145.402
2020-08-31,6.694,6.764,6.551,6.583,81413.623
2020-09-01,6.583,6.806,6.502,6.744,115358.333
2020-09-02,6.744,6.806,6.066,6.298,183142.031
2020-09-03,6.298,6.349,4.576,5.482,224214.462
2020-09-04,5.482,5.529,4.831,5.33,202165.755
2020-09-05,5.33,5.477,4.835,5.033,144224.69
2020-09-06,5.033,5.287,4.963,5.176,130858.087
2020-09-07,5.176,5.252,4.885,5.115,135318.946
2020-09-08,5.115,5.231,4.935,5.095,128340.977
2020-09-09,5.095,5.16,4.968,5.06,111799.154
2020-09-10,5.06,5.227,5.048,5.197,106357.299
2020-09-11,5.197,5.234,5.088,5.225,105682.065
2020-09-12,5.225,5.26,5.146,5.245,94698.413
2020-09-13,5.245,5.366,4.937,5.058,101184.532
2020-09-14,5.058,5.211,4.99,5.162,93788.397
2020-09-15,5.162,5.316,5.104,5.171,122372.047
2020-09-16,5.171,5.212,5.029,5.159,138249.65
2020-09-17,5.159,5.272,5.128,5.236,134068.736
2020-09-18,5.236,5.26,5.1,5.254,124126.381
2020-09-19,5.254,5.278,5.192,5.259,106777.921
2020-09-20,5.259,5.259,5.029,5.11,121618.735
2020-09-21,5.11,5.152,4.634,4.867,158318.126
2020-09-22,4.867,5.027,4.799,4.989,171844.802
2020-09-23,4.989,5.025,4.83,4.873,215612.461
2020-09-24,4.873,5.066,4.844,5.044,209406.777
2020-09-25,5.044,5.083,4.88,5.016,210995.544
2020-09-26,5.016,5.445,5.01,5.368,251530.888
2020-09-27,5.368,5.782,5.358,5.457,270119.695
2020-09-28,5.457,5.611,5.389,5.423,245364.693
2020-09-29,5.423,5.468,5.303,5.425,195532.95
2020-09-30,5.425,5.449,5.262,5.401,167139.092
2020-10-01,5.401,5.504,5.188,5.33,126312.843
2020-10-02,5.33,5.361,5.01,5.183,129137.853
2020-10-03,5.183,5.206,5.088,5.132,102473.976
2020-10-04,5.132,5.222,5.074,5.154,112744.018
2020-10-05,5.154,5.195,5.06,5.104,107761.864
2020-10-06,5.104,5.344,5.068,5.245,140455.723
2020-10-07,5.245,5.254,5.146,5.175,126019.141
2020-10-08,5.175,5.246,5.085,5.17,119557.021
2020-10-09,5.17,5.321,5.115,5.27,109302.69
2020-10-10,5.27,5.426,5.249,5.275,121732.657
2020-10-11,5.275,5.442,5.255,5.424,118112.919
2020-10-12,5.424,5.534,5.384,5.45,122977.477
2020-10-13,5.45,5.509,5.298,5.344,125078.952
2020-10-14,5.344,5.447,5.311,5.379,115955.279
2020-10-15,5.379,5.425,5.295,5.335,115372.577
2020-10-16,5.335,5.365,5.128,5.172,119696.108
2020-10-17,5.172,5.259,5.142,5.197,103071.929
2020-10-18,5.197,5.258,5.176,5.231,94248.739
2020-10-19,5.231,5.294,5.161,5.211,95831.236
2020-10-20,5.211,5.254,5.046,5.08,110626.754
2020-10-21,5.08,5.394,5.055,5.341,135991.022
2020-10-22,5.341,5.73,5.34,5.611,138033.87
2020-10-23,5.611,5.65,5.399,5.477,130699.673
2020-10-24,5.477,5.568,5.448,5.527,61140.446
2020-10-25,5.527,5.648,5.43,5.558,104344.332
2020-10-26,5.558,5.614,5.399,5.435,127304.585
2020-10-27,5.435,5.532,5.408,5.46,116803.012
2020-10-28,5.46,5.591,5.227,5.269,221038.834
2020-10-29,5.269,5.508,5.223,5.412,228074.587
2020-10-30,5.412,5.472,5.198,5.257,226598.809
2020-10-31,5.257,5.33,5.211,5.269,91744.42
2020-11-01,5.269,5.297,5.173,5.242,69522.587
2020-11-02,5.242,5.288,4.94,4.995,159673.019
2020-11-03,4.995,5.011,4.698,4.888,136455.969
2020-11-04,4.888,4.951,4.689,4.877,87311.695
2020-11-05,4.877,5.11,4.807,5.097,122920.571
2020-11-06,5.097,5.466,5.074,5.356,231296.258
2020-11-07,5.356,5.58,4.947,5.078,466418.018
2020-11-08,5.078,5.267,5.039,5.181,205141.329
2020-11-09,5.181,5.215,4.822,5.028,248946.926
2020-11-10,5.028,5.199,5.001,5.134,235530.642
2020-11-11,5.134,5.209,5.064,5.089,143570.827
2020-11-12,5.089,5.117,4.97,5.043,131599.81
2020-11-13,5.043,5.151,4.991,5.133,128196.702
2020-11-14,5.133,5.173,4.98,5.034,104130.86
2020-11-15,5.034,5.059,4.938,5.024,93152.024
2020-11-16,5.024,5.472,4.982,5.396,297593.802
2020-11-17,5.396,5.97,5.377,5.771,583891.659
2020-11-18,5.771,6.347,5.218,6.041,1865451.08
2020-11-19,6.041,6.14,5.731,5.914,1035497.183
2020-11-20,5.914,6.081,5.809,6.07,735519.864
2020-11-21,6.07,6.599,5.782,6.593,1158024.271
2020-11-22,6.593,6.711,5.709,6.031,1067957.265
2020-11-23,6.031,6.588,5.944,6.567,788022.043
2020-11-24,6.567,7.415,6.449,7.279,1776287.018
2020-11-25,7.279,7.959,6.651,6.973,1697410.929
2020-11-26,6.973,7.17,5.603,6.141,5778331.99
2020-11-27,6.141,6.462,5.927,6.211,2890072.879
2020-11-28,6.211,6.479,6.074,6.329,1491810.176
2020-11-29,6.329,6.466,6.144,6.389,1442810.468
2020-11-30,6.389,6.803,6.31,6.742,537557.116
2020-12-01,6.742,6.999,6.009,6.154,291593.01
2020-12-02,6.154,6.377,6.052,6.238,124856.993
2020-12-03,6.238,6.607,6.175,6.594,119545.812
2020-12-04,6.594,6.594,5.889,5.966,132034.928
2020-12-05,5.966,6.202,5.9,6.19,89674.137
2020-12-06,6.19,6.255,6.026,6.169,84452.33
2020-12-07,6.169,6.211,6.071,6.15,68965.143
2020-12-08,6.15,6.161,5.696,5.776,224913.016
2020-12-09,5.776,6.203,5.621,6.068,561762.941
2020-12-10,6.068,6.109,5.797,5.894,214783.557
2020-12-11,5.894,5.971,5.708,5.794,184505.241
2020-12-12,5.794,6.048,5.788,5.965,67333.573
2020-12-13,5.965,6.269,5.913,6.123,69764.392
2020-12-14,6.123,6.14,5.939,6.041,68690.781
2020-12-15,6.041,6.12,5.944,6.053,72623.702
2020-12-16,6.053,6.472,5.943,6.472,119113.438
2020-12-17,6.472,6.822,6.323,6.482,345103.632
2020-12-18,6.482,6.629,6.288,6.393,135384.886
2020-12-19,6.393,6.544,6.363,6.413,95382.607
2020-12-20,6.413,6.837,6.253,6.492,214564.897
2020-12-21,6.492,6.98,6.061,6.11,373788.66
2020-12-22,6.11,6.193,5.755,6.133,250452.237
2020-12-23,6.133,6.163,4.723,5.096,536070.799
2020-12-24,5.096,5.641,5.015,5.601,545451.002
2020-12-25,5.601,5.869,5.482,5.761,330313.674
2020-12-26,5.761,5.887,5.558,5.838,218076.599
2020-12-27,5.838,6.116,5.504,5.803,401865.142
2020-12-28,5.803,6.171,5.766,5.923,228914.813
2020-12-29,5.923,6.022,5.461,5.717,284132.389
2020-12-30,5.717,5.804,5.608,5.677,184881.5
2020-12-31,5.677,5.8,5.558,5.656,127162.879
2021-01-01,5.656,5.858,5.597,5.691,109194.86
2021-01-02,5.691,5.956,5.572,5.769,147499.509
2021-01-03,5.769,6.664,5.759,6.558,344603.533
2021-01-04,6.558,7.629,6.293,7.046,836522.307
2021-01-05,7.046,7.402,6.698,7.267,463494.605
2021-01-06,7.267,7.755,6.976,7.568,405455.312
2021-01-07,7.568,7.753,7.024,7.211,439255.221
2021-01-08,7.211,7.312,6.666,6.956,375715.417
2021-01-09,6.956,8.065,6.722,7.765,545735.994
2021-01-10,7.765,9.474,7.765,8.85,1450370.23
2021-01-11,8.85,8.867,6.288,7.23,1781144.875
2021-01-12,7.23,7.667,6.834,7.05,673593.693
2021-01-13,7.05,7.666,6.86,7.598,382359.937
2021-01-14,7.598,8.122,7.37,7.784,368777.075
2021-01-15,7.784,8.031,7.149,7.572,477937.947
2021-01-16,7.572,8.164,7.4,7.786,334955.784
2021-01-17,7.786,7.956,7.345,7.686,297161.96
2021-01-18,7.686,7.882,7.423,7.705,201114.644
2021-01-19,7.705,8.5,7.662,7.814,354540.364
2021-01-20,7.814,8.044,7.402,7.908,309657.011
2021-01-21,7.908,8.191,7.014,7.124,426058.555
2021-01-22,7.124,7.509,6.669,7.442,300110.776
2021-01-23,7.442,7.62,7.222,7.449,168544.729
2021-01-24,7.449,7.817,7.381,7.629,162602.662
2021-01-25,7.629,7.973,7.373,7.509,173685.113
2021-01-26,7.509,7.606,7.084,7.428,126721.787
2021-01-27,7.428,7.436,6.647,6.881,189528.606
2021-01-28,6.881,8.469,6.77,7.652,367260.869
2021-01-29,7.652,8.056,7.392,7.616,349835.725
2021-01-30,7.616,7.824,7.322,7.578,186431.596
2021-01-31,7.578,7.708,7.189,7.41,175124.678
2021-02-01,7.41,7.713,7.253,7.524,182835.56
2021-02-02,7.524,7.927,7.456,7.78,123607.997
2021-02-03,7.78,8.017,7.645,7.937,98984.532
2021-02-04,7.937,8.091,7.562,7.649,167930.879
2021-02-05,7.649,8.892,7.615,8.522,267632.276
2021-02-06,8.522,9.088,8.215,8.768,329925.191
2021-02-07,8.768,8.869,7.86,8.283,351395.681
2021-02-08,8.283,8.77,8.116,8.691,178224.97
2021-02-09,8.691,9.998,8.641,9.573,371346.613
2021-02-10,9.573,11.474,9.573,10.391,843775.538
2021-02-11,10.391,11.739,10.326,11.711,505459.471
2021-02-12,11.711,12.335,11.151,11.921,364480.272
2021-02-13,11.921,17.943,11.762,16.634,1204428.417
2021-02-14,16.634,17.616,15.567,16.065,986443.99
2021-02-15,16.065,16.585,13.087,14.682,830002.055
2021-02-16,14.682,15.483,13.74,14.385,406682.257
2021-02-17,14.385,15.765,13.723,15.291,364149.06
2021-02-18,15.291,15.764,14.662,14.963,242474.048
2021-02-19,14.963,15.877,14.283,15.371,270246.854
2021-02-20,15.371,17.449,14.373,15.072,620063.788
2021-02-21,15.072,16.351,14.844,15.659,352698.473
2021-02-22,15.659,15.687,11.452,13.923,772910.76
2021-02-23,13.923,13.984,9.27,11.394,1813890.361
2021-02-24,11.394,12.521,10.887,11.887,690732.389
2021-02-25,11.887,12.162,10.936,11.026,446097.587
2021-02-26,11.026,11.289,10.079,10.717,700801.423
2021-02-27,10.717,11.477,10.716,11.094,302444.69
2021-02-28,11.094,11.109,9.71,10.37,393418.49
2021-03-01,10.37,11.169,10.186,11.085,183063.229
2021-03-02,11.085,11.491,10.564,10.906,289783.115
2021-03-03,10.906,11.732,10.818,11.247,195077.706
2021-03-04,11.247,11.698,10.704,11.008,340607.644
2021-03-05,11.008,11.096,10.332,10.942,223463.205
2021-03-06,10.942,11.241,10.642,11.111,115779.292
2021-03-07,11.111,11.779,11.111,11.536,121021.746
2021-03-08,11.536,11.975,11.055,11.687,156306.49
2021-03-09,11.687,12.657,11.527,12.394,203270.882
2021-03-10,12.394,12.741,11.654,11.96,210521.241
2021-03-11,11.96,12.588,11.692,12.252,239546.1
2021-03-12,12.252,12.532,11.477,11.93,271929.607
2021-03-13,11.93,14.29,11.552,13.774,337554.313
2021-03-14,13.774,14.105,12.746,12.749,230884.39
2021-03-15,12.749,13.092,11.784,12.126,378631.599
2021-03-16,12.126,12.552,11.562,12.417,229308.73
2021-03-17,12.417,12.571,11.765,12.57,126025.926
2021-03-18,12.57,12.666,12.118,12.163,91888.646
2021-03-19,12.163,12.425,11.945,12.269,45080.584
2021-03-20,12.269,12.885,12.219,12.292,57229.991
2021-03-21,12.292,12.453,11.935,11.982,59073.473
2021-03-22,11.982,12.402,11.58,11.661,132173.413
2021-03-23,11.661,12.647,11.613,12.231,136437.848
2021-03-24,12.231,12.615,11.089,11.3,167536.507
2021-03-25,11.3,11.454,10.764,11.081,190997.113
2021-03-26,11.081,11.765,11.079,11.764,60558.465
2021-03-27,11.764,11.973,11.444,11.782,45973.717
2021-03-28,11.782,12.053,11.71,11.864,44499.102
2021-03-29,11.864,12.744,11.733,12.632,50597.088
2021-03-30,12.632,13.055,12.347,13.026,62175.613
2021-03-31,13.026,14.451,12.61,14.096,221491.979
2021-04-01,14.096,14.486,13.603,14.323,161679.545
2021-04-02,14.323,15.593,14.099,15.252,176479.534
2021-04-03,15.252,15.35,13.51,13.571,241564.59
2021-04-04,13.571,14.568,13.364,14.545,172516.819
2021-04-05,14.545,16.101,14.317,16.085,306956.336
2021-04-06,16.085,18.599,15.982,17.72,514562.131
2021-04-07,17.72,20.789,16.999,19.189,951379.291
2021-04-08,19.189,19.91,18.027,19.628,365083.396
2021-04-09,19.628,20.107,18.536,18.769,148462.286
2021-04-10,18.769,21.212,18.291,20.447,375717.827
2021-04-11,20.447,21.512,19.721,20.378,229043.082
2021-04-12,20.378,20.556,18.982,19.531,154663.35
2021-04-13,19.531,22.043,19.414,21.207,234919.549
2021-04-14,21.207,22.749,20.142,21.913,281659.494
2021-04-15,21.913,29.807,21.465,28.585,462028.683
2021-04-16,28.585,46.372,28.585,38.484,1399044.636
2021-04-17,38.484,49.78,37.325,37.785,1115883.85
2021-04-18,37.785,39.078,31.075,37.102,1017419.742
2021-04-19,37.102,38.302,32.107,33.43,444956.409
2021-04-20,33.43,35.248,30.022,33.759,341649.496
2021-04-21,33.759,35.439,31.574,32.001,226659.575
2021-04-22,32.001,39.483,31.536,33.535,391210.587
2021-04-23,33.535,34.471,25.792,32.591,794040.796
2021-04-24,32.591,32.838,29.293,29.618,139176.519
2021-04-25,29.618,31.774,27.783,29.248,124973.147
2021-04-26,29.248,32.89,28.961,32.841,129820.765
2021-04-27,32.841,34.352,31.939,33.773,109594.893
2021-04-28,33.773,36.396,32.321,35.066,162818.485
2021-04-29,35.066,35.33,33.621,34.5,72224.126
2021-04-30,34.5,36.724,33.775,36.323,84869.89
2021-05-01,36.323,46.582,36.255,44.691,227189.688
2021-05-02,44.691,46.726,42.094,44.92,233135.105
2021-05-03,44.92,52.387,44.306,52.065,213867.552
2021-05-04,52.065,72.379,49.233,69.23,717600.715
2021-05-05,69.23,99.735,67.109,93.994,827732.775
2021-05-06,93.994,180.0,87.196,133.525,963730.564
2021-05-07,133.525,144.784,108.782,119.637,866560.947
2021-05-08,119.637,137.0,110.371,127.277,487211.162
2021-05-09,127.277,129.649,112.725,117.79,323076.37
2021-05-10,117.79,129.434,91.323,105.119,452462.638
2021-05-11,105.119,117.332,102.382,111.11,345671.594
2021-05-12,111.11,114.294,80.301,84.422,282292.355
2021-05-13,84.422,94.83,75.771,88.227,476846.533
2021-05-14,88.227,109.841,86.608,103.595,385765.446
2021-05-15,103.595,114.271,94.86,95.137,324991.698
2021-05-16,95.137,103.269,87.091,93.791,197344.432
2021-05-17,93.791,94.349,80.652,89.753,327283.39
2021-05-18,89.753,95.485,86.065,88.67,133511.727
2021-05-19,88.67,90.107,39.788,59.446,1029315.053
2021-05-20,59.446,79.336,54.508,73.677,631808.159
2021-05-21,73.677,78.114,54.482,64.278,343092.782
2021-05-22,64.278,64.792,54.106,58.531,151356.869
2021-05-23,58.531,62.505,39.918,51.578,160932.363
2021-05-24,51.578,74.908,48.835,73.577,129396.393
2021-05-25,73.577,82.954,69.988,78.28,138820.55
2021-05-26,78.28,83.29,73.886,79.803,62844.237
2021-05-27,79.803,79.813,71.192,74.423,50832.03
2021-05-28,74.423,79.054,63.529,68.187,100476.187
2021-05-29,68.187,70.865,60.976,64.236,57564.425
2021-05-30,64.236,68.239,59.909,66.225,41267.47
2021-05-31,66.225,70.629,61.924,70.069,39475.739
2021-06-01,70.069,71.848,65.727,67.795,24755.454
2021-06-02,67.795,70.335,65.779,68.325,15012.082
2021-06-03,68.325,72.617,67.188,69.797,20274.58
2021-06-04,69.797,69.848,61.361,64.749,35876.207
2021-06-05,64.749,67.367,61.696,63.051,22113.554
2021-06-06,63.051,65.65,62.765,64.063,9185.15
2021-06-07,64.063,65.082,57.425,57.947,21244.019
2021-06-08,57.947,59.146,49.559,56.721,30078.411
2021-06-09,56.721,62.788,53.634,62.23,33111.294
2021-06-10,62.23,63.61,57.057,57.863,24011.846
2021-06-11,57.863,60.723,56.141,56.873,17410.224
2021-06-12,56.873,56.947,53.09,55.176,14405.588
2021-06-13,55.176,60.583,53.785,59.016,14826.904
2021-06-14,59.016,60.584,56.311,59.207,14515.84
2021-06-15,59.207,60.192,57.347,58.197,7340.715
2021-06-16,58.197,58.298,54.894,55.313,8355.986
2021-06-17,55.313,57.253,54.354,55.525,5181.676
2021-06-18,55.525,55.525,50.565,52.483,9558.319
2021-06-19,52.483,53.26,50.888,50.96,7203.395
2021-06-20,50.96,51.46,47.001,50.996,12523.864
2021-06-21,50.996,51.39,38.566,39.504,43763.334
2021-06-22,39.504,42.711,32.3,36.508,89029.542
2021-06-23,36.508,42.87,34.615,40.78,40007.52
2021-06-24,40.78,43.499,38.778,43.1,28440.916
2021-06-25,43.1,45.393,38.99,39.448,35457.796
2021-06-26,39.448,40.943,37.592,40.524,28157.815
2021-06-27,40.524,42.454,39.442,42.28,11125.152
2021-06-28,42.28,44.485,41.093,43.303,12478.893
2021-06-29,43.303,59.122,43.163,56.634,67304.643
2021-06-30,56.634,62.476,51.819,57.496,88700.598
2021-07-01,57.496,58.344,52.358,53.147,34134.927
2021-07-02,53.147,55.146,50.823,53.789,25260.578
2021-07-03,53.789,58.384,52.477,56.832,24259.938
2021-07-04,56.832,58.887,55.931,56.324,15005.886
2021-07-05,56.324,56.897,52.845,53.659,15504.994
2021-07-06,53.659,56.814,53.576,54.663,12123.354
2021-07-07,54.663,55.556,52.642,52.797,7417.289
2021-07-08,52.797,52.87,48.574,49.491,16211.253
2021-07-09,49.491,51.331,46.557,50.065,16180.537
2021-07-10,50.065,51.342,48.223,49.106,8168.161
2021-07-11,49.106,50.486,48.261,49.677,4483.553
2021-07-12,49.677,50.647,46.696,47.745,8749.124
2021-07-13,47.745,48.155,45.108,45.589,8405.133
2021-07-14,45.589,47.735,42.596,45.613,19104.438
2021-07-15,45.613,47.13,42.293,43.263,16434.815
2021-07-16,43.263,43.842,40.641,41.143,17141.401
2021-07-17,41.143,43.283,40.272,41.434,16516.079
2021-07-18,41.434,43.262,40.998,41.888,8940.803
2021-07-19,41.888,43.886,40.622,41.527,29579.812
2021-07-20,41.527,42.041,37.793,39.31,31965.674
2021-07-21,39.31,43.741,38.632,42.867,23564.271
2021-07-22,42.867,44.156,41.933,43.381,16570.667
2021-07-23,43.381,46.725,43.082,45.766,23636.941
2021-07-24,45.766,51.6,44.974,49.413,26643.884
2021-07-25,49.413,49.778,45.953,48.454,11831.075
2021-07-26,48.454,55.804,47.475,48.407,45445.509
2021-07-27,48.407,50.296,46.229,49.476,23004.703
2021-07-28,49.476,51.012,47.994,49.21,13329.426
2021-07-29,49.21,49.966,48.346,49.323,5035.039
2021-07-30,49.323,51.454,47.513,50.948,15238.824
2021-07-31,50.948,52.311,49.721,51.264,16437.515
2021-08-01,51.264,54.0,49.285,50.345,25348.143
2021-08-02,50.345,52.261,49.398,51.337,10040.836
2021-08-03,51.337,52.121,48.428,49.393,6712.61
2021-08-04,49.393,52.189,48.585,51.601,9399.779
2021-08-05,51.601,53.449,48.784,52.472,15033.23
2021-08-06,52.472,53.659,51.273,52.995,13628.317
2021-08-07,52.995,61.055,52.616,60.594,35564.255
2021-08-08,60.594,63.181,55.94,57.072,21162.697
2021-08-09,57.072,60.328,55.03,59.098,8785.732
2021-08-10,59.098,60.285,57.082,58.824,6910.018
2021-08-11,58.824,63.895,58.593,60.832,10867.076
2021-08-12,60.832,65.779,57.575,59.971,19273.011
2021-08-13,59.971,64.357,59.419,64.316,10146.53
2021-08-14,64.316,67.583,61.772,67.225,19601.659
2021-08-15,67.225,77.029,67.103,74.903,34688.097
2021-08-16,74.903,75.724,64.938,69.109,16345.105
2021-08-17,69.109,71.686,61.135,62.873,23063.2
2021-08-18,62.873,66.13,59.799,63.956,31641.068
2021-08-19,63.956,67.104,60.687,67.098,88294.652
2021-08-20,67.098,70.44,66.128,70.168,171388.321
2021-08-21,70.168,70.319,66.896,67.508,190113.619
2021-08-22,67.508,68.591,64.694,67.376,139149.163
2021-08-23,67.376,69.5,66.784,68.287,145951.957
2021-08-24,68.287,68.633,60.226,62.895,143257.263
2021-08-25,62.895,64.794,60.857,63.776,124374.304
2021-08-26,63.776,64.373,58.63,59.768,118827.772
2021-08-27,59.768,64.191,58.655,64.109,90824.182
2021-08-28,64.109,66.604,62.798,64.144,115091.026
2021-08-29,64.144,65.715,62.841,63.218,90054.131
2021-08-30,63.218,64.902,61.081,61.843,67914.874
2021-08-31,61.843,64.993,60.762,63.814,59774.779
2021-09-01,63.814,68.993,62.161,68.766,51142.209
2021-09-02,68.766,70.144,66.471,67.637,39696.762
2021-09-03,67.637,72.397,66.099,69.971,46881.922
2021-09-04,69.971,71.232,68.027,68.797,39038.932
2021-09-05,68.797,73.942,68.106,73.536,61254.996
2021-09-06,73.536,77.295,71.2,73.483,75794.516
2021-09-07,73.483,73.839,48.477,59.213,155283.438
2021-09-08,59.213,61.423,53.325,58.657,99555.363
2021-09-09,58.657,60.34,57.371,58.857,50516.613
2021-09-10,58.857,60.395,54.862,56.298,45993.834
2021-09-11,56.298,58.316,55.586,57.083,26209.564
2021-09-12,57.083,58.932,56.083,58.134,19574.486
2021-09-13,58.134,58.366,53.515,55.737,47002.583
2021-09-14,55.737,57.274,55.139,57.056,17443.98
2021-09-15,57.056,59.339,56.292,59.163,20324.708
2021-09-16,59.163,60.072,56.813,58.02,29462.828
2021-09-17,58.02,59.03,56.041,56.654,24790.586
2021-09-18,56.654,58.395,55.698,57.257,13998.475
2021-09-19,57.257,57.257,54.773,55.335,11828.525
2021-09-20,55.335,55.387,47.233,49.103,51810.937
2021-09-21,49.103,50.402,44.719,45.794,46472.278
2021-09-22,45.794,51.306,44.891,51.25,29948.088
2021-09-23,51.25,51.536,49.433,51.335,16136.319
2021-09-24,51.335,51.869,44.099,47.657,40274.001
2021-09-25,47.657,49.625,46.16,47.35,32831.943
2021-09-26,47.35,48.277,43.994,47.25,32936.093
2021-09-27,47.25,48.394,45.317,45.321,19206.15
2021-09-28,45.321,48.726,44.796,44.995,29955.73
2021-09-29,44.995,46.841,44.603,45.546,32857.027
2021-09-30,45.546,47.258,45.276,47.027,12657.259
2021-10-01,47.027,52.482,46.616,51.891,31225.823
2021-10-02,51.891,55.165,51.143,53.227,38255.036
2021-10-03,53.227,54.968,51.912,53.672,23255.663
2021-10-04,53.672,53.786,50.48,52.572,25784.307
2021-10-05,52.572,54.809,52.276,54.372,20892.16
2021-10-06,54.372,56.005,51.039,54.804,38184.68
2021-10-07,54.804,55.762,53.148,54.243,32077.629
2021-10-08,54.243,55.102,53.113,53.599,16011.672
2021-10-09,53.599,57.416,53.217,55.596,26129.158
2021-10-10,55.596,56.329,52.64,52.895,15503.723
2021-10-11,52.895,55.31,52.103,53.939,24086.287
2021-10-12,53.939,53.941,50.861,52.703,77328.973
2021-10-13,52.703,53.566,51.361,53.375,131988.739
2021-10-14,53.375,54.953,53.011,54.473,179638.222
2021-10-15,54.473,56.931,52.504,54.309,380174.195
2021-10-16,54.309,55.392,53.513,54.079,210029.293
2021-10-17,54.079,54.661,50.406,53.059,176617.435
2021-10-18,53.059,53.768,51.812,52.435,228240.018
2021-10-19,52.435,53.47,51.868,52.88,140646.161
2021-10-20,52.88,55.79,52.264,55.56,121896.872
2021-10-21,55.56,59.967,55.295,55.367,480051.471
2021-10-22,55.367,56.99,53.584,54.532,230723.672
2021-10-23,54.532,56.082,53.854,55.884,130126.322
2021-10-24,55.884,56.04,53.568,54.96,136681.678
2021-10-25,54.96,56.311,54.66,55.406,122465.767
2021-10-26,55.406,56.188,53.641,54.202,208835.841
2021-10-27,54.202,55.318,42.666,48.626,1110849.794
2021-10-28,48.626,52.66,48.36,52.207,552613.176
2021-10-29,52.207,54.074,51.755,53.68,192963.883
2021-10-30,53.68,53.959,51.613,52.85,102251.462
2021-10-31,52.85,58.708,52.184,54.355,625539.689
2021-11-01,54.355,55.123,52.364,53.881,198179.931
2021-11-02,53.881,55.773,53.252,55.183,108560.463
2021-11-03,55.183,57.124,53.268,55.481,370576.507
2021-11-04,55.481,56.219,52.537,53.692,161871.001
2021-11-05,53.692,54.078,52.58,53.124,101451.715
2021-11-06,53.124,53.504,50.684,52.836,85223.993
2021-11-07,52.836,54.515,52.524,53.997,62563.953
2021-11-08,53.997,56.705,53.764,56.609,105690.047
2021-11-09,56.609,65.03,55.804,60.837,617799.471
2021-11-10,60.837,64.33,52.4,56.713,432093.296
2021-11-11,56.713,58.015,55.368,56.744,125904.234
2021-11-12,56.744,57.703,53.714,55.476,121571.206
2021-11-13,55.476,56.632,54.82,56.308,74595.035
2021-11-14,56.308,56.871,54.777,56.129,37502.553
2021-11-15,56.129,56.683,54.243,54.792,46325.995
2021-11-16,54.792,54.804,47.324,50.83,222321.432
2021-11-17,50.83,51.466,49.207,51.241,120858.333
2021-11-18,51.241,51.758,46.847,48.461,165737.353
2021-11-19,48.461,50.83,47.833,50.682,114714.144
2021-11-20,50.682,51.338,49.132,51.059,51334.653
2021-11-21,51.059,51.776,49.911,50.448,51616.922
2021-11-22,50.448,50.496,47.744,48.593,88388.536
2021-11-23,48.593,49.829,47.911,49.567,64921.3
2021-11-24,49.567,49.758,47.18,48.282,72774.863
2021-11-25,48.282,53.454,47.892,50.489,170807.257
2021-11-26,50.489,50.664,44.764,46.652,138484.565
2021-11-27,46.652,47.693,46.373,46.808,49418.701
2021-11-28,46.808,47.53,44.596,47.525,111311.685
2021-11-29,47.525,48.932,47.038,48.204,39568.584
2021-11-30,48.204,50.041,46.825,48.251,96261.272
2021-12-01,48.251,49.567,47.059,47.837,64204.339
2021-12-02,47.837,47.854,46.337,47.022,47897.501
2021-12-03,47.022,47.77,43.428,44.882,86090.296
2021-12-04,44.882,45.007,27.41,39.336,506791.792
2021-12-05,39.336,40.683,36.731,38.802,334286.567
2021-12-06,38.802,39.884,35.109,39.327,323647.615
2021-12-07,39.327,40.458,38.718,39.599,119141.193
2021-12-08,39.599,41.839,38.813,40.903,189657.653
2021-12-09,40.903,41.35,37.362,37.522,121500.25
2021-12-10,37.522,38.906,36.238,36.372,165954.715
2021-12-11,36.372,38.276,35.626,37.946,103482.26
2021-12-12,37.946,38.376,36.817,37.916,37709.678
2021-12-13,37.916,38.1,33.584,34.188,116128.392
2021-12-14,34.188,36.476,33.745,35.416,157878.062
2021-12-15,35.416,36.625,33.271,36.122,136581.707
2021-12-16,36.122,36.778,35.053,35.148,69171.53
2021-12-17,35.148,35.474,33.304,34.302,93387.007
2021-12-18,34.302,35.505,33.804,35.017,62594.674
2021-12-19,35.017,36.209,34.756,34.852,58051.915
2021-12-20,34.852,35.41,33.522,34.525,101949.692
2021-12-21,34.525,35.504,34.343,35.336,38228.713
2021-12-22,35.336,36.508,35.166,35.679,55153.6
2021-12-23,35.679,37.695,35.176,37.521,64248.592
2021-12-24,37.521,38.397,37.019,37.379,63531.92
2021-12-25,37.379,38.759,37.175,38.075,35412.739
2021-12-26,38.075,38.319,36.985,37.923,37343.643
2021-12-27,37.923,38.671,37.546,37.579,26651.741
2021-12-28,37.579,37.601,34.57,34.922,93035.843
2021-12-29,34.922,35.439,33.777,34.126,132036.018
2021-12-30,34.126,35.017,33.546,34.572,64320.613
2021-12-31,34.572,35.642,33.464,34.05,62694.938
2022-01-01,34.05,34.897,34.043,34.856,26910.511
2022-01-02,34.856,35.874,34.325,35.39,27129.036
2022-01-03,35.39,35.39,34.159,34.707,36920.929
2022-01-04,34.707,34.99,33.861,34.134,39664.581
2022-01-05,34.134,34.798,30.477,31.894,105615.394
2022-01-06,31.894,32.122,30.68,31.633,110276.275
2022-01-07,31.633,31.729,29.2,30.427,157282.815
2022-01-08,30.427,31.027,28.412,29.334,99904.633
2022-01-09,29.334,30.248,29.133,29.718,36749.321
2022-01-10,29.718,30.045,27.278,28.478,187361.48
2022-01-11,28.478,30.007,28.37,29.646,58214.969
2022-01-12,29.646,31.193,29.542,31.15,49429.297
2022-01-13,31.15,31.904,30.108,30.401,57901.401
2022-01-14,30.398,33.45,30.301,31.965,161215.853
2022-01-15,31.965,33.374,31.816,32.835,71316.029
2022-01-16,32.835,32.84,31.986,32.295,36836.429
2022-01-17,32.295,32.397,30.485,30.992,77639.973
2022-01-18,30.992,34.119,30.694,32.652,286264.226
2022-01-19,32.652,34.695,31.285,31.285,242564.439
2022-01-20,31.285,32.0,29.064,29.339,113964.441
2022-01-21,29.339,29.684,25.251,25.928,409936.484
2022-01-22,25.928,26.42,21.255,24.176,771457.219
2022-01-23,24.176,25.248,23.53,25.14,334347.114
2022-01-24,25.14,25.14,21.734,24.1,529052.856
2022-01-25,24.1,24.265,23.235,24.029,221428.01
2022-01-26,24.029,26.287,23.602,24.274,265984.359
2022-01-27,24.274,24.743,23.319,24.301,252758.832
2022-01-28,24.301,25.228,23.871,25.159,178590.733
2022-01-29,25.159,25.678,24.83,25.318,77720.011
2022-01-30,25.318,25.869,24.546,24.916,93651.526
2022-01-31,24.916,25.711,24.009,25.658,122400.413
2022-02-01,25.658,26.905,25.406,26.769,100105.51
2022-02-02,26.769,28.457,26.185,26.279,171762.361
2022-02-03,26.279,28.107,25.675,27.886,178001.865
2022-02-04,27.886,29.815,27.444,29.685,147905.839
2022-02-05,29.685,29.937,28.712,29.406,120842.721
2022-02-06,29.406,30.12,28.887,29.888,102110.387
2022-02-07,29.888,33.145,29.327,32.637,231422.961
2022-02-08,32.637,33.194,30.39,32.006,203468.552
2022-02-09,32.006,34.855,31.268,33.776,225016.194
2022-02-10,33.776,36.884,33.556,34.383,275312.892
2022-02-11,34.383,37.491,31.882,32.708,443925.003
2022-02-12,32.708,33.33,31.066,31.655,341263.896
2022-02-13,31.655,34.065,31.49,32.462,316126.248
2022-02-14,32.462,33.281,30.413,31.391,273939.099
2022-02-15,31.391,33.658,31.137,33.476,153395.605
2022-02-16,33.476,33.483,31.5,32.232,101818.655
2022-02-17,32.232,32.64,28.931,29.402,173492.603
2022-02-18,29.402,30.387,28.279,28.979,197285.447
2022-02-19,28.979,29.194,27.652,28.692,125211.654
2022-02-20,28.692,28.719,26.871,27.268,257243.771
2022-02-21,27.268,28.39,24.816,24.98,423929.658
2022-02-22,24.98,26.832,24.484,26.661,389002.867
2022-02-23,26.661,28.157,26.244,26.514,282795.236
2022-02-24,26.514,27.234,23.358,26.571,731118.935
2022-02-25,26.571,28.422,25.913,27.937,185483.659
2022-02-26,27.937,29.681,27.845,28.846,169436.559
2022-02-27,28.846,29.239,26.935,27.347,156143.398
2022-02-28,27.347,30.739,26.899,30.571,148310.083
2022-03-01,30.571,31.372,29.454,30.319,154774.029
2022-03-02,30.319,30.59,29.1,29.521,164187.079
2022-03-03,29.521,31.548,28.979,30.232,274409.902
2022-03-04,30.232,30.87,26.979,27.599,359257.115
2022-03-05,27.599,28.076,26.67,27.82,197883.693
2022-03-06,27.82,28.059,26.503,26.557,340553.932
2022-03-07,26.557,27.423,25.256,26.145,470742.856
2022-03-08,26.145,26.945,25.939,26.704,443957.434
2022-03-09,26.704,28.687,26.497,28.083,358021.09
2022-03-10,28.083,28.643,26.153,26.681,499226.794
2022-03-11,26.681,26.972,25.944,26.471,322736.036
2022-03-12,26.471,26.988,26.26,26.282,190093.575
2022-03-13,26.282,26.658,25.173,25.374,149199.247
2022-03-14,25.374,26.119,25.04,25.914,233348.201
2022-03-15,25.914,26.248,25.116,25.866,191160.725
2022-03-16,25.866,27.567,25.693,27.35,547660.255
2022-03-17,27.35,27.51,26.751,27.147,60466.599
2022-03-18,27.147,28.306,26.54,28.055,101058.636
2022-03-19,28.055,34.304,28.05,33.935,542994.0
2022-03-20,33.935,40.895,32.876,38.12,987473.627
2022-03-21,38.12,39.859,36.205,38.425,693051.51
2022-03-22,38.425,46.818,38.192,45.855,424990.668
2022-03-23,45.855,48.933,43.32,45.177,825456.598
2022-03-24,45.177,50.614,42.736,48.481,1121326.987
2022-03-25,48.481,49.885,45.27,48.082,808092.824
2022-03-26,48.082,48.716,46.684,47.166,396989.811
2022-03-27,47.166,48.517,44.733,47.994,387355.823
2022-03-28,47.994,51.272,46.447,47.114,692959.744
2022-03-29,47.114,52.515,47.072,49.269,628105.995
2022-03-30,49.269,51.538,48.371,49.626,342021.358
2022-03-31,49.626,50.874,45.942,47.449,272360.191
2022-04-01,47.449,48.106,42.953,47.188,217576.443
2022-04-02,47.188,48.327,45.127,45.48,119708.882
2022-04-03,45.48,47.9,44.47,46.696,123254.98
2022-04-04,46.696,48.632,44.575,46.78,166883.452
2022-04-05,46.78,46.968,44.227,44.401,64142.598
2022-04-06,44.401,44.558,38.208,38.429,372733.2
2022-04-07,38.429,44.656,38.112,43.492,318820.87
2022-04-08,43.492,44.021,39.786,40.512,146412.078
2022-04-09,40.512,42.978,40.407,41.927,114725.142
2022-04-10,41.927,42.578,40.176,40.287,74891.426
2022-04-11,40.287,40.519,35.808,36.975,195072.111
2022-04-12,36.975,39.073,36.477,38.09,168335.763
2022-04-13,38.09,38.806,36.735,38.514,84702.516
2022-04-14,38.514,39.156,36.412,37.047,71402.496
2022-04-15,37.047,37.59,36.613,37.349,37779.974
2022-04-16,37.349,38.732,37.016,38.169,55687.446
2022-04-17,38.169,38.441,36.471,36.581,46702.928
2022-04-18,36.581,37.052,34.54,36.862,105801.411
2022-04-19,36.862,37.942,36.18,37.794,49143.814
2022-04-20,37.794,38.119,35.974,36.511,64713.909
2022-04-21,36.511,37.791,34.25,34.902,77224.001
2022-04-22,34.902,35.863,34.554,35.529,78415.757
2022-04-23,35.529,35.675,34.365,34.548,29731.789
2022-04-24,34.548,34.862,33.434,33.656,65982.852
2022-04-25,33.656,34.095,31.411,33.614,130624.171
2022-04-26,33.614,33.893,29.918,30.667,83620.034
2022-04-27,30.667,31.655,30.236,31.261,71191.303
2022-04-28,31.261,31.811,30.405,31.137,73297.964
2022-04-29,31.137,31.425,28.645,29.204,74511.793
2022-04-30,29.204,29.588,24.527,25.931,136032.106
2022-05-01,25.931,28.002,25.788,27.638,113559.646
2022-05-02,27.638,28.322,26.603,27.421,81089.579
2022-05-03,27.421,28.0,26.486,26.831,37103.457
2022-05-04,26.831,30.771,26.78,30.646,109343.124
2022-05-05,30.646,33.088,27.461,28.299,335070.422
2022-05-06,28.299,28.645,27.008,27.934,198074.435
2022-05-07,27.934,27.991,26.241,26.834,80700.148
2022-05-08,26.834,27.196,26.131,26.507,142045.966
2022-05-09,26.507,27.199,22.511,22.707,444646.603
2022-05-10,22.707,25.518,21.991,23.878,657547.135
2022-05-11,23.878,24.415,18.675,19.945,1247901.634
2022-05-12,19.945,20.826,16.045,18.879,1405286.724
2022-05-13,18.879,21.829,18.675,20.468,442678.463
2022-05-14,20.468,21.358,19.545,21.068,201129.837
2022-05-15,21.068,22.17,20.415,22.139,101360.641
2022-05-16,22.139,22.804,20.348,20.898,175466.392
2022-05-17,20.898,21.879,20.674,21.76,93001.091
2022-05-18,21.76,21.954,19.764,19.777,113359.876
2022-05-19,19.777,21.018,19.422,20.885,112135.656
2022-05-20,20.885,21.2,19.725,20.161,98213.98
2022-05-21,20.161,20.536,19.864,20.351,39200.679
2022-05-22,20.351,21.239,20.149,21.078,43677.614
2022-05-23,21.078,24.156,20.666,21.84,257405.256
2022-05-24,21.84,24.44,21.046,24.186,280452.427
2022-05-25,24.186,25.658,23.507,23.727,297182.306
2022-05-26,23.727,23.935,20.78,21.889,241656.714
2022-05-27,21.889,23.389,21.484,22.505,412532.235
2022-05-28,22.505,23.09,22.32,22.742,90733.195
2022-05-29,22.742,23.81,22.197,23.654,63703.188
2022-05-30,23.654,24.983,23.425,24.832,93297.396
2022-05-31,24.832,25.149,22.986,23.771,136370.944
2022-06-01,23.771,24.215,21.479,22.011,162700.994
2022-06-02,22.011,22.518,21.609,22.428,104571.137
2022-06-03,22.428,22.63,21.286,21.851,99921.173
2022-06-04,21.851,22.059,21.535,21.977,63024.746
2022-06-05,21.977,22.184,21.675,21.813,38624.269
2022-06-06,21.813,23.411,21.768,22.529,100495.46
2022-06-07,22.529,22.529,20.851,21.549,140648.407
2022-06-08,21.549,21.83,21.027,21.284,84022.808
2022-06-09,21.284,21.658,20.96,21.175,51802.218
2022-06-10,21.175,21.378,19.779,19.996,144131.903
2022-06-11,19.996,20.39,17.886,18.184,198587.668
2022-06-12,18.184,18.399,16.563,16.568,331750.831
2022-06-13,16.568,16.888,13.969,14.481,1077187.151
2022-06-14,14.481,15.126,13.106,14.571,744437.643
2022-06-15,14.571,16.056,12.924,15.877,845426.793
2022-06-16,15.877,16.067,13.584,13.821,525279.147
2022-06-17,13.821,14.586,13.719,14.344,324439.768
2022-06-18,14.344,14.59,12.478,13.672,515552.999
2022-06-19,13.672,15.587,13.273,15.369,415959.976
2022-06-20,15.369,16.537,14.551,16.23,432764.867
2022-06-21,16.23,16.959,15.814,16.143,335878.967
2022-06-22,16.143,16.166,15.053,15.191,328428.386
2022-06-23,15.191,16.042,15.132,15.927,200819.513
2022-06-24,15.927,16.818,15.861,16.416,195904.932
2022-06-25,16.416,16.698,15.782,16.544,140835.744
2022-06-26,16.544,17.977,16.042,16.685,241993.475
2022-06-27,16.685,17.529,16.161,16.521,328764.445
2022-06-28,16.521,16.826,15.323,15.433,242082.404
2022-06-29,15.433,15.706,14.925,15.217,251123.824
2022-06-30,15.217,15.303,14.145,14.994,267154.622
2022-07-01,14.994,15.385,14.283,14.631,236140.962
2022-07-02,14.631,14.946,14.294,14.762,136268.098
2022-07-03,14.762,15.005,14.352,14.807,93818.736
2022-07-04,14.807,15.465,14.412,15.4,201027.435
2022-07-05,15.4,15.497,14.417,14.925,329735.818
2022-07-06,14.925,15.368,14.735,15.215,326584.926
2022-07-07,15.215,16.012,15.082,15.877,126480.799
2022-07-08,15.877,16.35,15.392,15.571,196612.021
2022-07-09,15.571,16.013,15.558,15.843,115268.865
2022-07-10,15.843,15.856,14.978,15.135,176998.624
2022-07-11,15.135,15.135,14.119,14.195,370205.278
2022-07-12,14.195,14.369,13.795,13.834,401172.325
2022-07-13,13.834,14.44,13.339,14.417,874834.743
2022-07-14,14.417,14.811,13.933,14.736,526427.645
2022-07-15,14.736,15.335,14.548,15.055,532965.228
2022-07-16,15.055,17.499,14.642,17.303,1006516.688
2022-07-17,17.303,20.589,16.845,19.259,2466254.319
2022-07-18,19.259,25.649,19.217,25.256,2400010.008
2022-07-19,25.256,27.89,24.221,25.245,3285658.967
2022-07-20,25.245,25.835,23.099,23.347,2231184.847
2022-07-21,23.347,26.387,22.153,26.273,1698525.277
2022-07-22,26.273,26.924,24.124,24.885,1351674.539
2022-07-23,24.885,28.135,24.545,25.51,1917101.448
2022-07-24,25.51,26.672,25.302,25.537,1140061.961
2022-07-25,25.537,25.774,23.12,23.253,1448343.669
2022-07-26,23.253,25.247,22.776,25.188,1056669.216
2022-07-27,25.188,33.6,24.888,32.923,2116834.361
2022-07-28,32.923,42.421,31.992,40.823,2341709.48
2022-07-29,40.823,45.371,37.627,40.443,1788473.177
2022-07-30,40.443,41.875,38.194,39.444,729845.1
2022-07-31,39.444,41.466,35.716,36.342,541387.072
2022-08-01,36.342,37.649,33.686,34.957,521387.045
2022-08-02,34.957,38.796,32.183,36.507,1072684.143
2022-08-03,36.507,38.499,35.229,35.962,495751.066
2022-08-04,35.962,37.081,34.124,34.784,344854.361
2022-08-05,34.784,38.595,34.675,38.305,392522.986
2022-08-06,38.305,39.473,37.223,37.814,252968.594
2022-08-07,37.814,38.569,36.643,37.719,391321.373
2022-08-08,37.719,39.748,36.824,38.023,685000.753
2022-08-09,38.023,38.298,35.511,36.418,609635.082
2022-08-10,36.418,39.498,36.113,38.813,1319873.15
2022-08-11,38.813,44.546,38.266,42.083,1760751.833
2022-08-12,42.083,43.812,41.072,43.382,893497.91
2022-08-13,43.382,45.674,42.847,43.553,614463.127
2022-08-14,43.553,44.287,40.539,41.537,578441.551
2022-08-15,41.537,43.565,40.071,41.924,800049.429
2022-08-16,41.924,42.287,39.406,39.898,776603.425
2022-08-17,39.898,42.551,38.781,40.293,1065908.475
2022-08-18,40.293,41.85,39.039,39.545,888088.473
2022-08-19,39.545,39.671,32.337,32.911,2763850.59
2022-08-20,32.911,34.584,31.261,32.753,1330492.625
2022-08-21,32.753,34.158,32.131,33.668,823248.135
2022-08-22,33.668,34.12,31.252,34.039,964064.139
2022-08-23,34.039,34.712,32.246,34.334,728406.347
2022-08-24,34.334,36.877,32.894,35.293,881705.111
2022-08-25,35.293,38.089,35.211,37.126,852374.579
2022-08-26,37.126,38.343,33.469,33.902,1759096.275
2022-08-27,33.902,34.414,31.983,33.029,976803.733
2022-08-28,33.029,33.415,30.552,30.945,731398.375
2022-08-29,30.945,33.766,30.348,33.524,1012519.815
2022-08-30,33.524,34.347,31.361,32.334,841319.78
2022-08-31,32.334,33.749,31.895,32.426,957074.627
2022-09-01,32.426,32.976,31.059,32.906,532677.417
2022-09-02,32.906,33.898,31.904,32.454,475849.406
2022-09-03,32.454,32.707,31.915,32.235,135886.054
2022-09-04,32.235,32.514,31.566,32.456,166909.437
2022-09-05,32.456,40.078,31.568,39.656,1400342.98
2022-09-06,39.656,42.281,34.187,34.389,2834490.988
2022-09-07,34.389,38.036,33.107,37.277,1975192.834
2022-09-08,37.277,37.779,35.493,37.107,1473462.036
2022-09-09,37.107,40.021,36.638,39.158,1093846.72
2022-09-10,39.158,40.36,38.03,39.254,812062.286
2022-09-11,39.254,39.438,37.612,38.543,431265.39
2022-09-12,38.543,40.507,37.17,38.438,1147553.997
2022-09-13,38.438,38.977,34.645,35.295,1451397.271
2022-09-14,35.295,39.769,35.083,39.24,1810383.47
2022-09-15,39.24,39.744,35.131,35.676,3260067.083
2022-09-16,35.676,35.778,32.771,34.096,1577405.519
2022-09-17,34.096,34.925,33.515,34.436,571835.955
2022-09-18,34.436,34.469,29.049,29.535,1130535.261
2022-09-19,29.535,30.912,27.423,30.386,2111031.099
2022-09-20,30.386,30.555,28.68,29.114,1159973.258
2022-09-21,29.114,30.659,27.001,27.722,2375924.447
2022-09-22,27.722,28.913,27.634,28.63,735252.291
2022-09-23,28.63,29.464,27.237,28.88,1204044.941
2022-09-24,28.88,29.647,28.325,28.673,635434.129
2022-09-25,28.673,29.487,27.96,28.366,640782.997
2022-09-26,28.366,28.569,27.508,28.477,617986.098
2022-09-27,28.477,30.268,27.594,28.102,957171.512
2022-09-28,28.102,28.278,26.644,27.621,835022.916
2022-09-29,27.621,28.254,27.075,27.802,533061.479
2022-09-30,27.802,28.305,27.29,27.742,498925.931
2022-10-01,27.742,27.889,27.291,27.544,148752.568
2022-10-02,27.544,27.759,26.749,26.935,256500.266
2022-10-03,26.935,27.653,26.544,27.427,354380.358
2022-10-04,27.427,28.093,27.296,27.906,280903.112
2022-10-05,27.906,28.007,27.142,27.628,204848.285
2022-10-06,27.628,28.955,27.623,27.834,508580.631
2022-10-07,27.834,27.878,27.119,27.503,301171.144
2022-10-08,27.503,27.621,26.675,26.974,218546.793
2022-10-09,26.974,27.185,26.771,26.962,191813.534
2022-10-10,26.962,27.158,23.097,24.227,1217916.39
2022-10-11,24.227,24.275,23.548,23.742,683627.348
2022-10-12,23.742,24.51,23.511,23.794,514105.865
2022-10-13,23.794,23.927,20.615,22.977,2499609.957
2022-10-14,22.977,24.583,22.832,23.137,1069019.458
2022-10-15,23.137,23.289,22.542,22.774,409889.008
2022-10-16,22.774,23.405,22.742,23.111,440660.168
2022-10-17,23.111,23.996,22.903,23.836,369225.16
2022-10-18,23.836,24.185,22.876,23.401,398821.894
2022-10-19,23.401,23.477,22.135,22.343,287346.082
2022-10-20,22.343,22.87,21.377,21.676,388102.092
2022-10-21,21.676,22.141,20.83,22.029,538824.893
2022-10-22,22.029,23.48,21.692,23.227,685661.917
2022-10-23,23.227,23.669,22.637,23.438,480739.064
2022-10-24,23.438,23.557,22.311,22.659,381520.5
2022-10-25,22.659,25.787,22.332,24.672,1120157.691
2022-10-26,24.672,26.215,24.452,25.493,656850.571
2022-10-27,25.493,25.82,24.664,24.745,582207.079
2022-10-28,24.745,25.722,24.147,25.487,367197.207
2022-10-29,25.487,26.845,25.297,25.878,424356.206
2022-10-30,25.878,25.928,24.247,24.513,210110.972
2022-10-31,24.513,24.982,23.79,24.243,256485.634
2022-11-01,24.243,24.744,23.855,24.024,172499.7
2022-11-02,24.024,24.576,22.262,22.947,599329.074
2022-11-03,22.947,24.879,22.866,24.014,333393.005
2022-11-04,24.014,26.033,23.914,25.773,513710.825
2022-11-05,25.773,26.987,25.597,26.516,432118.237
2022-11-06,26.516,27.217,24.711,24.822,377242.89
2022-11-07,24.822,25.698,24.391,25.036,259837.69
2022-11-08,25.036,25.286,19.812,21.884,1996824.658
2022-11-09,21.884,22.128,17.7,18.36,3116451.091
2022-11-10,18.36,22.93,18.067,22.006,2920380.749
2022-11-11,22.006,22.266,20.425,21.541,988113.906
2022-11-12,21.541,21.57,20.191,20.481,268714.785
2022-11-13,20.481,20.915,19.445,19.915,355015.912
2022-11-14,19.915,20.749,18.812,20.486,668324.06
2022-11-15,20.486,20.939,20.13,20.563,302617.236
2022-11-16,20.563,20.677,19.524,19.919,408639.902
2022-11-17,19.919,20.058,19.17,19.678,339370.597
2022-11-18,19.678,20.049,19.283,19.552,190603.131
2022-11-19,19.552,19.731,18.945,19.514,190291.501
2022-11-20,19.514,19.727,18.04,18.157,299232.247
2022-11-21,18.157,18.452,17.151,18.017,547552.731
2022-11-22,18.017,18.653,17.424,18.483,473366.935
2022-11-23,18.483,20.417,18.239,20.336,838131.148
2022-11-24,20.336,20.838,19.874,20.206,547353.235
2022-11-25,20.206,20.608,19.64,20.065,219845.241
2022-11-26,20.065,20.966,19.708,19.907,223733.32
2022-11-27,19.907,20.378,19.713,19.822,184190.161
2022-11-28,19.822,19.909,18.384,19.324,698262.647
2022-11-29,19.324,19.837,19.101,19.521,305525.415
2022-11-30,19.521,20.49,19.465,20.286,411380.898
2022-12-01,20.286,20.314,19.648,19.752,408695.458
2022-12-02,19.752,19.913,19.306,19.865,701826.217
2022-12-03,19.865,19.944,19.124,19.228,541081.211
2022-12-04,19.228,19.601,19.203,19.492,485294.345
2022-12-05,19.492,20.241,19.161,19.443,1149194.066
2022-12-06,19.443,19.581,19.218,19.556,540437.992
2022-12-07,19.556,19.639,18.561,18.719,601508.927
2022-12-08,18.719,19.258,18.537,19.174,441503.983
2022-12-09,19.174,19.463,18.963,19.167,255200.798
2022-12-10,19.167,19.354,19.011,19.147,144724.761
2022-12-11,19.147,19.433,18.76,18.897,199217.848
2022-12-12,18.897,18.938,18.0,18.556,330518.966
2022-12-13,18.556,19.752,17.901,19.266,491286.208
2022-12-14,19.266,19.476,18.723,18.774,235100.904
2022-12-15,18.774,18.869,17.986,18.191,210241.822
2022-12-16,18.191,18.349,15.599,15.934,765346.261
2022-12-17,15.934,16.283,15.746,16.196,590154.104
2022-12-18,16.196,16.246,15.771,15.944,272895.008
2022-12-19,15.944,16.168,14.7,15.206,660638.865
2022-12-20,15.206,16.086,15.093,15.935,347912.341
2022-12-21,15.935,16.749,15.518,16.637,397133.398
2022-12-22,16.637,16.75,15.848,16.485,269884.216
2022-12-23,16.485,16.526,16.292,16.398,130129.884
2022-12-24,16.398,16.489,16.334,16.456,56722.601
2022-12-25,16.456,16.488,15.862,16.196,205972.425
2022-12-26,16.196,16.307,16.012,16.255,202153.535
2022-12-27,16.255,16.333,15.602,15.864,266662.766
2022-12-28,15.864,15.89,14.953,15.109,484957.561
2022-12-29,15.109,16.087,14.869,15.698,469189.657
2022-12-30,15.698,15.884,15.311,15.543,173581.167
2022-12-31,15.543,15.946,15.501,15.693,79642.093
2023-01-01,15.693,15.849,15.601,15.787,50956.94
2023-01-02,15.787,16.253,15.473,16.121,113171.133
2023-01-03,16.121,16.196,15.648,15.896,93745.36
2023-01-04,15.896,19.793,15.845,19.2,589051.01
2023-01-05,19.2,19.486,18.06,18.225,270135.177
2023-01-06,18.225,20.768,17.699,20.428,142176.097
2023-01-07,20.428,20.537,19.842,20.006,66074.671
2023-01-08,20.006,20.502,19.576,20.381,63854.842
2023-01-09,20.381,21.774,19.916,20.121,148321.336
2023-01-10,20.121,20.428,19.66,20.231,60463.118
2023-01-11,20.231,20.616,19.462,20.504,55617.712
2023-01-12,20.504,21.319,19.681,20.87,101630.643
2023-01-13,20.87,22.002,20.6,21.61,72614.959
2023-01-14,21.61,23.871,21.228,22.509,134209.261
2023-01-15,22.509,22.884,21.476,22.407,57669.225
2023-01-16,22.407,22.872,21.219,21.875,56264.024
2023-01-17,21.875,22.545,21.637,21.83,139351.9
2023-01-18,21.83,22.523,20.059,20.346,313383.895
2023-01-19,20.346,20.808,20.295,20.736,154750.927
2023-01-20,20.736,22.659,20.525,22.455,283410.521
2023-01-21,22.455,22.9,21.684,21.793,331288.481
2023-01-22,21.793,23.63,21.624,22.533,409716.147
2023-01-23,22.533,23.85,22.182,22.775,420197.429
2023-01-24,22.775,22.991,20.829,21.195,263808.606
2023-01-25,21.195,22.382,20.595,21.838,346107.03
2023-01-26,21.838,22.334,21.478,21.979,331146.522
2023-01-27,21.979,22.262,21.269,21.991,196725.517
2023-01-28,21.991,22.217,21.508,21.687,188666.831
2023-01-29,21.687,22.821,21.538,22.748,196712.104
2023-01-30,22.748,23.573,20.821,21.345,103719.307
2023-01-31,21.345,21.962,21.202,21.703,116510.817
2023-02-01,21.703,22.499,21.001,22.359,230980.433
2023-02-02,22.359,24.16,21.926,22.421,208328.684
2023-02-03,22.421,23.858,22.27,23.168,229179.463
2023-02-04,23.168,24.914,23.062,23.797,207386.705
2023-02-05,23.797,24.049,22.426,22.867,148160.704
2023-02-06,22.867,23.06,21.944,22.127,92695.864
2023-02-07,22.127,23.287,22.071,23.204,86149.135
2023-02-08,23.204,23.368,22.123,22.639,103172.245
2023-02-09,22.639,22.894,20.379,20.898,196318.803
2023-02-10,20.898,21.376,20.707,20.991,138469.667
2023-02-11,20.991,21.497,20.942,21.48,42019.846
2023-02-12,21.48,21.63,20.723,21.058,50982.071
2023-02-13,21.058,21.17,19.993,20.644,113066.252
2023-02-14,20.644,21.249,20.253,21.213,96315.476
2023-02-15,21.213,22.479,20.878,22.464,120553.414
2023-02-16,22.464,22.828,21.309,21.353,226898.663
2023-02-17,21.353,22.604,21.23,22.409,182931.461
2023-02-18,22.409,23.154,22.118,22.633,157875.43
2023-02-19,22.633,23.309,22.241,22.509,115174.981
2023-02-20,22.509,23.694,21.783,23.166,44286.036
2023-02-21,23.166,24.218,22.393,22.827,32555.143
2023-02-22,22.827,22.902,21.742,22.475,16850.125
2023-02-23,22.475,22.69,21.849,22.108,10384.64
2023-02-24,22.108,22.246,20.75,21.109,11715.485
2023-02-25,21.109,21.241,20.332,20.988,7332.34
2023-02-26,20.988,21.547,20.844,21.422,4558.061
2023-02-27,21.422,21.598,20.834,21.311,7188.214
2023-02-28,21.311,21.467,20.567,20.739,6190.939
2023-03-01,20.739,21.435,20.695,21.28,5097.473
2023-03-02,21.28,21.368,20.564,21.099,6443.988
2023-03-03,21.099,21.102,19.0,20.378,14670.64
2023-03-04,20.378,20.433,19.49,19.948,6955.971
2023-03-05,19.948,20.395,19.645,19.769,6372.125
2023-03-06,19.769,19.793,19.119,19.651,7639.344
2023-03-07,19.651,19.823,18.838,19.215,8189.26
2023-03-08,19.215,19.271,17.949,18.236,11123.923
2023-03-09,18.236,18.597,16.645,17.063,18156.572
2023-03-10,17.063,17.511,16.173,17.405,26285.555
2023-03-11,17.405,17.852,16.5,17.158,22514.225
2023-03-12,17.158,18.77,16.833,18.695,15643.53
2023-03-13,18.695,20.11,18.695,19.554,57815.728
2023-03-14,19.554,20.951,19.055,20.205,25878.488
2023-03-15,20.205,20.559,18.022,18.387,28880.939
2023-03-16,18.387,18.886,18.147,18.734,19418.106
2023-03-17,18.734,20.313,18.509,20.281,21139.897
2023-03-18,20.281,22.5,20.177,20.724,48708.727
2023-03-19,20.724,21.7,20.713,21.033,19523.288
2023-03-20,21.03,21.28,19.39,19.56,30772.701
2023-03-21,19.56,21.14,19.2,20.89,17459.862
2023-03-22,20.89,21.03,19.34,20.04,18055.671
2023-03-23,20.04,21.27,19.96,20.78,9392.534
2023-03-24,20.78,20.88,19.7,20.2,339108.386
2023-03-25,20.2,20.6,19.54,20.02,5558.012
2023-03-26,20.02,20.46,19.95,20.32,4492.468
2023-03-27,20.32,20.37,19.0,19.67,15063.711
2023-03-28,19.67,20.24,19.54,20.17,11870.758
2023-03-29,20.17,21.06,20.06,20.68,11897.123
2023-03-30,20.68,20.94,19.99,20.27,19974.076
2023-03-31,20.27,20.85,20.0,20.75,8119.107
2023-04-01,20.75,21.62,20.48,21.24,15489.552
2023-04-02,21.24,21.3,20.18,20.43,24510.849
2023-04-03,20.43,20.91,19.86,20.69,17423.149
2023-04-04,20.69,21.49,20.37,21.11,12763.028
2023-04-05,21.11,21.55,20.59,21.13,9512.95
2023-04-06,21.13,21.14,20.47,20.69,6725.296
2023-04-07,20.69,20.8,20.17,20.46,4654.883
2023-04-08,20.46,20.61,20.22,20.36,3332.93
2023-04-09,20.36,20.7,20.19,20.55,4288.293
2023-04-10,20.55,21.06,20.26,21.0,5609.645
2023-04-11,21.0,22.2,20.85,21.46,16667.274
2023-04-12,21.46,22.57,20.62,22.05,22811.145
2023-04-13,22.05,22.76,21.56,22.42,18751.405
2023-04-14,22.42,23.1,21.83,22.41,27130.403
2023-04-15,22.41,22.48,21.92,22.07,5331.377
2023-04-16,22.07,22.47,21.85,22.27,7003.132
2023-04-17,22.27,22.29,21.47,21.72,9213.836
2023-04-18,21.72,22.23,21.35,21.85,6065.971
2023-04-19,21.85,21.88,19.98,20.29,11378.456
2023-04-20,20.29,20.68,19.74,20.07,10659.336
2023-04-21,20.07,20.23,19.04,19.33,22993.902
2023-04-22,19.33,20.49,19.3,20.19,10338.101
2023-04-23,20.19,20.26,19.37,19.72,21215.11
2023-04-24,19.72,20.02,19.09,19.41,8205.149
2023-04-25,19.41,20.03,19.09,19.8,10007.195
2023-04-26,19.8,20.36,18.52,19.33,31395.324
2023-04-27,19.33,20.04,19.28,19.82,19201.289
2023-04-28,19.82,19.88,19.4,19.75,5320.462
2023-04-29,19.75,19.99,19.68,19.81,3784.003
2023-04-30,19.81,19.98,19.31,19.41,5855.932
2023-05-01,19.41,19.55,18.88,19.21,6336.63
2023-05-02,19.21,19.36,18.92,19.25,14304.785
2023-05-03,19.25,19.78,18.82,19.55,36937.336
2023-05-04,19.55,19.59,19.14,19.3,3762.383
2023-05-05,19.3,19.72,19.15,19.62,5437.159
2023-05-06,19.62,19.75,18.73,18.94,7590.208
2023-05-07,18.94,19.12,18.65,18.75,2138.818
2023-05-08,18.75,18.82,17.42,18.23,3207.346
2023-05-09,18.23,19.23,18.07,18.74,6557.806
2023-05-10,18.74,19.32,17.95,18.8,5062.227
2023-05-11,18.8,18.98,17.77,18.1,2575.026
2023-05-12,18.1,18.25,17.6,18.22,1999.443
2023-05-13,18.22,18.28,17.99,18.12,1497.591
2023-05-14,18.12,18.35,17.97,18.12,1932.186
2023-05-15,18.12,18.48,17.91,18.3,2892.979
2023-05-16,18.3,18.37,18.03,18.29,2972.83
2023-05-17,18.29,18.69,18.2,18.54,1755.206
2023-05-18,18.54,18.73,17.89,18.35,2059.621
2023-05-19,18.35,18.49,18.24,18.32,1254.468
2023-05-20,18.32,18.44,18.16,18.34,1484.473
2023-05-21,18.34,18.4,17.85,17.95,2719.403
2023-05-22,17.95,18.49,17.77,18.23,2992.472
2023-05-23,18.23,18.54,18.15,18.37,2099.55
2023-05-24,18.37,18.4,17.57,17.78,2130.324
2023-05-25,17.78,17.84,17.4,17.73,2000.693
2023-05-26,17.73,18.29,17.63,18.04,3924.671
2023-05-27,18.04,18.22,17.89,18.18,3351.803
2023-05-28,18.18,18.68,18.14,18.53,2915.448
2023-05-29,18.53,18.62,18.22,18.36,4132.347
2023-05-30,18.36,18.47,18.18,18.28,2793.227
2023-05-31,18.28,18.34,17.83,18.01,3630.465
2023-06-01,18.01,18.07,17.66,17.82,1671.833
2023-06-02,17.82,18.21,17.73,18.14,2032.9
2023-06-03,18.14,18.33,18.04,18.13,2582.43
2023-06-04,18.13,18.4,18.09,18.2,2490.235
2023-06-05,18.2,18.24,16.64,17.01,6747.452
2023-06-06,17.01,17.7,16.93,17.57,2571.616
2023-06-07,17.57,17.64,16.76,16.9,3534.795
2023-06-08,16.9,17.1,16.77,16.98,2962.964
2023-06-09,16.98,17.19,16.8,16.96,4459.367
2023-06-10,16.96,16.98,12.24,15.09,11746.443
2023-06-11,15.09,15.37,14.84,15.08,2233.273
2023-06-12,15.08,15.28,14.72,15.16,2505.723
2023-06-13,15.16,15.53,15.01,15.28,6046.512
2023-06-14,15.28,15.37,14.38,14.74,3541.331
2023-06-15,14.74,15.18,14.69,15.07,2571.721
2023-06-16,15.07,15.29,14.76,15.24,2772.954
2023-06-17,15.24,15.57,15.11,15.35,3311.289
2023-06-18,15.35,15.54,15.03,15.23,3012.708
2023-06-19,15.23,15.46,15.1,15.39,3363.196
2023-06-20,15.39,15.84,15.0,15.8,3976.338
2023-06-21,15.8,16.96,15.74,16.78,8546.992
2023-06-22,16.78,17.51,16.4,16.61,4506.298
2023-06-23,16.61,19.16,16.61,18.89,19297.916
2023-06-24,18.89,19.74,18.0,19.2,16476.953
2023-06-25,19.2,19.56,18.12,18.36,5270.013
2023-06-26,18.36,19.48,17.75,18.63,44806.967
2023-06-27,18.63,18.91,18.28,18.68,21086.261
2023-06-28,18.68,18.71,17.0,17.48,16892.518
2023-06-29,17.48,18.57,17.47,18.03,32304.422
2023-06-30,18.03,21.16,17.94,20.88,65107.275
2023-07-01,20.88,23.3,20.61,20.88,29441.25
2023-07-02,20.88,20.9,19.7,20.4,9996.606
2023-07-03,20.4,20.74,19.83,20.06,9058.944
2023-07-04,20.06,20.43,19.24,19.52,4929.348
2023-07-05,19.52,19.74,18.59,19.37,14344.068
2023-07-06,19.37,20.12,18.64,18.73,19026.463
2023-07-07,18.73,19.3,18.54,19.2,2735.246
2023-07-08,19.2,19.34,18.66,19.01,1819.934
2023-07-09,19.01,19.15,18.53,18.62,2589.211
2023-07-10,18.62,19.36,18.07,18.95,5458.21
2023-07-11,18.95,19.05,18.6,18.88,2503.013
2023-07-12,18.88,19.23,18.52,18.78,4543.683
2023-07-13,18.78,20.25,18.6,20.2,9849.13
2023-07-14,20.2,20.34,18.41,19.07,17264.301
2023-07-15,19.07,19.77,18.96,19.26,16549.566
2023-07-16,19.26,19.42,18.71,18.78,10208.256
2023-07-17,18.78,19.19,18.53,19.07,5719.85
2023-07-18,19.07,19.17,18.5,18.74,18344.547
2023-07-19,18.74,19.09,18.71,18.77,10745.504
2023-07-20,18.77,19.18,18.5,18.71,4448.331
2023-07-21,18.71,18.9,18.59,18.74,3748.684
2023-07-22,18.74,18.88,18.33,18.48,3236.272
2023-07-23,18.48,18.9,18.38,18.69,5838.982
2023-07-24,18.69,18.76,17.76,18.11,9716.398
2023-07-25,18.11,18.18,17.95,18.07,5164.719
2023-07-26,18.07,18.48,17.92,18.3,9200.188
2023-07-27,18.3,18.43,18.03,18.38,1868.949
2023-07-28,18.38,18.84,18.37,18.46,4692.427
2023-07-29,18.46,18.63,18.41,18.62,3813.927
2023-07-30,18.62,19.12,18.36,18.87,11305.825
2023-07-31,18.87,19.06,18.4,18.49,7662.785
2023-08-01,18.49,18.56,17.8,18.54,12432.436
2023-08-02,18.54,18.59,17.89,18.07,5620.547
2023-08-03,18.07,18.19,17.82,17.94,6659.966
2023-08-04,17.94,18.13,17.74,17.92,2449.959
2023-08-05,17.92,17.97,17.72,17.93,7706.085
2023-08-06,17.93,18.01,17.8,17.84,3550.464
2023-08-07,17.84,18.01,17.23,17.72,10040.015
2023-08-08,17.72,18.12,17.6,17.95,5159.119
2023-08-09,17.95,18.06,17.69,17.86,4034.095
2023-08-10,17.86,17.89,17.64,17.73,20279.565
2023-08-11,17.73,17.76,17.55,17.64,4345.507
2023-08-12,17.64,17.75,17.6,17.73,7783.021
2023-08-13,17.73,17.84,17.45,17.52,7859.644
2023-08-14,17.52,17.64,17.39,17.51,2250.628
2023-08-15,17.51,17.52,16.0,16.73,4446.135
2023-08-16,16.73,16.75,15.8,16.25,4073.601
2023-08-17,16.25,16.39,13.55,14.93,7228.328
2023-08-18,14.93,15.83,14.91,15.44,5492.633
2023-08-19,15.44,15.73,15.27,15.55,6109.058
2023-08-20,15.55,15.65,15.34,15.57,16758.068
2023-08-21,15.57,15.95,15.3,15.79,12609.534
2023-08-22,15.79,15.84,14.91,15.52,6039.866
2023-08-23,15.52,16.24,15.48,16.2,3715.564
2023-08-24,16.2,16.23,15.79,16.05,1453.499
2023-08-25,16.05,16.11,15.74,16.01,1471.434
2023-08-26,16.01,16.09,15.75,15.87,1497.307
2023-08-27,15.87,16.06,15.76,16.01,1769.199
2023-08-28,16.01,16.03,15.61,15.91,5148.847
2023-08-29,15.91,17.18,15.58,16.89,4729.449
2023-08-30,16.89,16.91,15.99,16.02,15389.91
2023-08-31,16.02,16.2,15.13,15.52,4831.463
2023-09-01,15.52,15.64,15.23,15.4,3134.52
2023-09-02,15.4,15.55,15.29,15.46,9771.342
2023-09-03,15.46,15.53,15.24,15.38,4205.472
2023-09-04,15.38,15.55,15.16,15.38,4120.468
2023-09-05,15.38,15.44,15.13,15.39,4434.976
2023-09-06,15.39,15.67,15.18,15.5,20193.929
2023-09-07,15.5,15.68,15.34,15.59,2472.384
2023-09-08,15.59,15.66,15.23,15.43,2443.689
2023-09-09,15.43,15.51,15.35,15.41,1564.392
2023-09-10,15.41,15.41,14.59,15.09,3331.518
2023-09-11,15.09,15.18,14.45,14.71,2988.881
2023-09-12,14.71,15.3,14.68,14.96,6187.319
2023-09-13,14.96,15.23,14.85,15.17,5986.377
2023-09-14,15.17,15.35,15.01,15.25,2733.631
2023-09-15,15.25,15.82,15.21,15.68,5028.813
2023-09-16,15.68,15.96,15.49,15.66,2992.701
2023-09-17,15.66,15.66,15.2,15.42,2312.4
2023-09-18,15.42,16.02,15.27,15.68,5221.333
2023-09-19,15.68,15.96,15.61,15.76,3405.823
2023-09-20,15.76,15.79,15.38,15.58,2593.892
2023-09-21,15.58,15.65,15.09,15.22,2335.917
2023-09-22,15.22,15.33,15.06,15.2,2029.216
2023-09-23,15.2,15.29,15.13,15.27,3222.019
2023-09-24,15.27,15.39,15.0,15.1,3050.415
2023-09-25,15.1,15.34,14.92,15.23,3323.809
2023-09-26,15.23,15.28,14.85,15.11,2910.908
2023-09-27,15.11,15.71,15.06,15.35,4366.433
2023-09-28,15.35,15.97,15.31,15.8,3486.496
2023-09-29,15.8,16.06,15.69,15.88,3509.55
2023-09-30,15.88,16.84,15.81,16.35,9769.936
2023-10-01,16.35,16.81,16.22,16.68,6530.413
2023-10-02,16.68,16.88,15.9,16.15,6486.39
2023-10-03,16.15,16.63,15.64,15.69,4536.552
2023-10-04,15.69,15.71,15.2,15.64,4825.583
2023-10-05,15.64,15.8,15.41,15.45,3546.732
2023-10-06,15.45,15.84,15.4,15.71,2322.533
2023-10-07,15.71,15.79,15.55,15.65,3163.561
2023-10-08,15.65,15.71,15.37,15.49,2654.615
2023-10-09,15.49,15.51,14.67,15.03,5519.492
2023-10-10,15.03,15.15,14.83,14.94,3325.459
2023-10-11,14.94,14.97,14.63,14.94,5964.928
2023-10-12,14.94,15.04,14.66,14.79,4053.399
2023-10-13,14.79,15.0,14.7,14.86,4424.82
2023-10-14,14.86,15.03,14.82,15.0,3005.733
2023-10-15,15.0,15.06,14.86,14.94,7576.604
2023-10-16,14.94,15.86,14.92,15.25,10612.886
2023-10-17,15.25,15.27,14.8,14.95,5021.839
2023-10-18,14.95,15.06,14.78,14.81,4437.403
2023-10-19,14.81,14.88,14.63,14.81,6171.81
2023-10-20,14.81,15.5,14.74,15.31,6780.312
2023-10-21,15.31,15.84,15.23,15.75,3863.988
2023-10-22,15.75,15.89,15.36,15.88,4021.669
2023-10-23,15.88,16.77,15.68,16.64,9818.466
2023-10-24,16.64,17.36,16.09,16.46,20758.826
2023-10-25,16.46,16.78,16.15,16.38,7973.577
2023-10-26,16.38,17.16,15.93,16.56,10859.122
2023-10-27,16.56,16.59,15.83,16.06,5948.552
2023-10-28,16.06,16.39,16.03,16.22,5263.4
2023-10-29,16.22,16.73,16.0,16.65,13898.039
2023-10-30,16.65,16.93,16.29,16.78,8174.752
2023-10-31,16.78,17.75,16.47,17.48,20468.451
2023-11-01,17.48,17.98,17.03,17.77,15721.103
2023-11-02,17.77,17.95,16.87,17.3,19289.339
2023-11-03,17.3,17.31,16.74,17.26,11039.182
2023-11-04,17.26,17.59,17.13,17.5,7058.559
2023-11-05,17.5,18.26,17.38,17.97,16635.69
2023-11-06,17.97,18.86,17.65,18.53,15144.855
2023-11-07,18.53,18.53,17.51,18.11,6834.833
2023-11-08,18.11,18.45,18.01,18.31,8556.124
2023-11-09,18.31,20.68,17.98,20.67,73209.729
2023-11-10,20.67,21.84,20.2,20.75,46979.592
2023-11-11,20.75,20.87,19.45,20.05,27686.494
2023-11-12,20.05,20.38,19.2,20.05,11394.841
2023-11-13,20.05,21.13,19.6,19.97,16494.326
2023-11-14,19.97,20.17,18.37,19.07,10059.14
2023-11-15,19.07,19.9,18.75,19.89,12841.661
2023-11-16,19.89,20.6,18.9,19.28,26284.9
2023-11-17,19.28,19.79,18.43,19.39,23805.597
2023-11-18,19.39,19.39,18.42,19.2,23647.218
2023-11-19,19.2,19.63,18.86,19.59,9310.817
2023-11-20,19.59,19.99,19.25,19.45,9736.44
2023-11-21,19.45,19.62,17.75,18.06,19537.112
2023-11-22,18.06,19.28,18.03,18.99,21363.819
2023-11-23,18.99,19.21,18.7,18.92,10800.534
2023-11-24,18.92,19.57,18.85,19.2,13756.402
2023-11-25,19.2,19.53,19.13,19.43,11234.998
2023-11-26,19.43,19.6,18.56,19.11,13878.072
2023-11-27,19.11,19.2,18.16,18.56,17081.097
2023-11-28,18.56,19.01,18.19,18.85,14175.977
2023-11-29,18.85,19.05,18.55,18.73,6330.517
2023-11-30,18.73,18.82,18.49,18.64,9318.939
2023-12-01,18.64,19.15,18.52,18.97,19095.009
2023-12-02,18.97,19.69,18.95,19.59,15141.601
2023-12-03,19.59,20.0,19.36,19.83,15145.128
2023-12-04,19.83,20.4,19.4,20.0,27559.993
2023-12-05,20.0,20.46,19.37,20.25,35731.202
2023-12-06,20.25,20.89,19.85,20.26,36637.184
2023-12-07,20.26,22.32,20.23,21.98,79465.907
2023-12-08,21.98,22.63,21.75,22.26,51615.021
2023-12-09,22.26,23.41,21.8,22.05,25440.222
2023-12-10,22.05,22.49,21.39,21.96,14822.508
2023-12-11,21.96,22.02,18.53,20.17,57020.024
2023-12-12,20.17,20.56,19.89,20.32,8006.263
2023-12-13,20.32,20.92,19.39,20.74,13507.745
2023-12-14,20.74,21.0,19.99,20.87,7428.804
2023-12-15,20.87,20.9,19.8,19.96,8440.0
2023-12-16,19.96,20.81,19.73,20.75,17742.538
2023-12-17,20.75,20.76,19.89,19.97,21408.09
2023-12-18,19.97,20.08,18.84,19.92,17359.361
2023-12-19,19.92,20.17,19.44,19.65,13158.975
2023-12-20,19.65,20.54,19.6,20.18,12103.314
2023-12-21,20.18,20.93,19.99,20.64,12140.291
2023-12-22,20.64,22.14,20.57,21.89,47735.545
2023-12-23,21.89,22.2,21.07,21.46,17298.725
2023-12-24,21.46,21.75,20.5,20.85,27212.453
2023-12-25,20.85,21.65,20.64,21.43,11642.335
2023-12-26,21.43,21.46,19.8,20.84,16156.911
2023-12-27,20.84,22.73,20.3,22.71,86910.69
2023-12-28,22.71,24.36,22.07,22.43,224795.962
2023-12-29,22.43,23.46,21.82,22.49,95257.932
2023-12-30,22.49,23.25,22.13,22.26,22293.979
2023-12-31,22.26,22.47,21.37,21.91,22002.728
2024-01-01,21.91,22.5,21.49,22.5,15375.519
2024-01-02,22.5,23.03,21.91,21.97,59611.185
2024-01-03,21.97,22.49,19.23,20.03,24892.793
2024-01-04,20.03,20.75,19.77,20.49,18395.905
2024-01-05,20.49,20.62,19.34,20.12,11318.877
2024-01-06,20.12,20.25,19.3,19.89,10002.906
2024-01-07,19.89,20.06,19.01,19.26,9784.957
2024-01-08,19.26,20.43,18.36,20.33,23238.424
2024-01-09,20.33,21.22,19.5,21.19,30653.902
2024-01-10,21.19,26.53,20.4,26.4,95067.582
2024-01-11,26.4,32.06,25.78,29.6,90678.905
2024-01-12,29.6,32.38,27.56,29.01,64151.89
2024-01-13,29.01,30.0,27.77,28.58,33470.289
2024-01-14,28.58,28.71,26.22,26.45,27649.675
2024-01-15,26.45,27.8,26.08,26.73,34823.576
2024-01-16,26.73,27.79,26.12,27.29,31489.396
2024-01-17,27.29,27.47,25.62,26.18,14560.723
2024-01-18,26.18,26.18,24.0,24.43,31409.693
2024-01-19,24.43,25.49,22.95,25.33,40869.221
2024-01-20,25.33,25.33,24.12,24.71,16418.886
2024-01-21,24.71,25.4,24.47,24.5,11781.468
2024-01-22,24.5,24.62,22.78,22.92,10609.353
2024-01-23,22.92,23.85,21.73,23.09,23152.019
2024-01-24,23.09,23.43,22.53,22.98,30743.267
2024-01-25,22.98,23.55,22.21,23.23,19354.353
2024-01-26,23.23,24.1,22.86,23.85,28235.541
2024-01-27,23.85,24.6,23.77,24.04,14465.633
2024-01-28,24.04,24.44,23.34,23.5,14691.323
2024-01-29,23.5,24.87,23.05,24.72,50061.921
2024-01-30,24.72,26.23,24.5,25.31,48921.856
2024-01-31,25.31,25.84,24.18,24.34,22272.702
2024-02-01,24.34,24.94,23.52,24.42,9792.01
2024-02-02,24.42,25.45,24.33,25.11,17239.685
2024-02-03,25.11,25.72,24.53,24.87,8875.221
2024-02-04,24.87,25.64,24.66,25.0,8128.972
2024-02-05,25.0,25.2,24.03,24.31,8966.157
2024-02-06,24.31,24.97,24.17,24.73,6624.879
2024-02-07,24.73,25.39,24.31,25.18,15136.117
2024-02-08,25.18,25.85,25.01,25.61,9234.587
2024-02-09,25.61,26.68,25.56,26.14,15505.043
2024-02-10,26.14,26.41,25.37,25.89,9672.378
2024-02-11,25.89,26.36,25.54,25.87,11269.731
2024-02-12,25.87,27.2,25.44,26.84,31626.118
2024-02-13,26.84,27.29,25.78,26.21,16979.311
2024-02-14,26.21,27.2,25.66,26.87,31428.991
2024-02-15,26.87,27.48,26.38,26.79,29287.671
2024-02-16,26.79,27.47,26.11,26.76,18591.098
2024-02-17,26.76,26.79,25.46,26.04,10701.608
2024-02-18,26.04,26.75,25.72,26.52,10129.381
2024-02-19,26.52,27.88,26.22,27.41,16964.896
2024-02-20,27.41,27.64,25.9,27.06,23057.064
2024-02-21,27.06,27.29,25.2,26.08,16500.268
2024-02-22,26.08,26.44,25.48,25.8,14060.516
2024-02-23,25.8,25.94,25.08,25.4,11739.45
2024-02-24,25.4,26.19,25.08,26.09,31058.868
2024-02-25,26.09,27.43,25.95,27.19,32074.443
2024-02-26,27.19,27.98,26.5,27.77,44022.28
2024-02-27,27.77,28.67,27.5,28.12,42437.407
2024-02-28,28.12,31.2,26.63,29.56,71329.102
2024-02-29,29.56,31.49,28.18,28.83,81249.084
2024-03-01,28.83,30.38,28.8,30.32,29598.859
2024-03-02,30.32,34.8,30.25,34.3,63902.395
2024-03-03,34.3,35.8,30.97,33.59,46563.993
2024-03-04,33.59,36.74,33.08,35.93,50238.979
2024-03-05,35.93,39.65,29.42,34.19,77147.97
2024-03-06,34.19,38.45,32.95,37.3,53648.956
2024-03-07,37.3,38.38,36.0,37.9,25254.076
2024-03-08,37.9,39.4,36.71,38.07,21266.625
2024-03-09,38.07,39.6,37.0,37.26,22039.766
2024-03-10,37.26,37.68,35.33,36.13,24790.446
2024-03-11,36.13,39.5,34.0,37.98,48865.946
2024-03-12,37.98,38.27,34.83,36.88,27219.445
2024-03-13,36.88,37.63,35.81,36.53,15654.587
2024-03-14,36.53,36.87,33.5,35.08,36526.941
2024-03-15,35.08,35.58,31.0,33.3,21475.087
2024-03-16,33.3,33.61,30.05,30.69,11181.685
2024-03-17,30.69,32.39,29.5,31.95,23364.869
2024-03-18,31.95,32.1,30.25,31.41,16746.101
2024-03-19,31.41,31.59,27.23,27.71,28813.686
2024-03-20,27.71,30.74,26.8,30.59,17487.536
2024-03-21,30.59,30.85,29.45,30.3,23224.574
2024-03-22,30.3,30.72,28.48,29.34,14283.105
2024-03-23,29.34,31.4,29.03,30.26,29820.29
2024-03-24,30.26,31.73,30.23,31.55,34553.707
2024-03-25,31.55,32.72,30.98,32.49,28032.223
2024-03-26,32.49,33.22,31.75,32.13,14501.878
2024-03-27,32.13,32.55,30.87,31.77,9477.061
2024-03-28,31.77,32.85,31.32,32.52,9287.103
2024-03-29,32.52,34.92,31.74,34.17,58192.585
2024-03-30,34.17,34.55,32.8,32.9,24388.193
2024-03-31,32.9,34.48,32.82,34.3,8122.959
2024-04-01,34.3,34.81,31.81,32.68,16464.418
2024-04-02,32.68,32.69,29.83,29.97,8698.629
2024-04-03,29.97,30.98,28.98,30.63,10523.629
2024-04-04,30.63,33.23,30.02,32.84,29646.422
2024-04-05,32.84,34.07,31.63,33.1,84890.993
2024-04-06,33.1,33.61,32.71,33.46,25769.03
2024-04-07,33.46,34.78,33.26,33.88,30190.065
2024-04-08,33.88,35.9,33.12,35.67,42274.533
2024-04-09,35.67,35.8,32.65,32.78,11425.073
2024-04-10,32.78,33.57,31.5,33.52,19663.519
2024-04-11,33.52,34.59,33.2,33.74,19004.956
2024-04-12,33.74,34.05,26.8,29.48,19108.656
2024-04-13,29.48,29.9,22.7,25.48,18917.246
2024-04-14,25.48,27.15,24.48,27.01,25479.577
2024-04-15,27.01,28.18,25.5,26.45,15542.851
2024-04-16,26.45,26.9,25.05,26.18,22939.943
2024-04-17,26.18,26.64,24.69,25.4,14811.625
2024-04-18,25.4,26.36,24.9,26.12,18517.852
2024-04-19,26.12,26.57,24.03,26.05,12667.779
2024-04-20,26.05,28.16,25.79,27.89,5915.322
2024-04-21,27.89,28.3,27.06,27.46,4036.562
2024-04-22,27.46,28.57,27.36,28.34,6452.448
2024-04-23,28.34,28.51,27.7,28.11,5611.621
2024-04-24,28.11,28.47,26.09,26.37,6445.043
2024-04-25,26.37,26.9,25.76,26.46,6346.882
2024-04-26,26.46,28.02,25.97,27.1,19888.085
2024-04-27,27.1,28.24,26.34,27.82,5355.753
2024-04-28,27.82,30.0,27.69,27.96,6390.672
2024-04-29,27.96,28.52,26.87,27.59,4901.753
2024-04-30,27.59,28.03,24.75,25.41,8329.622
2024-05-01,25.41,25.66,23.97,25.56,11753.477
2024-05-02,25.56,25.92,24.85,25.65,10181.685
2024-05-03,25.65,27.35,25.47,26.89,5838.298
2024-05-04,26.89,27.48,26.8,26.95,4139.049
2024-05-05,26.95,27.85,26.44,27.67,3581.028
2024-05-06,27.67,28.98,26.97,26.99,4689.106
2024-05-07,26.99,27.88,26.76,27.08,4566.295
2024-05-08,27.08,29.35,26.58,27.19,10086.383
2024-05-09,27.19,27.83,26.86,27.65,10827.21
2024-05-10,27.65,27.8,26.14,26.39,45172.605
2024-05-11,26.39,26.96,26.19,26.48,4016.789
2024-05-12,26.48,26.92,26.37,26.69,4835.965
2024-05-13,26.69,26.94,25.28,26.29,10504.169
2024-05-14,26.29,26.45,25.26,25.36,7393.929
2024-05-15,25.36,27.17,25.36,27.09,13994.479
2024-05-16,27.09,27.51,26.64,27.24,10794.294
2024-05-17,27.24,28.77,26.93,28.31,14138.727
2024-05-18,28.31,29.14,28.11,28.62,12035.533
2024-05-19,28.62,28.9,27.34,27.58,5944.125
2024-05-20,27.58,32.97,27.45,32.35,15140.007
2024-05-21,32.35,32.85,30.85,31.73,25403.509
2024-05-22,31.73,31.94,29.64,30.4,19918.4
2024-05-23,30.4,34.32,30.37,32.43,53607.574
2024-05-24,32.43,33.91,31.02,31.59,12043.309
2024-05-25,31.59,32.34,31.3,31.68,6366.51
2024-05-26,31.68,32.75,31.44,31.71,12074.761
2024-05-27,31.71,32.73,31.6,31.92,13137.836
2024-05-28,31.92,31.92,30.63,31.42,17408.021
2024-05-29,31.42,31.63,30.17,30.44,9445.744
2024-05-30,30.44,30.74,29.21,29.79,22266.561
2024-05-31,29.79,30.51,29.11,29.61,19201.585
2024-06-01,29.61,29.81,29.43,29.57,5455.999
2024-06-02,29.57,29.82,28.55,28.93,11215.678
2024-06-03,28.93,29.47,28.55,28.64,21166.503
2024-06-04,28.64,29.98,28.18,29.73,19072.592
2024-06-05,29.73,30.02,29.2,29.78,5177.308
2024-06-06,29.78,29.81,28.78,29.06,7026.478
2024-06-07,29.06,29.41,25.18,27.03,30103.577
2024-06-08,27.03,27.2,26.44,26.85,3723.934
2024-06-09,26.85,27.08,26.75,26.96,3475.073
2024-06-10,26.96,27.08,26.36,26.63,18932.443
2024-06-11,26.63,26.63,25.09,25.68,6778.042
2024-06-12,25.68,26.74,25.3,26.12,9662.181
2024-06-13,26.12,26.16,25.1,25.3,12732.239
2024-06-14,25.3,25.68,24.13,25.13,11018.444
2024-06-15,25.13,25.71,24.98,25.62,8274.731
2024-06-16,25.62,25.68,25.25,25.47,6116.08
2024-06-17,25.47,25.55,23.5,24.08,19593.515
2024-06-18,24.08,24.12,21.12,23.05,22613.743
2024-06-19,23.05,24.18,22.9,23.98,9086.314
2024-06-20,23.98,24.8,23.77,24.06,6647.146
2024-06-21,24.06,24.1,23.18,23.55,11192.838
2024-06-22,23.55,23.65,23.27,23.37,1941.227
2024-06-23,23.37,23.54,22.55,22.66,8432.136
2024-06-24,22.66,23.04,21.59,22.99,11951.051
2024-06-25,22.99,23.74,22.89,23.49,5746.63
2024-06-26,23.49,23.97,23.27,23.69,6925.388
2024-06-27,23.69,24.4,23.12,24.07,9228.984
2024-06-28,24.07,24.43,23.38,23.41,5455.386
2024-06-29,23.41,23.75,23.1,23.15,3123.23
2024-06-30,23.15,23.88,22.7,23.68,5734.731
2024-07-01,23.68,24.08,23.17,23.23,11220.609
2024-07-02,23.23,23.46,22.96,23.29,24202.39
2024-07-03,23.29,23.35,22.28,22.54,9090.141
2024-07-04,22.54,22.64,20.68,20.77,32301.484
2024-07-05,20.77,20.83,18.2,20.22,73631.447
2024-07-06,20.22,21.3,20.04,21.18,82651.666
2024-07-07,21.18,21.24,19.65,19.76,55857.662
2024-07-08,19.76,21.11,18.94,20.41,27210.265
2024-07-09,20.41,21.01,20.28,20.63,17715.993
2024-07-10,20.63,21.22,20.43,21.01,16037.023
2024-07-11,21.01,21.71,20.58,20.66,48250.795
2024-07-12,20.66,21.76,20.49,21.47,18732.975
2024-07-13,21.47,22.53,21.43,22.39,31471.383
2024-07-14,22.39,22.73,22.16,22.58,27727.84
2024-07-15,22.58,23.97,22.52,23.9,51465.888
2024-07-16,23.9,23.98,22.75,23.57,10501.065
2024-07-17,23.57,23.88,22.9,22.97,18276.505
2024-07-18,22.97,23.49,22.51,23.0,7868.129
2024-07-19,23.0,23.69,22.56,23.6,9130.235
2024-07-20,23.6,24.21,23.38,23.92,4948.504
2024-07-21,23.92,24.34,22.88,24.15,4589.788
2024-07-22,24.15,24.3,23.11,23.45,33555.862
2024-07-23,23.45,25.06,23.42,24.04,105776.679
2024-07-24,24.04,24.12,22.59,22.87,14566.922
2024-07-25,22.87,22.96,21.3,22.08,6746.093
2024-07-26,22.08,22.99,22.07,22.92,3337.662
2024-07-27,22.92,23.28,22.58,22.81,53360.563
2024-07-28,22.81,22.94,22.38,22.64,4213.741
2024-07-29,22.64,23.55,22.57,22.87,16637.999
2024-07-30,22.87,23.06,21.99,22.23,7339.257
2024-07-31,22.23,22.57,21.66,21.77,6543.102
2024-08-01,21.77,22.17,20.46,21.56,8827.546
2024-08-02,21.56,21.65,20.05,20.23,14527.872
2024-08-03,20.23,20.6,19.14,19.66,5083.46
2024-08-04,19.66,19.87,18.38,18.92,6488.902
2024-08-05,18.92,19.0,15.79,17.67,35573.954
2024-08-06,17.67,18.61,17.64,18.15,16601.194
2024-08-07,18.15,18.54,17.74,18.17,47455.232
2024-08-08,18.17,20.04,17.9,19.86,46293.705
2024-08-09,19.86,19.91,18.94,19.42,4105.192
2024-08-10,19.42,19.6,19.26,19.39,2749.245
2024-08-11,19.39,19.71,18.36,18.42,11968.165
2024-08-12,18.42,19.25,18.23,19.18,5697.731
2024-08-13,19.18,19.28,18.7,19.16,3723.07
2024-08-14,19.16,19.28,18.56,18.83,6214.474
2024-08-15,18.83,19.13,18.3,18.54,4997.371
2024-08-16,18.54,18.89,18.31,18.74,3774.533
2024-08-17,18.74,18.94,18.57,18.79,5253.058
2024-08-18,18.79,19.18,18.56,18.56,7929.663
2024-08-19,18.56,19.04,18.51,18.94,4381.01
2024-08-20,18.94,19.4,18.68,18.88,2804.943
2024-08-21,18.88,19.6,18.74,19.48,10730.9
2024-08-22,19.48,19.59,19.22,19.49,6550.801
2024-08-23,19.49,20.82,19.48,20.57,6802.456
2024-08-24,20.57,20.98,20.37,20.63,5467.856
2024-08-25,20.63,20.68,19.87,20.12,6448.226
2024-08-26,20.12,20.25,19.38,19.46,5782.93
2024-08-27,19.46,19.6,17.85,18.29,28861.137
2024-08-28,18.29,19.09,18.12,18.57,4105.423
2024-08-29,18.57,18.95,18.29,18.47,5392.086
2024-08-30,18.47,18.62,17.93,18.57,2437.042
2024-08-31,18.57,18.63,18.21,18.41,2516.53
2024-09-01,18.41,18.41,17.5,17.62,3368.335
2024-09-02,17.62,18.41,17.52,18.26,4300.529
2024-09-03,18.26,18.42,17.61,17.64,2050.688
2024-09-04,17.64,18.29,16.82,18.08,34974.001
2024-09-05,18.08,18.16,17.46,17.61,2379.932
2024-09-06,17.61,17.86,16.73,17.3,23056.208
2024-09-07,17.3,17.75,17.24,17.64,2500.667
2024-09-08,17.64,18.01,17.56,17.95,2104.854
2024-09-09,17.95,18.59,17.79,18.34,2605.118
2024-09-10,18.34,18.72,18.13,18.56,3369.054
2024-09-11,18.56,18.59,17.95,18.45,2245.445
2024-09-12,18.45,18.63,18.32,18.55,2921.888
2024-09-13,18.55,18.91,18.25,18.85,3292.645
2024-09-14,18.85,18.88,18.46,18.6,1688.843
2024-09-15,18.6,18.65,17.69,17.78,22904.524
2024-09-16,17.78,17.89,17.5,17.74,9933.4
2024-09-17,17.74,18.22,17.62,17.99,2864.427
2024-09-18,17.99,18.33,17.5,18.33,4374.917
2024-09-19,18.33,19.16,18.33,18.79,4720.157
2024-09-20,18.79,19.27,18.56,19.0,6577.79
2024-09-21,19.0,19.44,18.85,19.36,3080.351
2024-09-22,19.36,19.5,18.44,18.89,5910.52
2024-09-23,18.89,19.4,18.54,19.11,2842.353
2024-09-24,19.11,19.5,18.83,19.42,16139.313
2024-09-25,19.42,19.82,19.26,19.3,2817.698
2024-09-26,19.3,20.36,19.03,20.3,2766.432
2024-09-27,20.3,21.05,20.24,20.84,5402.081
2024-09-28,20.84,20.97,20.16,20.55,7407.521
2024-09-29,20.55,20.72,20.15,20.43,5533.514
2024-09-30,20.43,20.49,19.32,19.48,7868.391
2024-10-01,19.48,19.84,18.01,18.42,7295.406
2024-10-02,18.42,18.73,17.74,17.94,2341.351
2024-10-03,17.94,18.62,17.78,18.51,7435.006
2024-10-04,18.51,18.91,18.35,18.77,2686.039
2024-10-05,18.77,18.86,18.32,18.55,36942.052
2024-10-06,18.55,18.89,18.44,18.76,1706.575
2024-10-07,18.76,19.14,18.54,18.55,7013.231
2024-10-08,18.55,18.85,18.2,18.33,6285.775
2024-10-09,18.33,18.53,17.93,18.12,2122.586
2024-10-10,18.12,18.36,17.83,18.21,31625.91
2024-10-11,18.21,18.72,18.16,18.59,15859.114
2024-10-12,18.59,18.93,18.48,18.77,15115.256
2024-10-13,18.77,18.84,18.29,18.54,1284.122
2024-10-14,18.54,19.63,18.38,19.49,5253.744
2024-10-15,19.49,19.76,18.71,19.37,16057.209
2024-10-16,19.37,19.8,19.17,19.38,8451.766
2024-10-17,19.38,19.61,18.68,19.05,32890.636
2024-10-18,19.05,19.41,18.98,19.36,7236.615
2024-10-19,19.36,19.91,19.21,19.88,7757.005
2024-10-20,19.88,20.34,19.54,20.19,7565.813
2024-10-21,20.19,20.29,19.34,19.41,7088.631
2024-10-22,19.41,19.54,18.88,19.08,7704.938
2024-10-23,19.08,19.09,18.2,18.64,10733.367
2024-10-24,18.64,19.01,18.42,18.88,19736.479
2024-10-25,18.88,19.5,17.6,18.25,10000.886
2024-10-26,18.25,18.51,17.97,18.22,10739.566
2024-10-27,18.22,18.55,18.06,18.41,6751.312
2024-10-28,18.41,19.12,18.11,19.0,11293.955
2024-10-29,19.0,19.53,18.96,19.43,9047.996
2024-10-30,19.43,19.8,19.11,19.45,5806.033
2024-10-31,19.45,19.52,18.4,18.59,6214.241
2024-11-01,18.59,19.02,18.17,18.47,5541.103
2024-11-02,18.47,18.62,17.99,18.11,4382.817
2024-11-03,18.11,18.18,17.37,17.78,5867.636
2024-11-04,17.78,17.99,17.33,17.6,4705.899
2024-11-05,17.6,18.32,17.52,18.22,10528.989
2024-11-06,18.22,19.76,18.22,19.68,244070.004
2024-11-07,19.68,20.71,19.51,20.25,982956.357
2024-11-08,20.25,20.56,19.78,20.44,633208.695
2024-11-09,20.44,22.13,20.14,21.78,975833.789
2024-11-10,21.78,24.16,21.26,23.01,3039613.222
2024-11-11,23.01,24.47,22.22,24.35,1365262.073
2024-11-12,24.35,24.59,21.84,22.77,716809.082
2024-11-13,22.77,23.14,21.17,22.08,497099.018
2024-11-14,22.08,22.73,21.35,21.8,537499.765
2024-11-15,21.8,23.55,21.54,23.0,454331.373
2024-11-16,23.0,28.67,22.83,26.72,837667.991
2024-11-17,26.72,30.06,25.14,25.86,904342.687
2024-11-18,25.86,27.41,25.55,27.06,396316.504
2024-11-19,27.06,27.67,25.53,26.15,196856.892
2024-11-20,26.15,26.71,24.7,25.38,320200.441
2024-11-21,25.38,28.81,24.62,27.34,996472.237
2024-11-22,27.34,28.71,26.8,28.53,666346.347
2024-11-23,28.53,31.34,28.33,29.62,1552084.976
2024-11-24,29.62,30.65,27.18,28.83,1120227.764
2024-11-25,28.83,31.96,27.68,29.79,2009818.524
2024-11-26,29.79,30.43,27.37,28.33,733391.654
2024-11-27,28.33,33.33,27.81,32.87,1269670.018
2024-11-28,32.87,33.54,31.33,31.91,1287834.058
2024-11-29,31.91,32.4,31.04,31.92,533391.714
2024-11-30,31.92,33.98,31.65,32.69,1097955.425
2024-12-01,32.69,33.68,31.64,33.34,511149.946
2024-12-02,33.34,34.61,30.92,33.86,1263948.786
2024-12-03,33.86,35.35,31.0,34.72,1123439.212
2024-12-04,34.72,38.9,34.51,37.72,1819469.773
2024-12-05,37.72,38.03,34.76,35.61,906245.008
2024-12-06,35.61,39.95,34.23,38.29,1805811.563
2024-12-07,38.29,38.69,36.8,37.2,644580.835
2024-12-08,37.2,37.6,35.76,37.11,412832.746
2024-12-09,37.11,37.12,28.04,31.37,902394.142
2024-12-10,31.37,32.25,27.95,30.17,1710118.133
2024-12-11,30.17,34.08,28.85,33.51,953994.27
2024-12-12,33.51,35.26,33.3,33.81,1037696.665
2024-12-13,33.81,34.84,33.1,33.98,764860.958
2024-12-14,33.98,34.29,31.83,32.57,607482.615
2024-12-15,32.57,33.94,32.16,33.76,452984.051
2024-12-16,33.76,35.17,32.07,33.21,1100440.434
2024-12-17,33.21,34.01,32.03,32.5,715302.064
2024-12-18,32.5,32.66,29.2,29.42,930880.993
2024-12-19,29.42,29.96,25.97,26.72,1445381.434
2024-12-20,26.72,27.61,23.53,27.43,2071204.26
2024-12-21,27.43,28.57,25.67,26.03,1012292.648
2024-12-22,26.03,26.73,25.26,25.97,448393.498
2024-12-23,25.97,27.98,25.42,27.55,507825.334
2024-12-24,27.55,28.44,26.72,27.92,429020.558
2024-12-25,27.92,28.28,26.92,27.33,331692.473
2024-12-26,27.33,27.51,25.5,25.86,683283.933
2024-12-27,25.86,27.22,25.75,25.98,399064.796
2024-12-28,25.98,26.75,25.74,26.58,321890.467
2024-12-29,26.58,26.7,25.27,25.55,290605.829
2024-12-30,25.55,26.33,24.8,25.44,332982.175
2024-12-31,25.44,26.02,24.8,25.06,275275.792
2025-01-01,25.06,26.02,24.64,25.81,292739.082
2025-01-02,25.81,27.08,25.81,26.91,445909.911
2025-01-03,26.91,28.5,26.61,28.45,427590.238
2025-01-04,28.45,28.84,27.88,28.35,352903.667
2025-01-05,28.35,28.61,27.42,28.13,262621.58
2025-01-06,28.13,29.24,27.71,28.67,391900.036
2025-01-07,28.67,28.81,25.8,25.9,686139.32
2025-01-08,25.9,26.31,24.23,25.26,629944.739
2025-01-09,25.26,25.6,24.32,24.87,339958.163
2025-01-10,24.87,25.92,24.81,25.66,729495.019
2025-01-11,25.66,25.95,25.14,25.56,770043.46
2025-01-12,25.56,25.78,24.99,25.25,520215.247
2025-01-13,25.25,25.83,22.91,24.59,566530.119
2025-01-14,24.59,25.5,24.44,25.4,292847.88
2025-01-15,25.4,27.17,24.89,27.12,244829.559
2025-01-16,27.12,27.35,26.04,26.7,261575.951
2025-01-17,26.7,28.66,26.7,28.26,234679.857
2025-01-18,28.26,28.5,26.37,26.93,262539.775
2025-01-19,26.93,28.1,24.96,25.42,564599.806
2025-01-20,25.42,27.97,24.73,25.78,507383.766
2025-01-21,25.78,27.86,24.95,27.13,203639.423
2025-01-22,27.13,27.71,26.43,26.83,173581.276
2025-01-23,26.83,29.22,26.65,29.0,400127.71
2025-01-24,29.0,29.25,27.3,27.38,237751.082
2025-01-25,27.38,27.54,26.63,27.04,163502.957
2025-01-26,27.04,27.16,26.07,26.19,142748.655
2025-01-27,26.19,26.67,24.62,25.99,259804.003
2025-01-28,25.99,26.27,24.63,24.97,101045.399
2025-01-29,24.97,26.03,24.81,25.54,95241.666
2025-01-30,25.54,26.67,25.35,26.27,70518.495
2025-01-31,26.27,27.77,25.93,26.83,598313.378
2025-02-01,26.83,27.37,24.8,24.96,477773.824
2025-02-02,24.96,25.36,21.46,22.5,1065429.978
2025-02-03,22.5,22.51,17.11,22.05,3285810.255
2025-02-04,22.05,22.28,20.05,20.65,918679.614
2025-02-05,20.65,21.48,20.38,20.7,468245.147
2025-02-06,20.7,21.26,19.54,19.68,462062.84
2025-02-07,19.68,20.87,19.27,19.8,522584.441
2025-02-08,19.8,20.25,19.57,20.12,247482.858
2025-02-09,20.12,20.54,19.34,20.16,362648.397
2025-02-10,20.16,20.84,19.64,20.68,337541.02
2025-02-11,20.68,21.37,19.85,20.22,388428.995
2025-02-12,20.22,21.7,19.82,21.38,575731.918
2025-02-13,21.38,21.58,20.79,21.15,303270.175
2025-02-14,21.15,21.94,21.01,21.38,296515.403
2025-02-15,21.38,21.51,20.63,20.8,189961.013
2025-02-16,20.8,20.91,20.27,20.45,154338.083
2025-02-17,20.45,21.6,20.11,20.89,375920.098
2025-02-18,20.89,20.96,19.56,20.18,448928.997
2025-02-19,20.18,21.3,19.97,21.18,335796.533
2025-02-20,21.18,21.62,20.68,20.94,318283.972
2025-02-21,20.94,21.62,19.88,20.22,534278.248
2025-02-22,20.22,20.79,20.05,20.46,280631.976
2025-02-23,20.46,21.04,20.44,20.76,217602.167
2025-02-24,20.76,20.89,18.29,18.63,600016.034
2025-02-25,18.63,19.11,17.35,18.88,1100270.151
2025-02-26,18.88,19.2,18.08,18.77,499573.123
2025-02-27,18.77,19.17,18.25,18.71,343571.025
2025-02-28,18.71,19.64,17.63,19.56,1256926.791
2025-03-01,19.56,19.8,18.81,19.05,352237.221
2025-03-02,19.05,21.3,18.85,21.0,729796.815
2025-03-03,21.0,21.04,18.44,18.7,770679.796
2025-03-04,18.7,19.2,17.68,18.96,902516.234
2025-03-05,18.96,20.88,18.82,20.5,617204.216
2025-03-06,20.5,21.41,19.84,19.96,615841.669
2025-03-07,19.96,21.24,19.17,20.4,952704.663
2025-03-08,20.4,20.62,19.48,20.24,347048.042
2025-03-09,20.24,20.51,17.65,17.93,527027.097
2025-03-10,17.93,18.78,16.71,16.88,881682.867
2025-03-11,16.88,18.18,15.86,17.87,765214.74
2025-03-12,17.87,18.37,17.27,17.98,272488.415
2025-03-13,17.98,18.18,17.39,17.89,176844.421
2025-03-14,17.89,18.5,17.82,18.03,213945.964
2025-03-15,18.03,18.25,17.84,17.95,172626.772
2025-03-16,17.95,18.08,17.18,17.48,225722.356
2025-03-17,17.48,18.17,17.46,17.84,184190.266
2025-03-18,17.84,17.85,17.25,17.7,169751.175
2025-03-19,17.7,18.64,17.69,18.54,395016.379
2025-03-20,18.54,18.64,17.58,17.89,181544.749
2025-03-21,17.89,18.0,17.51,17.7,128605.124
2025-03-22,17.7,18.0,17.61,17.67,95006.318
2025-03-23,17.67,17.84,17.51,17.8,87935.983
2025-03-24,17.8,18.43,17.65,18.3,312761.078
2025-03-25,18.3,18.68,18.03,18.43,146156.99
2025-03-26,18.43,18.68,17.78,18.0,147269.733
2025-03-27,18.0,18.33,17.7,17.79,100133.544
2025-03-28,17.79,17.95,16.85,17.15,153027.499
2025-03-29,17.15,17.26,16.35,16.6,97693.683
2025-03-30,16.6,16.87,16.23,16.5,100644.731
2025-03-31,16.5,16.97,16.22,16.78,230166.675
2025-04-01,16.78,17.28,16.66,16.9,148611.847
2025-04-02,16.9,17.33,15.81,16.08,279774.025
2025-04-03,16.08,16.92,15.56,16.24,243760.948
2025-04-04,16.24,16.49,15.75,16.24,141392.824
2025-04-05,16.24,16.39,15.69,15.89,67795.283
2025-04-06,15.89,15.99,13.83,14.16,399973.383
2025-04-07,14.16,14.88,12.7,14.5,1025740.987
2025-04-08,14.5,14.97,14.0,14.07,225131.551
2025-04-09,14.07,15.56,13.58,15.31,493985.791
2025-04-10,15.31,15.31,14.2,14.79,184061.211
2025-04-11,14.79,15.25,14.75,15.16,131907.605
2025-04-12,15.16,15.8,15.06,15.53,159322.086
2025-04-13,15.53,15.73,15.01,15.22,180826.059
2025-04-14,15.22,15.83,15.19,15.23,176481.729
2025-04-15,15.23,15.39,14.81,14.86,142650.772
2025-04-16,14.86,15.1,14.55,14.85,169013.974
2025-04-17,14.85,15.21,14.72,15.09,118610.665
2025-04-18,15.09,15.59,14.99,15.45,99291.324
2025-04-19,15.45,16.06,15.44,15.95,130800.596
2025-04-20,15.95,16.12,15.75,16.06,120810.482
2025-04-21,16.06,16.34,15.52,15.62,174944.316
2025-04-22,15.62,16.78,15.33,16.66,236234.19
2025-04-23,16.66,17.07,16.54,16.77,200775.986
2025-04-24,16.77,16.84,16.15,16.75,136005.198
2025-04-25,16.75,17.43,16.56,17.25,189981.137
2025-04-26,17.25,17.54,16.83,17.04,135481.561
2025-04-27,17.04,17.67,16.55,16.57,199838.61
2025-04-28,16.57,17.1,16.24,17.0,147960.207
2025-04-29,17.0,17.56,16.63,16.73,226375.866
2025-04-30,16.73,16.89,16.16,16.52,136269.262
2025-05-01,16.52,17.08,16.47,16.88,143430.121
2025-05-02,16.88,17.34,16.87,17.23,119362.088
2025-05-03,17.23,17.26,16.44,16.6,121649.325
2025-05-04,16.6,16.79,15.89,16.0,129396.846
2025-05-05,16.0,16.26,15.76,16.0,144343.415
2025-05-06,16.0,16.31,15.58,16.23,173938.436
2025-05-07,16.23,16.47,15.81,16.2,191328.6
2025-05-08,16.2,18.7,16.18,18.63,405802.537
2025-05-09,18.63,19.8,18.38,19.21,430360.671
2025-05-10,19.21,20.78,18.93,20.68,367926.15
2025-05-11,20.68,20.78,19.5,19.96,275886.732
2025-05-12,19.96,20.86,19.16,19.79,349911.097
2025-05-13,19.79,21.01,18.94,20.68,294724.788
2025-05-14,20.68,20.99,19.66,19.87,250373.46
2025-05-15,19.87,20.08,18.53,18.96,229369.123
2025-05-16,18.96,19.42,18.54,18.69,220777.892
2025-05-17,18.69,18.76,17.89,18.12,192516.411
2025-05-18,18.12,19.12,17.55,18.73,277734.595
2025-05-19,18.73,18.78,17.36,18.53,375492.466
2025-05-20,18.53,18.82,17.89,18.41,210261.683
2025-05-21,18.41,19.3,18.2,18.99,286425.596
2025-05-22,18.99,19.9,18.97,19.69,280824.732
2025-05-23,19.69,20.16,18.4,18.49,320415.015
2025-05-24,18.49,18.82,18.31,18.41,151132.97
2025-05-25,18.41,18.46,17.84,18.34,124992.828
2025-05-26,18.34,18.73,18.08,18.25,104861.924
2025-05-27,18.25,19.0,17.92,18.61,197526.265
2025-05-28,18.61,18.86,17.98,18.47,196537.951
2025-05-29,18.47,19.18,18.05,18.12,243093.418
2025-05-30,18.12,18.24,16.88,16.93,331958.019
2025-05-31,16.93,17.12,16.42,16.94,197821.322
2025-06-01,16.94,17.19,16.58,17.1,102740.963
2025-06-02,17.1,17.6,16.76,17.57,99218.849
2025-06-03,17.57,17.82,17.39,17.56,103656.574
2025-06-04,17.56,17.93,17.14,17.26,125405.116
2025-06-05,17.26,17.48,16.14,16.29,261904.252
2025-06-06,16.29,17.02,16.22,16.7,182445.309
2025-06-07,16.7,17.39,16.66,17.21,123624.487
2025-06-08,17.21,17.23,16.83,16.95,149716.86
2025-06-09,16.95,17.94,16.61,17.86,196968.654
2025-06-10,17.86,18.62,17.6,18.55,252110.991
2025-06-11,18.55,18.73,17.94,18.09,177180.794
2025-06-12,18.09,18.14,17.01,17.11,191199.004
2025-06-13,17.11,17.12,15.97,16.9,340637.087
2025-06-14,16.9,16.91,16.46,16.63,110342.411
2025-06-15,16.63,16.82,16.35,16.68,72387.16
2025-06-16,16.68,17.54,16.48,16.94,157555.385
2025-06-17,16.94,17.19,16.18,16.48,160381.627
2025-06-18,16.48,16.71,16.03,16.55,146619.996
2025-06-19,16.55,16.79,16.38,16.72,160834.359
2025-06-20,16.72,16.93,15.83,16.12,193307.96
2025-06-21,16.12,16.3,15.19,15.57,346167.723
2025-06-22,15.57,15.78,14.47,15.2,464498.011
2025-06-23,15.2,16.52,15.09,16.39,245734.634
2025-06-24,16.39,16.58,16.2,16.43,162581.291
2025-06-25,16.43,16.56,16.13,16.23,164030.139
2025-06-26,16.23,16.61,16.01,16.11,157289.016
2025-06-27,16.11,16.32,15.87,16.2,156653.816
2025-06-28,16.2,16.33,16.05,16.28,60077.537
2025-06-29,16.28,17.17,16.17,16.95,108029.305
2025-06-30,16.95,17.02,16.4,16.6,129731.065
2025-07-01,16.6,16.65,15.84,15.95,132677.945
2025-07-02,15.95,17.22,15.83,16.97,227772.867
2025-07-03,16.97,17.34,16.9,16.98,173378.973
2025-07-04,16.98,17.03,16.07,16.28,134382.881
2025-07-05,16.28,16.44,16.1,16.36,71885.471
2025-07-06,16.36,16.87,16.24,16.64,71426.634
2025-07-07,16.64,16.79,16.36,16.69,112233.121
2025-07-08,16.69,17.2,16.35,16.94,247833.054
2025-07-09,16.94,17.78,16.79,17.65,271944.69
2025-07-10,17.65,18.56,17.46,18.49,498933.83
2025-07-11,18.49,18.92,17.99,18.25,608285.959
2025-07-12,18.25,18.53,17.74,18.13,311614.222
2025-07-13,18.13,18.68,18.06,18.45,199399.797
2025-07-14,18.45,19.19,18.28,18.55,432104.563
2025-07-15,18.55,19.08,17.81,19.05,394538.573
2025-07-16,19.05,20.35,18.9,19.87,808707.394
2025-07-17,19.87,20.45,19.34,20.26,789914.999
2025-07-18,20.26,24.98,20.12,23.17,3375202.259
2025-07-19,23.17,25.93,22.43,24.37,2313321.683
2025-07-20,24.37,25.6,23.96,24.68,1738578.73
2025-07-21,24.68,24.95,23.61,24.02,1101094.783
2025-07-22,24.02,24.85,22.93,24.23,956449.286
2025-07-23,24.23,24.5,21.95,22.54,1028340.242
2025-07-24,22.54,23.36,21.33,22.26,855723.97
2025-07-25,22.26,22.79,21.52,22.69,560234.234
2025-07-26,22.69,23.36,22.48,22.82,367073.077
2025-07-27,22.82,23.44,22.46,23.3,392078.981
2025-07-28,23.3,23.78,21.75,21.91,576932.274
2025-07-29,21.91,22.43,21.46,21.75,359613.942
2025-07-30,21.75,21.95,20.38,21.39,378126.791
2025-07-31,21.39,21.86,20.52,20.55,247093.523
2025-08-01,20.55,20.64,19.31,19.77,440465.246
2025-08-02,19.77,20.09,19.0,19.19,255616.743
2025-08-03,19.19,20.1,18.92,19.87,1567324.476
2025-08-04,19.87,21.06,19.85,20.99,240251.852
2025-08-05,20.99,21.1,19.81,20.17,324695.069
2025-08-06,20.17,20.45,19.72,20.3,200039.286
2025-08-07,20.3,21.57,20.1,21.54,398560.294
2025-08-08,21.54,22.71,21.16,22.38,923628.318
2025-08-09,22.38,23.9,22.35,23.6,734904.325
2025-08-10,23.6,24.39,22.56,23.17,677175.292
2025-08-11,23.17,23.71,22.06,22.2,510687.964
2025-08-12,22.2,23.95,21.89,23.69,632544.914
2025-08-13,23.69,24.46,23.32,24.26,676158.047
2025-08-14,24.26,24.46,21.78,22.18,985799.257
2025-08-15,22.18,22.69,21.55,22.22,410469.672
2025-08-16,22.22,22.46,21.97,22.38,188723.181
2025-08-17,22.38,22.98,22.21,22.24,235962.579
2025-08-18,22.24,22.31,21.13,21.53,426013.315
2025-08-19,21.53,21.75,20.47,20.52,372125.583
2025-08-20,20.52,21.68,20.41,21.55,256227.864
2025-08-21,21.55,21.72,20.86,21.01,191440.38
2025-08-22,21.01,25.46,20.53,24.49,1629397.5
2025-08-23,24.49,24.86,23.76,24.21,519485.922
2025-08-24,24.21,24.43,22.91,23.22,634690.392
2025-08-25,23.22,23.33,20.9,21.08,672489.805
2025-08-26,21.08,21.84,20.94,21.67,539884.382
2025-08-27,21.67,22.01,21.36,21.5,335950.199
2025-08-28,21.5,21.97,21.32,21.69,252850.573
2025-08-29,21.69,21.77,20.53,20.92,370357.944
2025-08-30,20.92,21.13,20.56,20.95,159310.789
2025-08-31,20.95,21.24,20.67,20.68,172817.119
2025-09-01,20.68,21.36,20.06,20.5,448656.907
2025-09-02,20.5,20.94,20.27,20.81,179317.536
2025-09-03,20.81,21.18,20.6,20.83,112827.171
2025-09-04,20.83,20.93,20.0,20.18,209950.555
2025-09-05,20.18,20.95,20.17,20.36,292541.557
2025-09-06,20.36,20.45,20.05,20.2,93283.457
2025-09-07,20.2,20.57,20.19,20.48,125367.804
2025-09-08,20.48,21.09,20.36,20.76,271907.976
2025-09-09,20.76,21.16,20.33,20.48,302235.106
2025-09-10,20.48,21.14,20.37,20.94,238857.033
2025-09-11,20.94,21.56,20.87,21.42,231796.969
2025-09-12,21.42,22.03,21.25,21.98,214812.009
2025-09-13,21.98,22.52,21.77,22.06,379613.39
2025-09-14,22.06,22.11,20.91,21.12,303712.351
2025-09-15,21.12,21.43,20.16,20.35,349575.831
2025-09-16,20.35,20.59,20.1,20.51,340853.283
2025-09-17,20.51,21.03,20.1,20.9,339868.733
2025-09-18,20.9,21.19,20.69,20.98,243044.566
2025-09-19,20.98,21.18,20.03,20.2,257401.664
2025-09-20,20.2,20.47,20.09,20.18,138968.23
2025-09-21,20.18,20.31,19.79,19.88,197723.957
2025-09-22,19.88,19.95,17.66,18.71,616652.159
2025-09-23,18.71,19.1,18.41,18.8,158534.85
2025-09-24,18.8,19.14,18.44,18.59,223952.377
2025-09-25,18.59,18.74,17.56,17.9,283402.252
2025-09-26,17.9,18.55,17.72,18.4,183906.36
2025-09-27,18.4,18.4,18.03,18.24,73877.591
2025-09-28,18.24,18.58,17.85,18.53,98896.056
2025-09-29,18.53,18.73,18.13,18.62,114019.161
2025-09-30,18.62,18.72,18.03,18.45,112440.747
2025-10-01,18.45,19.69,18.19,19.56,220397.682
2025-10-02,19.56,20.11,19.38,20.07,310752.755
2025-10-03,20.07,20.21,19.45,19.94,213489.072
2025-10-04,19.94,20.01,19.23,19.45,115431.649
2025-10-05,19.45,20.33,19.29,19.42,192737.839
2025-10-06,19.42,20.22,19.3,19.98,179464.727
2025-10-07,19.98,20.14,18.94,19.03,210429.459
2025-10-08,19.03,19.84,18.9,19.63,145157.676
2025-10-09,19.63,19.67,18.65,19.18,182727.18
2025-10-10,19.18,20.62,7.6,14.44,2216920.13
2025-10-11,14.44,15.63,14.09,15.04,1595296.198
2025-10-12,15.04,17.02,14.69,16.71,719466.302
2025-10-13,16.71,17.83,16.51,17.48,527114.892
2025-10-14,17.48,17.61,15.96,16.89,567291.772
2025-10-15,16.89,17.22,16.11,16.28,214180.158
2025-10-16,16.28,16.63,15.64,15.83,249489.372
2025-10-17,15.83,16.0,14.66,15.36,311505.98
2025-10-18,15.36,15.7,15.27,15.47,159656.641
2025-10-19,15.47,15.96,15.15,15.76,176844.585
2025-10-20,15.76,16.24,15.44,16.0,180971.388
2025-10-21,16.0,16.63,15.48,15.69,237165.264
2025-10-22,15.69,15.8,15.01,15.42,235265.112
2025-10-23,15.42,15.94,15.39,15.67,141057.769
2025-10-24,15.67,16.19,15.61,16.0,103750.174
2025-10-25,16.0,16.07,15.81,15.97,66088.845
2025-10-26,15.97,16.78,15.82,16.64,200209.986
2025-10-27,16.64,16.92,16.32,16.53,149142.036
2025-10-28,16.53,16.66,15.65,15.9,177513.73
2025-10-29,15.9,16.53,15.81,15.97,210011.006
2025-10-30,15.97,16.16,14.83,15.42,353655.906
2025-10-31,15.42,16.19,15.34,15.85,182203.777
2025-11-01,15.85,16.5,15.81,16.35,163752.443
2025-11-02,16.35,16.69,15.88,16.37,160021.916
2025-11-03,16.37,16.38,14.27,15.01,387215.6
2025-11-04,15.01,15.36,13.52,14.26,581399.717
