timestamp,open,high,low,close,volume
2019-01-01,131.37,139.75,130.04,138.63,77677.812497
2019-01-02,138.63,154.99,137.9,152.19,89008.94894
2019-01-03,152.19,153.42,143.44,146.0,85551.506519
2019-01-04,146.0,154.63,144.54,152.1,88328.065056
2019-01-05,152.1,159.06,151.98,152.81,91993.001839
2019-01-06,152.81,157.1,148.2,153.84,85976.524045
2019-01-07,153.84,155.29,147.99,149.44,91264.155645
2019-01-08,149.44,151.4,145.5,147.54,102744.001118
2019-01-09,147.54,151.35,147.0,148.05,99007.129171
2019-01-10,148.05,149.37,121.27,124.89,102732.003822
2019-01-11,124.89,127.18,120.74,124.67,92979.67546
2019-01-12,124.67,125.78,122.21,123.31,77482.63879
2019-01-13,123.31,123.78,112.36,114.07,76814.37837
2019-01-14,114.07,129.48,114.01,127.31,76349.60281
2019-01-15,127.31,129.0,116.31,119.14,81623.06293
2019-01-16,119.14,126.02,118.68,121.07,78184.66254
2019-01-17,121.07,122.63,117.01,121.71,30840.80841
2019-01-18,121.71,121.86,118.08,119.85,23692.54761
2019-01-19,119.85,125.33,119.69,122.86,24973.98656
2019-01-20,122.86,123.6,115.95,117.26,25872.34212
2019-01-21,117.26,117.67,113.88,115.2,26263.26591
2019-01-22,115.2,118.14,111.47,116.83,26522.95855
2019-01-23,116.83,117.8,114.27,115.74,26393.39707
2019-01-24,115.74,116.59,113.88,116.11,25895.11505
2019-01-25,116.11,117.06,114.35,114.95,25657.16734
2019-01-26,114.95,117.56,114.72,115.4,24934.43889
2019-01-27,115.4,116.07,111.7,112.29,25783.52005
2019-01-28,112.29,113.13,100.99,105.72,29038.80892
2019-01-29,105.72,106.61,102.48,104.48,28931.50568
2019-01-30,104.48,109.38,103.52,107.85,28134.42772
2019-01-31,107.85,110.01,104.99,106.07,26999.07628
2019-02-01,106.07,108.11,101.62,106.54,26555.6723
2019-02-02,106.54,110.71,105.82,110.21,27724.52524
2019-02-03,110.21,110.8,105.65,106.94,27066.90939
2019-02-04,106.94,109.01,106.17,107.33,27871.18352
2019-02-05,107.33,107.97,106.24,107.08,27025.78991
2019-02-06,107.08,107.44,101.33,104.33,29247.69263
2019-02-07,104.33,106.01,103.74,104.41,28035.39644
2019-02-08,104.41,122.61,103.48,118.97,26263.90445
2019-02-09,118.97,121.04,117.48,118.99,25088.31443
2019-02-10,118.99,125.39,115.76,124.6,24843.66216
2019-02-11,124.6,124.92,119.03,120.46,24304.90298
2019-02-12,120.46,123.36,118.12,122.19,25032.0216
2019-02-13,122.19,125.81,119.93,121.12,24711.90397
2019-02-14,121.12,123.65,119.47,119.68,24103.8215
2019-02-15,119.68,123.19,119.34,120.5,24892.56289
2019-02-16,120.5,123.73,120.5,122.24,24842.34596
2019-02-17,122.24,134.96,121.89,133.56,24192.66027
2019-02-18,133.56,147.68,132.4,145.48,21189.44396
2019-02-19,145.48,149.77,142.68,143.03,20667.71949
2019-02-20,143.03,148.86,139.64,148.64,20759.56815
2019-02-21,148.64,149.04,142.81,145.58,20211.19447
2019-02-22,145.58,148.83,143.97,147.47,20038.26182
2019-02-23,147.47,159.57,146.04,157.81,19690.60566
2019-02-24,157.81,165.91,132.4,132.59,20338.88018
2019-02-25,132.59,141.76,132.36,138.14,22791.05629
2019-02-26,138.14,138.73,134.04,136.73,25052.74593
2019-02-27,136.73,140.76,128.27,135.91,22632.92305
2019-02-28,135.91,138.59,133.35,135.6,19119.66108
2019-03-01,135.6,137.86,134.71,135.15,18650.56112
2019-03-02,135.15,136.07,130.24,132.6,22719.62839
2019-03-03,132.6,134.72,128.77,130.93,22344.91647
2019-03-04,130.93,131.37,123.55,126.38,23530.86434
2019-03-05,126.38,138.29,125.55,136.95,23749.65986
2019-03-06,136.95,140.99,134.21,137.37,73077.45166
2019-03-07,137.37,139.98,135.69,136.85,101129.75386
2019-03-08,136.85,139.28,131.09,133.66,94960.99244
2019-03-09,133.66,138.29,133.09,137.29,86670.00123
2019-03-10,137.29,137.85,134.26,135.53,75891.96731
2019-03-11,135.52,136.09,130.52,133.26,160852.4548
2019-03-12,131.72,134.97,128.0,134.33,226818.4959
2019-03-14,131.68,134.58,129.14,132.17,211823.29306
2019-03-15,132.17,137.8,132.17,136.59,253040.26904
2019-03-16,136.59,144.23,136.52,140.92,237385.34129
2019-03-17,140.92,141.11,137.19,138.67,232552.61674
2019-03-18,138.67,141.87,131.31,137.6,176522.07237
2019-03-19,137.6,139.39,137.03,138.5,164092.63501
2019-03-20,138.5,139.62,136.18,139.0,150377.11251
2019-03-21,139.0,139.58,131.89,134.87,148914.04133
2019-03-22,134.87,137.16,134.29,136.02,137188.40524
2019-03-23,136.02,138.21,135.58,137.28,135801.53213
2019-03-24,137.28,137.28,135.14,136.11,162542.32129
2019-03-25,136.11,136.74,115.31,133.96,105755.29821
2019-03-26,133.96,137.02,123.3,134.13,140412.03431
2019-03-27,134.13,140.1,133.76,139.47,98609.16337
2019-03-28,139.47,139.47,131.11,137.86,130630.44538
2019-03-29,137.86,143.51,137.65,143.2,137520.82795
2019-03-30,143.2,145.86,140.41,142.09,98075.40252
2019-03-31,142.09,142.22,140.57,141.39,122250.93727
2019-04-01,141.39,143.17,139.89,141.25,140410.57134
2019-04-02,141.25,165.38,140.97,163.33,176272.60655
2019-04-03,163.32,177.12,150.16,159.94,270281.09538
2019-04-04,159.94,163.76,152.84,157.34,202805.39806
2019-04-05,157.35,167.38,156.18,164.82,175053.75935
2019-04-06,164.82,172.71,160.23,165.46,175696.90468
2019-04-07,165.46,175.11,164.07,174.15,168187.00425
2019-04-08,174.15,185.33,171.13,178.7,227968.99034
2019-04-09,178.71,179.33,171.9,174.66,223191.1676
2019-04-10,174.66,183.34,170.65,177.08,229464.5615
2019-04-11,177.08,177.47,159.08,164.03,245726.4187
2019-04-12,164.03,166.29,158.2,163.21,225564.05133
2019-04-13,163.21,166.66,161.0,166.66,146843.13656
2019-04-14,166.66,169.33,161.15,167.14,208700.484
2019-04-15,167.14,168.73,155.86,160.06,235389.93189
2019-04-16,160.06,166.35,159.42,165.43,224067.81579
2019-04-17,165.43,167.09,163.96,165.75,215594.67977
2019-04-18,165.75,175.15,165.14,173.3,229210.18979
2019-04-19,173.3,173.39,169.12,172.64,225578.74572
2019-04-20,172.64,176.4,170.0,172.88,213301.82836
2019-04-21,172.88,173.47,164.93,168.65,232996.06993
2019-04-22,168.63,171.98,167.01,170.55,221437.95891
2019-04-23,170.55,175.67,168.05,169.25,235845.40395
2019-04-24,169.25,169.89,151.0,164.12,237065.24938
2019-04-25,164.12,164.85,150.52,154.71,235428.69318
2019-04-26,154.71,162.28,151.46,157.95,277205.40508
2019-04-27,157.95,162.1,156.26,159.28,227592.78177
2019-04-28,159.28,160.22,157.04,157.87,219669.4613
2019-04-29,157.87,159.01,152.39,155.09,201870.38616
2019-04-30,155.09,162.72,154.86,161.75,227489.01834
2019-05-01,161.75,163.76,158.5,160.2,224925.59631
2019-05-02,160.2,163.39,158.72,161.83,221832.83474
2019-05-03,161.83,170.19,161.01,168.06,243753.90633
2019-05-04,168.06,171.25,160.0,163.7,246524.97835
2019-05-05,163.7,165.31,159.32,162.99,205004.08822
2019-05-06,162.99,177.84,159.3,172.97,241721.44627
2019-05-07,172.97,182.72,168.42,168.87,300117.29038
2019-05-08,168.9,173.01,164.82,170.8,272758.36456
2019-05-09,170.8,173.62,166.74,170.98,223647.69946
2019-05-10,170.98,176.1,168.56,172.89,355609.57964
2019-05-11,172.89,205.01,172.88,192.56,424110.42362
2019-05-12,192.56,202.99,182.89,188.14,487857.80845
2019-05-13,188.14,206.83,185.65,196.19,374395.88306
2019-05-14,196.19,219.0,195.35,217.22,262273.75946
2019-05-15,217.22,252.11,217.05,250.25,135449.59022
2019-05-16,250.25,278.0,242.5,264.23,139093.85899
2019-05-17,264.23,268.4,223.64,244.52,170562.54158
2019-05-18,244.52,248.16,230.94,233.78,161802.70483
2019-05-19,233.78,263.49,232.67,259.14,155731.41182
2019-05-20,259.14,259.23,236.98,251.55,152737.39482
2019-05-21,251.55,261.83,243.91,254.4,145485.15455
2019-05-22,254.4,260.38,241.02,244.26,142392.83191
2019-05-23,244.26,247.37,231.66,244.76,152701.67239
2019-05-24,244.76,254.96,242.03,249.34,140746.75597
2019-05-25,249.34,256.65,247.62,249.15,139526.34034
2019-05-26,249.15,269.83,246.55,265.46,135425.18068
2019-05-27,265.46,280.48,263.42,271.71,130418.97031
2019-05-28,271.71,276.52,266.1,272.13,131120.91488
2019-05-29,272.13,274.25,260.86,269.12,126917.90777
2019-05-30,269.12,288.37,242.14,255.66,132777.92575
2019-05-31,255.66,269.44,247.66,268.7,107940.92088
2019-06-01,268.7,275.89,262.32,265.48,96934.25622
2019-06-02,265.48,273.91,264.71,270.08,93156.13788
2019-06-03,270.08,271.25,249.41,251.42,99742.895
2019-06-04,251.42,251.85,235.17,241.43,96706.61693
2019-06-05,241.43,249.8,237.53,245.96,114018.46108
2019-06-06,245.96,249.69,235.94,248.25,105506.14484
2019-06-07,248.25,253.97,243.61,249.72,97513.34863
2019-06-08,249.72,251.24,242.07,244.51,99541.07615
2019-06-09,244.51,245.19,228.03,231.86,105163.9551
2019-06-10,231.86,246.84,228.1,246.79,107255.46191
2019-06-11,246.79,247.63,236.3,243.68,101248.23209
2019-06-12,243.68,261.0,242.05,260.82,99260.69912
2019-06-13,260.82,262.47,255.02,255.85,96144.19338
2019-06-14,255.69,264.88,254.45,263.37,63392.19008
2019-06-15,263.37,272.34,261.68,268.57,85559.98846
2019-06-16,268.57,277.9,264.27,268.6,93974.49709
2019-06-17,268.6,275.46,267.37,273.85,90180.69437
2019-06-18,273.85,274.24,262.55,265.23,93350.90378
2019-06-19,265.23,270.94,264.47,269.18,88548.75471
2019-06-20,267.9,273.69,267.84,271.75,25243.20778
2019-06-21,271.75,296.0,271.73,294.82,90674.62773
2019-06-22,294.82,314.56,291.63,311.13,85419.84477
2019-06-23,311.13,321.86,307.41,310.11,82267.80216
2019-06-24,310.11,314.64,300.03,311.9,142777.78322
2019-06-25,311.9,319.75,308.5,319.07,206269.96104
2019-06-26,319.07,367.47,316.57,340.94,416602.17085
2019-06-27,340.94,348.64,281.61,299.15,464956.0538
2019-06-28,299.15,314.29,296.2,311.26,670093.55878
2019-06-29,311.26,324.23,295.81,317.74,746609.67047
2019-06-30,317.74,323.24,291.01,292.08,767623.13116
2019-07-01,292.08,303.55,280.59,295.14,821452.59855
2019-07-02,295.14,297.0,273.45,291.29,886011.24072
2019-07-03,291.29,302.22,289.0,300.65,926259.52539
2019-07-04,300.65,302.22,280.67,283.29,906837.51756
2019-07-05,283.29,294.86,281.33,287.57,914000.56046
2019-07-06,287.57,296.0,285.31,288.03,664417.85552
2019-07-07,288.03,309.0,285.0,304.48,437784.63948
2019-07-08,304.48,313.95,300.84,312.35,1094159.45375
2019-07-09,312.35,317.91,302.51,307.03,1352501.17898
2019-07-10,307.03,313.71,281.14,289.29,1330246.79375
2019-07-11,289.29,289.29,262.36,268.36,1257894.07613
2019-07-12,268.36,278.41,266.44,274.5,1375015.7529
2019-07-13,274.52,274.87,262.22,268.79,1385299.0204
2019-07-14,268.85,269.7,223.0,226.26,1087158.75302
2019-07-15,225.9,235.63,203.96,228.27,1157719.11477
2019-07-16,228.26,234.66,193.05,198.65,1028901.53685
2019-07-17,198.84,219.18,192.01,210.88,1309356.31059
2019-07-18,210.93,229.01,206.15,225.73,1224189.36168
2019-07-19,225.71,226.14,213.69,220.82,948852.10888
2019-07-20,220.78,234.96,220.07,228.5,924910.28741
2019-07-21,228.45,229.75,217.7,225.61,977341.66357
2019-07-22,225.55,228.24,212.59,217.54,792017.20417
2019-07-23,217.51,219.48,208.7,212.48,917788.39315
2019-07-24,212.56,218.0,202.76,216.15,795795.27129
2019-07-25,216.18,224.81,215.19,219.1,829461.53144
2019-07-26,219.12,219.96,212.92,218.87,648443.55608
2019-07-27,218.85,223.27,203.71,207.41,648316.02676
2019-07-28,207.44,213.22,199.47,211.24,655133.17524
2019-07-29,211.35,215.15,207.25,211.1,594418.72517
2019-07-30,211.11,213.69,205.34,209.34,789733.20908
2019-07-31,209.31,218.82,209.02,218.44,856319.48362
2019-08-01,218.44,219.0,211.03,217.03,465122.183
2019-08-02,217.03,222.26,215.03,217.98,728966.92396
2019-08-03,217.98,224.53,216.95,222.44,676374.99662
2019-08-04,222.44,223.38,217.36,221.71,528629.24876
2019-08-05,221.71,236.1,221.71,233.7,486679.26401
2019-08-06,233.7,239.1,223.02,226.3,880894.74035
2019-08-07,226.3,231.11,221.69,226.36,894674.93052
2019-08-08,226.36,226.86,216.0,221.47,889380.82994
2019-08-09,221.47,221.87,207.47,210.26,892340.09787
2019-08-10,210.26,214.8,202.91,206.49,908313.9275
2019-08-11,206.49,216.9,206.21,216.04,860650.41732
2019-08-12,216.04,216.6,210.04,211.63,850292.08567
2019-08-13,211.63,211.9,204.45,209.19,871738.05394
2019-08-14,209.19,209.74,183.52,187.27,885935.05919
2019-08-15,187.27,207.52,175.0,187.91,979911.45558
2019-08-16,187.91,188.26,178.74,184.94,976724.489
2019-08-17,184.94,187.0,182.21,185.66,935896.6062
2019-08-18,185.66,197.69,183.27,194.23,1000180.75574
2019-08-19,194.23,203.6,192.56,202.29,1009917.14044
2019-08-20,202.29,202.87,194.47,196.47,990080.32812
2019-08-21,196.47,197.08,181.14,187.43,1094397.15415
2019-08-22,187.43,194.95,182.86,190.4,860368.1726
2019-08-23,190.4,196.02,188.2,194.03,629851.30214
2019-08-24,194.03,194.1,186.4,190.55,619301.30182
2019-08-25,190.55,192.35,183.18,186.48,467756.28437
2019-08-26,186.48,193.39,186.03,188.71,654166.48644
2019-08-27,188.71,189.35,185.0,187.3,452307.47802
2019-08-28,187.3,188.1,166.8,173.09,540398.08165
2019-08-29,173.09,173.45,163.84,168.98,970090.07552
2019-08-30,168.98,170.52,165.6,168.38,561713.74147
2019-08-31,168.38,174.72,166.0,171.58,523647.40144
2019-09-01,171.58,173.4,167.72,170.71,529418.84424
2019-09-02,170.71,180.76,170.11,178.08,737051.93284
2019-09-03,178.08,182.64,174.92,178.71,765731.29655
2019-09-04,178.71,180.0,173.63,174.66,613613.83377
2019-09-05,174.66,175.56,169.76,173.75,443726.40268
2019-09-06,173.75,177.89,165.52,169.01,765341.84649
2019-09-07,169.01,180.66,168.34,177.54,588198.4567
2019-09-08,177.54,184.04,176.58,181.14,813509.3512
2019-09-09,181.14,184.93,176.03,180.55,818066.95521
2019-09-10,180.55,184.28,177.09,179.92,541471.13227
2019-09-11,179.92,182.56,174.47,178.28,551289.23605
2019-09-12,178.28,182.38,176.71,180.73,678795.34062
2019-09-13,180.73,181.43,177.54,180.99,443589.40259
2019-09-14,180.99,188.7,179.83,188.2,536610.05035
2019-09-15,188.2,190.36,185.68,189.05,800955.44392
2019-09-16,189.05,199.34,188.34,197.19,674408.69246
2019-09-17,197.19,214.8,195.75,207.96,491146.79412
2019-09-18,207.96,217.02,207.76,210.11,1160754.83492
2019-09-19,210.11,223.94,202.45,220.28,1384578.43332
2019-09-20,220.28,221.52,212.53,218.0,856023.9113
2019-09-21,218.0,221.44,213.4,215.08,595165.72901
2019-09-22,215.08,215.56,206.16,211.22,820837.3963
2019-09-23,211.22,211.6,198.86,201.44,836585.51668
2019-09-24,201.44,202.93,150.12,167.91,1254365.21382
2019-09-25,167.91,174.81,163.21,169.97,2453414.60946
2019-09-26,169.97,170.99,153.82,165.78,1155408.47468
2019-09-27,165.78,176.66,161.2,173.83,1325579.77667
2019-09-28,173.83,176.53,168.01,173.62,1093246.86404
2019-09-29,173.62,174.47,164.39,169.26,849886.90232
2019-09-30,169.26,181.11,165.31,180.89,1288270.10186
2019-10-01,180.89,185.63,173.31,175.84,1197994.40587
2019-10-02,175.84,181.33,173.74,180.27,905845.85057
2019-10-03,180.27,180.66,169.91,174.68,835006.90158
2019-10-04,174.68,179.36,171.02,175.44,890618.83991
2019-10-05,175.44,176.64,172.12,176.21,935939.31922
2019-10-06,176.21,176.68,168.0,170.21,819566.24757
2019-10-07,170.21,182.19,168.63,179.73,968257.41692
2019-10-08,179.73,184.66,177.28,180.53,1095236.99766
2019-10-09,180.53,196.18,179.07,192.56,1215983.44522
2019-10-10,192.56,194.24,187.07,191.08,1155438.82857
2019-10-11,191.08,196.44,179.45,180.77,1113588.08025
2019-10-12,180.77,185.0,178.0,179.65,885849.16673
2019-10-13,179.65,184.37,178.69,180.98,699714.31737
2019-10-14,180.98,187.5,180.48,186.72,547065.27253
2019-10-15,186.72,188.17,178.07,180.52,544483.42014
2019-10-16,180.52,181.33,172.14,174.52,570813.82706
2019-10-17,174.52,178.83,172.64,177.4,447907.85459
2019-10-18,177.4,177.96,169.0,172.75,545136.22592
2019-10-19,172.75,174.88,168.93,171.91,487562.47212
2019-10-20,171.91,176.34,168.84,175.23,496357.27504
2019-10-21,175.23,177.95,171.69,173.96,417335.17851
2019-10-22,173.96,175.0,170.45,171.25,444471.08415
2019-10-23,171.25,171.51,153.68,162.33,719601.72232
2019-10-24,162.33,163.73,158.83,160.44,560480.0712
2019-10-25,160.44,187.61,160.31,181.64,809164.86153
2019-10-26,181.64,197.1,173.91,179.38,1299324.74416
2019-10-27,179.38,188.72,176.25,183.61,757448.83411
2019-10-28,183.61,189.28,180.4,181.44,705628.09189
2019-10-29,181.44,192.51,181.24,190.43,486803.62582
2019-10-30,190.43,191.71,180.34,183.12,408137.35242
2019-10-31,183.12,185.28,177.74,182.28,384667.7741
2019-11-01,182.28,184.4,177.69,182.81,313746.81943
2019-11-02,182.81,185.12,181.49,182.93,274482.35029
2019-11-03,182.93,184.73,179.02,181.49,329252.12968
2019-11-04,181.49,188.0,180.33,185.63,337270.71185
2019-11-05,185.63,191.99,182.54,188.7,483430.59515
2019-11-06,188.7,194.39,187.92,191.0,397291.61917
2019-11-07,191.0,192.22,184.76,186.72,349344.79889
2019-11-08,186.72,188.2,181.44,183.73,340314.14507
2019-11-09,183.73,185.78,182.64,184.88,258469.56926
2019-11-10,184.88,191.45,183.31,188.95,304018.13111
2019-11-11,188.95,190.18,184.11,184.95,243696.15235
2019-11-12,184.95,187.54,182.53,187.04,284083.54467
2019-11-13,187.04,189.63,185.17,188.11,492352.21416
2019-11-14,188.11,188.66,183.27,184.85,656658.70532
2019-11-15,184.85,186.6,177.76,180.01,724907.96889
2019-11-16,180.01,183.52,179.29,182.34,584481.54382
2019-11-17,182.34,186.06,180.18,183.75,667206.26336
2019-11-18,183.75,184.02,174.4,178.04,684327.08993
2019-11-19,178.04,178.51,172.64,175.76,675716.18577
2019-11-20,175.76,177.42,173.56,174.75,664231.21699
2019-11-21,174.75,175.89,157.47,160.94,849780.89465
2019-11-22,160.94,162.78,138.14,149.52,1666723.91667
2019-11-23,149.52,154.22,146.1,151.79,999002.94361
2019-11-24,151.79,152.81,138.67,140.02,972142.67866
2019-11-25,140.02,151.43,131.46,145.66,1332806.49331
2019-11-26,145.66,149.91,143.59,147.38,945875.75067
2019-11-27,147.38,155.48,140.88,152.49,1129127.63063
2019-11-28,152.49,154.57,149.12,150.72,883832.13354
2019-11-29,150.72,157.42,150.24,154.57,922729.31509
2019-11-30,154.57,155.26,149.69,151.33,749940.31009
2019-12-01,151.33,152.39,145.92,150.66,966380.79579
2019-12-02,150.66,151.43,146.88,148.59,668037.97949
2019-12-03,148.59,149.85,145.82,147.21,598850.99291
2019-12-04,147.21,151.56,143.35,145.42,901814.60986
2019-12-05,145.42,148.8,143.84,148.06,581143.40074
2019-12-06,148.06,149.2,145.93,148.42,545821.63263
2019-12-07,148.42,149.34,146.82,147.14,535591.55673
2019-12-08,147.14,151.56,146.19,150.37,475985.46145
2019-12-09,150.37,151.01,146.67,147.38,565286.78673
2019-12-10,147.38,148.37,143.87,145.56,500238.03446
2019-12-11,145.56,146.34,142.15,143.39,555084.2205
2019-12-12,143.39,145.81,139.36,144.81,866647.02511
2019-12-13,144.81,145.27,143.05,144.79,679052.867
2019-12-14,144.79,145.04,141.24,141.84,672747.55666
2019-12-15,141.84,144.03,140.0,142.42,693517.61439
2019-12-16,142.42,142.67,129.56,132.73,939644.65842
2019-12-17,132.73,132.97,119.55,121.91,1107203.59454
2019-12-18,121.91,134.32,116.28,132.76,1659852.66072
2019-12-19,132.76,133.83,125.72,128.12,1205802.07474
2019-12-20,128.12,129.32,125.88,128.18,919536.07704
2019-12-21,128.18,128.39,126.51,127.02,735312.07595
2019-12-22,127.02,132.96,126.79,132.09,920526.16009
2019-12-23,132.09,135.11,126.14,127.81,1103734.96108
2019-12-24,127.81,129.65,126.73,127.73,949897.15421
2019-12-25,127.73,127.82,123.46,125.12,887600.1081
2019-12-26,125.12,132.2,124.34,125.62,977470.46252
2019-12-27,125.62,127.03,122.8,126.29,927264.67686
2019-12-28,126.29,129.61,125.84,128.13,971328.47116
2019-12-29,128.13,137.86,127.55,134.33,1053170.25052
2019-12-30,134.33,136.25,130.3,131.57,1048699.38783
2019-12-31,131.57,133.61,128.22,129.19,946104.40006
2020-01-01,129.19,133.01,128.7,130.68,824071.18208
2020-01-02,130.68,130.74,126.5,127.14,805578.65798
2020-01-03,127.14,135.0,125.91,134.35,1031935.96927
2020-01-04,134.35,135.75,132.63,134.18,765285.18423
2020-01-05,134.18,138.17,134.17,135.39,787446.66661
2020-01-06,135.39,144.39,134.86,144.22,996682.66502
2020-01-07,144.22,145.28,138.99,142.82,1051087.00172
2020-01-08,142.82,147.72,137.14,140.7,1115160.30319
2020-01-09,140.7,141.62,135.46,137.78,965863.87427
2020-01-10,137.78,145.14,135.37,144.86,1166195.53274
2020-01-11,144.86,147.94,142.11,142.41,1125887.65686
2020-01-12,142.41,146.58,141.85,146.53,907586.09387
2020-01-13,146.53,146.98,142.34,143.54,873429.58353
2020-01-14,143.54,170.96,143.5,165.79,1884032.8044
2020-01-15,165.79,171.93,159.19,166.38,1787562.5096
2020-01-16,166.38,167.37,158.62,164.26,1285737.3425
2020-01-17,164.26,174.36,162.14,169.9,1600368.21796
2020-01-18,169.9,179.53,165.13,174.12,1525521.14007
2020-01-19,174.12,177.98,161.71,166.86,1436367.17984
2020-01-20,166.86,169.29,161.35,166.83,1064248.89741
2020-01-21,166.83,170.13,164.94,169.39,1007952.44228
2020-01-22,169.39,171.36,166.02,168.04,988811.13098
2020-01-23,168.04,168.23,159.32,162.84,1131750.46785
2020-01-24,162.84,164.49,155.56,162.56,1198819.60459
2020-01-25,162.56,162.74,157.65,160.34,946673.49186
2020-01-26,160.34,168.05,159.39,167.89,1026444.17667
2020-01-27,167.89,172.06,165.33,170.08,1156633.66236
2020-01-28,170.08,176.13,170.05,175.7,1225317.74499
2020-01-29,175.7,178.49,173.37,173.77,1077840.48168
2020-01-30,173.77,187.0,170.99,184.67,1258544.93752
2020-01-31,184.67,185.79,175.23,179.97,1211717.55806
2020-02-01,179.97,184.25,179.25,183.6,1165014.68559
2020-02-02,183.6,193.38,179.2,188.43,1344398.85042
2020-02-03,188.43,195.08,186.83,189.75,1269660.99171
2020-02-04,189.75,191.57,184.69,188.9,1194806.15175
2020-02-05,188.9,207.65,188.1,203.82,1391619.73855
2020-02-06,203.82,216.32,201.08,213.25,1533370.41749
2020-02-07,213.25,224.72,213.2,223.51,1454489.62179
2020-02-08,223.51,227.67,213.63,223.18,1459316.15726
2020-02-09,223.18,230.67,223.04,228.62,1243750.07614
2020-02-10,228.62,229.43,216.73,222.87,1434287.75225
2020-02-11,222.87,239.0,218.03,236.7,1413477.07884
2020-02-12,236.7,275.15,236.69,265.72,1826334.74014
2020-02-13,265.72,277.66,256.28,268.35,2145129.00805
2020-02-14,268.35,287.0,260.48,285.21,1775389.56328
2020-02-15,285.21,288.31,262.02,264.93,1806285.5335
2020-02-16,264.93,273.98,237.46,259.17,2194021.9448
2020-02-17,259.17,268.6,241.1,267.83,2253309.09612
2020-02-18,267.83,285.53,258.75,281.96,1971252.7313
2020-02-19,281.96,285.06,255.0,258.75,1756141.51233
2020-02-20,258.75,264.28,245.2,257.1,2123776.93979
2020-02-21,257.1,268.03,253.95,265.23,1662525.93296
2020-02-22,265.23,266.82,256.47,261.41,1650089.08323
2020-02-23,261.41,275.43,260.88,274.49,1460048.807
2020-02-24,274.49,277.04,256.73,265.65,1839700.05919
2020-02-25,265.65,266.24,244.98,246.86,2026397.88725
2020-02-26,246.86,250.28,215.75,223.77,2751156.74036
2020-02-27,223.77,238.22,210.0,227.79,2917333.31295
2020-02-28,227.79,234.66,214.08,226.85,2491720.95822
2020-02-29,226.85,232.97,217.28,217.56,1637305.69139
2020-03-01,217.56,227.76,212.58,217.67,1706163.70542
2020-03-02,217.67,234.45,216.1,231.97,2003633.97517
2020-03-03,231.97,232.53,220.06,223.97,1724476.58081
2020-03-04,223.97,228.76,220.1,224.37,1388617.58136
2020-03-05,224.37,234.11,224.28,228.56,1228822.21296
2020-03-06,228.56,245.08,227.44,244.9,1349053.83789
2020-03-07,244.9,251.74,236.12,237.23,1881601.60009
2020-03-08,237.23,237.23,195.98,199.29,2941265.15853
2020-03-09,199.29,208.51,190.08,202.87,3925683.00165
2020-03-10,202.87,206.04,195.77,200.6,2263218.86651
2020-03-11,200.6,203.08,181.85,194.58,2263735.98394
2020-03-12,194.58,195.54,101.69,107.79,6992068.01291
2020-03-13,107.79,139.51,86.13,134.17,9849343.28796
2020-03-14,134.17,134.6,121.18,122.51,3118655.04098
2020-03-15,122.51,133.04,120.4,123.76,2921572.8372
2020-03-16,123.76,124.35,101.25,111.04,4899548.84956
2020-03-17,111.04,120.77,109.42,115.76,3549657.05353
2020-03-18,115.76,118.39,110.01,118.13,3159661.42204
2020-03-19,118.13,142.89,115.5,136.37,3671927.08388
2020-03-20,136.37,152.26,117.13,133.35,4472833.49101
2020-03-21,133.35,137.44,125.83,132.67,3057470.07246
2020-03-22,132.67,137.1,121.16,122.44,2546457.84119
2020-03-23,122.44,137.35,120.0,135.93,3002445.13273
2020-03-24,135.93,143.32,132.58,138.53,3038980.54244
2020-03-25,138.53,142.04,132.85,135.99,2681623.01091
2020-03-26,135.99,139.56,133.5,138.35,1849246.17863
2020-03-27,138.35,141.0,130.03,131.29,1502979.21529
2020-03-28,131.29,132.89,125.01,130.88,1713739.97661
2020-03-29,130.88,131.79,123.93,124.41,1453835.9395
2020-03-30,124.41,134.98,124.09,132.06,2024344.62967
2020-03-31,132.06,134.99,130.4,132.77,1795838.93644
2020-04-01,132.77,136.64,128.72,135.56,1725330.59156
2020-04-02,135.56,149.59,135.13,141.33,3135898.11563
2020-04-03,141.33,146.65,137.94,141.36,2478027.29649
2020-04-04,141.36,146.17,138.92,144.09,2450434.56429
2020-04-05,144.09,145.59,140.78,142.65,1914703.04513
2020-04-06,142.65,171.86,142.58,171.25,3843637.54269
2020-04-07,171.25,176.16,162.43,164.61,3028295.62575
2020-04-08,164.61,174.39,163.64,173.08,2034706.3821
2020-04-09,173.08,173.31,165.33,169.57,1771917.37584
2020-04-10,169.57,170.12,152.22,157.81,2045744.84235
2020-04-11,157.81,161.25,153.93,158.34,2331082.70936
2020-04-12,158.34,164.78,155.03,158.63,2434774.28008
2020-04-13,158.63,158.93,150.06,156.28,2882644.28546
2020-04-14,156.28,161.78,155.42,158.47,2420724.06412
2020-04-15,158.47,161.21,152.18,152.74,2411051.6699
2020-04-16,152.74,174.7,148.51,172.31,3348741.74922
2020-04-17,172.31,174.82,168.37,170.61,2237806.23287
2020-04-18,170.61,189.27,170.46,187.36,2370942.39421
2020-04-19,187.36,188.22,176.22,180.0,2700482.68678
2020-04-20,180.0,186.29,166.94,170.34,3362634.39701
2020-04-21,170.34,174.53,168.11,170.73,2761045.32401
2020-04-22,170.73,183.83,169.85,182.74,2469243.75792
2020-04-23,182.74,193.62,178.34,185.46,2732397.18946
2020-04-24,185.46,189.64,184.83,187.5,2369379.33934
2020-04-25,187.5,197.96,185.83,194.15,2723083.41682
2020-04-26,194.15,199.77,192.37,197.37,2175055.64524
2020-04-27,197.37,198.88,190.08,196.36,2424228.8711
2020-04-28,196.36,197.49,192.29,196.32,2102880.27711
2020-04-29,196.32,218.59,196.3,215.32,2838747.53681
2020-04-30,215.32,227.14,202.26,206.08,3639062.48191
2020-05-01,206.08,217.05,205.99,211.96,2420425.55538
2020-05-02,211.96,215.21,210.36,213.89,2229844.00912
2020-05-03,213.89,219.0,205.17,209.84,2446566.60929
2020-05-04,209.84,210.67,195.01,206.5,2825950.5649
2020-05-05,206.5,211.59,201.22,205.3,2513636.41372
2020-05-06,205.3,210.49,198.39,198.98,2601922.86036
2020-05-07,198.98,214.19,196.92,211.92,2739117.50941
2020-05-08,211.92,216.5,207.05,211.31,2668138.56477
2020-05-09,211.31,214.58,208.6,210.03,2202057.35064
2020-05-10,210.03,210.15,180.61,187.68,2634812.75518
2020-05-11,187.68,193.31,176.52,185.7,2953216.64186
2020-05-12,185.7,192.06,185.5,189.83,2208230.43404
2020-05-13,189.83,201.0,188.42,199.49,2463219.93981
2020-05-14,199.49,205.93,195.99,203.34,2110903.94017
2020-05-15,203.34,204.12,191.99,194.81,1121322.23638
2020-05-16,194.81,203.22,193.29,200.47,1107917.71105
2020-05-17,200.47,209.79,199.67,207.01,882780.17554
2020-05-18,207.01,219.28,206.98,214.94,767903.77993
2020-05-19,214.94,215.92,209.59,214.5,201864.51198
2020-05-20,214.5,215.47,206.67,209.96,175251.69614
2020-05-21,209.96,211.65,191.83,198.73,221105.02503
2020-05-22,198.73,209.11,196.24,207.34,347656.65054
2020-05-23,207.34,211.09,204.82,206.62,379214.70216
2020-05-24,206.62,210.54,199.7,199.7,420954.25273
2020-05-25,199.7,205.54,198.21,204.0,417589.95447
2020-05-26,204.0,204.98,196.87,200.94,354861.22068
2020-05-27,200.94,208.43,200.75,208.29,324666.1042
2020-05-28,208.29,220.54,204.68,220.24,353230.68245
2020-05-29,220.24,224.7,217.62,220.59,407645.30641
2020-05-30,220.59,247.07,218.75,243.65,479372.2518
2020-05-31,243.65,245.34,230.11,231.7,503461.78658
2020-06-01,231.7,249.98,230.73,248.11,487169.42144
2020-06-02,248.11,253.55,225.05,237.8,420127.40717
2020-06-03,237.8,245.12,233.49,244.53,375745.46628
2020-06-04,244.53,246.65,236.35,243.35,405305.38585
2020-06-05,243.35,247.76,239.14,240.16,395400.62388
2020-06-06,240.16,244.63,237.97,242.0,786186.65172
2020-06-07,242.0,244.98,235.02,244.58,423198.09539
2020-06-08,244.58,247.54,233.0,246.42,461635.00794
2020-06-09,246.42,249.65,238.54,243.85,294033.29679
2020-06-10,243.85,249.82,241.65,247.75,286784.07603
2020-06-11,247.75,249.97,226.37,230.4,413640.35251
2020-06-12,230.4,239.31,228.38,237.55,379655.31677
2020-06-13,237.55,238.81,234.74,238.07,312448.74082
2020-06-14,238.07,238.49,230.11,231.79,294618.52025
2020-06-15,231.79,233.5,218.51,230.81,507087.55159
2020-06-16,230.81,235.97,228.71,235.3,376489.16285
2020-06-17,235.3,237.17,228.0,233.81,349703.90354
2020-06-18,233.81,234.66,228.0,231.29,302306.84303
2020-06-19,231.29,231.9,226.78,229.01,314401.896526335
2020-06-20,229.01,230.86,225.92,228.79,207652.7177040969
2020-06-21,228.79,231.15,227.24,228.07,198739.68819452898
2020-06-22,228.07,246.61,227.55,243.1,290305.1710119283
2020-06-23,243.1,244.82,240.79,243.13,243162.41772460743
2020-06-24,243.13,249.2,231.23,234.62,310657.905939742
2020-06-25,234.62,235.31,227.64,232.45,296008.66558
2020-06-26,232.45,233.5,227.78,229.63,286867.7983
2020-06-27,229.63,231.34,216.31,220.97,286225.88538
2020-06-28,220.97,227.85,218.02,224.95,281802.97025
2020-06-29,224.95,229.91,221.68,227.83,300714.59685
2020-06-30,227.83,228.65,223.01,225.51,250737.65008
2020-07-01,225.51,232.62,224.13,230.87,263021.50353
2020-07-02,230.87,231.95,223.16,226.44,276431.03808
2020-07-03,226.44,228.07,224.33,225.09,216288.06527
2020-07-04,225.09,230.57,224.42,229.09,212290.3366
2020-07-05,229.09,229.76,223.47,227.65,215938.65203
2020-07-06,227.65,241.85,226.94,241.57,278831.57737
2020-07-07,241.57,243.56,234.67,239.39,263730.84731
2020-07-08,239.39,248.79,237.81,246.98,317317.46927
2020-07-09,246.98,247.59,238.09,242.02,258711.12024
2020-07-10,242.02,242.17,236.01,241.18,157953.77339
2020-07-11,241.18,241.62,237.56,239.17,35871.69708
2020-07-12,239.17,243.85,236.65,242.72,23264.82794
2020-07-13,242.72,245.13,237.42,239.58,43333.97808
2020-07-14,239.58,242.03,237.0,240.4,25119.1049
2020-07-15,240.4,241.34,236.95,238.62,19822.85229
2020-07-16,238.62,239.4,230.1,233.58,28858.50131
2020-07-17,233.58,234.63,231.68,232.61,26465.55906
2020-07-18,232.61,236.73,232.35,235.66,24075.7082
2020-07-19,235.66,239.68,233.32,239.0,26198.56888
2020-07-20,239.0,239.67,234.18,235.94,30356.43914
2020-07-21,235.94,246.62,235.6,245.51,42578.69182
2020-07-22,245.51,268.59,241.68,263.74,43803.91601
2020-07-23,263.74,279.74,259.9,275.41,94508.83872
2020-07-24,275.41,287.26,268.16,279.12,91004.69097
2020-07-25,279.12,308.86,279.07,305.29,80446.00666
2020-07-26,305.29,318.59,300.04,311.04,89977.07517
2020-07-27,311.04,332.86,310.88,321.82,131905.24645
2020-07-28,321.82,326.65,306.08,316.73,112702.57533
2020-07-29,316.73,324.99,312.52,317.8,83222.38392
2020-07-30,317.8,341.42,314.38,334.78,83431.35418
2020-07-31,334.78,349.32,328.8,346.39,95186.53971
2020-08-01,346.39,392.52,343.1,387.03,100927.37665
2020-08-02,387.03,415.61,331.0,372.24,196770.88493
2020-08-03,372.24,397.82,367.07,385.75,80604.30678
2020-08-04,385.75,402.71,381.03,389.64,63647.25614
2020-08-05,389.64,406.91,384.34,400.76,60863.01883
2020-08-06,400.76,403.32,391.57,394.76,51295.16838
2020-08-07,394.76,398.22,357.96,379.33,54210.55844
2020-08-08,379.33,397.0,376.0,396.97,46215.77513
2020-08-09,396.97,399.92,384.0,390.13,49060.58877
2020-08-10,390.13,399.01,385.65,395.41,51324.04358
2020-08-11,395.41,398.1,367.39,379.01,61561.81414
2020-08-12,379.01,389.14,366.51,387.16,52254.01655
2020-08-13,387.16,430.66,377.09,424.27,70444.19544
2020-08-14,424.27,444.14,417.42,438.18,42189.01511
2020-08-15,438.18,442.9,428.47,432.12,25831.10966
2020-08-16,432.12,436.64,413.04,433.57,30349.15677
2020-08-17,433.57,445.58,420.52,430.81,30053.93394
2020-08-18,430.81,433.71,415.0,422.12,30520.47236
2020-08-19,422.12,424.81,393.9,407.36,40048.4188
2020-08-20,407.36,418.88,402.29,415.9,22406.455
2020-08-21,415.9,418.63,385.24,387.93,32114.70794
2020-08-22,387.93,396.88,380.0,395.27,24008.12398
2020-08-23,395.27,396.86,383.34,390.64,18851.72303
2020-08-24,390.64,410.34,387.6,407.67,40585.60746
2020-08-25,407.67,409.02,370.16,383.07,74481.10823
2020-08-26,383.07,392.74,377.57,385.83,51680.97679
2020-08-27,385.83,397.0,372.0,383.14,54962.38633
2020-08-28,383.14,397.62,379.72,395.14,46274.78903
2020-08-29,395.14,405.49,391.94,398.66,45648.09393
2020-08-30,398.66,429.79,398.37,428.88,51138.98817
2020-08-31,428.88,438.92,418.2,433.74,55395.21414
2020-09-01,433.74,488.47,429.51,475.44,91085.50306
2020-09-02,475.44,481.2,421.18,439.51,97359.98839
2020-09-03,439.51,450.52,372.46,381.59,101069.05061
2020-09-04,381.59,400.0,360.4,385.32,75289.20646
2020-09-05,385.32,394.56,309.0,335.16,93123.81166
2020-09-06,335.16,359.93,316.47,352.57,80720.23935
2020-09-07,352.57,358.62,323.4,353.5,64768.58826
2020-09-08,353.5,356.38,325.31,337.43,57768.28372
2020-09-09,337.43,358.8,330.81,350.92,47393.88355
2020-09-10,350.92,377.23,350.2,367.99,264225.3239
2020-09-11,367.99,375.12,355.96,373.62,53370.36129
2020-09-12,373.62,388.17,365.0,387.76,29948.03466
2020-09-13,387.76,389.78,353.85,366.39,36229.82542
2020-09-14,366.39,384.25,356.02,377.13,37431.548
2020-09-15,377.13,382.31,362.57,364.21,35169.41303
2020-09-16,364.21,373.15,355.21,364.9,31389.99917
2020-09-17,364.9,393.97,363.43,389.37,38565.15303
2020-09-18,389.37,392.47,375.71,384.45,28299.08415
2020-09-19,384.45,388.34,377.32,385.2,26740.36218
2020-09-20,385.2,385.42,365.01,370.9,25684.22183
2020-09-21,370.9,376.54,331.15,340.01,39907.77165
2020-09-22,340.01,346.84,335.62,344.2,26853.6536
2020-09-23,344.2,344.66,313.55,320.15,30286.5069
2020-09-24,320.15,352.97,316.93,349.05,30106.05724
2020-09-25,349.05,357.79,337.75,351.93,27935.06348
2020-09-26,351.93,356.18,346.06,353.94,24828.18613
2020-09-27,353.94,362.03,347.38,357.44,26951.15808
2020-09-28,357.44,367.45,352.14,354.03,25578.10437
2020-09-29,354.03,361.55,350.5,359.8,25309.48595
2020-09-30,359.8,361.39,351.77,359.75,18688.31491
2020-10-01,359.75,370.0,345.89,353.03,18652.40394
2020-10-02,353.03,354.45,334.28,345.69,21032.79092
2020-10-03,345.69,350.9,343.72,345.93,13639.4086
2020-10-04,345.93,354.23,344.02,352.43,13085.55735
2020-10-05,352.43,355.54,348.62,353.5,13607.20417
2020-10-06,353.5,354.99,337.0,340.75,18036.66174
2020-10-07,340.75,342.77,333.28,341.84,17064.56218
2020-10-08,341.84,353.25,334.2,350.59,15471.32659
2020-10-09,350.59,368.29,347.64,365.11,21065.39698
2020-10-10,365.11,378.33,364.79,370.6,24945.39535
2020-10-11,370.6,377.44,369.01,374.19,20655.6279
2020-10-12,374.19,394.77,365.64,386.51,21141.75217
2020-10-13,386.51,387.59,374.66,381.01,21176.56019
2020-10-14,381.01,387.2,373.39,378.61,21309.50321
2020-10-15,378.61,381.48,370.02,377.66,21280.60807
2020-10-16,377.66,379.7,360.54,365.01,29381.393
2020-10-17,365.01,370.21,363.17,368.1,15929.5229
2020-10-18,368.1,378.36,366.99,378.14,15554.77189
2020-10-19,378.14,384.29,372.64,379.16,17187.55619
2020-10-20,379.16,380.67,365.94,368.49,19707.44443
2020-10-21,368.49,400.97,367.71,390.43,35007.5639
2020-10-22,390.43,420.54,390.32,413.98,40580.89702
2020-10-23,413.98,419.24,401.58,409.21,18659.95939
2020-10-24,409.21,416.55,407.04,412.11,13094.30209
2020-10-25,412.11,417.34,403.18,405.87,11711.61061
2020-10-26,405.87,411.09,382.44,392.76,25198.20329
2020-10-27,392.76,410.13,389.97,403.35,17685.32845
2020-10-28,403.35,409.18,380.7,388.33,28755.13153
2020-10-29,388.33,393.46,380.89,387.38,16738.89687
2020-10-30,387.38,391.74,373.92,382.45,22023.63701
2020-10-31,382.45,393.69,380.33,386.56,14790.21347
2020-11-01,386.56,397.41,384.75,396.39,11224.53929
2020-11-02,396.39,403.93,378.26,383.25,23659.29328
2020-11-03,383.25,389.92,370.6,387.8,22930.72124
2020-11-04,387.8,408.24,376.94,402.37,27633.59252
2020-11-05,402.37,420.05,396.65,416.66,36235.28389
2020-11-06,416.66,458.19,414.89,455.86,52806.97107
2020-11-07,455.86,468.22,421.0,435.13,74211.10725
2020-11-08,435.13,460.04,432.1,454.34,31600.284
2020-11-09,454.34,458.94,434.18,444.3,36354.66435
2020-11-10,444.3,454.61,439.07,450.34,23167.14768
2020-11-11,450.34,476.08,449.41,463.11,29292.03256
2020-11-12,463.11,470.0,452.26,462.48,24389.68065
2020-11-13,462.48,477.99,457.49,476.38,20736.16516
2020-11-14,476.38,477.42,452.15,460.59,17143.1253
2020-11-15,460.59,462.79,440.33,448.07,16169.72942
2020-11-16,448.07,465.8,445.58,460.35,14913.75909
2020-11-17,460.35,484.53,459.81,482.3,25929.45429
2020-11-18,482.3,495.27,457.99,478.33,56641.91485
2020-11-19,478.33,480.46,465.0,471.49,18294.80692
2020-11-20,471.49,514.13,470.82,510.04,38939.40616
2020-11-21,510.04,552.95,503.01,552.03,44226.11908
2020-11-22,552.03,580.54,511.62,560.01,68099.04187
2020-11-23,560.01,610.79,548.0,608.78,74159.24313
2020-11-24,608.78,622.66,586.17,605.04,72075.57263
2020-11-25,605.04,605.97,531.85,569.44,60744.96686
2020-11-26,569.44,576.97,482.41,519.66,239590.46184
2020-11-27,519.66,530.4,494.08,518.57,79072.17955
2020-11-28,518.57,547.93,506.78,537.76,36850.50848
2020-11-29,537.76,576.73,530.53,575.52,30608.4826
2020-11-30,575.52,616.51,570.81,616.43,52356.63739
2020-12-01,616.43,635.5,566.95,585.35,104299.6437
2020-12-02,585.35,604.66,575.44,598.03,35597.93259
2020-12-03,598.03,623.0,586.42,615.93,21373.34078
2020-12-04,615.93,619.9,566.01,567.57,31884.56348
2020-12-05,567.57,597.11,561.0,596.67,15632.01741
2020-12-06,596.67,607.39,583.44,601.59,14567.74869
2020-12-07,601.59,602.98,584.49,591.26,11300.6712
2020-12-08,591.26,594.98,549.87,555.19,25200.13836
2020-12-09,555.19,577.69,530.73,573.48,33586.42811
2020-12-10,573.48,575.4,548.45,558.42,20093.4567
2020-12-11,558.42,560.68,536.05,543.9,25637.61607
2020-12-12,543.9,573.6,543.9,567.88,11237.75241
2020-12-13,567.88,594.9,563.4,591.0,13682.43383
2020-12-14,591.0,591.47,575.79,586.28,11490.8957
2020-12-15,586.28,597.05,579.42,588.79,10362.0035
2020-12-16,588.79,638.55,580.86,637.76,23944.02906
2020-12-17,637.76,676.16,626.4,643.04,69569.35565
2020-12-18,643.04,664.37,629.98,653.89,29051.25835
2020-12-19,653.89,669.74,645.71,658.04,21852.07718
2020-12-20,658.04,660.96,621.45,637.98,26412.08388
2020-12-21,637.98,647.95,596.44,607.9,61819.85485
2020-12-22,607.9,637.32,588.46,637.17,28136.43578
2020-12-23,637.17,638.0,552.3,585.81,55367.5354
2020-12-24,585.81,614.82,566.18,612.23,36961.60865
2020-12-25,612.23,633.61,604.75,626.73,25099.58212
2020-12-26,626.73,652.4,616.18,636.97,32019.05856
2020-12-27,636.97,717.32,626.09,684.45,73563.12271
2020-12-28,684.45,748.28,682.39,730.29,63866.13312
2020-12-29,730.29,740.35,690.14,731.7,57224.29971
2020-12-30,731.7,758.0,717.44,752.14,32619.86443
2020-12-31,752.14,755.49,722.69,735.85,29745.61924
2021-01-01,735.85,749.0,715.52,729.06,20149.15831
2021-01-02,729.06,787.45,701.0,774.42,45554.57623
2021-01-03,774.42,1009.13,768.88,978.27,129736.62133
2021-01-04,978.27,1159.98,890.08,1042.28,280980.29458
2021-01-05,1042.28,1134.09,975.08,1100.25,180636.79602
2021-01-06,1100.25,1211.92,1057.87,1208.46,150381.10923
2021-01-07,1208.46,1288.01,1150.0,1224.46,138876.34333
2021-01-08,1224.46,1273.14,1066.0,1216.13,244003.75919
2021-01-09,1216.13,1301.49,1172.17,1275.62,124175.02836
2021-01-10,1275.62,1347.36,1172.46,1255.03,152086.9659
2021-01-11,1255.03,1259.36,915.69,1086.89,620022.10647
2021-01-12,1086.89,1149.6,1000.0,1050.13,248985.11054
2021-01-13,1050.13,1136.66,988.89,1130.25,163314.80495
2021-01-14,1130.25,1246.71,1088.37,1232.99,80294.98955
2021-01-15,1232.99,1256.29,1072.42,1169.48,121006.48416
2021-01-16,1169.48,1292.63,1152.29,1228.05,90070.68549
2021-01-17,1228.05,1268.89,1166.87,1233.37,80714.82316
2021-01-18,1233.37,1260.31,1183.62,1258.06,49266.78246
2021-01-19,1258.06,1437.79,1252.35,1367.31,93994.02342
2021-01-20,1367.31,1407.35,1237.04,1377.19,127434.32174
2021-01-21,1377.19,1388.34,1086.13,1110.0,195182.37014
2021-01-22,1110.0,1272.95,1042.28,1233.44,169312.54025
2021-01-23,1233.44,1271.8,1196.71,1233.34,74299.66711
2021-01-24,1233.34,1398.7,1220.04,1390.32,76418.65492
2021-01-25,1390.32,1473.48,1294.42,1318.76,113163.18073
2021-01-26,1318.76,1378.17,1245.2,1366.38,110011.85885
2021-01-27,1366.38,1373.33,1207.64,1240.0,141443.21228
2021-01-28,1240.0,1359.89,1217.51,1328.55,83019.0582
2021-01-29,1328.55,1436.19,1286.15,1377.97,141892.97834
2021-01-30,1377.97,1406.0,1326.74,1377.79,68763.75674
2021-01-31,1377.79,1380.07,1281.52,1312.65,40991.55925
2021-02-01,1312.65,1377.18,1270.36,1374.19,52784.03001
2021-02-02,1374.19,1547.6,1361.41,1511.8,109897.92663
2021-02-03,1511.8,1668.94,1509.26,1664.81,63130.83156
2021-02-04,1664.81,1694.76,1557.63,1596.24,101282.1543
2021-02-05,1596.24,1759.99,1591.32,1719.21,62985.60835
2021-02-06,1719.21,1743.37,1645.0,1676.52,51842.36316
2021-02-07,1676.52,1692.48,1493.03,1611.61,77096.36228
2021-02-08,1611.61,1775.4,1565.0,1749.25,95560.25001
2021-02-09,1749.25,1821.34,1709.11,1769.38,63456.40084
2021-02-10,1769.38,1836.88,1680.01,1741.2,89826.75616
2021-02-11,1741.2,1818.25,1704.08,1786.12,45248.3145
2021-02-12,1786.12,1863.11,1740.36,1840.98,38629.99369
2021-02-13,1840.98,1871.09,1765.04,1815.95,46423.09441
2021-02-14,1815.95,1850.0,1785.01,1800.06,24075.94197
2021-02-15,1800.06,1835.66,1658.95,1778.68,65883.03699
2021-02-16,1778.68,1827.18,1724.36,1781.95,34077.1019
2021-02-17,1781.95,1854.46,1733.32,1849.18,25618.18973
2021-02-18,1849.18,1950.16,1849.18,1939.12,23854.97201
2021-02-19,1939.12,1972.39,1891.69,1955.78,20451.93182
2021-02-20,1955.78,2041.08,1802.65,1914.35,49354.31167
2021-02-21,1914.35,1975.53,1883.77,1933.46,32763.82679
2021-02-22,1933.46,1936.04,1555.88,1776.96,118822.49054
2021-02-23,1776.96,1782.37,1358.29,1578.16,298496.31294
2021-02-24,1578.16,1712.34,1501.78,1623.29,112375.61988
2021-02-25,1623.29,1671.02,1459.71,1479.72,95540.27352
2021-02-26,1479.72,1561.4,1400.28,1445.73,122838.70047
2021-02-27,1445.73,1528.19,1425.26,1457.64,74330.40133
2021-02-28,1457.64,1468.66,1294.45,1417.12,102180.79351
2021-03-01,1417.12,1571.91,1409.98,1570.03,48526.49275
2021-03-02,1570.03,1602.72,1455.76,1485.64,51340.28875
2021-03-03,1485.64,1656.26,1476.72,1568.26,41353.48706
2021-03-04,1568.26,1624.38,1506.4,1538.38,56530.29911
2021-03-05,1538.38,1548.68,1442.29,1527.81,48834.47299
2021-03-06,1527.81,1670.91,1513.56,1651.45,35048.87274
2021-03-07,1651.45,1733.93,1630.0,1725.4,35836.7421
2021-03-08,1725.4,1842.59,1664.98,1832.64,42840.82209
2021-03-09,1832.64,1870.0,1798.79,1870.0,28367.91513
2021-03-10,1870.0,1876.97,1758.19,1793.73,41573.19127
2021-03-11,1793.73,1846.5,1727.17,1826.03,43737.89547
2021-03-12,1826.03,1841.43,1721.47,1766.27,42901.87862
2021-03-13,1766.27,1943.64,1728.41,1921.03,32443.11936
2021-03-14,1921.03,1932.57,1838.23,1849.29,25100.24066
2021-03-15,1849.29,1891.22,1736.65,1792.5,47836.10652
2021-03-16,1792.5,1819.15,1714.0,1806.37,31641.52459
2021-03-17,1806.37,1838.58,1743.64,1823.26,20129.92487
2021-03-18,1823.26,1849.59,1760.0,1776.12,16902.07794
2021-03-19,1776.12,1840.33,1735.0,1809.98,13320.13994
2021-03-20,1809.98,1868.13,1801.05,1805.72,8519.4864
2021-03-21,1805.72,1816.36,1747.93,1783.4,11723.62471
2021-03-22,1783.4,1806.66,1657.73,1681.15,24925.00578
2021-03-23,1681.15,1720.81,1652.16,1668.66,19416.28974
2021-03-24,1668.66,1740.0,1547.61,1582.33,28599.43396
2021-03-25,1582.33,1621.74,1550.01,1585.83,32265.01944
2021-03-26,1585.83,1699.44,1585.83,1698.73,11133.08182
2021-03-27,1698.73,1732.16,1666.84,1712.89,9185.94708
2021-03-28,1712.89,1725.43,1661.95,1686.79,8209.4355
2021-03-29,1686.79,1840.07,1678.19,1816.62,11898.17678
2021-03-30,1816.62,1858.63,1787.77,1840.58,7774.45822
2021-03-31,1840.58,1946.86,1770.0,1918.36,16841.10421
2021-04-01,1918.36,1984.72,1886.08,1967.39,17683.51533
2021-04-02,1967.39,2145.59,1949.76,2133.9,15288.7848
2021-04-03,2133.9,2138.33,2002.49,2009.26,35750.39427
2021-04-04,2009.26,2091.46,1980.0,2076.05,20908.45141
2021-04-05,2076.05,2129.51,2002.47,2106.8,21126.82584
2021-04-06,2106.8,2151.01,2046.06,2111.15,27090.02929
2021-04-07,2111.15,2128.65,1933.29,1962.62,36813.85335
2021-04-08,1962.62,2084.5,1948.6,2081.03,20004.90852
2021-04-09,2081.03,2099.99,2049.36,2066.88,10536.54947
2021-04-10,2066.88,2198.1,2058.01,2133.58,22821.02805
2021-04-11,2133.58,2164.89,2113.73,2151.4,11986.79872
2021-04-12,2151.4,2201.63,2102.54,2137.97,14033.66053
2021-04-13,2137.97,2316.85,2136.32,2299.24,22897.62118
2021-04-14,2299.24,2446.63,2281.58,2432.21,42865.62864
2021-04-15,2432.21,2543.25,2400.06,2513.32,18149.59349
2021-04-16,2513.32,2547.0,2302.0,2422.55,36151.19196
2021-04-17,2422.55,2494.95,2313.88,2317.69,31582.98297
2021-04-18,2317.69,2338.93,1950.0,2237.25,71470.03041
2021-04-19,2237.25,2277.82,2080.17,2160.04,40303.83555
2021-04-20,2160.04,2346.35,2052.03,2330.14,48867.84455
2021-04-21,2330.14,2468.94,2236.0,2358.23,64691.73553
2021-04-22,2358.23,2642.89,2307.65,2400.53,53302.31119
2021-04-23,2400.53,2441.93,2110.25,2366.62,67510.5105
2021-04-24,2366.62,2368.17,2156.71,2214.53,30880.66679
2021-04-25,2214.53,2356.23,2164.59,2320.0,22929.37681
2021-04-26,2320.0,2540.84,2304.02,2532.67,26709.44336
2021-04-27,2532.67,2679.62,2480.8,2666.0,18744.91383
2021-04-28,2666.0,2759.57,2560.01,2748.57,19252.32802
2021-04-29,2748.57,2797.99,2668.87,2757.49,15120.03685
2021-04-30,2757.49,2797.7,2724.59,2772.28,6441.25037
2021-05-01,2772.28,2953.77,2753.48,2944.72,7767.24683
2021-05-02,2944.72,2984.93,2854.24,2949.63,9206.80246
2021-05-03,2949.63,3453.28,2949.5,3427.43,13983.57623
2021-05-04,3427.43,3525.95,3170.0,3241.3,30808.48042
2021-05-05,3241.3,3544.32,3209.61,3524.4,18192.28088
2021-05-06,3524.4,3605.0,3377.44,3489.34,16536.03262
2021-05-07,3489.34,3584.99,3354.61,3479.76,18597.16937
2021-05-08,3479.76,3956.68,3450.0,3911.13,32537.99244
2021-05-09,3911.13,3999.0,3727.43,3922.87,16019.9844
2021-05-10,3922.87,4204.92,3659.13,3946.03,36886.77287
2021-05-11,3946.03,4179.81,3775.82,4173.18,52115.21802
2021-05-12,4173.18,4371.24,3738.54,3828.96,33931.36139
2021-05-13,3828.96,4032.62,3517.0,3716.07,53240.2647
2021-05-14,3716.07,4172.73,3694.37,4076.42,30506.23145
2021-05-15,4076.42,4131.93,3633.0,3644.81,46370.60935
2021-05-16,3644.81,3878.35,3349.89,3580.98,57346.5452
2021-05-17,3580.98,3586.01,3123.03,3279.75,126363.68523
2021-05-18,3279.75,3562.0,3241.72,3374.87,101130.45882
2021-05-19,3374.87,3439.93,1840.44,2432.85,404965.91088
2021-05-20,2432.85,2989.11,2158.15,2767.12,167752.19128
2021-05-21,2767.12,2937.46,2104.99,2431.21,13054.79107
2021-05-22,2431.21,2483.37,2154.1,2294.16,9430.4178
2021-05-23,2294.16,2380.68,1728.95,2094.6,9685.49169
2021-05-24,2094.6,2672.85,2080.88,2646.73,9155.44875
2021-05-25,2646.73,2749.33,2380.84,2705.03,7778.58345
2021-05-26,2705.03,2909.59,2499.0,2885.91,8523.13701
2021-05-27,2885.91,2886.67,2635.69,2738.72,5246.37499
2021-05-28,2738.72,2760.97,2328.62,2411.19,7344.58742
2021-05-29,2411.19,2573.04,2197.0,2277.55,7646.84807
2021-05-30,2277.55,2475.57,2182.13,2386.35,5792.21985
2021-05-31,2386.35,2718.69,2273.59,2706.11,7879.67751
2021-06-01,2706.11,2739.73,2528.1,2634.06,4797.54543
2021-06-02,2634.06,2801.74,2552.45,2706.61,5816.00945
2021-06-03,2706.61,2891.4,2663.49,2852.11,4493.8465
2021-06-04,2852.11,2859.99,2552.84,2688.61,6309.05898
2021-06-05,2688.61,2816.74,2553.62,2628.3,4603.08882
2021-06-06,2628.3,2744.26,2614.54,2709.98,2784.516
2021-06-07,2709.98,2844.48,2573.63,2593.37,4583.71032
2021-06-08,2593.37,2620.17,2310.89,2506.48,10737.589
2021-06-09,2506.48,2625.68,2407.59,2609.59,5771.69927
2021-06-10,2609.59,2623.56,2426.29,2471.0,3295.43258
2021-06-11,2471.0,2496.43,2321.96,2353.66,3475.35091
2021-06-12,2353.66,2451.58,2258.05,2369.11,3397.36449
2021-06-13,2369.11,2548.12,2310.76,2509.04,1789.14711
2021-06-14,2509.04,2608.86,2460.0,2580.96,2724.03067
2021-06-15,2580.96,2639.99,2509.34,2543.26,2191.32357
2021-06-16,2543.26,2555.02,2352.63,2367.48,2424.09579
2021-06-17,2367.48,2459.0,2307.14,2372.76,1920.60821
2021-06-18,2372.76,2377.42,2139.86,2232.91,7945.29258
2021-06-19,2232.91,2277.37,2162.38,2166.39,2233.84975
2021-06-20,2166.39,2276.85,2042.78,2243.43,3257.90071
2021-06-21,2243.43,2259.9,1865.6,1886.36,10818.77982
2021-06-22,1886.36,1996.88,1701.46,1877.19,9539.68453
2021-06-23,1877.19,2043.58,1822.92,1967.43,3264.36283
2021-06-24,1967.43,2035.0,1885.0,1989.03,1297.50817
2021-06-25,1989.03,2019.79,1791.83,1810.48,2529.01142
2021-06-26,1810.48,1851.5,1717.86,1830.68,2255.37799
2021-06-27,1830.68,1982.77,1806.74,1980.51,2081.16548
2021-06-28,1980.51,2142.75,1962.55,2083.17,2223.28258
2021-06-29,2083.17,2244.54,2074.98,2159.35,1595.8728
2021-06-30,2159.35,2285.06,2088.96,2274.56,2397.23367
2021-07-01,2274.56,2275.29,2076.12,2109.14,2397.13169
2021-07-02,2109.14,2158.73,2019.33,2155.07,1711.84945
2021-07-03,2155.07,2238.27,2113.35,2226.76,1218.72299
2021-07-04,2226.76,2389.49,2189.82,2324.02,3547.3765
2021-07-05,2324.02,2324.02,2159.08,2195.66,1323.68887
2021-07-06,2195.66,2349.19,2193.85,2323.77,1904.00836
2021-07-07,2323.77,2406.59,2294.78,2316.53,1843.15262
2021-07-08,2316.53,2324.85,2086.02,2115.0,4172.53072
2021-07-09,2115.0,2186.41,2048.08,2147.15,4263.31193
2021-07-10,2147.15,2191.88,2075.02,2111.33,3074.0853
2021-07-11,2111.33,2173.39,2081.29,2140.09,2506.64983
2021-07-12,2140.09,2167.83,2008.22,2032.61,3379.34001
2021-07-13,2032.61,2043.85,1918.0,1940.31,3462.81798
2021-07-14,1940.31,2018.61,1865.01,1994.56,2436.49736
2021-07-15,1994.56,2040.96,1881.56,1917.35,1433.26939
2021-07-16,1917.35,1964.72,1850.72,1875.41,1791.05993
2021-07-17,1875.41,1917.6,1847.42,1899.11,1086.1862
2021-07-18,1899.11,1993.19,1879.68,1890.76,962.7502
2021-07-19,1890.76,1918.14,1805.56,1818.34,1099.19215
2021-07-20,1818.34,1840.46,1720.0,1785.17,1538.71031
2021-07-21,1785.17,2032.02,1754.69,1994.84,2456.10866
2021-07-22,1994.84,2045.04,1949.84,2024.21,1692.55217
2021-07-23,2024.21,2130.14,1998.25,2121.66,1614.32779
2021-07-24,2121.66,2198.22,2105.81,2185.15,2161.37167
2021-07-25,2185.15,2195.48,2108.41,2189.86,1136.18511
2021-07-26,2189.86,2430.48,2172.2,2227.72,2311.58279
2021-07-27,2227.72,2318.71,2151.29,2301.65,1636.36361
2021-07-28,2301.65,2345.04,2247.24,2299.66,1158.06246
2021-07-29,2299.66,2398.5,2268.36,2383.1,1070.08271
2021-07-30,2383.1,2468.97,2317.91,2459.55,2009.03295
2021-07-31,2459.55,2551.94,2421.16,2524.37,1148.00482
2021-08-01,2524.37,2697.34,2515.05,2556.29,1839.80102
2021-08-02,2556.29,2665.18,2512.64,2608.85,1592.58409
2021-08-03,2608.85,2631.87,2446.58,2508.22,1651.94251
2021-08-04,2508.22,2769.99,2459.98,2724.03,1470.32431
2021-08-05,2724.03,2845.0,2530.09,2827.0,2568.89044
2021-08-06,2827.0,2946.72,2722.0,2890.71,2467.25333
2021-08-07,2890.71,3170.04,2865.64,3161.01,1811.23445
2021-08-08,3161.01,3189.48,2949.53,3014.43,1817.75247
2021-08-09,3014.43,3185.54,2894.54,3162.58,1800.56694
2021-08-10,3162.58,3231.0,3053.38,3141.35,1840.06788
2021-08-11,3141.35,3271.78,3122.42,3162.43,4293.55004
2021-08-12,3162.43,3237.67,2981.13,3046.7,10697.73419
2021-08-13,3046.7,3327.36,3035.27,3322.53,7788.36434
2021-08-14,3322.53,3330.51,3205.34,3264.34,1454.95607
2021-08-15,3264.34,3319.0,3112.61,3307.83,1194.56538
2021-08-16,3307.83,3333.85,3136.52,3146.32,1969.57804
2021-08-17,3146.32,3289.84,2993.65,3014.19,1580.11763
2021-08-18,3014.19,3124.83,2951.58,3011.11,2134.34938
2021-08-19,3011.11,3187.05,2960.0,3184.73,7731.21241
2021-08-20,3184.73,3299.99,3177.72,3284.85,22509.02937
2021-08-21,3284.85,3308.48,3207.36,3223.57,29616.52227
2021-08-22,3223.57,3271.85,3128.11,3237.94,18713.34246
2021-08-23,3237.94,3375.39,3231.63,3323.98,27897.10925
2021-08-24,3323.98,3357.65,3149.49,3171.52,27215.77512
2021-08-25,3171.52,3247.72,3080.21,3227.86,31136.74338
2021-08-26,3227.86,3250.0,3054.84,3093.95,35221.71792
2021-08-27,3093.95,3279.86,3060.73,3273.91,23750.04422
2021-08-28,3273.91,3284.86,3211.47,3243.15,8849.46741
2021-08-29,3243.15,3284.37,3154.68,3223.62,14877.12507
2021-08-30,3223.62,3346.49,3144.91,3228.4,12215.02859
2021-08-31,3228.4,3470.4,3190.85,3430.02,5499.9989
2021-09-01,3430.02,3839.84,3384.1,3827.72,2833.68017
2021-09-02,3827.72,3835.8,3722.13,3785.75,2176.63899
2021-09-03,3785.75,4026.39,3709.33,3937.14,1993.02384
2021-09-04,3937.14,3968.55,3832.58,3884.25,1935.24909
2021-09-05,3884.25,3979.38,3833.36,3950.59,2003.37082
2021-09-06,3950.59,3969.99,3866.39,3927.18,1583.95831
2021-09-07,3927.18,3946.67,3153.6,3423.34,5323.71928
2021-09-08,3423.34,3558.96,3217.78,3500.01,6257.90938
2021-09-09,3500.01,3566.44,3393.12,3423.47,3355.21179
2021-09-10,3423.47,3513.67,3150.01,3210.53,12784.55815
2021-09-11,3210.53,3346.97,3200.4,3266.52,2203.49203
2021-09-12,3266.52,3472.55,3231.23,3404.94,5786.74192
2021-09-13,3404.94,3430.34,3111.57,3284.37,4932.03865
2021-09-14,3284.37,3430.52,3270.21,3430.0,4239.28078
2021-09-15,3430.0,3615.11,3360.49,3613.5,4469.83002
2021-09-16,3613.5,3674.4,3484.79,3567.84,10856.38825
2021-09-17,3567.84,3593.49,3350.42,3398.59,4683.52596
2021-09-18,3398.59,3546.73,3369.47,3434.21,4104.84154
2021-09-19,3434.21,3455.76,3280.0,3328.22,4473.91791
2021-09-20,3328.22,3345.49,2914.82,2976.47,13758.72844
2021-09-21,2976.47,3105.03,2654.96,2762.62,17417.74078
2021-09-22,2762.62,3088.58,2738.86,3078.1,10128.88788
2021-09-23,3078.1,3172.86,3034.82,3152.58,5947.24237
2021-09-24,3152.58,3158.4,2735.76,2927.75,13757.19017
2021-09-25,2927.75,2966.53,2803.18,2922.0,11649.16795
2021-09-26,2922.0,3114.49,2738.73,3061.41,10670.51876
2021-09-27,3061.41,3164.07,2924.1,2926.68,7980.67269
2021-09-28,2926.68,2969.64,2789.9,2805.94,7353.83161
2021-09-29,2805.94,2948.88,2782.9,2851.78,5790.93869
2021-09-30,2851.78,3047.97,2837.64,2999.7,6157.9541
2021-10-01,2999.7,3329.83,2969.82,3308.68,6041.6871
2021-10-02,3308.68,3468.42,3258.07,3388.31,4423.70037
2021-10-03,3388.31,3486.43,3344.55,3417.75,3803.43828
2021-10-04,3417.75,3436.62,3272.6,3384.57,5402.23154
2021-10-05,3384.57,3544.21,3364.33,3515.06,4086.43935
2021-10-06,3515.06,3631.42,3340.0,3574.41,7151.05951
2021-10-07,3574.41,3654.23,3471.94,3586.18,5832.05977
2021-10-08,3586.18,3669.07,3535.17,3560.39,4566.85879
2021-10-09,3560.39,3632.6,3540.0,3573.96,2785.1711
2021-10-10,3573.96,3603.72,3409.16,3415.88,4065.40048
2021-10-11,3415.88,3621.72,3373.47,3543.71,4769.38309
2021-10-12,3543.71,3546.24,3403.54,3492.25,5050.96135
2021-10-13,3492.25,3612.73,3413.33,3606.42,4398.07582
2021-10-14,3606.42,3822.88,3587.61,3790.05,5128.11549
2021-10-15,3790.05,3907.17,3734.81,3867.63,7997.73348
2021-10-16,3867.63,3969.24,3804.68,3829.58,4599.43662
2021-10-17,3829.58,3919.0,3649.16,3845.92,5414.79025
2021-10-18,3845.92,3893.28,3678.79,3746.35,5662.46821
2021-10-19,3746.35,3885.94,3732.84,3876.91,4712.54037
2021-10-20,3876.91,4168.49,3828.36,4162.84,6188.67689
2021-10-21,4162.84,4371.63,4016.51,4054.47,11325.19945
2021-10-22,4054.47,4167.05,3893.26,3971.59,5048.157
2021-10-23,3971.59,4171.5,3938.41,4168.61,3606.93053
2021-10-24,4168.61,4184.72,3963.1,4083.57,4985.0934
2021-10-25,4083.57,4235.39,4069.42,4220.18,4397.57155
2021-10-26,4220.18,4295.14,4093.94,4129.24,11742.74395
2021-10-27,4129.24,4302.71,3912.0,3919.61,11540.98424
2021-10-28,3919.61,4294.19,3891.99,4286.58,22941.11826
2021-10-29,4286.58,4459.48,4267.39,4413.8,15537.46527
2021-10-30,4413.8,4432.34,4234.92,4322.41,10181.62903
2021-10-31,4322.41,4394.18,4166.27,4286.72,12440.5051
2021-11-01,4286.72,4378.31,4150.0,4320.64,12353.90873
2021-11-02,4320.64,4599.99,4284.96,4587.61,10876.05803
2021-11-03,4587.61,4664.55,4455.85,4601.3,13380.47752
2021-11-04,4601.3,4605.59,4420.93,4533.34,8856.87399
2021-11-05,4533.34,4569.59,4439.42,4474.73,5611.13344
2021-11-06,4474.73,4529.35,4326.58,4517.32,6679.57844
2021-11-07,4517.32,4634.6,4502.81,4612.82,3515.76557
2021-11-08,4612.82,4823.11,4612.61,4808.26,6458.79553
2021-11-09,4808.26,4838.22,4714.32,4732.16,6761.43855
2021-11-10,4732.16,4865.4,4471.23,4632.79,17790.02282
2021-11-11,4632.79,4779.33,4577.06,4720.91,9244.37854
2021-11-12,4720.91,4808.25,4508.64,4666.13,12024.36463
2021-11-13,4666.13,4707.0,4584.73,4643.8,6057.75695
2021-11-14,4643.8,4694.77,4514.6,4626.03,6142.51512
2021-11-15,4626.03,4769.62,4541.28,4563.33,10037.12524
2021-11-16,4563.33,4563.43,4110.38,4209.49,26936.26745
2021-11-17,4209.49,4299.09,4065.71,4287.58,22346.86604
2021-11-18,4287.58,4342.97,3957.64,3999.03,25074.69646
2021-11-19,3999.03,4306.49,3973.72,4294.41,19102.84976
2021-11-20,4294.41,4434.52,4203.83,4411.91,10057.91774
2021-11-21,4411.91,4423.0,4244.52,4265.61,9677.31296
2021-11-22,4265.61,4310.28,4023.61,4086.06,21693.87132
2021-11-23,4086.06,4385.29,4061.44,4339.38,19178.75335
2021-11-24,4339.38,4372.44,4169.89,4270.67,17703.50804
2021-11-25,4270.67,4550.0,4248.0,4521.45,10503.20329
2021-11-26,4521.45,4550.74,3918.46,4043.37,17289.95104
2021-11-27,4043.37,4182.81,4028.64,4097.92,9783.15629
2021-11-28,4097.92,4297.99,3966.57,4297.2,18090.94522
2021-11-29,4297.2,4458.18,4278.19,4444.05,10048.52123
2021-11-30,4444.05,4753.16,4348.35,4620.45,19391.4455
2021-12-01,4620.45,4778.29,4525.03,4583.44,19498.05005
2021-12-02,4583.44,4631.89,4434.46,4511.7,15369.60883
2021-12-03,4511.7,4653.67,4035.0,4224.44,18343.26961
2021-12-04,4224.44,4238.04,3655.0,4119.11,51190.16548
2021-12-05,4119.11,4247.41,4034.31,4195.05,17711.27356
2021-12-06,4195.05,4372.9,3921.06,4348.27,23810.26382
2021-12-07,4348.27,4423.88,4257.3,4306.38,9868.2951
2021-12-08,4306.38,4450.0,4225.62,4436.03,12148.48363
2021-12-09,4436.03,4488.42,4076.57,4105.21,18920.65977
2021-12-10,4105.21,4228.4,3889.71,3900.95,26043.05653
2021-12-11,3900.95,4096.66,3830.37,4084.62,20068.45044
2021-12-12,4084.62,4173.42,3986.62,4131.56,8199.66008
2021-12-13,4131.56,4142.09,3670.44,3782.14,24247.01838
2021-12-14,3782.14,3880.0,3685.38,3859.55,23607.40728
2021-12-15,3859.55,4091.49,3646.35,4019.21,26312.23231
2021-12-16,4019.21,4109.89,3953.96,3957.25,13077.05168
2021-12-17,3957.25,3993.75,3700.09,3874.75,20664.07959
2021-12-18,3874.75,3995.17,3767.44,3959.21,13833.73408
2021-12-19,3959.21,4027.29,3885.17,3924.06,12164.78271
2021-12-20,3924.06,3980.86,3754.99,3942.17,16443.08935
2021-12-21,3942.17,4060.53,3914.05,4014.95,4401.95553
2021-12-22,4014.95,4072.36,3937.92,3979.51,6135.06521
2021-12-23,3979.51,4149.99,3894.55,4109.96,10022.32434
2021-12-24,4109.96,4134.12,4019.01,4042.85,7008.70936
2021-12-25,4042.85,4137.28,4021.92,4093.68,5657.34677
2021-12-26,4093.68,4104.31,4003.19,4060.67,4783.13958
2021-12-27,4060.67,4125.73,4031.79,4038.02,3830.83353
2021-12-28,4038.02,4038.03,3760.53,3792.3,12298.02266
2021-12-29,3792.3,3826.83,3606.06,3630.12,13323.01566
2021-12-30,3630.12,3768.51,3587.85,3709.28,9498.49319
2021-12-31,3709.28,3815.0,3622.57,3675.55,10623.88066
2022-01-01,3675.55,3775.46,3673.46,3765.91,5821.93127
2022-01-02,3765.91,3854.54,3717.44,3829.83,4735.28546
2022-01-03,3829.83,3851.0,3681.87,3764.45,7230.1812
2022-01-04,3764.45,3892.61,3713.51,3785.36,8584.03262
2022-01-05,3785.36,3847.56,3415.1,3537.36,17299.74083
2022-01-06,3537.36,3550.43,3301.29,3406.99,16846.98912
2022-01-07,3406.99,3416.38,3065.12,3197.71,34410.77134
2022-01-08,3197.71,3247.79,3000.01,3080.97,19334.09535
2022-01-09,3080.97,3210.44,3058.61,3150.04,3307.64615
2022-01-10,3150.04,3180.0,2932.3,3082.36,20248.38718
2022-01-11,3082.36,3263.29,3052.0,3240.01,12341.62359
2022-01-12,3240.01,3409.99,3206.38,3371.26,9158.10252
2022-01-13,3371.26,3409.97,3233.92,3236.01,13401.0953
2022-01-14,3236.4,3341.71,3189.81,3307.49,14748.33442
2022-01-15,3307.49,3370.63,3261.44,3325.71,7028.37572
2022-01-16,3325.71,3393.01,3274.51,3346.46,9438.54742
2022-01-17,3346.46,3357.55,3100.0,3209.26,23576.73255
2022-01-18,3209.26,3243.84,3082.59,3160.01,22067.34556
2022-01-19,3160.01,3174.84,3046.43,3083.6,20549.86654
2022-01-20,3083.6,3270.95,2988.0,3003.63,20581.52528
2022-01-21,3003.63,3033.64,2469.3,2569.33,113329.98971
2022-01-22,2569.33,2625.61,2302.63,2411.34,152176.98395
2022-01-23,2411.34,2551.15,2350.0,2538.84,53865.70956
2022-01-24,2538.84,2538.9,2160.45,2440.71,125302.53062
2022-01-25,2440.71,2505.82,2350.92,2456.34,58471.05013
2022-01-26,2456.34,2721.09,2402.05,2461.28,75901.86205
2022-01-27,2461.28,2519.17,2316.9,2424.47,47586.01349
2022-01-28,2424.47,2557.54,2358.99,2545.29,26245.5948
2022-01-29,2545.29,2635.5,2520.21,2599.95,13855.51069
2022-01-30,2599.95,2638.22,2542.89,2602.74,12881.42332
2022-01-31,2602.74,2705.27,2478.3,2686.01,18022.24395
2022-02-01,2686.01,2812.71,2674.57,2787.45,15287.67412
2022-02-02,2787.45,2810.74,2613.82,2678.08,17998.70096
2022-02-03,2678.08,2724.43,2576.7,2695.11,18204.71115
2022-02-04,2695.11,2994.7,2671.66,2993.5,19801.61023
2022-02-05,2993.5,3059.29,2959.18,3013.07,11810.20832
2022-02-06,3013.07,3074.1,2952.41,3054.69,7952.61726
2022-02-07,3054.69,3185.88,2993.16,3138.62,12929.22077
2022-02-08,3138.62,3230.08,3026.18,3115.23,14944.5852
2022-02-09,3115.23,3268.73,3055.27,3243.38,11595.5794
2022-02-10,3243.38,3279.03,3058.62,3072.09,21016.47056
2022-02-11,3072.09,3137.21,2880.02,2927.76,23375.29323
2022-02-12,2927.76,2984.96,2858.8,2918.13,14015.82524
2022-02-13,2918.13,2953.31,2838.17,2870.36,11175.76389
2022-02-14,2870.36,2964.6,2831.56,2929.06,14948.7106
2022-02-15,2929.06,3195.68,2912.61,3183.57,13134.50373
2022-02-16,3183.57,3186.39,3045.79,3122.36,11750.05542
2022-02-17,3122.36,3159.72,2853.23,2891.97,22786.07262
2022-02-18,2891.97,2943.33,2753.32,2779.24,20170.29181
2022-02-19,2779.24,2830.07,2696.63,2764.57,10559.90007
2022-02-20,2764.57,2764.57,2577.06,2621.19,40952.404
2022-02-21,2621.19,2758.98,2559.05,2568.1,115036.66426
2022-02-22,2568.1,2663.75,2500.37,2636.65,55720.66967
2022-02-23,2636.65,2752.48,2576.55,2579.33,35253.53175
2022-02-24,2579.33,2736.27,2301.56,2596.37,158295.29676
2022-02-25,2596.37,2832.82,2571.98,2767.43,58881.31205
2022-02-26,2767.43,2876.04,2728.49,2779.01,37928.44305
2022-02-27,2779.01,2835.64,2559.22,2616.67,89277.61817
2022-02-28,2616.67,2949.99,2569.42,2921.41,96534.16082
2022-03-01,2921.41,3036.97,2854.25,2976.33,111483.36051
2022-03-02,2976.33,3043.36,2914.08,2947.57,108134.32413
2022-03-03,2947.57,2970.42,2785.21,2834.03,55866.13386
2022-03-04,2834.03,2835.8,2573.31,2622.28,88655.00281
2022-03-05,2622.28,2684.66,2589.56,2665.16,43278.89902
2022-03-06,2665.16,2675.88,2535.77,2550.65,59514.93501
2022-03-07,2550.65,2647.67,2445.41,2492.15,88104.5966
2022-03-08,2492.15,2624.06,2480.88,2575.9,97130.61767
2022-03-09,2575.9,2773.33,2568.09,2727.39,67486.84088
2022-03-10,2727.39,2733.01,2553.04,2606.34,87700.10116
2022-03-11,2606.34,2677.13,2522.65,2557.18,137657.19873
2022-03-12,2557.18,2613.98,2553.66,2568.85,49904.60221
2022-03-13,2568.85,2602.45,2493.1,2515.42,88038.46748
2022-03-14,2515.42,2609.23,2499.19,2590.24,107510.04694
2022-03-15,2590.24,2668.32,2508.14,2617.98,104680.81778
2022-03-16,2617.98,2787.48,2603.74,2774.05,185202.19426
2022-03-17,2774.05,2835.22,2746.85,2812.37,56243.72722
2022-03-18,2812.37,2983.67,2765.49,2938.98,97825.8422
2022-03-19,2938.98,2986.57,2894.49,2951.25,43801.54031
2022-03-20,2951.25,2963.6,2818.59,2860.95,84125.23843
2022-03-21,2860.95,2960.4,2830.43,2890.12,112108.56202
2022-03-22,2890.12,3052.0,2887.05,2969.67,87779.46946
2022-03-23,2969.67,3044.85,2920.98,3036.15,163642.73452
2022-03-24,3036.15,3128.51,3003.03,3110.87,166813.6454
2022-03-25,3110.87,3193.31,3076.3,3102.45,92660.75342
2022-03-26,3102.45,3151.68,3085.7,3145.46,34350.13145
2022-03-27,3145.46,3299.05,3126.34,3295.94,74186.98105
2022-03-28,3295.94,3430.0,3275.31,3332.87,106140.50256
2022-03-29,3332.87,3481.39,3330.18,3401.27,105042.18643
2022-03-30,3401.27,3446.78,3332.19,3385.8,85924.81686
2022-03-31,3385.8,3444.76,3261.69,3281.53,125180.30128
2022-04-01,3281.53,3481.06,3211.04,3455.24,132356.13585
2022-04-02,3455.24,3531.37,3431.65,3443.45,158486.68586
2022-04-03,3443.45,3579.86,3412.31,3521.54,99604.65755
2022-04-04,3521.54,3546.81,3408.29,3519.46,123341.68513
2022-04-05,3519.46,3554.68,3399.67,3406.28,96598.72128
2022-04-06,3406.28,3407.19,3162.41,3169.2,217603.96572
2022-04-07,3169.2,3268.61,3140.12,3228.78,160776.69565
2022-04-08,3228.78,3312.93,3173.83,3192.68,111350.97626
2022-04-09,3192.68,3268.29,3181.61,3258.35,49708.57537
2022-04-10,3258.35,3307.34,3192.88,3202.7,58345.28189
2022-04-11,3202.7,3213.32,2949.73,2979.71,175556.43613
2022-04-12,2979.71,3084.72,2950.64,3027.48,151317.95749
2022-04-13,3027.48,3128.66,2997.74,3118.01,67895.24211
2022-04-14,3118.01,3144.69,2976.24,3021.87,59686.69792
2022-04-15,3021.87,3060.21,2994.58,3040.22,72771.9992
2022-04-16,3040.22,3086.14,3008.21,3059.23,34406.82604
2022-04-17,3059.23,3082.31,2982.6,2987.61,48055.30281
2022-04-18,2987.61,3069.2,2883.34,3055.62,110304.35897
2022-04-19,3055.62,3130.14,3030.13,3102.04,64423.52626
2022-04-20,3102.04,3168.38,3037.31,3076.61,65439.04419
2022-04-21,3076.61,3177.87,2943.7,2983.39,99070.28328
2022-04-22,2983.39,3033.14,2934.3,2962.46,73071.47162
2022-04-23,2962.46,2977.99,2915.9,2932.76,21235.88045
2022-04-24,2932.76,2966.98,2912.55,2921.12,41146.2474
2022-04-25,2921.12,3025.56,2797.3,3006.54,103226.35602
2022-04-26,3006.54,3037.58,2767.86,2809.6,83416.28435
2022-04-27,2809.6,2919.45,2794.43,2889.06,97674.2765
2022-04-28,2889.06,2979.46,2854.46,2936.86,97156.94305
2022-04-29,2936.86,2946.51,2776.82,2817.17,81857.25008
2022-04-30,2817.17,2841.66,2715.75,2726.87,65491.50822
2022-05-01,2726.87,2847.62,2716.16,2825.48,84788.3436
2022-05-02,2825.48,2881.88,2778.72,2855.75,95191.02512
2022-05-03,2855.75,2861.5,2755.33,2781.44,49200.06886
2022-05-04,2781.44,2965.35,2771.59,2940.52,87092.12076
2022-05-05,2940.52,2953.64,2688.63,2747.76,111823.13442
2022-05-06,2747.76,2758.26,2633.37,2692.93,140039.64951
2022-05-07,2692.93,2704.71,2587.71,2635.31,56883.67954
2022-05-08,2635.31,2641.8,2485.82,2519.33,135906.51447
2022-05-09,2519.33,2530.13,2225.88,2230.4,373404.47369
2022-05-10,2230.4,2457.06,2200.35,2341.81,375689.57968
2022-05-11,2341.81,2450.59,2007.0,2086.28,329809.82839
2022-05-12,2086.28,2193.3,1799.82,1959.77,351040.01356
2022-05-13,1959.77,2147.31,1940.3,2009.47,181189.40726
2022-05-14,2009.47,2069.83,1951.64,2056.05,71451.89193
2022-05-15,2056.05,2165.39,2001.08,2146.47,67814.5446
2022-05-16,2146.47,2146.47,1979.6,2022.77,85568.41859
2022-05-17,2022.77,2121.98,2007.81,2090.94,69178.46462
2022-05-18,2090.94,2110.66,1908.33,1914.75,99555.89554
2022-05-19,1914.75,2040.14,1903.2,2019.28,86213.14077
2022-05-20,2019.28,2063.06,1923.37,1959.27,62667.65266
2022-05-21,1959.27,1990.65,1937.66,1975.78,28146.58019
2022-05-22,1975.78,2056.19,1966.63,2043.06,32346.65248
2022-05-23,2043.06,2088.59,1957.3,1972.92,57774.4518
2022-05-24,1972.92,1992.61,1912.87,1978.76,67498.44056
2022-05-25,1978.76,2022.11,1934.47,1943.09,74836.60099
2022-05-26,1943.09,1965.58,1738.21,1793.17,148983.48528
2022-05-27,1793.17,1821.65,1704.99,1726.92,176643.11188
2022-05-28,1726.92,1810.0,1722.16,1792.11,89188.37666
2022-05-29,1792.11,1827.39,1760.47,1813.4,74379.94782
2022-05-30,1813.4,2012.6,1803.35,1998.88,138223.27599
2022-05-31,1998.88,2015.87,1926.89,1941.51,139443.89434
2022-06-01,1941.51,1972.0,1764.3,1817.79,226937.11868
2022-06-02,1817.79,1852.39,1782.71,1834.32,148257.83705
2022-06-03,1834.32,1843.46,1738.0,1775.04,128726.32573
2022-06-04,1775.04,1815.69,1748.53,1804.43,81790.372
2022-06-05,1804.43,1830.0,1773.58,1805.91,86221.50286
2022-06-06,1805.91,1919.88,1804.37,1860.2,162398.73368
2022-06-07,1860.2,1873.56,1725.8,1813.69,231615.54862
2022-06-08,1813.69,1841.05,1765.62,1791.99,258185.90978
2022-06-09,1791.99,1832.88,1777.45,1788.11,141121.14216
2022-06-10,1788.11,1803.44,1656.05,1662.6,150994.24931
2022-06-11,1662.6,1681.81,1500.0,1532.39,230896.65901
2022-06-12,1532.39,1546.15,1421.91,1434.87,349961.96524
2022-06-13,1434.87,1454.16,1166.0,1209.82,431578.51873
2022-06-14,1209.82,1276.97,1077.1,1208.79,365459.92474
2022-06-15,1208.79,1247.9,1015.07,1237.39,404440.83933
2022-06-16,1237.39,1257.25,1052.41,1068.66,338443.44184
2022-06-17,1068.66,1117.84,1051.38,1086.64,348446.22045
2022-06-18,1086.64,1097.44,881.99,995.44,410590.66279
2022-06-19,995.44,1157.9,936.93,1128.16,377445.60538
2022-06-20,1128.16,1168.8,1053.46,1128.41,266982.02185
2022-06-21,1128.41,1193.46,1109.5,1125.83,128352.71776
2022-06-22,1125.83,1126.45,1044.12,1049.17,98955.46725
2022-06-23,1049.17,1153.98,1045.78,1144.27,80821.24089
2022-06-24,1144.27,1245.13,1132.31,1224.75,87498.68438
2022-06-25,1224.75,1255.64,1179.96,1241.69,49984.02166
2022-06-26,1241.69,1279.91,1195.01,1197.96,58233.10473
2022-06-27,1197.96,1239.08,1175.19,1192.14,52556.22168
2022-06-28,1192.14,1236.87,1136.94,1144.16,67939.47466
2022-06-29,1144.16,1163.0,1087.9,1099.5,79507.36575
2022-06-30,1099.5,1106.2,998.63,1071.11,69653.08933
2022-07-01,1071.11,1115.04,1033.63,1059.67,36557.69275
2022-07-02,1059.67,1078.88,1028.5,1066.6,22603.06837
2022-07-03,1066.6,1087.23,1041.18,1074.15,30419.17457
2022-07-04,1074.15,1159.37,1045.39,1150.78,81624.4134
2022-07-05,1150.78,1172.8,1077.4,1132.97,96389.39112
2022-07-06,1132.97,1205.84,1111.67,1186.48,120344.53725
2022-07-07,1186.48,1253.8,1163.3,1236.93,41922.07636
2022-07-08,1236.93,1276.1,1193.2,1214.43,50564.24533
2022-07-09,1214.43,1234.24,1204.77,1216.97,21364.16884
2022-07-10,1216.97,1225.02,1154.4,1168.3,42488.3098
2022-07-11,1168.3,1171.34,1091.77,1096.46,90875.26421
2022-07-12,1096.46,1098.21,1033.64,1038.6,111391.2971
2022-07-13,1038.6,1118.89,1006.57,1115.29,359341.57383
2022-07-14,1115.29,1213.94,1072.0,1193.43,219654.56625
2022-07-15,1193.43,1286.98,1181.23,1231.69,222948.30819
2022-07-16,1231.69,1418.33,1192.42,1356.13,222831.89046
2022-07-17,1356.13,1386.72,1319.14,1338.66,163806.53827
2022-07-18,1338.66,1596.7,1335.0,1581.8,203550.15403
2022-07-19,1581.8,1629.81,1493.1,1542.38,236169.88215
2022-07-20,1542.38,1620.19,1486.31,1521.53,307357.15824
2022-07-21,1521.53,1605.5,1464.25,1575.39,267316.21203
2022-07-22,1575.39,1645.41,1517.05,1535.18,192402.6989
2022-07-23,1535.18,1595.99,1488.38,1548.71,131943.85664
2022-07-24,1548.71,1663.88,1546.82,1597.62,166836.34105
2022-07-25,1597.62,1609.76,1436.22,1440.21,208997.0181
2022-07-26,1440.21,1453.59,1356.98,1448.64,189266.48931
2022-07-27,1448.64,1644.28,1420.95,1636.2,203115.03365
2022-07-28,1636.2,1783.45,1596.0,1725.1,230993.86619
2022-07-29,1725.1,1764.84,1656.49,1721.39,227465.44259
2022-07-30,1721.39,1744.0,1673.58,1696.41,129426.34305
2022-07-31,1696.41,1753.07,1667.01,1678.21,105619.18578
2022-08-01,1678.21,1704.5,1607.13,1630.18,102556.54355
2022-08-02,1630.18,1677.62,1560.04,1630.53,175893.15085
2022-08-03,1630.53,1684.72,1590.18,1618.38,65334.0061
2022-08-04,1618.38,1662.98,1581.06,1607.8,67710.13419
2022-08-05,1607.8,1741.88,1605.62,1737.02,166793.92884
2022-08-06,1737.02,1749.49,1686.28,1690.59,55900.10221
2022-08-07,1690.59,1729.39,1668.56,1700.2,119594.9517
2022-08-08,1700.2,1816.99,1694.45,1777.07,192440.22725
2022-08-09,1777.07,1790.72,1668.78,1702.5,187840.45155
2022-08-10,1702.5,1885.0,1657.12,1853.66,418214.41213
2022-08-11,1853.66,1940.89,1850.74,1880.22,289434.74787
2022-08-12,1880.22,1964.54,1853.63,1958.27,149039.74607
2022-08-13,1958.27,2019.74,1946.31,1983.49,137678.17506
2022-08-14,1983.49,2029.85,1907.01,1934.85,140388.64767
2022-08-15,1934.85,2011.76,1872.97,1899.36,251118.42555
2022-08-16,1899.36,1914.78,1853.47,1876.73,195883.16475
2022-08-17,1876.73,1957.04,1819.06,1833.5,365616.23451
2022-08-18,1833.5,1881.53,1821.3,1846.51,102186.67445
2022-08-19,1846.51,1848.11,1603.72,1609.01,396656.62416
2022-08-20,1609.01,1655.94,1524.45,1576.1,267080.94797
2022-08-21,1576.1,1645.95,1563.5,1618.15,203734.75927
2022-08-22,1618.15,1628.17,1530.03,1624.97,253345.16808
2022-08-23,1624.97,1674.1,1564.46,1665.18,214412.17801
2022-08-24,1665.18,1693.35,1606.01,1656.65,156978.17139
2022-08-25,1656.65,1721.7,1654.27,1695.31,81612.65783
2022-08-26,1695.31,1705.32,1487.16,1508.92,304603.58525
2022-08-27,1508.92,1518.44,1448.01,1490.98,174917.95649
2022-08-28,1490.98,1510.94,1424.43,1426.87,130237.06108
2022-08-29,1426.87,1559.37,1422.32,1552.69,215755.32403
2022-08-30,1552.69,1605.72,1474.11,1524.14,419682.15734
2022-08-31,1524.14,1618.84,1524.14,1553.94,88533.10822
2022-09-01,1553.94,1599.04,1514.33,1585.98,54603.93707
2022-09-02,1585.98,1647.99,1547.08,1575.29,57561.70311
2022-09-03,1575.29,1581.89,1534.55,1557.47,19234.7164
2022-09-04,1557.47,1582.87,1540.61,1579.21,28285.86038
2022-09-05,1579.21,1630.2,1557.44,1617.53,31174.48032
2022-09-06,1617.53,1686.55,1555.06,1559.08,95348.8521
2022-09-07,1559.08,1657.07,1490.89,1629.93,88017.31084
2022-09-08,1629.93,1662.44,1595.36,1635.3,91667.79417
2022-09-09,1635.3,1745.51,1630.42,1718.13,73257.39784
2022-09-10,1718.13,1788.74,1706.48,1774.03,49828.13654
2022-09-11,1774.03,1788.77,1721.74,1766.1,53706.17243
2022-09-12,1766.1,1782.65,1693.11,1716.37,87476.87283
2022-09-13,1716.37,1759.86,1561.57,1574.23,209496.25676
2022-09-14,1574.23,1646.57,1553.06,1638.46,126270.3459
2022-09-15,1638.46,1655.59,1458.66,1472.89,395041.51534
2022-09-16,1472.89,1483.32,1405.77,1434.32,130911.59262
2022-09-17,1434.32,1475.98,1409.45,1468.84,38483.16467
2022-09-18,1468.84,1469.7,1326.28,1334.45,103250.48657
2022-09-19,1334.45,1393.0,1280.57,1375.97,147941.8409
2022-09-20,1375.97,1384.66,1313.26,1323.0,159067.59545
2022-09-21,1323.0,1406.82,1220.86,1246.17,397413.31419
2022-09-22,1246.17,1348.46,1237.38,1326.48,237711.101
2022-09-23,1326.48,1359.6,1262.66,1327.15,427216.14301
2022-09-24,1327.15,1349.11,1306.64,1317.09,166748.71753
2022-09-25,1317.09,1336.65,1270.09,1294.86,192455.78186
2022-09-26,1294.86,1340.1,1278.52,1336.3,267979.75285
2022-09-27,1336.3,1399.94,1303.97,1328.1,468637.88104
2022-09-28,1328.1,1355.51,1255.01,1337.23,1160024.31235
2022-09-29,1337.23,1351.89,1289.09,1335.77,601283.96551
2022-09-30,1335.77,1372.94,1315.22,1328.59,644575.26693
2022-10-01,1328.59,1333.65,1302.78,1311.57,257912.8334
2022-10-02,1311.57,1317.65,1270.09,1276.81,313699.79133
2022-10-03,1276.81,1329.38,1263.62,1323.28,420071.94209
2022-10-04,1323.28,1368.95,1318.68,1361.55,474204.61516
2022-10-05,1361.55,1364.46,1316.69,1352.17,357356.60412
2022-10-06,1352.17,1383.69,1345.83,1352.29,376889.07804
2022-10-07,1352.29,1361.54,1317.7,1331.15,334139.14815
2022-10-08,1331.15,1337.28,1303.82,1315.35,242332.77349
2022-10-09,1315.35,1328.77,1307.42,1323.13,194410.78028
2022-10-10,1323.13,1337.95,1288.28,1290.06,287314.16838
2022-10-11,1290.06,1297.86,1267.64,1280.07,247249.56661
2022-10-12,1280.07,1306.47,1275.39,1294.49,234822.82569
2022-10-13,1294.49,1301.29,1150.0,1287.4,874439.72927
2022-10-14,1287.4,1342.82,1283.57,1296.62,309214.12869
2022-10-15,1296.62,1301.5,1263.88,1274.9,258592.85243
2022-10-16,1274.9,1315.02,1274.57,1305.87,522053.0376
2022-10-17,1305.87,1338.62,1295.99,1331.36,168159.85684
2022-10-18,1331.36,1341.14,1286.99,1310.84,199623.01218
2022-10-19,1310.84,1313.43,1280.77,1285.31,168005.08341
2022-10-20,1285.31,1310.53,1270.71,1282.89,264195.53767
2022-10-21,1282.89,1306.83,1254.51,1299.86,324297.10528
2022-10-22,1299.86,1320.12,1294.91,1313.48,280225.86197
2022-10-23,1313.48,1371.09,1300.12,1364.08,228712.92818
2022-10-24,1364.08,1370.44,1324.23,1343.88,321887.21399
2022-10-25,1343.88,1524.45,1335.34,1459.71,1895685.67106
2022-10-26,1459.71,1594.49,1457.75,1566.02,1322365.77408
2022-10-27,1566.02,1577.62,1504.19,1513.76,782734.85602
2022-10-28,1513.76,1574.24,1480.0,1554.55,328263.60062
2022-10-29,1554.55,1662.52,1547.86,1619.64,310585.67248
2022-10-30,1619.64,1639.74,1577.17,1590.51,143861.72502
2022-10-31,1590.51,1635.35,1546.56,1572.71,265129.70476
2022-11-01,1572.71,1612.45,1563.74,1578.59,167912.13056
2022-11-02,1578.59,1621.67,1502.66,1518.37,940452.53746
2022-11-03,1518.37,1558.81,1515.39,1530.95,107752.25071
2022-11-04,1530.95,1676.14,1528.41,1644.91,180792.05865
2022-11-05,1644.91,1666.3,1621.88,1627.14,70678.40804
2022-11-06,1627.14,1638.66,1564.86,1568.4,83341.74946
2022-11-07,1568.4,1607.99,1546.53,1568.06,107494.27623
2022-11-08,1568.06,1578.81,1235.21,1334.6,2101940.84744
2022-11-09,1334.6,1337.21,1074.4,1101.85,3685034.16282
2022-11-10,1101.85,1349.0,1086.86,1299.57,734021.92831
2022-11-11,1299.57,1309.1,1201.3,1288.68,245936.97477
2022-11-12,1288.68,1291.95,1238.76,1257.03,61592.20315
2022-11-13,1257.03,1274.16,1202.14,1221.47,57047.25765
2022-11-14,1221.47,1290.29,1172.31,1242.9,143143.78646
2022-11-15,1242.9,1289.94,1234.81,1253.05,163043.80979
2022-11-16,1253.05,1268.85,1188.0,1216.2,140586.98547
2022-11-17,1216.2,1227.64,1183.13,1200.37,133475.89414
2022-11-18,1200.37,1232.9,1199.42,1212.52,78596.29536
2022-11-19,1212.52,1232.97,1197.78,1217.98,79040.68431
2022-11-20,1217.98,1226.84,1133.93,1142.19,225037.25461
2022-11-21,1142.19,1146.37,1080.0,1107.39,576143.23107
2022-11-22,1107.39,1146.0,1075.0,1139.27,309848.34452
2022-11-23,1139.27,1190.02,1127.62,1184.51,270312.8806
2022-11-24,1184.51,1217.84,1180.46,1203.71,152696.15316
2022-11-25,1203.71,1206.16,1171.48,1198.99,136687.74184
2022-11-26,1198.99,1232.9,1196.34,1205.07,155961.84389
2022-11-27,1205.07,1223.16,1190.0,1193.52,120406.62311
2022-11-28,1193.52,1199.21,1151.18,1167.67,308195.99897
2022-11-29,1167.67,1226.84,1158.61,1216.33,183655.3182
2022-11-30,1216.33,1308.63,1212.61,1294.52,198051.46629
2022-12-01,1294.52,1298.9,1262.9,1276.28,400391.91047
2022-12-02,1276.28,1297.32,1265.78,1295.21,458040.42492
2022-12-03,1295.21,1305.2,1236.6,1240.45,445328.82827
2022-12-04,1240.45,1285.53,1240.32,1279.43,283320.38228
2022-12-05,1279.43,1305.0,1246.76,1259.42,232716.82846
2022-12-06,1259.42,1274.4,1242.35,1271.28,196052.60474
2022-12-07,1271.28,1276.99,1218.74,1230.92,244095.72588
2022-12-08,1230.92,1291.54,1222.78,1280.27,238363.73353
2022-12-09,1280.27,1295.36,1256.41,1263.21,158006.93651
2022-12-10,1263.21,1283.36,1260.0,1266.66,99491.13899
2022-12-11,1266.66,1283.96,1256.15,1263.43,112861.23854
2022-12-12,1263.43,1278.26,1241.23,1275.1,140571.94388
2022-12-13,1275.1,1346.54,1255.84,1320.59,273695.44376
2022-12-14,1320.59,1350.88,1302.0,1307.29,132563.04257
2022-12-15,1307.29,1310.71,1260.02,1266.45,68412.9369
2022-12-16,1266.45,1279.36,1155.9,1166.72,244890.14431
2022-12-17,1166.72,1189.52,1162.5,1187.28,113985.54816
2022-12-18,1187.28,1196.2,1172.22,1183.08,152074.94876
2022-12-19,1183.08,1194.89,1151.15,1167.72,255490.37491
2022-12-20,1167.72,1229.4,1163.43,1217.2,244517.95888
2022-12-21,1217.2,1221.27,1204.51,1213.87,84149.42391
2022-12-22,1213.87,1236.46,1183.39,1217.4,116469.15115
2022-12-23,1217.4,1229.69,1210.31,1219.99,99205.4776
2022-12-24,1219.99,1227.75,1214.89,1220.47,38590.64145
2022-12-25,1220.47,1224.0,1195.96,1218.49,140546.81756
2022-12-26,1218.49,1230.0,1212.26,1227.53,82083.01928
2022-12-27,1227.53,1233.6,1200.99,1211.67,92344.08933
2022-12-28,1211.67,1214.83,1182.36,1190.06,116636.6358
2022-12-29,1190.06,1206.3,1187.03,1200.74,63508.69229
2022-12-30,1200.74,1202.14,1181.37,1200.06,98993.87643
2022-12-31,1200.06,1208.05,1192.5,1195.82,52021.88022
2023-01-01,1195.82,1204.23,1191.0,1200.39,51078.38167
2023-01-02,1200.39,1223.75,1193.33,1213.96,82990.08167
2023-01-03,1213.96,1219.49,1204.9,1214.63,53948.72192
2023-01-04,1214.63,1271.0,1212.7,1256.79,135199.41486
2023-01-05,1256.79,1259.58,1243.31,1251.01,50289.51993
2023-01-06,1251.01,1276.34,1235.85,1269.3,83579.10291
2023-01-07,1269.3,1270.99,1261.72,1264.18,24409.40103
2023-01-08,1264.18,1295.07,1258.16,1290.28,112860.45992
2023-01-09,1290.28,1344.65,1285.74,1320.52,64881.56349
2023-01-10,1320.52,1346.41,1316.69,1335.54,70157.38128
2023-01-11,1335.54,1396.73,1321.42,1389.16,118669.55876
2023-01-12,1389.16,1436.91,1362.0,1416.32,181280.15538
2023-01-13,1416.32,1463.8,1401.16,1450.6,59883.37571
2023-01-14,1450.6,1595.53,1449.42,1549.88,111483.72239
2023-01-15,1549.88,1566.28,1516.62,1552.52,54785.67174
2023-01-16,1552.52,1601.72,1522.01,1576.87,49592.0824
2023-01-17,1576.87,1606.76,1542.64,1565.17,58171.62758
2023-01-18,1565.17,1609.21,1502.8,1511.75,87926.30382
2023-01-19,1511.75,1564.49,1509.56,1551.08,60309.43895
2023-01-20,1551.08,1667.63,1542.89,1658.66,24354.44889
2023-01-21,1658.66,1678.09,1620.61,1625.83,21162.92598
2023-01-22,1625.83,1663.47,1605.0,1627.41,21021.26347
2023-01-23,1627.41,1647.67,1586.35,1625.78,24234.59585
2023-01-24,1625.78,1640.91,1537.0,1556.25,51334.63993
2023-01-25,1556.25,1639.84,1518.63,1611.91,81344.83765
2023-01-26,1611.91,1632.18,1579.2,1601.01,48351.11508
2023-01-27,1601.01,1620.7,1555.37,1597.76,53073.99725
2023-01-28,1597.76,1606.37,1558.29,1572.06,26976.5669
2023-01-29,1572.06,1659.0,1567.01,1645.11,65008.43393
2023-01-30,1645.11,1647.6,1535.0,1566.16,48303.20758
2023-01-31,1566.16,1605.0,1561.71,1586.08,24904.89469
2023-02-01,1586.08,1647.76,1555.82,1641.49,72493.63936
2023-02-02,1641.49,1713.66,1627.61,1643.94,52999.84915
2023-02-03,1643.94,1675.4,1626.76,1663.78,34440.82507
2023-02-04,1663.78,1695.11,1645.73,1666.38,19927.21222
2023-02-05,1666.38,1672.84,1610.0,1629.11,28652.18265
2023-02-06,1629.11,1658.02,1605.51,1613.79,26349.82514
2023-02-07,1613.79,1678.0,1613.19,1671.32,47034.5505
2023-02-08,1671.32,1697.12,1630.86,1651.0,43261.53978
2023-02-09,1651.0,1656.01,1524.41,1545.35,86834.31561
2023-02-10,1545.35,1554.26,1492.63,1513.19,55435.09867
2023-02-11,1513.19,1542.94,1506.42,1538.5,22254.39821
2023-02-12,1538.5,1547.71,1494.0,1515.15,44773.79428
2023-02-13,1515.15,1525.09,1462.32,1505.24,53601.4207
2023-02-14,1505.24,1566.39,1490.0,1555.75,12039.58791
2023-02-15,1555.75,1680.0,1542.66,1674.97,135853.2163
2023-02-16,1674.97,1742.0,1633.96,1638.17,215523.37526
2023-02-17,1638.17,1721.99,1631.39,1693.99,173235.18724
2023-02-18,1693.99,1712.44,1680.0,1691.63,50592.21166
2023-02-19,1691.63,1725.44,1666.4,1681.21,108512.90574
2023-02-20,1681.21,1719.68,1651.17,1703.27,122707.16949
2023-02-21,1703.27,1716.38,1636.36,1659.42,142965.34043
2023-02-22,1659.42,1666.0,1596.03,1643.15,160603.85921
2023-02-23,1643.15,1678.71,1629.0,1650.36,142678.46957
2023-02-24,1650.36,1664.25,1576.0,1607.79,124753.55151
2023-02-25,1607.79,1608.94,1557.85,1594.63,64632.87933
2023-02-26,1594.63,1650.58,1587.86,1641.78,57617.50141
2023-02-27,1641.78,1665.0,1608.52,1633.72,84694.08378
2023-02-28,1633.72,1647.12,1597.0,1604.85,82776.31854
2023-03-01,1604.85,1669.47,1595.1,1665.65,92224.91407
2023-03-02,1665.65,1677.47,1619.3,1647.87,69834.53243
2023-03-03,1647.87,1649.2,1544.67,1568.87,119431.4016
2023-03-04,1568.87,1577.02,1549.44,1566.73,26651.49649
2023-03-05,1566.73,1588.23,1553.51,1564.39,44311.59759
2023-03-06,1564.39,1583.16,1555.0,1565.84,40095.71836
2023-03-07,1565.84,1583.0,1536.26,1561.96,62231.46389
2023-03-08,1561.96,1570.83,1524.02,1532.38,78960.40979
2023-03-09,1532.38,1546.34,1410.0,1437.48,132982.51971
2023-03-10,1437.48,1438.04,1370.0,1426.43,181517.37547
2023-03-11,1426.43,1477.57,1408.87,1472.07,168811.46364
2023-03-12,1472.07,1592.83,1448.75,1579.27,140263.16655
2023-03-13,1579.27,1693.23,1565.01,1674.3,217145.58704
2023-03-14,1674.3,1777.0,1655.65,1699.82,126386.01326
2023-03-15,1699.82,1716.53,1613.0,1649.71,94738.5871
2023-03-16,1649.71,1690.53,1632.29,1673.72,35312.56017
2023-03-17,1673.72,1799.0,1663.31,1789.42,33976.9447
2023-03-18,1789.42,1839.96,1749.62,1758.6,31199.95547
2023-03-19,1758.6,1840.34,1758.51,1780.4,24343.21321
2023-03-20,1780.4,1803.0,1723.7,1732.88,28486.08886
2023-03-21,1732.88,1834.64,1718.06,1801.14,28300.73026
2023-03-22,1801.14,1819.4,1710.58,1733.56,60994.52368
2023-03-23,1733.56,1855.0,1729.58,1813.93,37371.35086
2023-03-24,1813.93,1818.95,1726.5,1749.49,377356.74472
2023-03-25,1749.49,1762.83,1713.74,1742.29,2620.21792
2023-03-26,1742.29,1800.19,1739.36,1773.88,5942.23612
2023-03-27,1773.88,1780.18,1687.23,1714.61,8203.59042
2023-03-28,1714.61,1795.52,1702.23,1772.98,4856.43076
2023-03-29,1772.98,1827.13,1772.5,1793.18,4902.86898
2023-03-30,1793.18,1829.49,1763.54,1793.61,4643.14201
2023-03-31,1793.61,1846.82,1780.0,1821.63,7245.16393
2023-04-01,1821.63,1842.69,1807.95,1820.78,33598.62654
2023-04-02,1820.78,1824.86,1773.76,1795.46,70369.14237
2023-04-03,1795.46,1839.77,1763.58,1810.3,9842.78835
2023-04-04,1810.3,1891.31,1802.1,1870.51,48676.4268
2023-04-05,1870.51,1942.37,1864.63,1908.64,85884.31957
2023-04-06,1908.64,1909.82,1853.98,1872.44,79833.50164
2023-04-07,1872.44,1882.56,1842.0,1863.77,69613.88068
2023-04-08,1863.77,1879.5,1847.18,1848.83,64499.40737
2023-04-09,1848.83,1873.2,1825.0,1858.89,82050.3097
2023-04-10,1858.89,1918.0,1846.64,1910.26,108772.74255
2023-04-11,1910.26,1936.21,1882.08,1889.88,122784.24381
2023-04-12,1889.88,1932.67,1853.81,1917.45,101082.43855
2023-04-13,1917.45,2022.44,1899.57,2011.95,85527.40152
2023-04-14,2011.95,2128.47,2009.18,2099.88,74148.2762
2023-04-15,2099.88,2111.48,2071.41,2090.63,73810.61832
2023-04-16,2090.63,2141.33,2073.08,2118.98,66418.83362
2023-04-17,2118.98,2120.43,2056.77,2074.16,81991.76036
2023-04-18,2074.16,2123.37,2053.45,2103.51,93015.88087
2023-04-19,2103.51,2104.59,1923.45,1934.0,109709.30154
2023-04-20,1934.0,1982.0,1915.99,1942.73,124488.54859
2023-04-21,1942.73,1956.11,1825.94,1848.77,98497.91922
2023-04-22,1848.77,1887.3,1843.15,1873.92,87730.77788
2023-04-23,1873.92,1882.01,1836.56,1862.01,99179.83939
2023-04-24,1862.01,1888.4,1807.0,1841.83,90965.80014
2023-04-25,1841.83,1877.64,1802.04,1866.1,84729.93304
2023-04-26,1866.1,1964.33,1787.33,1866.0,90364.76708
2023-04-27,1866.0,1940.0,1861.19,1908.7,106307.72196
2023-04-28,1908.7,1923.87,1874.41,1890.94,101371.16227
2023-04-29,1890.94,1916.05,1884.7,1907.8,94841.89488
2023-04-30,1907.8,1939.0,1866.46,1868.71,109558.5213
2023-05-01,1868.71,1886.39,1806.93,1830.72,128264.89657
2023-05-02,1830.72,1880.45,1823.02,1870.08,129065.47608
2023-05-03,1870.08,1916.01,1843.11,1905.12,109057.66549
2023-05-04,1905.12,1918.26,1867.0,1877.08,122373.36525
2023-05-05,1877.08,1998.36,1875.65,1993.31,55897.76712
2023-05-06,1993.31,2018.17,1861.44,1896.33,57032.13056
2023-05-07,1896.33,1933.33,1868.69,1870.43,49884.22783
2023-05-08,1870.43,1883.75,1811.0,1847.52,66389.72032
2023-05-09,1847.52,1861.06,1831.08,1846.53,46124.49849
2023-05-10,1846.53,1887.41,1792.3,1840.84,56363.83667
2023-05-11,1840.84,1842.01,1773.29,1794.3,66840.50446
2023-05-12,1794.3,1816.43,1740.01,1807.29,72212.72755
2023-05-13,1807.29,1816.34,1786.15,1795.12,40421.20637
2023-05-14,1795.12,1823.73,1790.0,1799.32,51158.29781
2023-05-15,1799.32,1846.69,1785.22,1816.2,69074.53888
2023-05-16,1816.2,1832.35,1796.25,1824.2,69165.81907
2023-05-17,1824.2,1837.0,1784.68,1822.12,80743.21702
2023-05-18,1822.12,1831.9,1771.81,1800.51,54894.82806
2023-05-19,1800.51,1829.52,1796.95,1812.31,61171.05692
2023-05-20,1812.31,1828.6,1807.06,1819.42,32297.40352
2023-05-21,1819.42,1828.96,1798.0,1804.9,22440.61159
2023-05-22,1804.9,1828.13,1791.0,1817.27,28114.93771
2023-05-23,1817.27,1872.0,1815.24,1854.05,33957.1291
2023-05-24,1854.05,1854.09,1778.0,1799.89,36341.09841
2023-05-25,1799.89,1818.01,1762.0,1805.6,34240.06983
2023-05-26,1805.6,1837.86,1797.09,1827.79,26393.65068
2023-05-27,1827.79,1836.11,1813.42,1829.89,16975.13989
2023-05-28,1829.89,1917.82,1823.61,1908.65,32727.92719
2023-05-29,1908.65,1926.95,1874.37,1892.6,33668.10363
2023-05-30,1892.6,1916.74,1881.56,1900.58,29546.32956
2023-05-31,1900.58,1907.14,1848.35,1873.63,25767.44865
2023-06-01,1873.63,1888.59,1841.82,1861.79,26904.47739
2023-06-02,1861.79,1910.0,1847.83,1906.69,30170.70746
2023-06-03,1906.69,1907.92,1881.45,1892.06,15983.56826
2023-06-04,1892.06,1913.87,1884.23,1890.0,17506.10717
2023-06-05,1890.0,1890.62,1777.0,1810.49,36570.54389
2023-06-06,1810.49,1898.0,1797.56,1884.65,34698.81133
2023-06-07,1884.65,1897.54,1821.66,1832.12,28461.24431
2023-06-08,1832.12,1860.9,1828.32,1845.65,20870.2454
2023-06-09,1845.65,1855.0,1827.01,1840.37,21363.13356
2023-06-10,1840.37,1844.98,1716.0,1751.52,45823.74364
2023-06-11,1751.52,1778.04,1739.47,1752.77,25493.39656
2023-06-12,1752.77,1759.02,1720.48,1742.57,33440.75933
2023-06-13,1742.57,1766.0,1725.0,1740.1,22084.85622
2023-06-14,1740.1,1750.03,1630.81,1650.94,18876.38098
2023-06-15,1650.94,1680.03,1627.0,1666.96,38736.95515
2023-06-16,1666.96,1729.49,1650.67,1717.91,29804.36703
2023-06-17,1717.91,1769.42,1714.26,1727.75,18511.62727
2023-06-18,1727.75,1747.63,1712.5,1720.96,15433.87184
2023-06-19,1720.96,1751.03,1700.0,1737.1,20730.86282
2023-06-20,1737.1,1796.0,1715.0,1792.0,30597.97666
2023-06-21,1792.0,1900.65,1787.38,1889.1,46122.67175
2023-06-22,1889.1,1932.78,1866.52,1872.01,39042.78146
2023-06-23,1872.01,1935.86,1862.1,1892.63,34401.47218
2023-06-24,1892.63,1905.88,1865.0,1874.95,24602.09814
2023-06-25,1874.95,1929.8,1868.84,1898.79,34229.43396
2023-06-26,1898.79,1909.0,1837.57,1858.97,53592.37164
2023-06-27,1858.97,1912.52,1855.2,1889.58,50238.82201
2023-06-28,1889.58,1890.19,1817.0,1828.02,46838.83387
2023-06-29,1828.02,1878.86,1827.84,1852.0,32773.37539
2023-06-30,1852.0,1948.0,1825.48,1933.8,59864.01797
2023-07-01,1933.8,1944.21,1909.45,1924.5,35088.37175
2023-07-02,1924.5,1959.2,1886.57,1937.48,34018.59018
2023-07-03,1937.48,1976.0,1933.76,1955.55,49112.39924
2023-07-04,1955.55,1966.67,1931.57,1936.19,36414.66366
2023-07-05,1936.19,1942.39,1895.5,1910.35,41595.95837
2023-07-06,1910.35,1957.88,1846.33,1846.51,53027.18521
2023-07-07,1846.51,1878.0,1826.91,1870.91,35294.49395
2023-07-08,1870.91,1873.33,1842.82,1865.25,25112.09128
2023-07-09,1865.25,1878.96,1856.35,1862.81,27094.57212
2023-07-10,1862.81,1905.0,1846.72,1880.41,40454.03869
2023-07-11,1880.41,1891.0,1862.5,1878.31,33227.40921
2023-07-12,1878.31,1901.92,1864.5,1871.81,40664.89734
2023-07-13,1871.81,2012.27,1863.17,2004.5,46221.23603
2023-07-14,2004.5,2028.99,1898.9,1937.82,56944.91612
2023-07-15,1937.82,1946.36,1926.34,1931.42,27350.47966
2023-07-16,1931.42,1943.55,1915.0,1922.12,25835.07138
2023-07-17,1922.12,1936.19,1873.56,1911.21,45356.5283
2023-07-18,1911.21,1917.19,1876.8,1897.22,40923.08664
2023-07-19,1897.22,1921.48,1882.17,1888.64,40432.17788
2023-07-20,1888.64,1929.05,1878.11,1891.59,46860.8998
2023-07-21,1891.59,1905.6,1884.64,1891.73,33691.2519
2023-07-22,1891.73,1897.34,1852.27,1866.52,19609.70144
2023-07-23,1866.52,1905.0,1858.4,1888.74,26057.72458
2023-07-24,1888.74,1890.86,1834.46,1850.0,39554.46865
2023-07-25,1850.0,1868.42,1845.45,1857.66,32669.27774
2023-07-26,1857.66,1887.66,1848.55,1872.0,40351.53434
2023-07-27,1872.0,1886.1,1854.88,1861.29,32074.55816
2023-07-28,1861.29,1883.0,1856.52,1874.2,28047.20003
2023-07-29,1874.2,1886.29,1869.7,1880.45,15201.27032
2023-07-30,1880.45,1885.31,1849.37,1861.78,25109.3515
2023-07-31,1861.78,1877.18,1851.04,1856.13,26378.11496
2023-08-01,1856.13,1875.6,1814.17,1873.48,45269.40717
2023-08-02,1873.48,1879.33,1821.25,1839.97,38988.77174
2023-08-03,1839.97,1859.08,1826.02,1835.82,31815.96561
2023-08-04,1835.82,1850.95,1815.99,1830.24,33129.9313
2023-08-05,1830.24,1838.99,1827.5,1836.48,20343.35327
2023-08-06,1836.48,1838.58,1825.87,1830.29,19073.23563
2023-08-07,1830.29,1846.99,1802.52,1829.1,35377.13659
2023-08-08,1829.1,1876.3,1826.33,1856.31,36397.42839
2023-08-09,1856.31,1871.54,1846.53,1855.36,35245.72358
2023-08-10,1855.36,1865.9,1846.0,1852.47,23510.13927
2023-08-11,1852.47,1857.26,1838.82,1848.84,20730.72514
2023-08-12,1848.84,1853.74,1846.08,1849.94,12713.31894
2023-08-13,1849.94,1861.99,1834.56,1840.73,16244.7154
2023-08-14,1840.73,1856.5,1835.0,1845.5,28321.35901
2023-08-15,1845.5,1847.36,1814.05,1828.99,26422.86279
2023-08-16,1828.99,1831.52,1798.26,1807.81,34702.68787
2023-08-17,1807.81,1809.99,1551.0,1681.49,53124.19629
2023-08-18,1681.49,1699.4,1641.8,1661.59,71355.44969
2023-08-19,1661.59,1695.42,1654.32,1669.68,38306.88504
2023-08-20,1669.68,1694.0,1662.21,1685.23,34923.57572
2023-08-21,1685.23,1687.65,1649.51,1667.56,39204.63242
2023-08-22,1667.56,1669.38,1581.11,1634.99,49243.4476
2023-08-23,1634.99,1701.36,1629.42,1679.69,61736.63379
2023-08-24,1679.69,1683.36,1635.7,1661.17,56636.6311
2023-08-25,1661.17,1677.0,1635.44,1653.79,83835.96156
2023-08-26,1653.79,1655.59,1644.06,1647.03,23028.78018
2023-08-27,1647.03,1660.24,1646.32,1658.32,37523.57342
2023-08-28,1658.32,1663.53,1621.91,1653.09,84516.18047
2023-08-29,1653.09,1745.61,1640.0,1729.66,103985.14881
2023-08-30,1729.66,1730.93,1696.0,1705.22,40608.05903
2023-08-31,1705.22,1727.0,1630.04,1645.76,62599.82117
2023-09-01,1645.76,1654.53,1602.61,1629.13,61922.42713
2023-09-02,1629.13,1644.94,1628.03,1637.02,58056.68729
2023-09-03,1637.02,1647.37,1625.2,1635.85,78861.77725
2023-09-04,1635.85,1644.81,1616.79,1630.51,32573.72246
2023-09-05,1630.51,1648.06,1610.0,1634.46,7762.18489
2023-09-06,1634.46,1669.56,1610.0,1633.14,44741.84542
2023-09-07,1633.14,1659.95,1623.6,1648.11,44708.02554
2023-09-08,1648.11,1658.92,1616.85,1636.43,53906.76698
2023-09-09,1636.43,1637.53,1629.9,1635.53,24332.71542
2023-09-10,1635.53,1635.7,1600.05,1617.41,48543.66034
2023-09-11,1617.41,1618.99,1531.92,1551.85,71387.92933
2023-09-12,1551.85,1625.0,1549.67,1592.97,70899.37491
2023-09-13,1592.97,1618.91,1581.88,1607.62,46095.46763
2023-09-14,1607.62,1644.0,1607.05,1626.47,57347.88782
2023-09-15,1626.47,1654.0,1611.42,1641.3,50526.36437
2023-09-16,1641.3,1652.64,1631.31,1634.39,38330.87767
2023-09-17,1634.39,1635.0,1612.0,1622.49,38965.66125
2023-09-18,1622.49,1669.19,1605.0,1636.67,59847.92987
2023-09-19,1636.67,1660.77,1626.46,1643.13,48129.0443
2023-09-20,1643.13,1649.33,1605.0,1622.27,55040.60029
2023-09-21,1622.27,1625.3,1568.0,1583.97,54514.30636
2023-09-22,1583.97,1602.68,1577.69,1593.08,42176.58497
2023-09-23,1593.08,1598.24,1587.45,1593.86,23451.90005
2023-09-24,1593.86,1601.11,1570.32,1580.7,33170.73003
2023-09-25,1580.7,1597.26,1563.34,1588.34,49267.1066
2023-09-26,1588.34,1599.08,1580.2,1594.02,41317.08045
2023-09-27,1594.02,1634.03,1584.0,1598.63,56349.21884
2023-09-28,1598.63,1668.0,1598.12,1653.0,66309.16551
2023-09-29,1653.0,1687.99,1648.37,1667.45,57602.13028
2023-09-30,1667.45,1693.77,1666.18,1670.9,38857.77742
2023-10-01,1670.9,1750.58,1668.15,1733.79,44471.75559
2023-10-02,1733.79,1743.39,1637.87,1662.41,75418.90451
2023-10-03,1662.41,1670.51,1643.95,1656.89,55818.49174
2023-10-04,1656.89,1657.66,1627.0,1646.57,56695.3899
2023-10-05,1646.57,1655.02,1607.0,1611.8,59190.74668
2023-10-06,1611.8,1661.63,1611.8,1645.03,60626.23272
2023-10-07,1645.03,1647.71,1630.1,1633.56,40326.55397
2023-10-08,1633.56,1641.34,1616.18,1632.84,51322.06776
2023-10-09,1632.84,1635.98,1547.67,1580.14,68868.42251
2023-10-10,1580.14,1594.89,1551.26,1567.63,64695.69187
2023-10-11,1567.63,1578.42,1545.0,1566.87,86128.89882
2023-10-12,1566.87,1568.56,1521.11,1539.6,80501.48888
2023-10-13,1539.6,1575.0,1537.87,1552.15,63566.05581
2023-10-14,1552.15,1561.24,1544.81,1554.93,46980.66845
2023-10-15,1554.93,1567.03,1548.0,1557.78,43185.32707
2023-10-16,1557.78,1639.39,1555.06,1599.41,97203.39265
2023-10-17,1599.41,1600.48,1551.57,1565.0,65063.53555
2023-10-18,1565.0,1585.39,1555.88,1563.44,67398.57978
2023-10-19,1563.44,1574.2,1541.92,1566.57,76681.0607
2023-10-20,1566.57,1630.0,1561.19,1603.88,100942.27375
2023-10-21,1603.88,1644.13,1592.36,1628.94,70303.79175
2023-10-22,1628.94,1667.67,1621.43,1663.69,77636.88401
2023-10-23,1663.69,1799.99,1657.08,1765.43,118068.22469
2023-10-24,1765.43,1854.37,1756.41,1785.16,118657.01057
2023-10-25,1785.16,1815.89,1760.38,1787.14,111425.26082
2023-10-26,1787.14,1865.49,1763.0,1803.38,114475.74352
2023-10-27,1803.38,1803.91,1745.63,1779.41,79846.4091
2023-10-28,1779.41,1802.87,1770.0,1776.21,54606.18647
2023-10-29,1776.21,1811.28,1762.79,1795.14,66367.57975
2023-10-30,1795.14,1829.65,1778.18,1809.04,86708.82882
2023-10-31,1809.04,1819.41,1781.45,1815.11,90384.6789
2023-11-01,1815.11,1857.3,1783.3,1847.0,76470.24173
2023-11-02,1847.0,1874.0,1785.2,1800.75,92523.88112
2023-11-03,1800.75,1834.49,1777.91,1832.7,109488.88242
2023-11-04,1832.7,1869.82,1824.13,1855.55,71261.88885
2023-11-05,1855.55,1912.07,1846.35,1891.72,101712.04876
2023-11-06,1891.72,1914.0,1868.98,1900.95,104674.37094
2023-11-07,1900.95,1906.99,1850.4,1885.27,105106.11887
2023-11-08,1885.27,1904.5,1873.0,1888.24,98697.92254
2023-11-09,1888.24,2131.62,1882.38,2121.26,109909.36817
2023-11-10,2121.26,2136.41,2065.0,2077.72,124732.90272
2023-11-11,2077.72,2089.59,2030.88,2053.17,110753.96818
2023-11-12,2053.17,2066.29,2012.87,2044.69,97805.51122
2023-11-13,2044.69,2117.83,2029.1,2053.04,115355.22239
2023-11-14,2053.04,2064.79,1936.66,1979.39,114672.25414
2023-11-15,1979.39,2062.35,1967.49,2058.48,121238.16483
2023-11-16,2058.48,2090.4,1939.54,1961.77,121650.70393
2023-11-17,1961.77,1991.0,1905.37,1960.81,117667.78055
2023-11-18,1960.81,1971.2,1917.0,1962.6,98525.66254
2023-11-19,1962.6,2015.61,1943.0,2011.31,84800.10148
2023-11-20,2011.31,2066.39,1991.0,2021.4,112366.60179
2023-11-21,2021.4,2034.6,1932.24,1933.38,110865.29038
2023-11-22,1933.38,2091.59,1929.0,2063.22,110873.6481
2023-11-23,2063.22,2088.67,2040.36,2062.21,90425.51108
2023-11-24,2062.21,2133.01,2059.37,2080.83,97294.39183
2023-11-25,2080.83,2090.54,2065.3,2083.1,62990.8631
2023-11-26,2083.1,2094.18,2036.47,2062.33,80395.34525
2023-11-27,2062.33,2071.24,1985.78,2027.51,103486.85918
2023-11-28,2027.51,2074.99,1995.15,2048.13,101362.0138
2023-11-29,2048.13,2075.17,2019.39,2028.8,87076.79504
2023-11-30,2028.8,2054.65,2021.06,2051.95,89386.88157
2023-12-01,2051.95,2110.37,2045.04,2087.24,104809.29809
2023-12-02,2087.24,2185.59,2086.25,2164.81,81354.2764
2023-12-03,2164.81,2217.0,2149.07,2192.96,88825.70692
2023-12-04,2192.96,2274.0,2191.01,2243.36,96954.12893
2023-12-05,2243.36,2309.46,2189.0,2293.32,105437.39685
2023-12-06,2293.32,2311.66,2220.01,2232.71,114361.73454
2023-12-07,2232.71,2382.67,2222.04,2355.74,106339.20186
2023-12-08,2355.74,2391.39,2337.81,2358.41,78020.34437
2023-12-09,2358.41,2401.8,2328.35,2340.49,62247.5013
2023-12-10,2340.49,2377.42,2321.0,2352.22,55388.25731
2023-12-11,2352.22,2355.0,2157.02,2225.11,102751.13266
2023-12-12,2225.11,2244.11,2167.0,2203.46,109288.31199
2023-12-13,2203.46,2284.0,2144.47,2260.14,108900.78642
2023-12-14,2260.14,2331.62,2230.0,2315.32,101924.76498
2023-12-15,2315.32,2317.81,2200.1,2220.5,99728.0458
2023-12-16,2220.5,2263.4,2210.86,2228.96,84632.46173
2023-12-17,2228.96,2248.68,2192.04,2196.53,87101.20626
2023-12-18,2196.53,2223.64,2117.66,2219.25,107808.82923
2023-12-19,2219.25,2254.84,2136.0,2177.91,88386.87643
2023-12-20,2177.91,2265.58,2158.0,2202.18,110840.7144
2023-12-21,2202.18,2279.22,2183.28,2239.61,85562.0983
2023-12-22,2239.61,2342.72,2230.69,2324.54,76293.46493
2023-12-23,2324.54,2330.65,2265.46,2308.58,66839.83785
2023-12-24,2308.58,2326.02,2245.35,2264.12,88616.5784
2023-12-25,2264.12,2304.79,2253.11,2271.36,97826.24319
2023-12-26,2271.36,2274.99,2179.6,2230.88,106898.20964
2023-12-27,2230.88,2392.23,2212.01,2378.36,108333.76876
2023-12-28,2378.36,2445.61,2335.26,2344.15,111295.37336
2023-12-29,2344.15,2385.32,2256.0,2299.2,104593.62772
2023-12-30,2299.2,2322.73,2268.01,2291.67,81356.90598
2023-12-31,2291.67,2321.22,2259.23,2281.87,81032.32969
2024-01-01,2281.87,2352.22,2265.49,2352.04,84122.26642
2024-01-02,2352.04,2431.23,2343.57,2355.34,104344.92462
2024-01-03,2355.34,2385.0,2100.0,2209.72,108767.18822
2024-01-04,2209.72,2294.0,2201.91,2267.12,113861.47982
2024-01-05,2267.12,2277.0,2206.55,2268.44,73858.13026
2024-01-06,2268.44,2269.97,2216.41,2240.78,66094.5346
2024-01-07,2240.78,2258.01,2205.0,2221.42,78448.78243
2024-01-08,2221.42,2358.0,2166.77,2330.43,71800.0574
2024-01-09,2330.43,2371.69,2228.63,2344.29,61970.19464
2024-01-10,2344.29,2645.19,2340.33,2583.25,61534.74378
2024-01-11,2583.25,2689.33,2566.33,2618.0,86976.70208
2024-01-12,2618.0,2717.0,2458.34,2522.36,101818.18358
2024-01-13,2522.36,2590.0,2497.5,2578.18,96047.55997
2024-01-14,2578.18,2578.69,2470.01,2473.38,85314.90756
2024-01-15,2473.38,2553.68,2471.29,2511.91,87940.17917
2024-01-16,2511.91,2614.0,2500.08,2587.4,93698.85195
2024-01-17,2587.4,2592.97,2506.87,2530.2,96206.48493
2024-01-18,2530.2,2549.31,2429.01,2470.82,98756.73244
2024-01-19,2470.82,2504.19,2415.28,2491.99,97121.19376
2024-01-20,2491.99,2491.99,2454.24,2472.01,61765.99668
2024-01-21,2472.01,2482.18,2453.0,2457.06,56572.8213
2024-01-22,2457.06,2466.1,2303.59,2314.2,76309.28008
2024-01-23,2314.2,2351.62,2168.38,2242.6,103639.94087
2024-01-24,2242.6,2264.6,2196.12,2234.97,103783.88112
2024-01-25,2234.97,2242.87,2171.36,2218.63,99321.72474
2024-01-26,2218.63,2282.0,2195.84,2267.67,99950.46202
2024-01-27,2267.67,2282.86,2251.72,2267.93,66486.99212
2024-01-28,2267.93,2308.07,2240.0,2256.91,82274.11301
2024-01-29,2256.91,2322.34,2234.0,2317.61,92301.77955
2024-01-30,2317.61,2390.99,2297.35,2343.01,97070.61809
2024-01-31,2343.01,2351.26,2263.57,2283.15,101014.37357
2024-02-01,2283.15,2311.71,2240.41,2304.28,97105.4148
2024-02-02,2304.28,2324.74,2282.2,2309.07,85007.00109
2024-02-03,2309.07,2329.87,2292.76,2296.5,57323.66525
2024-02-04,2296.5,2311.0,2267.5,2289.79,64186.43635
2024-02-05,2289.79,2338.41,2269.23,2301.84,82403.20707
2024-02-06,2301.84,2391.85,2299.01,2372.64,95427.31495
2024-02-07,2372.64,2444.5,2354.35,2425.09,94571.63637
2024-02-08,2425.09,2462.54,2411.98,2419.55,89333.14905
2024-02-09,2419.55,2523.85,2419.16,2486.56,98054.38563
2024-02-10,2486.56,2516.45,2470.0,2500.24,68037.95125
2024-02-11,2500.24,2539.63,2493.52,2507.21,76817.08636
2024-02-12,2507.21,2665.0,2472.5,2659.01,88537.71953
2024-02-13,2659.01,2686.12,2590.21,2640.0,95410.28909
2024-02-14,2640.0,2786.0,2618.41,2774.81,88935.27057
2024-02-15,2774.81,2867.17,2759.47,2822.58,91489.77972
2024-02-16,2822.58,2857.18,2741.06,2801.8,84989.85262
2024-02-17,2801.8,2804.21,2719.33,2785.92,70043.97386
2024-02-18,2785.92,2895.0,2765.0,2881.19,59692.96706
2024-02-19,2881.19,2984.52,2857.95,2944.95,68559.21271
2024-02-20,2944.95,3033.08,2874.98,3014.81,59767.09764
2024-02-21,3014.81,3017.15,2869.85,2968.0,70104.77936
2024-02-22,2968.0,3036.0,2906.55,2971.39,76918.85729
2024-02-23,2971.39,2993.79,2906.09,2922.24,61614.38916
2024-02-24,2922.24,3006.44,2906.63,2992.62,48254.58276
2024-02-25,2992.62,3121.75,2983.62,3112.6,59008.36669
2024-02-26,3112.6,3195.65,3037.0,3175.94,93185.28856
2024-02-27,3175.94,3288.13,3165.0,3242.35,106651.77513
2024-02-28,3242.35,3487.86,3180.0,3383.11,114730.96677
2024-02-29,3383.11,3522.79,3300.0,3340.09,53266.27592
2024-03-01,3340.09,3450.0,3338.72,3433.43,36661.61383
2024-03-02,3433.43,3460.04,3390.99,3421.39,38709.79925
2024-03-03,3421.39,3491.68,3360.13,3487.81,51718.35728
2024-03-04,3487.81,3640.58,3426.0,3626.8,79665.34825
2024-03-05,3626.8,3822.01,3200.64,3553.65,102368.57858
2024-03-06,3553.65,3900.0,3497.95,3818.57,53491.39737
2024-03-07,3818.57,3933.81,3735.02,3868.75,36938.44919
2024-03-08,3868.75,3993.62,3822.69,3883.37,40320.82557
2024-03-09,3883.37,3941.99,3870.55,3905.21,35890.31057
2024-03-10,3905.21,3964.6,3793.42,3878.47,36208.78426
2024-03-11,3878.47,4086.16,3723.78,4064.8,57384.82751
2024-03-12,4064.8,4092.41,3830.0,3979.96,54106.29569
2024-03-13,3979.96,4082.96,3932.48,4004.8,64970.20204
2024-03-14,4004.8,4010.98,3724.12,3881.7,65873.62853
2024-03-15,3881.7,3933.53,3570.39,3741.97,82998.1014
2024-03-16,3741.97,3781.12,3469.18,3523.1,84621.70094
2024-03-17,3523.1,3678.36,3413.29,3644.7,91762.94058
2024-03-18,3644.7,3645.02,3455.0,3520.47,94384.93319
2024-03-19,3520.47,3547.7,3151.0,3159.07,107503.75137
2024-03-20,3159.07,3535.0,3058.0,3516.75,133077.87648
2024-03-21,3516.75,3586.98,3412.17,3492.84,111455.5492
2024-03-22,3492.84,3542.51,3250.38,3336.29,80501.67893
2024-03-23,3336.29,3434.34,3270.89,3330.0,136413.37382
2024-03-24,3330.0,3471.21,3299.17,3454.66,127914.44584
2024-03-25,3454.66,3660.99,3420.13,3590.44,129175.43537
2024-03-26,3590.44,3678.86,3542.89,3587.33,129456.57135
2024-03-27,3587.33,3665.83,3460.81,3501.19,147548.51947
2024-03-28,3501.19,3611.78,3465.59,3560.5,99603.41759
2024-03-29,3560.5,3584.37,3469.99,3509.74,45049.28799
2024-03-30,3509.74,3565.55,3485.75,3505.65,33032.69158
2024-03-31,3505.65,3655.21,3505.09,3645.28,35951.68765
2024-04-01,3645.28,3645.67,3410.85,3503.79,31231.68912
2024-04-02,3503.79,3505.6,3212.03,3278.95,45995.85947
2024-04-03,3278.95,3367.2,3202.84,3310.84,43996.90368
2024-04-04,3310.84,3442.8,3251.48,3327.39,38021.9638
2024-04-05,3327.39,3346.0,3210.09,3317.86,39873.83659
2024-04-06,3317.86,3397.8,3306.81,3351.59,25285.56331
2024-04-07,3351.59,3459.94,3344.28,3454.2,26165.05069
2024-04-08,3454.2,3730.0,3408.0,3694.61,47245.20098
2024-04-09,3694.61,3726.4,3452.0,3506.4,41812.51892
2024-04-10,3506.4,3562.71,3413.44,3545.43,59706.10278
2024-04-11,3545.43,3618.3,3475.0,3502.51,41739.36209
2024-04-12,3502.51,3552.4,3100.01,3237.43,50776.55339
2024-04-13,3237.43,3301.89,2852.28,3007.2,55199.79285
2024-04-14,3007.2,3174.13,2908.29,3155.21,61421.59899
2024-04-15,3155.21,3277.68,3024.0,3101.73,60269.56025
2024-04-16,3101.73,3125.99,2987.3,3084.21,54713.61869
2024-04-17,3084.21,3123.45,2915.0,2985.42,52183.96159
2024-04-18,2985.42,3093.23,2951.4,3064.41,50900.72227
2024-04-19,3064.41,3128.0,2865.77,3056.59,53370.73453
2024-04-20,3056.59,3171.67,3019.69,3155.78,33970.42104
2024-04-21,3155.78,3196.87,3116.79,3147.67,31610.91612
2024-04-22,3147.67,3235.0,3129.15,3200.19,39042.56392
2024-04-23,3200.19,3263.08,3152.79,3219.46,35742.49539
2024-04-24,3219.46,3293.13,3105.0,3140.8,58656.61628
2024-04-25,3140.8,3191.61,3072.79,3155.8,55802.24592
2024-04-26,3155.8,3167.68,3102.42,3131.3,28210.16124
2024-04-27,3131.3,3284.34,3067.0,3255.56,25633.24814
2024-04-28,3255.56,3356.0,3250.45,3263.27,24685.84357
2024-04-29,3263.27,3286.95,3116.0,3216.38,45824.30497
2024-04-30,3216.38,3250.8,2921.01,3014.2,59129.09214
2024-05-01,3014.2,3023.24,2817.51,2972.46,60554.82481
2024-05-02,2972.46,3016.41,2893.59,2986.19,41960.61018
2024-05-03,2986.19,3126.19,2958.63,3102.61,31730.82464
2024-05-04,3102.61,3167.79,3093.8,3117.24,28264.25807
2024-05-05,3117.24,3171.04,3073.08,3136.4,39115.16839
2024-05-06,3136.4,3221.0,3046.96,3062.51,56814.22567
2024-05-07,3062.51,3129.88,2998.0,3005.7,48512.79797
2024-05-08,3005.7,3038.05,2937.01,2974.6,37657.1513
2024-05-09,2974.6,3058.71,2951.0,3036.24,44707.08259
2024-05-10,3036.24,3053.65,2879.0,2909.8,16484.18708
2024-05-11,2909.8,2945.0,2887.0,2912.45,8902.08632
2024-05-12,2912.45,2955.0,2901.45,2929.3,11288.29402
2024-05-13,2929.3,2996.0,2864.77,2950.99,52849.30458
2024-05-14,2950.99,2960.19,2862.39,2881.93,44845.04113
2024-05-15,2881.93,3041.36,2864.0,3032.55,50839.99931
2024-05-16,3032.55,3041.24,2923.26,2944.7,29144.27039
2024-05-17,2944.7,3119.6,2933.07,3092.32,37873.6787
2024-05-18,3092.32,3146.0,3083.62,3122.85,30203.12259
2024-05-19,3122.85,3136.64,3053.93,3071.2,22206.77242
2024-05-20,3071.2,3693.44,3048.02,3661.79,54998.82381
2024-05-21,3661.79,3840.0,3625.52,3789.6,69069.22691
2024-05-22,3789.6,3813.68,3654.76,3738.07,44834.77933
2024-05-23,3738.07,3948.0,3498.42,3783.81,73491.16976
2024-05-24,3783.81,3829.18,3628.34,3728.28,38942.15857
2024-05-25,3728.28,3779.08,3709.03,3749.25,45266.80114
2024-05-26,3749.25,3883.96,3731.17,3826.47,61976.11385
2024-05-27,3826.47,3976.99,3823.9,3894.22,64178.0242
2024-05-28,3894.22,3931.09,3773.89,3844.7,51472.13964
2024-05-29,3844.7,3887.83,3744.0,3767.66,50788.26162
2024-05-30,3767.66,3825.34,3702.53,3747.9,50659.69807
2024-05-31,3747.9,3849.28,3723.84,3762.29,43580.38261
2024-06-01,3762.29,3833.2,3752.68,3816.1,53368.86584
2024-06-02,3816.1,3838.4,3752.85,3780.92,41300.847
2024-06-03,3780.92,3849.9,3758.43,3767.07,50390.44767
2024-06-04,3767.07,3831.65,3730.33,3810.23,48987.8218
2024-06-05,3810.23,3887.46,3777.56,3866.0,43804.04244
2024-06-06,3866.0,3878.6,3760.0,3813.46,67355.49403
2024-06-07,3813.46,3841.39,3600.0,3678.31,63204.08058
2024-06-08,3678.31,3709.41,3661.0,3681.58,35971.37763
2024-06-09,3681.58,3721.32,3666.73,3706.41,46652.74024
2024-06-10,3706.41,3713.67,3644.69,3667.85,69269.97498
2024-06-11,3667.85,3673.0,3432.2,3497.34,53522.34436
2024-06-12,3497.34,3657.34,3462.36,3560.12,84873.87308
2024-06-13,3560.12,3561.6,3428.35,3469.4,69127.98652
2024-06-14,3469.4,3531.69,3362.58,3481.79,80087.97661
2024-06-15,3481.79,3594.14,3473.11,3568.75,96998.44216
2024-06-16,3568.75,3653.53,3541.41,3624.4,89792.25603
2024-06-17,3624.4,3638.37,3464.82,3511.47,146182.47163
2024-06-18,3511.47,3516.99,3355.76,3483.41,114890.92079
2024-06-19,3483.41,3590.0,3465.66,3560.51,99841.80512
2024-06-20,3560.51,3625.61,3486.0,3513.07,82063.81529
2024-06-21,3513.07,3547.54,3446.86,3518.49,109126.14769
2024-06-22,3518.49,3521.23,3475.48,3495.76,77796.14818
2024-06-23,3495.76,3521.45,3408.0,3420.72,96477.08347
2024-06-24,3420.72,3435.51,3241.1,3352.68,127371.17542
2024-06-25,3352.68,3429.84,3336.76,3394.91,50097.50212
2024-06-26,3394.91,3426.21,3325.01,3371.25,31321.69646
2024-06-27,3371.25,3476.94,3361.74,3450.44,35755.72378
2024-06-28,3450.44,3487.7,3366.0,3380.15,38817.47202
2024-06-29,3380.15,3408.32,3372.51,3378.79,22723.49146
2024-06-30,3378.79,3459.99,3353.69,3438.17,24392.98465
2024-07-01,3438.17,3524.93,3424.51,3442.22,33188.26731
2024-07-02,3442.22,3464.12,3402.0,3421.34,22374.23664
2024-07-03,3421.34,3432.1,3251.55,3295.49,36091.11066
2024-07-04,3295.49,3313.46,3050.41,3059.69,48546.3755
2024-07-05,3059.69,3109.0,2810.41,2981.78,98480.28863
2024-07-06,2981.78,3080.99,2955.06,3066.84,35400.78081
2024-07-07,3066.84,3072.98,2922.75,2931.0,28658.57641
2024-07-08,2931.0,3095.6,2823.1,3019.56,60315.27828
2024-07-09,3019.56,3114.08,3004.21,3066.65,46380.05384
2024-07-10,3066.65,3151.02,3024.39,3101.06,44080.49774
2024-07-11,3101.06,3215.11,3054.77,3099.39,45748.09037
2024-07-12,3099.39,3157.88,3047.32,3133.89,30775.87978
2024-07-13,3133.89,3201.59,3113.37,3176.07,24377.32685
2024-07-14,3176.07,3267.0,3163.84,3244.93,31176.72502
2024-07-15,3244.93,3493.63,3233.68,3483.4,44615.1962
2024-07-16,3483.4,3498.0,3347.0,3444.13,64645.79156
2024-07-17,3444.13,3516.77,3376.01,3387.71,51585.08764
2024-07-18,3387.71,3489.66,3367.53,3426.5,41781.4438
2024-07-19,3426.5,3540.0,3377.34,3503.53,48068.58192
2024-07-20,3503.53,3539.29,3480.0,3517.49,26550.03064
2024-07-21,3517.49,3546.99,3411.58,3535.92,33969.03938
2024-07-22,3535.92,3561.32,3423.35,3439.6,50573.2504
2024-07-23,3439.6,3541.0,3390.0,3482.51,118843.65354
2024-07-24,3482.51,3487.81,3300.58,3336.02,68833.30239
2024-07-25,3336.02,3342.2,3087.6,3175.48,106298.74423
2024-07-26,3175.48,3285.94,3171.0,3274.6,61020.92755
2024-07-27,3274.6,3327.59,3191.09,3249.0,49213.54472
2024-07-28,3249.0,3284.2,3199.35,3270.15,34771.32289
2024-07-29,3270.15,3396.77,3258.4,3317.56,59165.70501
2024-07-30,3317.56,3366.01,3233.43,3279.2,42685.48078
2024-07-31,3279.2,3349.83,3214.29,3232.73,29823.33169
2024-08-01,3232.73,3242.57,3080.46,3203.41,52651.35674
2024-08-02,3203.41,3225.0,2967.42,2989.61,61100.30154
2024-08-03,2989.61,3018.0,2859.61,2903.64,54928.96943
2024-08-04,2903.64,2934.12,2631.0,2688.9,53255.39751
2024-08-05,2688.9,2697.44,2117.09,2419.25,162880.76061
2024-08-06,2419.25,2555.0,2415.0,2461.72,57132.72356
2024-08-07,2461.72,2551.14,2309.3,2342.79,49440.55082
2024-08-08,2342.79,2723.0,2321.28,2683.21,52373.47231
2024-08-09,2683.21,2707.0,2553.17,2598.79,51822.34604
2024-08-10,2598.79,2644.69,2577.48,2609.92,25157.37394
2024-08-11,2609.92,2719.02,2540.55,2555.39,40449.03606
2024-08-12,2555.39,2749.0,2510.18,2722.3,49860.7405
2024-08-13,2722.3,2738.39,2611.49,2702.44,35684.42437
2024-08-14,2702.44,2779.39,2634.6,2661.46,40171.02965
2024-08-15,2661.46,2675.59,2515.84,2569.89,36639.10881
2024-08-16,2569.89,2630.64,2552.03,2592.6,26023.66557
2024-08-17,2592.6,2627.59,2587.52,2614.5,26191.63635
2024-08-18,2614.5,2687.0,2594.54,2612.14,36272.64285
2024-08-19,2612.14,2648.08,2563.8,2636.3,43897.76279
2024-08-20,2636.3,2694.99,2555.78,2572.82,49974.66429
2024-08-21,2572.82,2663.41,2536.27,2630.7,61512.68491
2024-08-22,2630.7,2644.49,2585.0,2622.89,58616.31899
2024-08-23,2622.89,2799.12,2621.4,2762.08,66747.98968
2024-08-24,2762.08,2820.0,2732.05,2768.69,53168.41192
2024-08-25,2768.69,2792.28,2733.63,2746.28,67023.45273
2024-08-26,2746.28,2762.0,2666.99,2680.53,53743.76061
2024-08-27,2680.53,2699.85,2393.7,2457.2,125540.31559
2024-08-28,2457.2,2554.31,2419.79,2528.33,193861.1827
2024-08-29,2528.33,2595.4,2506.06,2528.01,163444.18832
2024-08-30,2528.01,2550.0,2431.83,2526.0,135246.76
2024-08-31,2526.0,2533.8,2492.6,2513.23,74856.98403
2024-09-01,2513.23,2516.28,2400.1,2426.21,135989.03656
2024-09-02,2426.21,2564.61,2424.97,2538.01,51068.24039
2024-09-03,2538.01,2553.16,2413.01,2425.8,43621.62484
2024-09-04,2425.8,2489.58,2307.0,2450.71,14406.77304
2024-09-05,2450.71,2465.99,2348.34,2368.8,14083.15706
2024-09-06,2368.8,2408.11,2151.0,2225.52,20338.85015
2024-09-07,2225.52,2311.27,2222.0,2273.59,10593.5148
2024-09-08,2273.59,2332.89,2241.1,2297.31,8974.26241
2024-09-09,2297.31,2380.0,2272.85,2359.62,16967.32598
2024-09-10,2359.62,2399.52,2321.0,2388.39,12263.84607
2024-09-11,2388.39,2389.2,2278.0,2340.6,16050.79076
2024-09-12,2340.6,2391.59,2315.4,2361.75,18984.87825
2024-09-13,2361.75,2464.24,2337.35,2439.2,65142.45194
2024-09-14,2439.2,2440.6,2377.0,2417.8,34116.09745
2024-09-15,2417.8,2430.19,2285.0,2316.09,42690.2101
2024-09-16,2316.09,2335.69,2252.64,2295.67,90312.70192
2024-09-17,2295.67,2393.34,2263.29,2341.79,78342.03802
2024-09-18,2341.79,2376.12,2277.43,2374.61,81484.61749
2024-09-19,2374.61,2494.25,2372.8,2465.2,88615.96092
2024-09-20,2465.2,2571.72,2437.56,2561.4,100774.1311
2024-09-21,2561.4,2622.38,2529.0,2612.41,42622.41288
2024-09-22,2612.41,2631.81,2524.72,2581.0,59275.05196
2024-09-23,2581.0,2702.74,2540.0,2646.98,87704.15956
2024-09-24,2646.98,2670.96,2591.56,2653.2,79077.4298
2024-09-25,2653.2,2673.5,2555.0,2579.8,64390.84246
2024-09-26,2579.8,2666.01,2559.2,2632.15,78923.70782
2024-09-27,2632.15,2727.98,2615.21,2694.44,77671.41816
2024-09-28,2694.44,2704.35,2650.02,2675.21,40237.19968
2024-09-29,2675.21,2683.7,2630.17,2657.61,46334.76512
2024-09-30,2657.61,2663.5,2575.01,2602.24,69027.34833
2024-10-01,2602.24,2658.65,2414.01,2447.89,87278.71092
2024-10-02,2447.89,2499.01,2352.52,2364.1,64853.66523
2024-10-03,2364.1,2403.38,2310.01,2349.8,58489.71925
2024-10-04,2349.8,2441.64,2339.15,2414.4,49726.65908
2024-10-05,2414.4,2428.2,2390.05,2414.66,25938.06708
2024-10-06,2414.66,2457.52,2407.0,2440.02,30375.11941
2024-10-07,2440.02,2520.96,2403.1,2422.71,70197.75096
2024-10-08,2422.71,2466.0,2401.18,2440.89,46901.47364
2024-10-09,2440.89,2473.11,2351.43,2370.7,52593.06864
2024-10-10,2370.7,2421.11,2331.0,2386.49,60445.79373
2024-10-11,2386.49,2471.37,2382.0,2439.5,56281.70356
2024-10-12,2439.5,2490.14,2434.35,2476.4,46255.59753
2024-10-13,2476.4,2484.92,2436.39,2468.91,40868.85388
2024-10-14,2468.91,2653.77,2443.39,2629.78,85955.82733
2024-10-15,2629.78,2688.0,2537.79,2607.4,78532.71626
2024-10-16,2607.4,2647.74,2588.66,2611.11,78500.89795
2024-10-17,2611.11,2648.36,2575.99,2605.59,66153.41086
2024-10-18,2605.59,2675.43,2596.52,2642.16,71162.93645
2024-10-19,2642.16,2663.36,2631.19,2648.2,34663.31548
2024-10-20,2648.2,2757.81,2635.53,2746.91,64095.39103
2024-10-21,2746.91,2769.47,2655.8,2666.71,80710.55639
2024-10-22,2666.71,2671.92,2606.53,2622.81,79015.87455
2024-10-23,2622.81,2627.0,2452.0,2524.61,101544.10877
2024-10-24,2524.61,2562.0,2508.0,2535.81,95314.00476
2024-10-25,2535.81,2566.27,2383.0,2440.63,121490.68624
2024-10-26,2440.63,2507.94,2430.34,2482.5,82977.54148
2024-10-27,2482.5,2527.99,2464.13,2507.8,63677.06145
2024-10-28,2507.8,2589.3,2471.67,2567.49,110247.31145
2024-10-29,2567.49,2681.79,2561.19,2638.79,131565.57171
2024-10-30,2638.79,2722.3,2599.78,2659.19,120939.34655
2024-10-31,2659.19,2669.0,2503.74,2518.61,109814.28618
2024-11-01,2518.61,2586.75,2469.0,2511.48,126116.63623
2024-11-02,2511.48,2523.45,2470.18,2494.23,77179.0222
2024-11-03,2494.23,2496.39,2411.0,2457.73,121868.36324
2024-11-04,2457.73,2491.38,2358.0,2398.11,134435.16783
2024-11-05,2398.11,2480.0,2381.02,2422.55,114248.62577
2024-11-06,2422.55,2744.59,2420.42,2722.13,234481.01944
2024-11-07,2722.13,2916.1,2699.49,2895.35,348477.83191
2024-11-08,2895.35,2981.56,2886.47,2961.67,297561.59077
2024-11-09,2961.67,3157.2,2954.56,3126.2,243537.38368
2024-11-10,3126.2,3248.58,3069.57,3183.21,470346.93852
2024-11-11,3183.21,3387.6,3105.48,3371.64,352231.70535
2024-11-12,3371.64,3441.83,3208.58,3243.79,393192.2402
2024-11-13,3243.79,3331.0,3117.14,3187.15,292849.22614
2024-11-14,3187.15,3240.19,3029.5,3058.81,187465.55488
2024-11-15,3058.81,3130.49,3015.0,3090.77,176101.69262
2024-11-16,3090.77,3219.63,3072.0,3132.8,209959.37647
2024-11-17,3132.8,3162.0,3035.55,3076.0,201136.14687
2024-11-18,3076.0,3224.77,3050.6,3207.88,204444.36255
2024-11-19,3207.88,3220.81,3065.36,3107.35,190954.7978
2024-11-20,3107.35,3159.19,3029.48,3069.61,186524.35654
2024-11-21,3069.61,3386.71,3032.6,3355.96,219582.01477
2024-11-22,3355.96,3425.79,3259.01,3327.54,142662.43362
2024-11-23,3327.54,3496.0,3312.72,3393.91,176158.36202
2024-11-24,3393.91,3449.61,3282.59,3360.99,148768.73562
2024-11-25,3360.99,3546.36,3300.4,3415.08,365068.44978
2024-11-26,3415.08,3462.34,3253.0,3324.74,200489.11075
2024-11-27,3324.74,3684.84,3302.66,3653.29,191802.24952
2024-11-28,3653.29,3661.72,3529.76,3578.33,157640.01591
2024-11-29,3578.33,3645.67,3534.97,3592.22,172687.94079
2024-11-30,3592.22,3738.98,3569.0,3703.59,189472.0092
2024-12-01,3703.59,3746.35,3659.19,3707.81,188825.86568
2024-12-02,3707.81,3760.0,3555.6,3643.43,268050.6139
2024-12-03,3643.43,3670.0,3502.0,3614.51,288249.88443
2024-12-04,3614.51,3887.24,3614.51,3837.99,389189.99252
2024-12-05,3837.99,3955.97,3692.02,3785.2,446063.01814
2024-12-06,3785.2,4087.73,3777.59,3998.87,610048.31825
2024-12-07,3998.87,4024.46,3968.0,3996.23,132935.61507
2024-12-08,3996.23,4015.58,3923.6,4003.89,121907.63274
2024-12-09,4003.89,4005.6,3517.67,3713.21,488436.41722
2024-12-10,3713.21,3780.59,3517.67,3628.25,444459.90622
2024-12-11,3628.25,3848.64,3562.58,3831.82,209872.68134
2024-12-12,3831.82,3987.39,3796.8,3881.61,436594.70363
2024-12-13,3881.61,3968.47,3852.94,3906.81,229551.7187
2024-12-14,3906.81,3945.0,3825.37,3870.3,267374.6271
2024-12-15,3870.3,3974.61,3831.51,3959.1,78812.50965
2024-12-16,3959.1,4107.68,3884.41,3986.24,430415.98393
2024-12-17,3986.24,4041.19,3848.0,3893.0,350078.24134
2024-12-18,3893.0,3906.93,3617.91,3627.1,352530.53503
2024-12-19,3627.1,3720.0,3331.86,3417.0,627232.21794
2024-12-20,3417.0,3497.84,3102.05,3472.21,594464.17019
2024-12-21,3472.21,3555.17,3293.25,3338.92,291163.13632
2024-12-22,3338.92,3403.0,3221.7,3281.83,117066.94712
2024-12-23,3281.83,3466.8,3217.27,3422.53,353966.44142
2024-12-24,3422.53,3539.44,3358.19,3493.17,198264.00018
2024-12-25,3493.17,3547.95,3440.95,3497.01,139012.66873
2024-12-26,3497.01,3514.94,3304.64,3335.05,154333.11743
2024-12-27,3335.05,3443.18,3308.0,3333.51,181731.91926
2024-12-28,3333.51,3427.77,3322.23,3404.02,93407.23231
2024-12-29,3404.02,3413.6,3326.17,3356.47,61569.89731
2024-12-30,3356.47,3437.54,3305.26,3361.84,277481.976
2024-12-31,3361.84,3450.27,3315.6,3337.79,265883.94835
2025-01-01,3337.79,3374.42,3314.14,3360.38,159799.71601
2025-01-02,3360.38,3508.78,3354.51,3455.68,159200.76492
2025-01-03,3455.68,3630.0,3423.44,3609.0,173751.38543
2025-01-04,3609.0,3671.16,3572.73,3656.87,113595.22133
2025-01-05,3656.87,3675.24,3593.77,3635.99,51161.94727
2025-01-06,3635.99,3744.52,3610.63,3687.44,233202.10615
2025-01-07,3687.44,3700.65,3356.97,3381.3,211789.22576
2025-01-08,3381.3,3414.85,3208.53,3327.29,316599.9909
2025-01-09,3327.29,3357.27,3158.01,3219.19,275596.6796
2025-01-10,3219.19,3322.11,3195.36,3267.04,215721.76349
2025-01-11,3267.04,3320.18,3218.89,3282.82,110808.9364
2025-01-12,3282.82,3299.99,3224.8,3267.3,79376.80279
2025-01-13,3267.3,3338.87,2925.97,3137.5,165851.29671
2025-01-14,3137.5,3256.67,3126.05,3224.99,78440.23743
2025-01-15,3224.99,3473.72,3186.77,3450.81,61670.40641
2025-01-16,3450.81,3460.2,3265.74,3308.04,76152.43301
2025-01-17,3308.04,3525.68,3307.5,3473.59,127867.17633
2025-01-18,3473.59,3494.38,3227.11,3307.71,169439.78147
2025-01-19,3307.71,3448.99,3130.49,3214.56,227995.38443
2025-01-20,3214.56,3453.51,3143.83,3283.87,233298.39698
2025-01-21,3283.87,3368.14,3204.74,3327.54,151492.1692
2025-01-22,3327.54,3365.99,3222.92,3242.6,128479.20431
2025-01-23,3242.6,3347.75,3185.68,3337.62,165692.82611
2025-01-24,3337.62,3427.39,3275.9,3309.92,145348.45093
2025-01-25,3309.92,3350.52,3269.38,3318.77,96648.84718
2025-01-26,3318.77,3361.49,3230.01,3233.93,101742.45792
2025-01-27,3233.93,3253.88,3021.64,3182.43,247659.38761
2025-01-28,3182.43,3223.02,3040.03,3077.72,157676.39112
2025-01-29,3077.72,3182.39,3054.36,3113.89,153093.0538
2025-01-30,3113.89,3283.29,3091.87,3247.39,119799.99815
2025-01-31,3247.39,3437.31,3213.8,3300.99,220050.98171
2025-02-01,3300.99,3331.69,3102.32,3117.55,151061.21123
2025-02-02,3117.55,3163.2,2751.26,2869.68,278012.62155
2025-02-03,2869.68,2921.11,2132.27,2879.9,479166.87621
2025-02-04,2879.9,2888.42,2633.19,2731.18,367932.76646
2025-02-05,2731.18,2826.31,2699.21,2788.24,229893.92248
2025-02-06,2788.24,2856.8,2655.91,2686.63,218743.6662
2025-02-07,2686.63,2797.5,2563.18,2622.1,198610.03516
2025-02-08,2622.1,2667.05,2588.81,2632.46,161383.68838
2025-02-09,2632.46,2698.45,2523.62,2627.15,112875.62172
2025-02-10,2627.15,2693.78,2559.97,2661.19,151490.46006
2025-02-11,2661.19,2725.0,2560.0,2602.59,191538.85583
2025-02-12,2602.59,2795.0,2548.0,2737.41,178072.76464
2025-02-13,2737.41,2757.27,2613.19,2675.86,140920.44607
2025-02-14,2675.86,2791.77,2664.5,2725.47,129313.11963
2025-02-15,2725.47,2739.0,2664.76,2693.03,72810.55258
2025-02-16,2693.03,2726.24,2651.94,2661.4,75493.38119
2025-02-17,2661.4,2849.42,2638.75,2744.04,159637.16339
2025-02-18,2744.04,2756.81,2605.93,2671.99,142346.99468
2025-02-19,2671.99,2736.59,2656.04,2715.57,91633.06098
2025-02-20,2715.57,2770.54,2707.24,2738.04,105484.76554
2025-02-21,2738.04,2845.07,2616.88,2662.99,162354.60871
2025-02-22,2662.99,2798.0,2653.4,2763.23,113831.49943
2025-02-23,2763.23,2855.2,2745.55,2819.69,83979.08174
2025-02-24,2819.69,2839.93,2471.81,2514.23,196103.90332
2025-02-25,2514.23,2533.49,2315.39,2495.69,331120.20008
2025-02-26,2495.69,2507.5,2254.59,2335.8,255174.64713
2025-02-27,2335.8,2380.83,2230.84,2307.59,273416.05939
2025-02-28,2307.59,2313.71,2076.59,2237.49,266425.2634
2025-03-01,2237.49,2281.13,2143.31,2217.32,218757.8212
2025-03-02,2217.32,2550.19,2172.82,2518.11,240059.51678
2025-03-03,2518.11,2523.33,2098.0,2149.01,274543.68402
2025-03-04,2149.01,2221.62,1996.43,2171.5,290045.84216
2025-03-05,2171.5,2272.96,2155.6,2241.59,269554.79353
2025-03-06,2241.59,2319.99,2176.98,2202.2,251312.41366
2025-03-07,2202.2,2257.85,2102.84,2141.59,190850.96496
2025-03-08,2141.59,2234.86,2105.38,2203.58,137456.0171
2025-03-09,2203.58,2212.0,1990.0,2020.1,193621.15019
2025-03-10,2020.1,2151.65,1811.0,1865.01,313750.85052
2025-03-11,1865.01,1962.87,1755.0,1923.42,194183.97959
2025-03-12,1923.42,1955.96,1829.87,1908.21,152670.21974
2025-03-13,1908.21,1922.0,1821.82,1864.59,79545.45041
2025-03-14,1864.59,1945.25,1861.31,1911.64,75430.20328
2025-03-15,1911.64,1957.0,1903.75,1937.18,55000.40194
2025-03-16,1937.18,1940.87,1860.45,1887.01,41346.00442
2025-03-17,1887.01,1952.0,1879.98,1926.31,45976.29861
2025-03-18,1926.31,1936.06,1872.63,1931.54,69262.469
2025-03-19,1931.54,2069.0,1927.69,2056.06,124474.87478
2025-03-20,2056.06,2067.69,1952.19,1983.9,186453.93675
2025-03-21,1983.9,1996.73,1937.1,1965.74,36034.02019
2025-03-22,1965.74,2006.6,1964.34,1980.68,22103.80507
2025-03-23,1980.68,2020.31,1976.84,2005.99,22479.22041
2025-03-24,2005.99,2101.74,1977.67,2081.2,29246.64873
2025-03-25,2081.2,2097.69,2037.2,2066.16,23854.01178
2025-03-26,2066.16,2078.45,1981.6,2009.52,33533.40957
2025-03-27,2009.52,2036.82,1987.52,2003.66,37245.66454
2025-03-28,2003.66,2015.93,1862.0,1896.89,97011.39356
2025-03-29,1896.89,1913.59,1797.79,1827.98,41226.36424
2025-03-30,1827.98,1848.49,1768.16,1807.42,30333.25695
2025-03-31,1807.42,1854.0,1777.0,1822.43,83357.59516
2025-04-01,1822.43,1927.8,1818.0,1904.97,87266.52802
2025-04-02,1904.97,1955.18,1781.83,1795.39,65362.83378
2025-04-03,1795.39,1845.25,1750.01,1816.89,108710.76396
2025-04-04,1816.89,1835.45,1758.84,1816.87,75280.33768
2025-04-05,1816.87,1827.29,1764.92,1805.89,47526.04045
2025-04-06,1805.89,1816.66,1538.45,1580.77,92405.11215
2025-04-07,1580.77,1637.84,1412.47,1553.04,283332.70309
2025-04-08,1553.04,1618.53,1444.04,1473.41,184106.51548
2025-04-09,1473.41,1688.52,1385.5,1669.52,295438.91377
2025-04-10,1669.52,1669.78,1473.0,1522.34,112517.45762
2025-04-11,1522.34,1590.47,1505.0,1566.86,71296.28929
2025-04-12,1566.86,1669.48,1546.85,1644.18,56637.66765
2025-04-13,1644.18,1649.28,1562.28,1597.75,66808.44312
2025-04-14,1597.75,1691.03,1595.56,1623.78,72982.17869
2025-04-15,1623.78,1660.99,1583.44,1588.78,59517.96855
2025-04-16,1588.78,1611.59,1538.7,1577.15,71455.57967
2025-04-17,1577.15,1616.57,1563.24,1583.62,60776.17205
2025-04-18,1583.62,1600.63,1573.54,1588.6,25165.49607
2025-04-19,1588.6,1631.23,1585.16,1613.32,22577.49013
2025-04-20,1613.32,1619.17,1565.8,1587.35,19663.43743
2025-04-21,1587.35,1658.33,1564.36,1579.56,158777.07166
2025-04-22,1579.56,1777.98,1539.0,1756.25,274608.48534
2025-04-23,1756.25,1834.35,1744.99,1795.08,230050.27433
2025-04-24,1795.08,1802.79,1723.23,1769.64,167345.15419
2025-04-25,1769.64,1827.28,1739.02,1784.59,170243.24599
2025-04-26,1784.59,1841.52,1779.8,1820.87,121764.7911
2025-04-27,1820.87,1857.16,1782.5,1791.28,59541.1156
2025-04-28,1791.28,1827.25,1744.77,1799.7,228733.53497
2025-04-29,1799.7,1842.67,1780.7,1797.81,206609.41984
2025-04-30,1797.81,1816.61,1732.0,1793.61,157974.67421
2025-05-01,1793.61,1873.02,1792.52,1838.11,154879.05497
2025-05-02,1838.11,1870.85,1813.33,1842.03,136840.88471
2025-05-03,1842.03,1848.59,1810.33,1833.83,79705.10972
2025-05-04,1833.83,1849.95,1803.26,1808.86,90235.3398
2025-05-05,1808.86,1833.32,1781.89,1820.13,126590.44299
2025-05-06,1820.13,1820.9,1752.6,1816.99,139665.17866
2025-05-07,1816.99,1849.92,1787.06,1811.11,181958.46043
2025-05-08,1811.11,2225.19,1808.76,2207.38,371824.25406
2025-05-09,2207.38,2490.0,2184.5,2345.05,265658.86357
2025-05-10,2345.05,2599.0,2318.38,2583.24,171729.94934
2025-05-11,2583.24,2606.28,2437.0,2514.57,156947.26325
2025-05-12,2514.57,2623.91,2408.8,2495.47,216051.41934
2025-05-13,2495.47,2737.85,2416.2,2679.71,312731.74928
2025-05-14,2679.71,2725.54,2547.64,2609.69,226409.69337
2025-05-15,2609.69,2645.95,2479.79,2548.7,213131.12699
2025-05-16,2548.7,2648.31,2529.64,2537.12,173232.95491
2025-05-17,2537.12,2537.12,2446.51,2475.09,188459.927
2025-05-18,2475.09,2587.08,2324.91,2497.48,170142.09463
2025-05-19,2497.48,2546.46,2349.1,2527.64,232196.14634
2025-05-20,2527.64,2588.0,2444.0,2524.18,212761.9514
2025-05-21,2524.18,2615.0,2452.32,2551.0,245170.76005
2025-05-22,2551.0,2692.87,2545.0,2664.69,231480.18116
2025-05-23,2664.69,2733.4,2499.22,2526.49,138775.96034
2025-05-24,2526.49,2575.86,2515.21,2529.31,89638.90714
2025-05-25,2529.31,2554.26,2464.0,2551.22,143670.99055
2025-05-26,2551.22,2598.99,2526.11,2563.71,163778.70861
2025-05-27,2563.71,2712.35,2509.75,2660.8,244446.08598
2025-05-28,2660.8,2689.14,2608.75,2681.6,214271.95831
2025-05-29,2681.6,2788.0,2619.58,2631.45,172610.14466
2025-05-30,2631.45,2649.0,2507.63,2531.39,195497.24546
2025-05-31,2531.39,2550.14,2476.0,2528.05,132498.33419
2025-06-01,2528.05,2547.67,2468.68,2539.2,88883.51401
2025-06-02,2539.2,2615.0,2475.1,2607.42,147346.64971
2025-06-03,2607.42,2655.0,2575.37,2593.35,132221.58499
2025-06-04,2593.35,2679.0,2583.5,2607.68,106122.96618
2025-06-05,2607.68,2640.85,2392.0,2414.01,173611.89172
2025-06-06,2414.01,2530.8,2383.63,2476.09,178133.70187
2025-06-07,2476.09,2543.69,2457.0,2524.64,90237.90557
2025-06-08,2524.64,2548.54,2492.09,2509.83,91799.4284
2025-06-09,2509.83,2693.83,2477.73,2680.13,179205.02155
2025-06-10,2680.13,2826.05,2656.89,2816.4,268912.12678
2025-06-11,2816.4,2879.19,2743.87,2771.6,205496.70317
2025-06-12,2771.6,2784.7,2617.41,2642.97,196216.47944
2025-06-13,2642.97,2645.41,2437.69,2578.83,236029.28586
2025-06-14,2578.83,2579.4,2489.0,2530.77,112048.37165
2025-06-15,2530.77,2558.84,2491.99,2547.61,114633.47207
2025-06-16,2547.61,2680.19,2515.0,2543.39,194977.03062
2025-06-17,2543.39,2618.4,2453.85,2509.94,208211.14588
2025-06-18,2509.94,2548.32,2466.0,2525.0,178042.77641
2025-06-19,2525.0,2546.86,2485.03,2521.13,109657.56889
2025-06-20,2521.13,2568.99,2368.04,2406.49,200376.42505
2025-06-21,2406.49,2448.27,2208.0,2295.69,118571.43962
2025-06-22,2295.69,2313.8,2112.78,2227.7,206160.50341
2025-06-23,2227.7,2438.0,2188.7,2412.23,204187.81039
2025-06-24,2412.23,2481.81,2376.43,2448.45,147844.32276
2025-06-25,2448.45,2468.67,2390.0,2418.49,120855.24226
2025-06-26,2418.49,2520.36,2394.28,2415.95,122475.73537
2025-06-27,2415.95,2463.3,2382.87,2422.98,113218.63638
2025-06-28,2422.98,2447.8,2405.8,2435.61,48789.30614
2025-06-29,2435.61,2524.73,2412.34,2500.08,75310.31156
2025-06-30,2500.08,2523.88,2410.0,2485.46,125122.04672
2025-07-01,2485.46,2500.67,2386.7,2405.0,100213.1809
2025-07-02,2405.0,2619.08,2374.43,2570.42,161674.9483
2025-07-03,2570.42,2635.49,2556.13,2591.25,127557.37561
2025-07-04,2591.25,2602.91,2474.25,2508.04,153351.00929
2025-07-05,2508.04,2529.8,2487.95,2516.42,48656.4665
2025-07-06,2516.42,2604.5,2503.5,2570.34,89483.39004
2025-07-07,2570.34,2590.0,2514.0,2542.29,84421.93624
2025-07-08,2542.29,2628.21,2523.92,2615.24,97886.36274
2025-07-09,2615.24,2794.78,2590.32,2768.75,195758.37158
2025-07-10,2768.75,3000.0,2755.65,2951.29,183194.81405
2025-07-11,2951.29,3040.0,2915.0,2958.22,185912.7684
2025-07-12,2958.22,2979.4,2903.98,2943.28,67433.15069
2025-07-13,2943.28,3019.98,2936.49,2972.03,105956.1087
2025-07-14,2972.03,3082.99,2962.82,3013.61,156856.98632
2025-07-15,3013.61,3143.73,2932.72,3138.8,190407.48896
2025-07-16,3138.8,3424.31,3101.0,3371.34,261059.33974
2025-07-17,3371.34,3523.26,3310.94,3476.86,175580.21386
2025-07-18,3476.86,3673.83,3458.82,3546.92,182542.80998
2025-07-19,3546.92,3608.0,3506.8,3592.0,82660.28549
2025-07-20,3592.0,3823.21,3579.13,3756.7,136529.19108
2025-07-21,3756.7,3856.72,3701.1,3762.32,145454.94042
2025-07-22,3762.32,3798.65,3595.64,3746.2,142473.33327
2025-07-23,3746.2,3764.2,3529.71,3628.29,120016.85651
2025-07-24,3628.29,3770.88,3504.0,3706.73,125817.45235
2025-07-25,3706.73,3746.04,3574.45,3724.97,181077.8169
2025-07-26,3724.97,3790.8,3699.63,3741.1,96539.94728
2025-07-27,3741.1,3878.34,3731.0,3872.1,110756.07453
2025-07-28,3872.1,3941.0,3754.1,3799.0,132929.51312
2025-07-29,3799.0,3886.29,3716.67,3793.79,131477.13916
2025-07-30,3793.79,3834.02,3678.35,3810.0,110641.96101
2025-07-31,3810.0,3878.54,3685.8,3698.53,145966.87965
2025-08-01,3698.53,3724.13,3431.85,3488.21,212632.12608
2025-08-02,3488.21,3537.59,3369.13,3393.93,131369.19374
2025-08-03,3393.93,3521.66,3356.4,3496.67,65032.15636
2025-08-04,3496.67,3736.83,3490.64,3721.03,120519.13819
2025-08-05,3721.03,3721.93,3546.87,3612.05,119399.2495
2025-08-06,3612.05,3698.53,3564.02,3683.12,104830.64362
2025-08-07,3683.12,3926.37,3647.55,3910.11,143705.58799
2025-08-08,3910.11,4070.3,3880.0,4009.37,180602.48898
2025-08-09,4009.37,4325.56,4006.34,4260.44,169509.97785
2025-08-10,4260.44,4332.23,4160.6,4250.24,87918.14347
2025-08-11,4250.24,4365.86,4166.82,4223.51,185962.09278
2025-08-12,4223.51,4638.49,4219.38,4590.46,202943.02975
2025-08-13,4590.46,4783.0,4565.18,4748.36,189127.72259
2025-08-14,4748.36,4787.53,4452.55,4546.76,224852.86023
2025-08-15,4546.76,4665.91,4367.74,4439.65,162710.76945
2025-08-16,4439.65,4490.42,4372.99,4421.87,51444.54865
2025-08-17,4421.87,4580.0,4395.25,4472.19,33812.27076
2025-08-18,4472.19,4481.7,4225.72,4313.04,111403.63793
2025-08-19,4313.04,4354.48,4068.0,4075.66,157805.42539
2025-08-20,4075.66,4378.27,4061.05,4336.49,174866.41002
2025-08-21,4336.49,4340.12,4204.0,4225.03,95854.35601
2025-08-22,4225.03,4886.33,4207.08,4831.05,191351.72549
2025-08-23,4831.05,4831.47,4660.0,4778.29,141033.86335
2025-08-24,4778.29,4956.74,4714.24,4779.84,128837.11743
2025-08-25,4779.84,4797.72,4335.05,4376.12,197735.98953
2025-08-26,4376.12,4633.77,4311.32,4600.98,196903.18775
2025-08-27,4600.98,4661.94,4483.0,4506.46,113842.86646
2025-08-28,4506.46,4632.39,4430.0,4511.59,165101.66983
2025-08-29,4511.59,4517.11,4270.0,4359.82,174562.25252
2025-08-30,4359.82,4415.0,4257.86,4373.44,113329.92099
2025-08-31,4373.44,4498.2,4372.51,4391.65,131850.58442
2025-09-01,4391.65,4490.74,4212.14,4315.27,175208.28475
2025-09-02,4315.27,4416.0,4257.96,4326.08,176106.55287
2025-09-03,4326.08,4489.98,4282.76,4449.98,189429.09869
2025-09-04,4449.98,4482.07,4266.6,4298.36,199075.16507
2025-09-05,4298.36,4489.27,4257.0,4307.65,187037.57421
2025-09-06,4307.65,4329.64,4236.93,4272.3,112655.68251
2025-09-07,4272.3,4335.0,4269.96,4305.4,119499.45727
2025-09-08,4305.4,4383.15,4280.0,4306.25,189804.91137
2025-09-09,4306.25,4380.92,4276.95,4309.94,183044.92702
2025-09-10,4309.94,4452.54,4285.21,4349.43,288364.16232
2025-09-11,4349.43,4479.27,4338.98,4458.15,270585.60339
2025-09-12,4458.15,4744.0,4436.99,4711.23,313629.43959
2025-09-13,4711.23,4766.59,4605.44,4666.32,230084.65075
2025-09-14,4666.32,4692.0,4577.12,4604.65,160712.54123
2025-09-15,4604.65,4669.83,4465.96,4524.26,272922.25691
2025-09-16,4524.26,4538.15,4425.01,4500.81,220661.56652
2025-09-17,4500.81,4616.07,4426.0,4589.74,337016.30156
2025-09-18,4589.74,4643.53,4552.81,4587.29,212954.1525
2025-09-19,4587.29,4620.0,4437.01,4468.81,239861.98517
2025-09-20,4468.81,4507.81,4454.81,4479.52,94183.03372
2025-09-21,4479.52,4497.28,4443.0,4444.71,107375.06558
2025-09-22,4444.71,4455.45,4080.0,4199.92,437876.16325
2025-09-23,4199.92,4228.81,4115.6,4163.9,212984.12332
2025-09-24,4163.9,4206.71,4074.0,4151.97,253077.03155
2025-09-25,4151.97,4160.37,3821.0,3873.54,647707.05698
2025-09-26,3873.54,4067.44,3866.89,4031.71,416970.95916
2025-09-27,4031.71,4038.48,3972.92,4018.06,126919.49049
2025-09-28,4018.06,4144.47,3965.97,4142.57,171966.8142
2025-09-29,4142.57,4235.0,4083.43,4214.63,305739.9876
2025-09-30,4214.63,4243.55,4092.0,4145.43,297053.0382
2025-10-01,4145.43,4354.08,4122.27,4348.25,361911.07028
2025-10-02,4348.25,4516.03,4332.1,4484.36,321390.68977
2025-10-03,4484.36,4590.48,4427.43,4512.25,324427.08533
2025-10-04,4512.25,4517.78,4440.52,4486.73,130601.27055
2025-10-05,4486.73,4617.25,4466.84,4514.73,329180.13038
2025-10-06,4514.73,4734.99,4488.28,4683.79,297084.39067
2025-10-07,4683.79,4754.0,4431.98,4448.12,415318.0472
2025-10-08,4448.12,4557.3,4411.01,4525.95,281698.72677
2025-10-09,4525.95,4531.78,4266.8,4368.19,233849.04539
2025-10-10,4368.19,4393.1,3435.65,3828.97,961143.92197
2025-10-11,3828.97,3877.67,3643.0,3746.73,588598.30976
2025-10-12,3746.73,4195.0,3695.61,4151.52,540094.03799
2025-10-13,4151.52,4291.15,4043.73,4240.16,378831.31296
2025-10-14,4240.16,4262.64,3889.29,4125.17,537150.30109
2025-10-15,4125.17,4215.18,3926.7,3985.68,320042.92332
2025-10-16,3985.68,4084.51,3825.87,3894.57,317042.16114
2025-10-17,3894.57,3950.65,3675.97,3831.44,466699.66429
2025-10-18,3831.44,3927.62,3819.0,3889.14,151452.48845
2025-10-19,3889.14,4029.66,3829.32,3982.52,187923.98413
2025-10-20,3982.52,4085.29,3908.7,3979.09,249931.79926
2025-10-21,3979.09,4109.99,3840.67,3873.04,365695.47694
2025-10-22,3873.04,3889.38,3714.0,3805.53,434584.28134
2025-10-23,3805.53,3931.97,3795.89,3856.79,438381.63948
2025-10-24,3856.79,4021.99,3845.86,3934.89,345287.84441
2025-10-25,3934.89,3969.12,3913.13,3953.82,122335.36783
2025-10-26,3953.82,4178.0,3920.26,4158.91,280024.40293
2025-10-27,4158.91,4253.1,4095.38,4120.3,392428.42631
2025-10-28,4120.3,4175.73,3933.36,3979.45,349293.94098
2025-10-29,3979.45,4035.79,3843.85,3903.48,350510.5199
2025-10-30,3903.48,3948.59,3680.3,3804.03,412900.13211
2025-10-31,3804.03,3905.65,3796.41,3847.93,397908.04105
2025-11-01,3847.93,3909.73,3833.0,3873.62,80614.54738
2025-11-02,3873.62,3918.35,3840.0,3906.24,107758.69102
2025-11-03,3906.24,3914.0,3559.0,3603.87,297544.53425
2025-11-04,3603.87,3654.28,3057.71,3286.93,311255.70811
