timestamp,open,high,low,close,volume
2019-06-14,1.614,1.8384,1.493,1.633,911109.8
2019-06-15,1.633,1.8068,1.5988,1.7163,1413075.99
2019-06-16,1.7163,1.7863,1.5862,1.6714,1586851.54
2019-06-17,1.6714,2.0744,1.643,1.9555,1515092.54
2019-06-18,1.9555,2.0308,1.7737,1.8084,1489256.06
2019-06-19,1.8084,1.9011,1.7931,1.8504,1473836.25
2019-06-20,1.7114,1.7724,1.7043,1.7708,461403.63
2019-06-21,1.7708,1.8038,1.6229,1.6973,1521991.99
2019-06-22,1.6973,1.9201,1.6799,1.8508,1505147.87
2019-06-23,1.8508,1.8992,1.7771,1.8186,1472689.6
2019-06-24,1.8186,1.8752,1.8029,1.8683,1506811.92
2019-06-25,1.8683,2.4262,1.8572,2.1833,1432497.26
2019-06-26,2.1833,2.4505,2.0307,2.2819,1402522.09
2019-06-27,2.2819,2.5415,2.1181,2.2955,2871122.93
2019-06-28,2.2955,3.0855,2.2093,3.0155,3518303.39
2019-06-29,3.0155,5.9608,2.9389,3.7073,3786641.22
2019-06-30,3.7073,4.2826,3.2647,3.3843,3563893.11
2019-07-01,3.3843,3.9009,2.9317,3.6595,3165712.16
2019-07-02,3.6595,3.985,3.2209,3.7407,3650586.06
2019-07-03,3.7407,3.8634,3.5046,3.5048,3640932.64
2019-07-04,3.5048,3.5855,3.2502,3.4706,3703052.18
2019-07-05,3.4706,3.7388,3.4635,3.6458,3795665.98
2019-07-06,3.6458,3.6554,3.4782,3.4902,3395798.19
2019-07-07,3.4902,3.5,3.2555,3.2797,2868263.55
2019-07-08,3.2797,3.5544,3.2591,3.3344,3458783.01
2019-07-09,3.3344,3.374,2.9513,3.0587,3713549.22
2019-07-10,3.0587,3.2502,2.85,3.107,3708302.46
2019-07-11,3.107,3.1493,2.715,2.7823,3757635.13
2019-07-12,2.7823,3.3154,2.608,3.1764,3758499.84
2019-07-13,3.1765,3.3104,3.0586,3.1664,3783422.17
2019-07-14,3.166,3.2435,2.7573,2.778,3642925.74
2019-07-15,2.7785,2.8503,2.5863,2.6998,3579017.41
2019-07-16,2.6993,2.7756,2.1559,2.1838,3561459.07
2019-07-17,2.1832,2.5818,2.0498,2.3928,3775860.0
2019-07-18,2.3916,2.8134,2.3475,2.6726,3786736.14
2019-07-19,2.6721,2.7583,2.5,2.6004,3676816.74
2019-07-20,2.6041,2.7229,2.5871,2.6392,3644335.68
2019-07-21,2.6391,2.6678,2.464,2.5351,3620097.39
2019-07-22,2.5351,2.5846,2.3754,2.4038,3547343.89
2019-07-23,2.4041,2.4999,2.2461,2.3546,3868370.54
2019-07-24,2.355,2.4998,2.2741,2.4008,3923248.3
2019-07-25,2.4007,2.511,2.3646,2.3688,3935884.32
2019-07-26,2.36,2.4193,2.3204,2.3949,3864317.34
2019-07-27,2.3952,2.4565,2.2215,2.2536,3753301.39
2019-07-28,2.2522,2.2741,2.1101,2.2174,3193777.01
2019-07-29,2.2179,2.2471,2.1144,2.1297,3878139.12
2019-07-30,2.1306,2.1841,1.9788,2.0689,3861291.58
2019-07-31,2.0689,2.233,2.062,2.2139,3989418.22
2019-08-01,2.2139,2.2315,2.109,2.1619,3398029.56
2019-08-02,2.1619,2.4848,2.1367,2.4285,3873867.17
2019-08-03,2.4285,2.7297,2.3568,2.4181,3649599.61
2019-08-04,2.4181,2.5944,2.3836,2.5075,2526602.84
2019-08-05,2.5075,2.645,2.4579,2.4601,1353055.71
2019-08-06,2.4601,2.514,2.3101,2.4771,1559003.04
2019-08-07,2.4771,2.502,2.356,2.3847,1609073.71
2019-08-08,2.3847,2.3996,2.28,2.2805,1606898.36
2019-08-09,2.2805,2.2886,2.1536,2.1663,1564343.38
2019-08-10,2.1663,2.4035,2.1313,2.3359,1622180.54
2019-08-11,2.3359,2.4878,2.291,2.4203,1631703.66
2019-08-12,2.4203,2.4822,2.3361,2.3859,1626988.91
2019-08-13,2.3859,2.4669,2.3055,2.4216,1623006.1
2019-08-14,2.4216,2.59,2.1648,2.2796,1535923.33
2019-08-15,2.2796,2.4451,2.1696,2.4221,1620918.11
2019-08-16,2.4221,2.4573,2.2273,2.3031,1614591.82
2019-08-17,2.3031,2.4169,2.2858,2.4008,1620427.44
2019-08-18,2.4008,2.5599,2.3715,2.5009,1609518.18
2019-08-19,2.5009,2.5989,2.4519,2.4953,1620738.73
2019-08-20,2.4953,2.538,2.3396,2.3649,1578338.68
2019-08-21,2.3649,2.3697,2.1621,2.2061,2184054.43
2019-08-22,2.2061,2.2888,2.1412,2.2243,1745874.63
2019-08-23,2.2243,2.3778,2.1729,2.24,1758161.58
2019-08-24,2.24,2.2533,2.1562,2.1721,1875536.23
2019-08-25,2.1721,2.1798,2.027,2.0774,1531675.75
2019-08-26,2.0774,2.155,2.0479,2.0726,1856281.94
2019-08-27,2.0726,2.1772,2.0161,2.1091,1839746.52
2019-08-28,2.1091,2.1121,1.8748,1.8951,1965378.74
2019-08-29,1.8951,1.8954,1.7314,1.7777,3279636.43
2019-08-30,1.7777,1.8886,1.7394,1.7977,2076487.19
2019-08-31,1.7977,1.8496,1.7418,1.7796,1831003.53
2019-09-01,1.7796,1.8015,1.7178,1.7677,1612946.48
2019-09-02,1.7677,1.8886,1.7268,1.8295,2346380.45
2019-09-03,1.8295,1.9405,1.8159,1.8499,2273969.65
2019-09-04,1.8499,1.8575,1.7375,1.7794,1937974.65
2019-09-05,1.7794,1.8609,1.7697,1.7933,1736368.19
2019-09-06,1.7933,1.8311,1.6828,1.7222,2353240.95
2019-09-07,1.7222,1.8049,1.7105,1.7679,1832822.32
2019-09-08,1.7679,1.9019,1.7567,1.8268,2125342.78
2019-09-09,1.8268,1.8705,1.7614,1.7907,2338714.24
2019-09-10,1.7907,1.831,1.7752,1.8019,1318168.34
2019-09-11,1.8019,1.8259,1.7157,1.7305,1616819.05
2019-09-12,1.7305,1.7444,1.6971,1.7075,2008877.79
2019-09-13,1.7075,1.7107,1.5114,1.5743,2252075.44
2019-09-14,1.5743,1.6369,1.5313,1.5632,2488105.82
2019-09-15,1.5632,1.6463,1.5586,1.6103,2614905.22
2019-09-16,1.6103,1.6467,1.5493,1.5777,1166932.43
2019-09-17,1.5777,1.6712,1.5574,1.627,1056916.33
2019-09-18,1.627,1.8414,1.627,1.8033,2768837.57
2019-09-19,1.8033,1.9,1.7309,1.8705,2858411.82
2019-09-20,1.8705,1.8709,1.7548,1.8254,1502176.85
2019-09-21,1.8254,1.8827,1.7942,1.8822,1156717.68
2019-09-22,1.8822,1.8829,1.7798,1.8148,1159125.32
2019-09-23,1.8148,1.87,1.7833,1.8045,1384025.36
2019-09-24,1.8045,2.063,1.4701,1.7149,3104458.47
2019-09-25,1.7149,1.9257,1.6329,1.7518,5807751.12
2019-09-26,1.7518,1.7548,1.5277,1.6514,2676630.0
2019-09-27,1.6514,1.6737,1.5598,1.6578,2786622.31
2019-09-28,1.6578,1.7007,1.6312,1.6785,1753344.32
2019-09-29,1.6785,1.7471,1.6435,1.7051,1970729.06
2019-09-30,1.7051,1.7677,1.6387,1.7648,2305551.25
2019-10-01,1.7648,1.8824,1.7558,1.8255,2032984.69
2019-10-02,1.8255,2.0172,1.8143,2.0083,2301640.59
2019-10-03,2.0083,2.0326,1.8935,1.9468,1665692.95
2019-10-04,1.9468,1.9921,1.889,1.9688,1194677.87
2019-10-05,1.9688,1.974,1.9145,1.963,1020498.78
2019-10-06,1.963,2.2684,1.9549,2.167,1500224.82
2019-10-07,2.167,2.4907,2.0994,2.3962,1787247.35
2019-10-08,2.3962,2.6372,2.2679,2.5729,2261662.73
2019-10-09,2.5729,2.95,2.5037,2.8011,2752381.64
2019-10-10,2.8011,2.8022,2.4857,2.6287,2708641.59
2019-10-11,2.6287,2.7959,2.5657,2.7465,2135745.8
2019-10-12,2.7465,2.7512,2.5557,2.5946,1910808.01
2019-10-13,2.5946,2.6445,2.447,2.4906,1606772.31
2019-10-14,2.4906,2.67,2.4545,2.5304,2229662.46
2019-10-15,2.5304,2.5948,2.3365,2.3935,1830488.49
2019-10-16,2.3935,2.4062,2.1879,2.3727,2572816.69
2019-10-17,2.3727,2.4845,2.2769,2.4159,2072678.3
2019-10-18,2.4159,2.502,2.315,2.3511,1870771.24
2019-10-19,2.3511,2.3954,2.2924,2.3498,1602947.71
2019-10-20,2.3498,2.45,2.2863,2.4435,1509906.75
2019-10-21,2.4435,2.68,2.4359,2.6248,1981325.36
2019-10-22,2.6248,2.8117,2.5666,2.6063,2091428.45
2019-10-23,2.6063,2.6825,2.3915,2.6074,2944447.96
2019-10-24,2.6074,2.772,2.6025,2.7263,2281435.26
2019-10-25,2.7263,2.9866,2.6213,2.8326,2782101.37
2019-10-26,2.8326,2.9906,2.6676,2.7355,2764880.85
2019-10-27,2.7355,2.7602,2.6512,2.6691,1707761.38
2019-10-28,2.6691,2.8818,2.6624,2.6654,2183256.49
2019-10-29,2.6654,2.762,2.6362,2.6611,1771447.55
2019-10-30,2.6611,2.6697,2.5208,2.604,1715017.02
2019-10-31,2.604,2.748,2.5344,2.7211,1841343.15
2019-11-01,2.7211,2.7877,2.6458,2.7108,1725975.63
2019-11-02,2.7108,2.7382,2.686,2.696,1167589.57
2019-11-03,2.696,2.7087,2.6264,2.6558,1364622.19
2019-11-04,2.6558,2.7252,2.6254,2.6829,1560036.67
2019-11-05,2.6829,2.6914,2.638,2.6791,1342614.61
2019-11-06,2.6791,2.8088,2.6483,2.7399,1369155.12
2019-11-07,2.7399,2.75,2.624,2.6781,1748174.49
2019-11-08,2.6781,2.74,2.6245,2.7056,1565520.38
2019-11-09,2.7056,2.8457,2.7055,2.7989,1709578.82
2019-11-10,2.7989,2.8345,2.7418,2.7705,1398335.22
2019-11-11,2.7705,2.7723,2.6668,2.7471,1343946.55
2019-11-12,2.7471,2.867,2.7302,2.8115,1492845.02
2019-11-13,2.8115,3.08,2.7823,3.0181,1865098.14
2019-11-14,3.0181,3.1573,2.97,3.0454,2001375.46
2019-11-15,3.0454,3.0682,2.7806,3.0319,1865864.9
2019-11-16,3.0319,3.0364,2.9136,2.9888,1450737.59
2019-11-17,2.9888,2.99,2.8577,2.9003,1318260.68
2019-11-18,2.9003,2.9536,2.7062,2.7879,1480824.87
2019-11-19,2.7879,2.7984,2.5777,2.721,2032301.49
2019-11-20,2.721,2.7895,2.6308,2.7022,1558716.9
2019-11-21,2.7022,2.7116,2.4728,2.5446,1949773.52
2019-11-22,2.5446,2.5902,2.1316,2.3458,3125978.22
2019-11-23,2.3458,2.4556,2.2628,2.4213,1777790.55
2019-11-24,2.4213,2.4479,2.2073,2.2195,1852439.07
2019-11-25,2.2195,2.3933,2.0302,2.2606,2453413.15
2019-11-26,2.2606,2.3536,2.1479,2.2478,2025079.25
2019-11-27,2.2478,2.2797,2.1027,2.2209,2092905.9
2019-11-28,2.2209,2.3187,2.1757,2.2682,1677294.69
2019-11-29,2.2682,2.364,2.2592,2.3365,1631139.71
2019-11-30,2.3365,2.3447,2.1966,2.2374,1455563.21
2019-12-01,2.2374,2.2374,2.1313,2.1638,1517102.61
2019-12-02,2.1638,2.1648,2.0546,2.0897,1506692.9
2019-12-03,2.0897,2.1877,2.0599,2.1178,1385311.62
2019-12-04,2.1178,2.1461,2.0027,2.0335,2068387.19
2019-12-05,2.0335,2.0664,1.9573,2.0069,1799026.22
2019-12-06,2.0069,2.0992,1.9702,2.0901,1619301.25
2019-12-07,2.0901,2.1046,2.0365,2.0395,1483904.03
2019-12-08,2.0395,2.0796,2.0015,2.0517,1515125.65
2019-12-09,2.0517,2.0936,2.0146,2.0933,1581577.52
2019-12-10,2.0933,2.2798,2.0627,2.2626,2541108.43
2019-12-11,2.2626,2.2973,2.1507,2.1744,2223213.51
2019-12-12,2.1744,2.1899,2.0229,2.1068,2175124.66
2019-12-13,2.1068,2.1191,2.0629,2.0713,1772377.35
2019-12-14,2.0713,2.091,1.9738,1.9948,1614906.85
2019-12-15,1.9948,2.112,1.9593,2.0736,1872782.21
2019-12-16,2.0736,2.0766,1.9623,1.9723,1729787.32
2019-12-17,1.9723,2.0011,1.7157,1.7557,2635939.43
2019-12-18,1.7557,1.8874,1.6225,1.8739,3215773.91
2019-12-19,1.8739,1.8848,1.7472,1.8042,2469998.36
2019-12-20,1.8042,1.9208,1.7809,1.9171,2026789.08
2019-12-21,1.9171,1.9171,1.8568,1.8582,1559639.27
2019-12-22,1.8582,1.9363,1.8568,1.9172,1931305.76
2019-12-23,1.9172,1.9502,1.8501,1.8636,1796841.32
2019-12-24,1.8636,1.8813,1.814,1.8471,1703102.73
2019-12-25,1.8471,1.8471,1.7636,1.7844,1530563.6
2019-12-26,1.7844,1.954,1.7681,1.857,2072742.64
2019-12-27,1.857,1.9232,1.8442,1.8744,2050085.46
2019-12-28,1.8744,1.897,1.8556,1.8713,1704346.69
2019-12-29,1.8713,1.9173,1.8467,1.8959,1579394.07
2019-12-30,1.8959,1.8972,1.8128,1.823,1669245.15
2019-12-31,1.823,1.8305,1.7556,1.7671,1775537.88
2020-01-01,1.7671,1.8502,1.7607,1.8048,1712900.93
2020-01-02,1.8048,1.8138,1.712,1.7376,1507932.13
2020-01-03,1.7376,1.8238,1.7014,1.8014,2044689.75
2020-01-04,1.8014,1.8425,1.7831,1.8234,1557170.44
2020-01-05,1.8234,1.8427,1.7867,1.7958,1456580.49
2020-01-06,1.7958,1.9386,1.7935,1.9367,1655506.3
2020-01-07,1.9367,2.131,1.8988,2.1047,2460882.15
2020-01-08,2.1047,2.3452,2.1019,2.1866,3130328.88
2020-01-09,2.1866,2.2315,2.0976,2.1914,2350185.37
2020-01-10,2.1914,2.2478,2.1463,2.2273,2418291.14
2020-01-11,2.2273,2.3486,2.2203,2.2762,2264122.63
2020-01-12,2.2762,2.315,2.1997,2.2364,1844985.17
2020-01-13,2.2364,2.2364,2.1577,2.1885,1674564.51
2020-01-14,2.1885,2.4638,2.1792,2.3754,2913093.86
2020-01-15,2.3754,2.5595,2.335,2.4044,3361535.39
2020-01-16,2.4044,2.5036,2.2919,2.4932,2516467.28
2020-01-17,2.4932,2.8579,2.4593,2.7045,3235910.15
2020-01-18,2.7045,2.7859,2.5836,2.7701,2727869.11
2020-01-19,2.7701,2.8466,2.5364,2.6231,2740246.06
2020-01-20,2.6231,2.746,2.5428,2.6985,2143203.97
2020-01-21,2.6985,2.7455,2.5709,2.6711,1951811.95
2020-01-22,2.6711,2.6919,2.619,2.6455,1681970.34
2020-01-23,2.6455,2.6462,2.4259,2.4659,2162744.03
2020-01-24,2.4659,2.5292,2.3713,2.4992,1960685.73
2020-01-25,2.4992,2.5074,2.4214,2.4408,1651582.28
2020-01-26,2.4408,2.5748,2.4239,2.5748,1474072.41
2020-01-27,2.5748,2.672,2.5655,2.6073,2011478.96
2020-01-28,2.6073,2.6689,2.5914,2.6546,1929373.47
2020-01-29,2.6546,2.8242,2.629,2.7763,2109842.33
2020-01-30,2.7763,2.9496,2.7155,2.9158,2202758.77
2020-01-31,2.9158,2.9169,2.7628,2.8242,1984647.16
2020-02-01,2.8242,2.8817,2.7474,2.8378,1756576.16
2020-02-02,2.8378,2.8882,2.7342,2.8281,2202878.72
2020-02-03,2.8281,2.8775,2.7445,2.7743,1839378.02
2020-02-04,2.7743,2.8019,2.674,2.739,2045881.01
2020-02-05,2.739,2.8787,2.7281,2.839,2259952.0
2020-02-06,2.839,2.9446,2.7947,2.8894,2280539.79
2020-02-07,2.8894,3.3786,2.8891,3.3009,3528748.06
2020-02-08,3.3009,3.4775,3.1234,3.4227,3064892.0
2020-02-09,3.4227,3.4953,3.2333,3.4951,2516718.42
2020-02-10,3.4951,3.4962,3.2798,3.3841,2732168.13
2020-02-11,3.3841,3.9948,3.3503,3.9877,3207000.13
2020-02-12,3.9877,4.1975,3.8477,3.9985,3751209.25
2020-02-13,3.9985,4.1105,3.7302,3.8846,3557530.49
2020-02-14,3.8846,4.482,3.7938,4.4244,3576318.06
2020-02-15,4.4244,4.6145,4.07,4.3053,4027395.22
2020-02-16,4.3053,4.8589,4.0489,4.4498,4664606.95
2020-02-17,4.4498,4.5445,3.849,4.307,4425973.15
2020-02-18,4.307,4.6228,4.14,4.5501,3693346.26
2020-02-19,4.5501,4.8884,4.2131,4.3971,3216219.41
2020-02-20,4.3971,4.4869,4.0674,4.2668,3981303.96
2020-02-21,4.2668,4.5028,4.1977,4.2751,3044649.43
2020-02-22,4.2751,4.3438,4.0506,4.1042,4757247.14
2020-02-23,4.1042,4.3693,4.0713,4.2512,5034756.75
2020-02-24,4.2512,4.2785,3.7963,3.9184,6239534.05
2020-02-25,3.9184,3.9527,3.4906,3.4955,7323828.45
2020-02-26,3.4955,3.8539,3.308,3.5674,11360534.36
2020-02-27,3.5674,4.1245,3.4184,3.9462,9096262.0
2020-02-28,3.9462,4.2329,3.7517,4.1618,8515487.54
2020-02-29,4.1618,4.3487,4.0656,4.0656,7836442.03
2020-03-01,4.0656,4.221,3.7596,3.8658,5813243.47
2020-03-02,3.8658,4.3409,3.8196,4.2362,8293221.41
2020-03-03,4.2362,4.6691,4.1391,4.5808,8493346.05
2020-03-04,4.5808,4.9686,4.5369,4.6322,10146078.52
2020-03-05,4.6322,4.8976,4.6262,4.714,6798076.6
2020-03-06,4.714,4.7473,4.5439,4.683,5662172.76
2020-03-07,4.683,4.6859,4.316,4.3469,5904524.5
2020-03-08,4.3469,4.438,3.8544,4.0418,11209805.84
2020-03-09,4.0418,4.3648,3.6148,4.1161,16358724.78
2020-03-10,4.1161,4.2056,3.922,4.0774,12053647.43
2020-03-11,4.0774,4.1071,3.5544,3.8228,9210302.47
2020-03-12,3.8228,3.8478,1.8009,2.0007,30224003.68
2020-03-13,2.0007,2.7296,1.3664,2.4246,36962058.35
2020-03-14,2.4246,2.5082,2.0643,2.1372,12346200.52
2020-03-15,2.1372,2.3732,2.0146,2.0966,13615498.94
2020-03-16,2.0966,2.0966,1.5659,1.7755,21113991.62
2020-03-17,1.7755,2.057,1.7347,1.8793,19887610.97
2020-03-18,1.8793,1.9507,1.7635,1.9442,14100949.14
2020-03-19,1.9442,2.3603,1.8814,2.245,17908026.88
2020-03-20,2.245,2.615,2.0332,2.263,22684722.22
2020-03-21,2.263,2.3668,2.106,2.2724,11325720.17
2020-03-22,2.2724,2.3282,1.9358,1.9902,10313004.28
2020-03-23,1.9902,2.2999,1.9355,2.2469,14988003.64
2020-03-24,2.2469,2.3625,2.1953,2.3119,14432228.38
2020-03-25,2.3119,2.3402,2.1822,2.2529,12749253.5
2020-03-26,2.2529,2.3084,2.2078,2.3084,6389644.45
2020-03-27,2.3084,2.3546,2.1107,2.139,5961378.65
2020-03-28,2.139,2.1478,2.0401,2.1349,7443772.98
2020-03-29,2.1349,2.1516,2.0063,2.0091,6167713.92
2020-03-30,2.0091,2.197,2.0021,2.1363,8417404.71
2020-03-31,2.1363,2.2985,2.1115,2.2634,8842552.19
2020-04-01,2.2634,2.2969,2.1405,2.2717,12843698.9
2020-04-02,2.2717,2.4392,2.2557,2.2954,9218977.16
2020-04-03,2.2954,2.3809,2.2703,2.3011,5746977.16
2020-04-04,2.3011,2.3356,2.2549,2.3149,4827556.56
2020-04-05,2.3149,2.3192,2.2451,2.2633,3557270.4
2020-04-06,2.2633,2.5534,2.2618,2.5532,10654736.94
2020-04-07,2.5532,2.9066,2.5532,2.7305,14990406.53
2020-04-08,2.7305,3.2694,2.7156,3.1657,15438906.12
2020-04-09,3.1657,3.467,3.1246,3.3128,13180040.56
2020-04-10,3.3128,3.3171,2.9473,3.2204,13697176.98
2020-04-11,3.2204,3.4344,3.0647,3.2894,15340451.54
2020-04-12,3.2894,3.6371,3.1711,3.4121,14649827.44
2020-04-13,3.4121,3.4596,3.2207,3.3725,13241894.02
2020-04-14,3.3725,3.4439,3.2083,3.253,9277306.79
2020-04-15,3.253,3.3048,3.1113,3.1236,8432766.74
2020-04-16,3.1236,3.549,2.9736,3.4804,10866809.02
2020-04-17,3.4804,3.5191,3.3848,3.4489,6997024.78
2020-04-18,3.4489,3.8226,3.4482,3.7821,9505039.85
2020-04-19,3.7821,3.8059,3.5208,3.6061,9700856.6
2020-04-20,3.6061,3.7816,3.3819,3.4362,10636367.99
2020-04-21,3.4362,3.5709,3.39,3.4557,8671318.84
2020-04-22,3.4557,3.6856,3.4344,3.6772,7485816.69
2020-04-23,3.6772,3.8983,3.5973,3.7483,4555989.23
2020-04-24,3.7483,3.8858,3.7368,3.7735,3510166.59
2020-04-25,3.7735,3.8998,3.7414,3.7865,3438802.61
2020-04-26,3.7865,3.8091,3.6479,3.7186,3209328.41
2020-04-27,3.7186,3.7318,3.4646,3.6351,3877675.56
2020-04-28,3.6351,3.7349,3.5602,3.6494,3397905.5
2020-04-29,3.6494,3.9846,3.6327,3.8887,4183602.78
2020-04-30,3.8887,3.9723,3.6291,3.7036,4468250.52
2020-05-01,3.7036,3.909,3.7028,3.756,3079755.77
2020-05-02,3.756,3.8591,3.7336,3.8179,3035274.54
2020-05-03,3.8179,3.8591,3.6386,3.7103,3269736.04
2020-05-04,3.7103,3.8254,3.5058,3.7517,3809512.63
2020-05-05,3.7517,3.8088,3.6601,3.6852,2946992.89
2020-05-06,3.6852,3.7632,3.5716,3.5847,3398358.17
2020-05-07,3.5847,3.8465,3.5716,3.7533,4053342.99
2020-05-08,3.7533,3.8566,3.6926,3.7991,3873771.17
2020-05-09,3.7991,4.2057,3.7683,4.0151,4519344.89
2020-05-10,4.0151,4.0151,3.569,3.7635,6376339.85
2020-05-11,3.7635,3.8311,3.3115,3.5938,5857346.31
2020-05-12,3.5938,3.7883,3.5416,3.694,3536571.8
2020-05-13,3.694,3.8131,3.6423,3.7597,3779286.69
2020-05-14,3.7597,3.8535,3.7,3.804,2740474.27
2020-05-15,3.804,3.8321,3.6321,3.6614,1385362.11
2020-05-16,3.6614,3.7884,3.6204,3.7589,1335019.92
2020-05-17,3.7589,3.8467,3.7545,3.7818,1134429.25
2020-05-18,3.7818,3.9488,3.7818,3.8872,1122251.03
2020-05-19,3.8872,3.948,3.7732,3.941,359841.47
2020-05-20,3.941,4.1331,3.9021,4.0873,436472.95
2020-05-21,4.0873,4.1685,3.7387,3.8296,550754.23
2020-05-22,3.8296,4.1384,3.7945,4.058,784734.54
2020-05-23,4.058,4.1066,3.9111,3.9246,863269.57
2020-05-24,3.9246,4.0232,3.7985,3.7987,820596.79
2020-05-25,3.7987,3.9035,3.7776,3.8591,747458.56
2020-05-26,3.8591,3.8799,3.7737,3.8447,669717.02
2020-05-27,3.8447,3.9115,3.8059,3.8536,588997.05
2020-05-28,3.8536,4.0541,3.8287,4.0442,640200.05
2020-05-29,4.0442,4.1253,3.9538,3.9823,725961.86
2020-05-30,3.9823,4.1777,3.9366,4.1711,694780.83
2020-05-31,4.1711,4.2817,4.0404,4.132,960361.05
2020-06-01,4.132,4.4743,4.1198,4.3694,992097.02
2020-06-02,4.3694,4.6075,4.1242,4.3889,895563.52
2020-06-03,4.3889,4.5237,4.3066,4.4803,775771.25
2020-06-04,4.4803,4.5012,4.2892,4.4228,794033.35
2020-06-05,4.4228,4.4813,4.3387,4.3633,677069.02
2020-06-06,4.3633,4.3914,4.3011,4.3499,571031.88
2020-06-07,4.3499,4.4014,4.2056,4.3442,602226.93
2020-06-08,4.3442,4.4655,4.3197,4.465,607804.84
2020-06-09,4.465,4.4966,4.373,4.4338,613996.34
2020-06-10,4.4338,4.4354,4.3463,4.4219,546264.44
2020-06-11,4.4219,4.4478,3.9194,3.9684,869120.81
2020-06-12,3.9684,4.1832,3.858,4.0811,937001.06
2020-06-13,4.0811,4.1191,4.0076,4.1069,653238.27
2020-06-14,4.1069,4.1095,3.9174,3.9374,636747.51
2020-06-15,3.9374,3.9848,3.6551,3.9261,973977.19
2020-06-16,3.9261,4.0864,3.8916,4.0471,683279.16
2020-06-17,4.0471,4.1671,3.9825,4.1536,771949.09
2020-06-18,4.1536,4.237,4.098,4.1426,831166.18
2020-06-19,4.1426,4.1821,4.0522,4.0964,712080.78
2020-06-20,4.0964,4.2061,4.0664,4.1761,647574.49
2020-06-21,4.1761,4.202,4.1402,4.1818,543175.46
2020-06-22,4.1818,4.4832,4.1797,4.4819,741452.31
2020-06-23,4.4819,4.9395,4.4286,4.7811,806407.5797623519
2020-06-24,4.7811,4.9356,4.497,4.7101,899759.4345292237
2020-06-25,4.7101,4.827,4.5162,4.8106,722926.95
2020-06-26,4.8106,4.8542,4.6437,4.678,684403.99
2020-06-27,4.678,4.6873,4.3173,4.4073,745653.6
2020-06-28,4.4073,4.613,4.3359,4.5698,624670.06
2020-06-29,4.5698,4.6463,4.4268,4.6151,605411.89
2020-06-30,4.6151,4.6564,4.5443,4.5611,502933.01
2020-07-01,4.5611,4.7267,4.5174,4.7,546115.3
2020-07-02,4.7,4.912,4.6111,4.7933,829583.42
2020-07-03,4.7933,4.891,4.7064,4.728,621484.73
2020-07-04,4.728,4.8465,4.7227,4.8095,504502.71
2020-07-05,4.8095,4.8264,4.6291,4.7517,547948.41
2020-07-06,4.7517,5.4597,4.7344,5.3635,869531.48
2020-07-07,5.3635,5.8854,5.3281,5.7215,1352617.3
2020-07-08,5.7215,6.566,5.6092,6.4899,1823739.73
2020-07-09,6.4899,6.4911,5.7296,6.0765,1573358.15
2020-07-10,6.0765,6.1935,5.718,6.1421,1404064.43
2020-07-11,6.1421,6.2623,5.9272,6.0366,678773.15
2020-07-12,6.0366,7.3953,5.9227,7.3711,1525659.38
2020-07-13,7.3711,8.537,6.8728,7.1784,2257416.68
2020-07-14,7.1784,8.2866,7.0082,8.11,657114.95
2020-07-15,8.11,8.8171,7.8292,8.6703,185526.2
2020-07-16,8.6703,8.8621,7.9574,8.3561,189173.78
2020-07-17,8.3561,8.6256,8.2177,8.2668,118931.39
2020-07-18,8.2668,8.2668,7.7613,7.963,170153.28
2020-07-19,7.963,8.1931,7.7876,8.0849,94646.04
2020-07-20,8.0849,8.1328,7.1624,7.2335,121011.76
2020-07-21,7.2335,7.6698,7.015,7.2889,125523.79
2020-07-22,7.2889,7.6202,7.0819,7.4742,122435.4
2020-07-23,7.4742,8.0816,7.4144,7.8907,99182.9
2020-07-24,7.8907,7.9251,7.4048,7.4265,88806.4
2020-07-25,7.4265,7.7813,7.3819,7.6754,82818.84
2020-07-26,7.6754,7.9393,7.1939,7.4927,123026.27
2020-07-27,7.4927,7.4929,6.5401,7.0964,181801.09
2020-07-28,7.0964,7.393,6.9302,7.2277,116695.71
2020-07-29,7.2277,7.4785,6.986,7.0878,99518.12
2020-07-30,7.0878,7.5703,7.0313,7.3105,92842.17
2020-07-31,7.3105,7.8483,7.3089,7.7955,102226.86
2020-08-01,7.7955,8.4536,7.6382,8.3339,102866.43
2020-08-02,8.3339,8.7622,6.9007,8.2991,240856.62
2020-08-03,8.2991,9.2595,8.1669,9.2273,130360.8
2020-08-04,9.2273,9.9483,9.0961,9.8559,184673.18
2020-08-05,9.8559,9.8559,9.3554,9.53,106218.04
2020-08-06,9.53,10.2195,9.4556,10.1898,104614.18
2020-08-07,10.1898,10.2479,9.2018,10.1388,128726.74
2020-08-08,10.1388,13.7678,9.9404,12.7311,250742.64
2020-08-09,12.7311,14.4139,12.0478,13.8165,313568.63
2020-08-10,13.8165,14.0056,12.5581,13.4619,218913.33
2020-08-11,13.4619,13.5033,12.1226,13.0003,187344.16
2020-08-12,13.0003,16.6826,12.5855,16.4965,285533.47
2020-08-13,16.4965,18.289,16.0,17.1597,362965.28
2020-08-14,17.1597,17.5693,16.3367,16.9355,794394.59
2020-08-15,16.9355,19.7952,16.567,19.1851,1073101.43
2020-08-16,19.1851,20.0689,18.5797,18.8038,668422.83
2020-08-17,18.8038,19.684,16.1035,16.7894,550879.52
2020-08-18,16.7894,17.6486,14.9552,16.1906,1167312.44
2020-08-19,16.1906,17.2184,14.91,16.167,984608.18
2020-08-20,16.167,16.7767,15.7688,16.0381,482040.29
2020-08-21,16.0381,16.1255,12.9614,13.8127,1326311.67
2020-08-22,13.8127,16.3029,13.7002,15.8563,1096436.24
2020-08-23,15.8563,15.9697,14.6798,15.1373,730586.39
2020-08-24,15.1373,15.8643,14.727,15.1275,503565.34
2020-08-25,15.1275,15.3428,13.4883,14.1275,898668.47
2020-08-26,14.1275,15.6424,14.0808,15.1928,836145.19
2020-08-27,15.1928,15.4985,14.0067,14.4826,799701.99
2020-08-28,14.4826,15.4901,14.2588,15.1397,578314.26
2020-08-29,15.1397,16.9912,14.9655,16.3937,908192.27
2020-08-30,16.3937,17.7694,16.3937,16.4629,926348.88
2020-08-31,16.4629,16.9328,15.5028,15.5993,849918.28
2020-09-01,15.5993,16.479,15.1464,16.0563,939782.87
2020-09-02,16.0563,16.3496,14.1508,14.8053,970557.96
2020-09-03,14.8053,14.9878,11.0732,11.871,1305072.68
2020-09-04,11.871,12.884,11.0381,12.3765,868213.17
2020-09-05,12.3765,12.72,9.1832,10.595,215073.09
2020-09-06,10.595,13.208,9.7617,12.7777,207311.61
2020-09-07,12.7777,13.0977,11.1983,12.4473,186858.23
2020-09-08,12.4473,12.7225,11.1218,11.6911,135828.48
2020-09-09,11.6911,12.6414,11.4433,12.3551,107713.77
2020-09-10,12.3551,13.2422,12.227,12.5285,107333.68
2020-09-11,12.5285,12.6712,12.0351,12.4676,89822.9
2020-09-12,12.4676,12.7303,12.1428,12.7142,85282.43
2020-09-13,12.7142,13.203,11.8028,12.0639,93536.77
2020-09-14,12.0639,12.3577,11.6533,12.1247,91073.24
2020-09-15,12.1247,12.215,10.764,10.9425,97854.59
2020-09-16,10.9425,11.2549,10.5001,10.7225,107288.47
2020-09-17,10.7225,11.6486,10.5207,10.9778,108144.33
2020-09-18,10.9778,11.1089,9.8037,10.0861,91648.15
2020-09-19,10.0861,10.4788,9.8833,10.1144,89845.0
2020-09-20,10.1144,10.6064,9.5,9.7245,107046.85
2020-09-21,9.7245,9.8918,8.532,8.6862,155459.3
2020-09-22,8.6862,9.0587,8.6055,8.7502,154357.26
2020-09-23,8.7502,8.7973,7.3789,7.6174,608998.95
2020-09-24,7.6174,10.4002,7.4955,9.8624,741318.79
2020-09-25,9.8624,11.1881,9.4091,10.7157,641915.24
2020-09-26,10.7157,11.0511,9.9924,10.3288,527696.56
2020-09-27,10.3288,10.9575,9.966,10.7954,502929.91
2020-09-28,10.7954,11.0556,10.1936,10.281,301000.92
2020-09-29,10.281,10.3757,9.4653,10.1283,300035.3
2020-09-30,10.1283,10.1764,9.5997,9.8704,256013.43
2020-10-01,9.8704,10.3858,9.3658,9.6513,155169.54
2020-10-02,9.6513,9.8309,8.8234,9.208,156743.29
2020-10-03,9.208,9.5291,9.1173,9.2569,92795.68
2020-10-04,9.2569,9.4513,9.1236,9.3863,88687.22
2020-10-05,9.3863,9.6978,9.2687,9.6111,110111.26
2020-10-06,9.6111,9.6444,8.5977,8.7696,136856.3
2020-10-07,8.7696,9.0,8.388,8.9752,132715.46
2020-10-08,8.9752,9.6699,8.4313,9.539,142955.59
2020-10-09,9.539,10.5185,9.3809,10.3937,133495.03
2020-10-10,10.3937,10.8861,10.369,10.5171,132443.83
2020-10-11,10.5171,10.9936,10.1636,10.8466,118731.53
2020-10-12,10.8466,11.796,10.6862,11.4233,169093.21
2020-10-13,11.4233,11.5703,10.5923,11.0061,217213.22
2020-10-14,11.0061,11.3077,10.6292,10.8959,210426.93
2020-10-15,10.8959,10.9129,10.4831,10.7482,195186.3
2020-10-16,10.7482,10.8837,10.2793,10.5874,180759.04
2020-10-17,10.5874,10.7073,10.4214,10.6244,148043.2
2020-10-18,10.6244,10.9788,10.6104,10.9433,141819.82
2020-10-19,10.9433,11.2168,10.6553,10.9102,165969.25
2020-10-20,10.9102,10.9301,9.7844,9.8585,250790.8
2020-10-21,9.8585,11.1241,9.7802,10.8047,246866.84
2020-10-22,10.8047,12.3978,10.7169,11.9549,270747.53
2020-10-23,11.9549,12.2552,11.6033,12.1596,253826.47
2020-10-24,12.1596,12.937,11.9872,12.6999,225816.42
2020-10-25,12.6999,12.8496,11.9194,12.144,217234.25
2020-10-26,12.144,12.4366,11.2773,11.7235,275572.68
2020-10-27,11.7235,12.46,11.5128,11.9303,581646.43
2020-10-28,11.9303,12.1508,11.1648,11.4366,524849.01
2020-10-29,11.4366,11.7994,11.0993,11.2811,509249.88
2020-10-30,11.2811,11.4715,10.7723,11.0789,581377.53
2020-10-31,11.0789,11.3723,10.9182,11.228,369986.05
2020-11-01,11.228,11.5804,11.0282,11.5581,226682.78
2020-11-02,11.5581,11.6774,10.7169,10.7816,410467.36
2020-11-03,10.7816,10.7816,10.0236,10.3855,609703.25
2020-11-04,10.3855,10.6502,9.7844,10.466,538798.63
2020-11-05,10.466,11.254,10.0835,10.9733,586307.31
2020-11-06,10.9733,12.2815,10.9441,12.1687,615298.26
2020-11-07,12.1687,13.5854,11.4902,11.7497,1738520.1
2020-11-08,11.7497,13.0753,11.4963,12.7104,949125.2
2020-11-09,12.7104,12.9946,12.0599,12.5086,831077.29
2020-11-10,12.5086,13.2687,12.323,13.0027,664819.94
2020-11-11,13.0027,13.4095,12.7625,12.7625,455880.02
2020-11-12,12.7625,13.0792,12.2788,12.4067,469425.94
2020-11-13,12.4067,12.99,12.3147,12.8584,406427.28
2020-11-14,12.8584,12.9181,12.3359,12.5303,223507.8
2020-11-15,12.5303,12.6284,11.8222,12.1174,182238.33
2020-11-16,12.1174,12.7913,11.9956,12.6189,187583.71
2020-11-17,12.6189,13.4,12.5526,13.3581,339406.53
2020-11-18,13.3581,14.2405,12.638,13.5603,927947.83
2020-11-19,13.5603,13.9676,13.0159,13.5898,434065.58
2020-11-20,13.5898,14.4423,13.4663,14.0739,409697.99
2020-11-21,14.0739,15.4644,13.7156,15.4391,515560.85
2020-11-22,15.4391,15.6806,13.8353,14.4972,646373.18
2020-11-23,14.4972,15.3997,14.261,15.255,469700.47
2020-11-24,15.255,16.3344,14.9735,15.6294,889075.36
2020-11-25,15.6294,15.8249,13.7868,14.2077,568293.73
2020-11-26,14.2077,14.4334,11.3098,12.5069,2348543.18
2020-11-27,12.5069,13.0079,11.9536,12.4539,341899.05
2020-11-28,12.4539,13.4025,12.341,13.003,163155.24
2020-11-29,13.003,13.4599,12.8353,13.3217,183101.33
2020-11-30,13.3217,14.4007,13.3158,14.2625,107824.04
2020-12-01,14.2625,14.7713,13.0876,13.3493,80653.13
2020-12-02,13.3493,14.0722,13.0723,13.9704,36586.76
2020-12-03,13.9704,14.1606,13.6826,14.0029,34107.81
2020-12-04,14.0029,14.0043,12.5205,12.7098,43826.35
2020-12-05,12.7098,13.2997,12.5582,13.1352,30286.59
2020-12-06,13.1352,13.5013,12.8,13.4706,29561.88
2020-12-07,13.4706,13.5034,12.899,13.1015,26634.22
2020-12-08,13.1015,13.1453,12.0001,12.1615,35102.43
2020-12-09,12.1615,12.7775,11.5651,12.5882,53518.67
2020-12-10,12.5882,12.6201,11.828,11.8614,33418.7
2020-12-11,11.8614,11.9445,11.4336,11.657,36026.13
2020-12-12,11.657,12.3143,11.6569,12.2179,26144.53
2020-12-13,12.2179,13.2528,12.0301,12.9136,34197.43
2020-12-14,12.9136,12.9651,12.3595,12.8388,32203.96
2020-12-15,12.8388,13.0004,12.4855,12.6941,28074.34
2020-12-16,12.6941,13.4725,12.3053,13.4459,38674.64
2020-12-17,13.4459,14.4496,13.0996,13.4793,57340.01
2020-12-18,13.4793,13.9574,13.1655,13.4949,41634.13
2020-12-19,13.4949,13.9206,13.3082,13.4422,45263.1
2020-12-20,13.4422,13.7804,12.7301,13.08,58444.65
2020-12-21,13.08,13.2319,12.1825,12.3293,72019.2
2020-12-22,12.3293,12.7927,11.8492,12.7899,59515.58
2020-12-23,12.7899,12.8267,8.1227,10.9763,172716.04
2020-12-24,10.9763,11.6668,9.8871,11.5635,157010.52
2020-12-25,11.5635,11.8814,11.0542,11.5454,111234.3
2020-12-26,11.5454,11.7896,10.6427,10.9768,104558.91
2020-12-27,10.9768,13.2011,10.4595,12.1322,180491.59
2020-12-28,12.1322,12.9234,11.9764,12.6228,117735.72
2020-12-29,12.6228,13.0163,10.8163,11.7736,385881.26
2020-12-30,11.7736,11.9682,11.0797,11.2537,106249.44
2020-12-31,11.2537,11.7507,10.9555,11.2397,94407.46
2021-01-01,11.2397,12.4267,11.0835,11.8512,105241.79
2021-01-02,11.8512,12.3871,11.4508,12.2007,105017.0
2021-01-03,12.2007,13.9893,11.8503,13.6542,154957.25
2021-01-04,13.6542,15.637,12.3964,13.6182,267940.15
2021-01-05,13.6182,14.8557,13.1593,14.5024,184516.97
2021-01-06,14.5024,17.2305,14.1663,17.2293,166914.32
2021-01-07,17.2293,17.35,15.1326,15.9804,158627.94
2021-01-08,15.9804,16.2092,14.1962,15.2888,136430.34
2021-01-09,15.2888,17.8575,15.0283,17.5536,84536.58
2021-01-10,17.5536,18.4239,15.5267,16.2135,100954.6
2021-01-11,16.2135,16.2483,12.5487,14.6322,220141.75
2021-01-12,14.6322,15.4267,13.6894,13.9591,112367.77
2021-01-13,13.9591,16.2195,13.3832,15.9472,86117.59
2021-01-14,15.9472,17.9727,15.3576,17.9727,72764.48
2021-01-15,17.9727,21.4007,17.5825,20.7727,230193.19
2021-01-16,20.7727,22.9346,19.6556,20.1231,176244.7
2021-01-17,20.1231,23.7349,19.3751,23.3609,145288.83
2021-01-18,23.3609,23.6141,21.096,22.0505,88146.35
2021-01-19,22.0505,22.8306,20.4044,20.5604,76273.0
2021-01-20,20.5604,21.9501,19.0774,21.852,93033.29
2021-01-21,21.852,22.0123,18.0654,18.4324,130430.84
2021-01-22,18.4324,22.4708,17.1581,21.6091,139888.16
2021-01-23,21.6091,25.4637,21.162,24.7871,111576.12
2021-01-24,24.7871,24.9272,23.2414,24.7415,71032.42
2021-01-25,24.7415,25.7547,22.6303,23.3753,79226.91
2021-01-26,23.3753,23.9659,21.6697,23.1033,61024.84
2021-01-27,23.1033,23.1969,20.2952,20.9688,78639.25
2021-01-28,20.9688,24.4535,20.5356,23.0137,67755.43
2021-01-29,23.0137,24.2272,22.0701,22.7373,71961.37
2021-01-30,22.7373,23.9725,22.1871,23.6239,44202.36
2021-01-31,23.6239,24.6463,22.0919,22.5772,41198.03
2021-02-01,22.5772,23.1854,21.6671,22.886,32467.31
2021-02-02,22.886,24.1553,22.7599,23.6764,56077.3
2021-02-03,23.6764,25.5354,23.5582,25.0725,39568.46
2021-02-04,25.0725,26.1283,22.7575,24.512,137720.73
2021-02-05,24.512,26.9886,24.4283,26.322,74771.21
2021-02-06,26.322,26.7772,24.2809,25.0142,54675.88
2021-02-07,25.0142,25.2672,22.8435,24.7572,71341.8
2021-02-08,24.7572,25.9555,24.005,25.4486,51897.85
2021-02-09,25.4486,27.9847,24.98,27.6171,50630.94
2021-02-10,27.6171,28.7635,25.0,26.8489,208353.86
2021-02-11,26.8489,28.5356,26.2535,27.8748,56334.17
2021-02-12,27.8748,31.4188,26.6964,30.6049,83184.52
2021-02-13,30.6049,34.705,29.0874,34.204,145184.77
2021-02-14,34.204,35.6474,32.3708,33.2104,122147.6
2021-02-15,33.2104,34.854,27.5239,32.5432,144517.01
2021-02-16,32.5432,33.3179,30.8246,31.9872,54098.69
2021-02-17,31.9872,32.6348,30.0229,32.2232,34705.74
2021-02-18,32.2232,33.5312,31.8439,32.4158,23273.91
2021-02-19,32.4158,35.4435,31.5,34.6967,36130.36
2021-02-20,34.6967,36.8899,32.209,34.011,70386.65
2021-02-21,34.011,35.2508,33.2857,34.1253,30227.51
2021-02-22,34.1253,34.1686,25.2138,31.4842,103113.86
2021-02-23,31.4842,31.6244,20.919,25.9582,608961.87
2021-02-24,25.9582,29.2714,24.5452,28.1132,143311.99
2021-02-25,28.1132,28.6491,24.4075,24.6676,97154.14
2021-02-26,24.6676,26.9684,23.7029,25.1361,133388.34
2021-02-27,25.1361,27.3922,24.8902,26.1839,53619.31
2021-02-28,26.1839,26.7288,22.9018,24.668,68384.19
2021-03-01,24.668,27.6926,24.6155,27.6872,41998.43
2021-03-02,27.6872,30.4831,27.203,28.4723,68383.27
2021-03-03,28.4723,31.3891,28.1602,29.8612,37712.1
2021-03-04,29.8612,30.5509,27.2351,27.7076,55206.37
2021-03-05,27.7076,28.2007,25.6919,27.8505,41285.79
2021-03-06,27.8505,28.3631,26.3235,28.1388,27255.95
2021-03-07,28.1388,29.1025,27.4322,28.5757,19906.88
2021-03-08,28.5757,31.8017,28.3221,31.8017,37900.69
2021-03-09,31.8017,31.9511,30.4058,31.5113,27094.68
2021-03-10,31.5113,31.7617,29.4443,30.0385,30313.64
2021-03-11,30.0385,30.4274,28.603,30.0988,28607.53
2021-03-12,30.0988,30.3898,27.6861,28.3974,42769.72
2021-03-13,28.3974,30.5406,26.9829,29.7693,29999.37
2021-03-14,29.7693,30.1667,28.5455,28.6094,26405.77
2021-03-15,28.6094,29.3955,26.8397,27.4614,47310.14
2021-03-16,27.4614,28.171,26.4397,27.9062,24774.23
2021-03-17,27.9062,31.1655,27.3452,31.0319,44573.31
2021-03-18,31.0319,31.351,29.045,29.4357,20399.46
2021-03-19,29.4357,30.5294,28.7202,29.8115,11220.47
2021-03-20,29.8115,31.3955,29.6106,29.618,12530.54
2021-03-21,29.618,30.0444,28.6269,29.2329,9920.78
2021-03-22,29.2329,29.4103,27.2198,27.2697,35488.23
2021-03-23,27.2697,27.9038,26.6655,26.8219,15294.32
2021-03-24,26.8219,27.8441,23.7942,24.8873,75209.61
2021-03-25,24.8873,26.6113,24.4861,25.559,46331.0
2021-03-26,25.559,27.999,25.3964,27.3809,12403.08
2021-03-27,27.3809,27.4515,26.0341,26.8277,8576.93
2021-03-28,26.8277,27.6346,26.1401,26.6538,9011.55
2021-03-29,26.6538,28.5909,26.4168,28.0429,22379.77
2021-03-30,28.0429,28.5417,27.5017,27.827,10105.67
2021-03-31,27.827,29.3743,26.2756,29.3743,17426.01
2021-04-01,29.3743,31.108,29.347,30.0997,26539.99
2021-04-02,30.0997,32.536,29.6065,32.4627,23680.03
2021-04-03,32.4627,33.1604,29.2317,29.3186,192034.75
2021-04-04,29.3186,31.4459,28.7479,30.742,43768.15
2021-04-05,30.742,32.6123,29.6226,32.3329,43624.77
2021-04-06,32.3329,34.887,31.3279,34.7159,183609.48
2021-04-07,34.7159,35.1001,30.2501,31.1259,123644.12
2021-04-08,31.1259,32.8676,30.9818,32.7865,85424.0
2021-04-09,32.7865,33.273,31.2606,31.5802,56747.04
2021-04-10,31.5802,32.9848,31.0614,31.9105,134609.86
2021-04-11,31.9105,34.4007,31.7507,33.8963,101993.07
2021-04-12,33.8963,34.0987,31.8778,33.1028,80194.28
2021-04-13,33.1028,35.8386,32.3953,35.5025,174121.46
2021-04-14,35.5025,41.9814,35.0228,41.3424,441624.57
2021-04-15,41.3424,44.2639,39.7204,42.5766,260250.24
2021-04-16,42.5766,43.2273,38.5381,41.9997,234991.13
2021-04-17,41.9997,44.0649,39.8982,39.9753,165545.08
2021-04-18,39.9753,40.3014,29.14,39.0757,433735.0
2021-04-19,39.0757,41.9709,34.865,35.728,215732.69
2021-04-20,35.728,39.3328,33.2965,39.0111,182294.72
2021-04-21,39.0111,39.4574,35.9397,36.3093,139710.42
2021-04-22,36.3093,40.761,33.8756,35.24,71780.56
2021-04-23,35.24,35.9031,30.2296,35.1131,95053.93
2021-04-24,35.1131,35.2413,31.0478,31.2114,27730.6
2021-04-25,31.2114,33.4,29.8568,31.571,24173.42
2021-04-26,31.571,35.2348,31.4371,35.094,22461.62
2021-04-27,35.094,37.6691,34.5284,36.7764,19528.48
2021-04-28,36.7764,37.7517,34.9017,36.2263,18898.93
2021-04-29,36.2263,37.3743,35.0257,36.4281,15374.76
2021-04-30,36.4281,38.7545,35.8292,38.1137,16439.11
2021-05-01,38.1137,41.2037,37.4759,41.1977,20973.15
2021-05-02,41.1977,41.4114,38.7188,39.4823,20995.8
2021-05-03,39.4823,42.6841,39.2662,42.0415,18169.4
2021-05-04,42.0415,48.4973,38.8059,45.5749,82063.59
2021-05-05,45.5749,51.1111,44.9989,49.4465,59332.73
2021-05-06,49.4465,49.8411,45.4197,47.1715,41260.38
2021-05-07,47.1715,51.9714,45.6816,49.1738,40187.04
2021-05-08,49.1738,50.1959,46.64,48.604,20254.75
2021-05-09,48.604,52.4389,45.8118,52.2081,43207.61
2021-05-10,52.2081,52.922,40.807,46.2835,61086.87
2021-05-11,46.2835,48.8668,44.7101,48.792,30831.72
2021-05-12,48.792,49.8081,40.9211,41.4888,32929.38
2021-05-13,41.4888,44.9135,39.3465,43.167,72206.86
2021-05-14,43.167,47.7197,42.991,46.5594,40202.61
2021-05-15,46.5594,47.7689,41.0535,41.395,51966.68
2021-05-16,41.395,44.6658,38.0,40.7025,47030.61
2021-05-17,40.7025,40.7025,35.1403,37.183,63330.07
2021-05-18,37.183,44.6045,36.746,42.571,52369.49
2021-05-19,42.571,43.4524,21.002,26.3007,788632.14
2021-05-20,26.3007,33.0009,22.6309,30.6573,655939.35
2021-05-21,30.6573,31.9258,22.0604,25.5339,296839.55
2021-05-22,25.5339,26.1673,22.2704,23.2939,147590.73
2021-05-23,23.2939,24.363,15.0128,19.835,151151.19
2021-05-24,19.835,26.4135,19.7111,26.3426,104686.73
2021-05-25,26.3426,27.6056,23.7174,27.5254,80620.34
2021-05-26,27.5254,34.2679,26.8818,34.0281,68598.02
2021-05-27,34.0281,35.2958,30.085,31.5786,70621.91
2021-05-28,31.5786,32.1554,26.8648,27.9118,99118.43
2021-05-29,27.9118,29.615,24.1555,25.3339,81920.78
2021-05-30,25.3339,29.1125,23.7617,26.8133,67148.67
2021-05-31,26.8133,32.1191,25.6056,32.1082,67773.88
2021-06-01,32.1082,32.6828,29.1,30.699,69692.57
2021-06-02,30.699,32.1324,29.7003,30.6713,42893.98
2021-06-03,30.6713,32.8532,30.0548,32.1464,34865.52
2021-06-04,32.1464,32.23,27.2545,28.8446,51009.19
2021-06-05,28.8446,30.1572,26.0932,27.1072,32452.35
2021-06-06,27.1072,28.174,26.8241,27.509,16431.7
2021-06-07,27.509,28.6725,24.2548,24.5601,37798.19
2021-06-08,24.5601,25.1016,21.442,24.0862,76361.42
2021-06-09,24.0862,25.6004,22.5013,25.5556,58750.6
2021-06-10,25.5556,25.7559,22.7822,23.0838,43100.71
2021-06-11,23.0838,23.328,21.0415,21.4606,39901.61
2021-06-12,21.4606,22.2674,20.0135,21.6474,51720.68
2021-06-13,21.6474,23.8423,20.4277,23.3291,37242.61
2021-06-14,23.3291,25.2435,22.8435,24.9728,29521.58
2021-06-15,24.9728,26.4295,24.4482,24.5018,30625.1
2021-06-16,24.5018,24.6228,22.9369,23.038,29918.39
2021-06-17,23.038,24.417,22.8408,23.3656,21479.3
2021-06-18,23.3656,23.3952,20.5616,21.2099,32933.18
2021-06-19,21.2099,21.9054,20.2623,20.2623,23036.58
2021-06-20,20.2623,22.0682,19.123,21.6625,32030.54
2021-06-21,21.6625,21.85,17.0155,17.435,79341.46
2021-06-22,17.435,18.7515,15.0,16.8049,96928.6
2021-06-23,16.8049,19.1669,16.1662,18.3781,50392.43
2021-06-24,18.3781,19.511,17.3557,19.0215,32976.71
2021-06-25,19.0215,19.4845,16.8386,16.9,39843.17
2021-06-26,16.9,17.4586,15.9456,16.9415,34156.07
2021-06-27,16.9415,18.3873,16.6112,18.3873,22837.72
2021-06-28,18.3873,19.4,17.9192,18.7967,20990.11
2021-06-29,18.7967,20.5032,18.7747,19.4265,24505.07
2021-06-30,19.4265,19.7578,18.167,19.4895,27357.99
2021-07-01,19.4895,19.511,17.6197,18.2181,25034.81
2021-07-02,18.2181,18.505,17.2877,18.2675,21090.4
2021-07-03,18.2675,18.8824,17.8776,18.5367,11607.73
2021-07-04,18.5367,19.899,18.0181,19.2403,12452.12
2021-07-05,19.2403,19.2403,17.8091,18.3522,17284.49
2021-07-06,18.3522,20.2578,18.3353,20.0662,30763.47
2021-07-07,20.0662,21.255,19.6398,19.7772,30973.31
2021-07-08,19.7772,19.858,18.1522,18.4012,32807.6
2021-07-09,18.4012,18.8527,17.6461,18.6381,20103.17
2021-07-10,18.6381,18.9622,17.7647,18.2173,15469.47
2021-07-11,18.2173,18.5543,17.879,18.3659,9145.99
2021-07-12,18.3659,18.5874,17.1596,17.5427,12895.57
2021-07-13,17.5427,17.7517,16.6837,16.8691,13064.4
2021-07-14,16.8691,17.4041,16.023,16.9291,15860.6
2021-07-15,16.9291,17.2327,15.5407,15.7366,16835.34
2021-07-16,15.7366,16.3114,15.1577,15.2417,20659.35
2021-07-17,15.2417,15.6489,15.0338,15.3499,20041.42
2021-07-18,15.3499,16.0658,15.1772,15.497,25332.42
2021-07-19,15.497,15.6156,14.454,14.5119,26736.89
2021-07-20,14.5119,14.7513,13.4127,13.7697,30034.64
2021-07-21,13.7697,15.7288,13.4724,15.2835,24465.65
2021-07-22,15.2835,16.1485,14.9911,16.081,21568.94
2021-07-23,16.081,16.5526,15.2679,16.4905,25275.04
2021-07-24,16.4905,17.1147,16.325,16.6852,32053.09
2021-07-25,16.6852,17.0292,16.1942,16.7368,24065.63
2021-07-26,16.7368,19.9357,16.687,18.0409,60471.29
2021-07-27,18.0409,19.5566,17.6322,19.5073,39446.88
2021-07-28,19.5073,19.9624,18.6555,19.0728,39801.41
2021-07-29,19.0728,19.4576,18.6297,19.3557,21024.08
2021-07-30,19.3557,22.6593,18.8575,22.2716,30884.52
2021-07-31,22.2716,23.2955,21.2859,22.7666,15631.37
2021-08-01,22.7666,23.9078,21.8276,22.1134,14168.85
2021-08-02,22.1134,23.9458,21.4358,23.4839,14217.22
2021-08-03,23.4839,24.3398,22.1525,23.9197,16635.46
2021-08-04,23.9197,24.958,22.888,24.2041,14106.03
2021-08-05,24.2041,24.3022,22.497,24.0475,12398.52
2021-08-06,24.0475,24.3663,23.0854,23.8717,11120.84
2021-08-07,23.8717,25.1275,23.6455,24.6712,13936.38
2021-08-08,24.6712,24.9563,22.5891,23.0235,15413.11
2021-08-09,23.0235,24.6638,22.0942,24.237,20101.35
2021-08-10,24.237,25.4963,23.7589,24.5634,17243.66
2021-08-11,24.5634,27.2883,24.4839,25.939,19797.33
2021-08-12,25.939,26.8786,24.1382,24.9181,62529.0
2021-08-13,24.9181,27.7935,24.7501,27.7744,44330.64
2021-08-14,27.7744,27.9073,26.4413,27.1511,18716.91
2021-08-15,27.1511,27.9513,25.9158,27.877,19111.21
2021-08-16,27.877,30.4999,27.6719,27.9807,29286.51
2021-08-17,27.9807,30.2592,25.9592,26.1486,33468.08
2021-08-18,26.1486,26.9093,24.8886,25.3509,81884.0
2021-08-19,25.3509,27.1184,24.5182,27.0977,290899.31
2021-08-20,27.0977,29.0227,26.7137,28.6916,269224.15
2021-08-21,28.6916,29.1317,27.6594,27.8575,224705.47
2021-08-22,27.8575,28.6448,26.8288,27.9866,212319.22
2021-08-23,27.9866,29.306,27.8017,28.5635,246924.66
2021-08-24,28.5635,28.8993,25.7424,25.7424,290777.24
2021-08-25,25.7424,26.8506,25.327,26.5854,283492.98
2021-08-26,26.5854,26.9187,24.0,24.4108,410504.6
2021-08-27,24.4108,26.1091,24.0304,26.0171,218583.93
2021-08-28,26.0171,26.1973,25.3974,25.7216,183547.46
2021-08-29,25.7216,26.5527,25.1672,25.7855,271738.63
2021-08-30,25.7855,26.454,24.3317,25.014,207364.28
2021-08-31,25.014,27.467,24.7335,26.7237,202140.76
2021-09-01,26.7237,29.7917,26.1136,29.7163,78060.13
2021-09-02,29.7163,30.8624,28.7492,29.9554,55684.27
2021-09-03,29.9554,31.7134,29.1052,30.7465,50588.8
2021-09-04,30.7465,31.1385,29.4445,29.8776,40726.92
2021-09-05,29.8776,33.5609,29.5642,33.5609,25058.47
2021-09-06,33.5609,36.3025,32.5559,34.8024,41081.59
2021-09-07,34.8024,35.3155,23.9559,28.1075,117749.77
2021-09-08,28.1075,29.1391,25.2221,27.1355,67962.15
2021-09-09,27.1355,30.1176,26.5239,27.9583,42123.91
2021-09-10,27.9583,29.5246,25.6864,26.3714,47520.79
2021-09-11,26.3714,27.647,26.2992,26.9763,24946.72
2021-09-12,26.9763,29.7393,26.4285,29.4441,23512.89
2021-09-13,29.4441,29.9164,25.2374,26.9211,80752.46
2021-09-14,26.9211,30.8,26.7563,30.8,53588.99
2021-09-15,30.8,31.4532,29.66,30.6934,44507.62
2021-09-16,30.6934,32.0792,29.0753,29.7962,40796.1
2021-09-17,29.7962,30.087,27.4165,27.6812,27739.76
2021-09-18,27.6812,29.42,27.4232,28.4036,20840.91
2021-09-19,28.4036,28.7788,26.9636,27.3791,17439.03
2021-09-20,27.3791,27.3791,23.0545,23.5471,63723.48
2021-09-21,23.5471,24.3182,20.8695,21.417,71914.29
2021-09-22,21.417,24.4987,21.0537,24.4654,44796.23
2021-09-23,24.4654,25.4554,23.4163,25.4403,30409.55
2021-09-24,25.4403,25.466,21.4448,23.2514,56361.66
2021-09-25,23.2514,24.6761,22.0252,24.4952,40671.58
2021-09-26,24.4952,25.3539,22.3459,24.6181,68379.3
2021-09-27,24.6181,25.4325,22.9852,22.999,44408.59
2021-09-28,22.999,23.7193,22.0277,22.0908,46023.18
2021-09-29,22.0908,23.8856,22.003,22.8713,35306.34
2021-09-30,22.8713,24.3681,22.7332,23.9998,28932.83
2021-10-01,23.9998,26.6618,23.6043,26.3016,31835.37
2021-10-02,26.3016,27.7897,25.8501,26.939,26657.36
2021-10-03,26.939,28.1411,26.5281,27.5402,28745.87
2021-10-04,27.5402,27.653,25.6182,26.6235,32554.96
2021-10-05,26.6235,27.4588,26.2281,27.239,24736.46
2021-10-06,27.239,28.1752,25.2322,26.8042,35021.04
2021-10-07,26.8042,27.6752,25.9267,26.8249,41236.87
2021-10-08,26.8249,27.4309,26.1531,26.3597,26722.52
2021-10-09,26.3597,27.8484,26.0728,27.4216,27324.35
2021-10-10,27.4216,27.4603,25.4828,25.5666,23624.76
2021-10-11,25.5666,26.7523,24.6586,25.2336,31933.54
2021-10-12,25.2336,25.2358,23.5511,24.6116,35475.53
2021-10-13,24.6116,25.6475,24.1767,25.6466,37808.22
2021-10-14,25.6466,27.8402,25.4234,26.6869,35647.08
2021-10-15,26.6869,27.3607,26.0169,26.9836,37470.02
2021-10-16,26.9836,28.6706,26.9442,27.2159,35666.43
2021-10-17,27.2159,27.5937,25.6288,26.523,20383.23
2021-10-18,26.523,26.7157,25.2729,25.7008,21901.48
2021-10-19,25.7008,26.2596,25.3976,25.912,16193.96
2021-10-20,25.912,27.6472,25.8776,27.4693,17682.56
2021-10-21,27.4693,29.2905,27.221,28.283,50702.16
2021-10-22,28.283,30.0068,28.0447,28.6683,46217.63
2021-10-23,28.6683,31.4266,28.3236,31.4195,40687.35
2021-10-24,31.4195,31.5,28.7604,29.729,29111.96
2021-10-25,29.729,32.8783,29.5531,32.4092,32077.86
2021-10-26,32.4092,33.8249,31.3338,32.4946,28515.22
2021-10-27,32.4946,33.8858,27.9594,29.0568,45951.43
2021-10-28,29.0568,30.8176,28.71,30.1901,44883.93
2021-10-29,30.1901,31.9377,30.0056,30.9126,30298.64
2021-10-30,30.9126,31.1113,29.184,29.7435,16894.36
2021-10-31,29.7435,30.6236,28.6967,29.9813,25190.55
2021-11-01,29.9813,31.8531,29.1665,31.675,28780.03
2021-11-02,31.675,32.4546,31.02,32.2272,19162.71
2021-11-03,32.2272,32.7579,30.5637,31.953,22028.2
2021-11-04,31.953,32.0929,30.235,30.9934,19142.29
2021-11-05,30.9934,33.6813,30.6837,32.8516,28082.35
2021-11-06,32.8516,33.1714,30.7547,32.0431,17139.92
2021-11-07,32.0431,32.5749,31.7249,32.2801,9883.22
2021-11-08,32.2801,34.7976,32.1983,34.4515,31252.87
2021-11-09,34.4515,35.5807,33.4176,33.8046,24649.58
2021-11-10,33.8046,38.2794,31.9264,34.2458,74533.9
2021-11-11,34.2458,36.9158,33.4148,34.75,41776.94
2021-11-12,34.75,35.4281,32.7329,34.2673,36258.26
2021-11-13,34.2673,34.5513,33.2136,34.0231,13689.33
2021-11-14,34.0231,34.3901,32.5445,33.7684,12784.59
2021-11-15,33.7684,34.516,32.0032,32.0257,15698.27
2021-11-16,32.0257,32.0313,28.0054,29.1737,57777.27
2021-11-17,29.1737,29.7251,28.0901,29.2019,42315.75
2021-11-18,29.2019,29.69,25.8594,26.5892,50171.99
2021-11-19,26.5892,28.8588,26.1019,28.2864,34783.05
2021-11-20,28.2864,28.7022,27.268,28.3498,21897.51
2021-11-21,28.3498,29.2361,27.6986,29.0299,20772.13
2021-11-22,29.0299,29.0458,26.3319,26.7844,35901.33
2021-11-23,26.7844,27.5396,26.194,26.9291,23258.69
2021-11-24,26.9291,27.139,25.1653,25.5924,23079.86
2021-11-25,25.5924,27.5817,25.3869,26.3494,23334.56
2021-11-26,26.3494,26.5655,23.0,23.9636,38951.23
2021-11-27,23.9636,24.9392,23.8,24.1023,27366.36
2021-11-28,24.1023,24.9184,22.6934,24.8251,32764.8
2021-11-29,24.8251,25.5248,24.5738,24.9796,20198.23
2021-11-30,24.9796,26.4961,24.1645,25.295,35874.93
2021-12-01,25.295,26.8807,25.0,25.3496,25749.84
2021-12-02,25.3496,25.3496,24.1965,24.5462,20515.06
2021-12-03,24.5462,25.8305,22.5,23.3527,31340.7
2021-12-04,23.3527,23.3527,15.4029,20.6793,130186.72
2021-12-05,20.6793,20.8944,18.5,19.4659,54364.09
2021-12-06,19.4659,19.9083,17.2343,19.8715,64483.75
2021-12-07,19.8715,21.1621,19.7111,21.0808,42474.1
2021-12-08,21.0808,23.15,20.7743,22.8655,55713.78
2021-12-09,22.8655,23.0277,20.2546,20.2845,48019.81
2021-12-10,20.2845,20.8573,18.488,18.5276,45936.25
2021-12-11,18.5276,20.2023,18.1841,19.93,31495.87
2021-12-12,19.93,20.7773,19.2587,20.4322,19732.42
2021-12-13,20.4322,20.5575,17.3244,17.7863,42868.19
2021-12-14,17.7863,18.6012,17.4672,18.4423,41840.11
2021-12-15,18.4423,19.9545,17.275,19.6993,37753.38
2021-12-16,19.6993,20.2823,18.7035,18.7513,20014.32
2021-12-17,18.7513,19.2179,17.7644,18.2851,16549.02
2021-12-18,18.2851,19.984,17.8338,19.5322,15526.89
2021-12-19,19.5322,20.3565,18.8285,18.8525,14011.43
2021-12-20,18.8525,19.1685,18.0615,18.7564,17103.13
2021-12-21,18.7564,19.658,18.3844,19.445,8004.69
2021-12-22,19.445,20.7935,19.2305,19.9011,13469.17
2021-12-23,19.9011,22.193,19.5904,22.1505,20750.49
2021-12-24,22.1505,22.6127,21.2214,21.4349,26535.44
2021-12-25,21.4349,22.3571,21.32,22.1231,8770.45
2021-12-26,22.1231,23.5657,21.1434,22.9621,16574.63
2021-12-27,22.9621,24.4433,22.765,23.0096,12221.36
2021-12-28,23.0096,23.0151,20.3434,20.3569,24358.95
2021-12-29,20.3569,20.9463,19.5557,19.6852,18231.66
2021-12-30,19.6852,20.405,19.1856,19.9353,13501.29
2021-12-31,19.9353,20.6156,19.0605,19.5252,14299.81
2022-01-01,19.5252,20.7515,19.5252,20.7344,8780.67
2022-01-02,20.7344,22.1793,20.596,21.8773,12295.1
2022-01-03,21.8773,23.7225,21.2538,23.7213,18450.07
2022-01-04,23.7213,24.4894,22.7945,23.4448,23771.49
2022-01-05,23.4448,27.4026,22.3631,25.2196,50038.27
2022-01-06,25.2196,25.9909,23.3689,25.4185,56063.91
2022-01-07,25.4185,27.2797,22.7634,25.9459,61882.89
2022-01-08,25.9459,27.3472,23.6,25.3296,36370.9
2022-01-09,25.3296,29.0,25.1396,27.543,25336.7
2022-01-10,27.543,28.461,25.1374,28.0,36584.03
2022-01-11,28.0,28.6437,25.8928,26.6159,20753.26
2022-01-12,26.6159,27.2331,25.6517,26.7354,20465.68
2022-01-13,26.7354,26.7395,24.4743,25.0351,19988.94
2022-01-14,25.0351,25.8572,23.9348,25.7374,19370.46
2022-01-15,25.7374,26.24,25.1542,25.1669,12615.87
2022-01-16,25.1669,26.3513,24.6844,25.4873,10901.08
2022-01-17,25.4873,25.5909,23.3121,23.8087,13493.86
2022-01-18,23.8087,24.3247,22.04,22.9824,19963.47
2022-01-19,22.9824,23.126,21.2476,21.5663,29919.89
2022-01-20,21.5663,22.952,20.0646,20.1823,18597.91
2022-01-21,20.1823,20.5014,17.145,17.433,67266.66
2022-01-22,17.433,17.7833,14.2671,15.8654,102853.36
2022-01-23,15.8654,16.8488,15.1749,16.6327,35780.75
2022-01-24,16.6327,16.6327,13.5181,15.5708,61857.77
2022-01-25,15.5708,16.0013,14.6146,15.479,28788.78
2022-01-26,15.479,16.7868,14.7088,15.2073,36428.58
2022-01-27,15.2073,15.6954,14.3239,15.2353,45792.28
2022-01-28,15.2353,16.2853,14.7646,16.1534,26418.65
2022-01-29,16.1534,16.7204,15.9624,16.2088,17737.58
2022-01-30,16.2088,18.0583,16.0477,17.7428,37150.57
2022-01-31,17.7428,17.8457,16.4854,17.1878,38547.57
2022-02-01,17.1878,17.8404,16.8321,16.9711,17654.93
2022-02-02,16.9711,17.3673,15.6303,15.7802,17424.5
2022-02-03,15.7802,16.2709,15.2742,16.2562,20474.36
2022-02-04,16.2562,17.5054,16.0259,17.5054,18721.9
2022-02-05,17.5054,18.2852,17.435,17.7712,17506.91
2022-02-06,17.7712,18.1472,17.2496,18.0671,13064.06
2022-02-07,18.0671,19.3479,17.6719,18.872,25322.2
2022-02-08,18.872,19.5116,17.7712,18.3663,25857.06
2022-02-09,18.3663,18.7279,17.765,18.6663,21256.75
2022-02-10,18.6663,18.7425,17.389,17.5001,35581.28
2022-02-11,17.5001,17.7993,15.9243,16.1954,20999.83
2022-02-12,16.1954,16.3785,15.5738,15.9309,21310.86
2022-02-13,15.9309,16.3227,15.5438,15.6309,13913.57
2022-02-14,15.6309,16.1125,15.2207,15.9036,25273.73
2022-02-15,15.9036,17.4336,15.826,17.3394,27626.69
2022-02-16,17.3394,17.3765,16.5157,17.115,31679.34
2022-02-17,17.115,17.4265,15.4793,15.5941,57124.84
2022-02-18,15.5941,16.0406,15.0427,15.1882,60552.96
2022-02-19,15.1882,15.6556,14.8504,15.5078,35818.43
2022-02-20,15.5078,15.5164,14.4214,14.5963,55051.64
2022-02-21,14.5963,15.2973,13.3956,13.4971,94139.84
2022-02-22,13.4971,14.1794,13.0626,13.9882,93210.37
2022-02-23,13.9882,14.6427,13.31,13.3342,54401.21
2022-02-24,13.3342,13.9194,11.4105,13.2696,260353.75
2022-02-25,13.2696,14.4823,13.0804,14.3537,85689.75
2022-02-26,14.3537,15.0177,14.1058,14.7056,50919.64
2022-02-27,14.7056,14.8402,13.4919,13.6392,74913.56
2022-02-28,13.6392,15.1383,13.3296,15.1301,55891.06
2022-03-01,15.1301,15.7349,14.7497,15.3326,58076.07
2022-03-02,15.3326,15.8553,14.9355,15.2859,62180.36
2022-03-03,15.2859,15.3569,14.4854,14.8883,43592.75
2022-03-04,14.8883,14.9624,13.5606,13.7183,53255.05
2022-03-05,13.7183,14.259,13.4293,14.0138,29319.96
2022-03-06,14.0138,14.1013,13.2596,13.2958,38315.36
2022-03-07,13.2958,13.6524,12.4168,12.683,57145.78
2022-03-08,12.683,13.5441,12.581,13.0899,88731.85
2022-03-09,13.0899,14.4313,13.0698,14.0015,45220.56
2022-03-10,14.0015,14.0995,12.9804,13.1759,48260.59
2022-03-11,13.1759,13.6436,12.8225,13.0496,46737.81
2022-03-12,13.0496,13.4414,13.0429,13.1592,27746.45
2022-03-13,13.1592,13.4247,12.6006,12.7135,76377.73
2022-03-14,12.7135,13.4284,12.6025,13.4156,144060.73
2022-03-15,13.4156,13.7914,12.8921,13.7202,122552.51
2022-03-16,13.7202,14.7649,13.6705,14.667,221540.28
2022-03-17,14.667,14.9075,14.2289,14.4001,100074.3
2022-03-18,14.4001,15.2516,14.1247,15.0235,136012.5
2022-03-19,15.0235,15.3867,14.8409,15.0012,108141.48
2022-03-20,15.0012,15.1123,14.4439,14.5359,139064.5
2022-03-21,14.5359,15.2552,14.3093,14.9935,140447.03
2022-03-22,14.9935,15.8518,14.9786,15.4221,132388.5
2022-03-23,15.4221,15.9277,15.1403,15.8299,145858.34
2022-03-24,15.8299,16.4177,15.5931,16.1579,149135.18
2022-03-25,16.1579,16.4552,15.4835,15.5755,105387.74
2022-03-26,15.5755,15.9478,15.5047,15.8323,57218.51
2022-03-27,15.8323,16.8921,15.6403,16.8421,96183.78
2022-03-28,16.8421,17.3559,16.377,16.4783,134226.97
2022-03-29,16.4783,17.5114,16.4756,16.9948,117878.41
2022-03-30,16.9948,17.5523,16.5487,17.2103,85351.78
2022-03-31,17.2103,18.0271,16.6575,16.911,81554.37
2022-04-01,16.911,17.386,16.1717,17.3549,48919.49
2022-04-02,17.3549,17.8742,17.1172,17.3972,35015.58
2022-04-03,17.3972,18.303,17.1682,18.0817,26355.64
2022-04-04,18.0817,18.0817,16.8298,17.4812,35269.21
2022-04-05,17.4812,17.6385,16.6665,16.7435,24277.0
2022-04-06,16.7435,16.7706,15.2892,15.3975,79243.92
2022-04-07,15.3975,15.8718,15.1119,15.7566,60208.61
2022-04-08,15.7566,15.9059,15.0449,15.1391,31491.43
2022-04-09,15.1391,15.4652,15.1322,15.4258,18043.25
2022-04-10,15.4258,15.9218,15.1723,15.2356,12585.19
2022-04-11,15.2356,15.2648,13.529,13.7521,51219.93
2022-04-12,13.7521,14.3213,13.6443,13.9748,33583.27
2022-04-13,13.9748,14.2,13.69,14.181,22306.85
2022-04-14,14.181,14.319,13.3263,13.6408,23106.69
2022-04-15,13.6408,14.1953,13.6284,14.1022,26669.82
2022-04-16,14.1022,14.2683,13.8487,14.1424,11070.81
2022-04-17,14.1424,14.623,13.66,13.7501,26816.31
2022-04-18,13.7501,14.0566,13.1611,14.0515,34499.69
2022-04-19,14.0515,14.4,13.8438,14.2584,13522.99
2022-04-20,14.2584,14.4829,13.6991,14.0153,28620.67
2022-04-21,14.0153,14.351,13.3793,13.5918,20601.89
2022-04-22,13.5918,13.8659,13.4783,13.5619,24268.84
2022-04-23,13.5619,13.6705,13.2363,13.3204,11331.34
2022-04-24,13.3204,13.6314,13.1927,13.2588,18574.21
2022-04-25,13.2588,13.4908,12.5328,13.4518,41284.7
2022-04-26,13.4518,13.49,12.1601,12.3681,27241.54
2022-04-27,12.3681,12.7851,12.3149,12.7476,28879.41
2022-04-28,12.7476,12.9867,12.4037,12.6748,27825.02
2022-04-29,12.6748,12.7147,11.847,11.964,24142.62
2022-04-30,11.964,12.2302,10.6631,10.9614,40278.97
2022-05-01,10.9614,11.4776,10.814,11.2919,44277.31
2022-05-02,11.2919,11.4304,10.7851,11.1525,34499.29
2022-05-03,11.1525,11.4877,10.8132,11.1159,30030.71
2022-05-04,11.1159,12.2055,11.0947,12.2005,37044.58
2022-05-05,12.2005,12.2794,10.6452,10.9156,68625.0
2022-05-06,10.9156,11.0183,10.4144,10.7958,76550.76
2022-05-07,10.7958,10.8396,10.0162,10.2079,43612.19
2022-05-08,10.2079,10.363,9.8556,10.0053,62490.64
2022-05-09,10.0053,10.16,8.029,8.0879,237955.17
2022-05-10,8.0879,9.3237,7.9054,8.58,394719.39
2022-05-11,8.58,8.8369,6.5522,6.9431,839976.22
2022-05-12,6.9431,7.4164,5.5633,6.5612,1116402.95
2022-05-13,6.5612,7.6924,6.4863,7.1433,279449.47
2022-05-14,7.1433,7.4283,6.6424,7.2584,166275.11
2022-05-15,7.2584,7.9983,7.0264,7.9705,121321.53
2022-05-16,7.9705,7.9709,7.1685,7.409,188661.78
2022-05-17,7.409,7.9614,7.3049,7.7215,121095.28
2022-05-18,7.7215,7.7996,6.7867,6.8058,141068.73
2022-05-19,6.8058,7.2534,6.6472,7.2105,173716.34
2022-05-20,7.2105,7.3622,6.7619,6.8676,132867.12
2022-05-21,6.8676,7.114,6.7757,7.0521,61918.19
2022-05-22,7.0521,7.406,6.9175,7.3296,77883.68
2022-05-23,7.3296,7.6734,6.9914,7.0202,112018.01
2022-05-24,7.0202,7.3048,6.7275,7.237,149866.18
2022-05-25,7.237,7.3947,6.9449,6.954,107694.23
2022-05-26,6.954,7.0837,6.2389,6.5732,191859.27
2022-05-27,6.5732,6.7044,6.2233,6.283,202517.2
2022-05-28,6.283,6.6449,6.2128,6.5744,87334.13
2022-05-29,6.5744,6.746,6.3464,6.7181,60306.69
2022-05-30,6.7181,7.5119,6.6557,7.4546,123112.03
2022-05-31,7.4546,7.7203,7.1887,7.5822,107633.1
2022-06-01,7.5822,7.7554,6.7593,6.9329,137935.72
2022-06-02,6.9329,7.2422,6.8134,7.1961,109405.03
2022-06-03,7.1961,7.2129,6.694,6.8539,105652.98
2022-06-04,6.8539,7.4271,6.6872,7.4036,94435.26
2022-06-05,7.4036,7.8627,7.2445,7.6502,132775.67
2022-06-06,7.6502,8.1853,7.6362,7.9759,147293.45
2022-06-07,7.9759,8.9826,7.324,8.7082,332659.64
2022-06-08,8.7082,8.9774,8.2347,8.7028,284949.67
2022-06-09,8.7028,9.6144,8.4925,9.2626,236407.74
2022-06-10,9.2626,9.5213,8.0084,8.0321,296590.95
2022-06-11,8.0321,8.4209,6.9452,7.0398,345893.94
2022-06-12,7.0398,7.1441,6.261,6.2671,408752.27
2022-06-13,6.2671,6.3368,5.3008,5.9352,1024366.0
2022-06-14,5.9352,6.873,5.391,6.7337,733386.38
2022-06-15,6.7337,7.3846,5.8468,7.3361,804129.37
2022-06-16,7.3361,7.4987,6.208,6.3581,529508.03
2022-06-17,6.3581,6.7322,6.2655,6.3513,351913.89
2022-06-18,6.3513,6.4627,5.417,5.9219,459919.65
2022-06-19,5.9219,6.811,5.8273,6.6089,407397.63
2022-06-20,6.6089,7.2824,6.315,6.9812,340997.93
2022-06-21,6.9812,7.5496,6.7646,6.8463,282238.54
2022-06-22,6.8463,7.0289,6.4593,6.6218,293550.42
2022-06-23,6.6218,7.0763,6.6036,6.9917,199728.17
2022-06-24,6.9917,7.4321,6.9548,7.2625,199579.26
2022-06-25,7.2625,7.373,6.8058,7.2672,163816.39
2022-06-26,7.2672,7.4831,6.697,6.6987,151610.25
2022-06-27,6.6987,6.9958,6.4144,6.5522,146208.96
2022-06-28,6.5522,7.2333,6.2667,6.3152,303897.42
2022-06-29,6.3152,6.5008,6.1245,6.2274,211268.23
2022-06-30,6.2274,6.3042,5.8868,6.2731,235442.79
2022-07-01,6.2731,6.4221,5.9363,6.0768,196692.18
2022-07-02,6.0768,6.2832,5.9844,6.2252,105762.85
2022-07-03,6.2252,6.2412,6.0145,6.2183,79099.13
2022-07-04,6.2183,6.4542,6.0213,6.4325,141955.62
2022-07-05,6.4325,6.5537,6.0578,6.3174,239990.42
2022-07-06,6.3174,6.4158,6.1712,6.3315,244636.45
2022-07-07,6.3315,6.7439,6.3079,6.6384,139830.86
2022-07-08,6.6384,6.8338,6.3312,6.3567,185681.68
2022-07-09,6.3567,6.5841,6.3476,6.484,84659.52
2022-07-10,6.484,6.4979,6.1112,6.1931,102287.71
2022-07-11,6.1931,6.4363,5.9828,6.0364,210383.34
2022-07-12,6.0364,6.2397,5.9275,5.9523,178415.21
2022-07-13,5.9523,6.1886,5.7073,6.1744,104339.17
2022-07-14,6.1744,6.3789,5.9997,6.274,64013.02
2022-07-15,6.274,6.4568,6.1254,6.3205,101713.39
2022-07-16,6.3205,6.6102,6.1463,6.5925,77654.36
2022-07-17,6.5925,6.7111,6.3232,6.3445,71886.51
2022-07-18,6.3445,7.1487,6.3292,7.0396,144414.18
2022-07-19,7.0396,7.3677,6.7343,7.2568,209670.1
2022-07-20,7.2568,7.5785,6.8277,6.8655,172168.45
2022-07-21,6.8655,7.05,6.6487,6.995,97504.77
2022-07-22,6.995,7.2794,6.7442,6.7757,104725.06
2022-07-23,6.7757,7.0273,6.6123,6.8464,80026.07
2022-07-24,6.8464,7.2467,6.8464,7.0937,76873.98
2022-07-25,7.0937,7.1449,6.4112,6.4173,105728.66
2022-07-26,6.4173,6.4473,6.0824,6.3464,119427.11
2022-07-27,6.3464,6.8654,6.1867,6.8596,120530.36
2022-07-28,6.8596,7.2944,6.682,7.22,112109.31
2022-07-29,7.22,8.1146,7.1125,7.8674,266236.25
2022-07-30,7.8674,8.2097,7.6791,7.8141,113219.95
2022-07-31,7.8141,8.0913,7.5785,7.6517,85942.04
2022-08-01,7.6517,7.8741,7.4109,7.5693,68827.2
2022-08-02,7.5693,7.6647,7.019,7.1724,105869.65
2022-08-03,7.1724,7.6354,7.0504,7.2823,52014.66
2022-08-04,7.2823,7.5354,7.1752,7.3612,55384.15
2022-08-05,7.3612,7.8936,7.3493,7.8788,66529.97
2022-08-06,7.8788,8.1064,7.7364,7.7962,36269.88
2022-08-07,7.7962,8.3724,7.6603,8.3435,49977.71
2022-08-08,8.3435,8.7783,8.2242,8.6064,163631.97
2022-08-09,8.6064,8.9467,8.2788,8.7447,203901.6
2022-08-10,8.7447,9.2998,8.3029,9.0565,116468.55
2022-08-11,9.0565,9.2263,8.8309,8.9545,98064.11
2022-08-12,8.9545,9.4994,8.8007,9.3217,120570.38
2022-08-13,9.3217,9.4748,9.0602,9.1491,38354.47
2022-08-14,9.1491,9.3663,8.6831,8.7657,60704.01
2022-08-15,8.7657,9.0571,8.5029,8.6472,62488.21
2022-08-16,8.6472,8.8215,8.3725,8.4498,62951.38
2022-08-17,8.4498,8.7415,7.9921,8.0574,75019.47
2022-08-18,8.0574,8.235,7.6221,7.6392,75138.27
2022-08-19,7.6392,7.6895,6.8216,6.8968,172618.86
2022-08-20,6.8968,7.2012,6.6689,6.8997,89257.28
2022-08-21,6.8997,7.1662,6.8794,7.0804,53953.77
2022-08-22,7.0804,7.0849,6.6804,7.0454,83457.89
2022-08-23,7.0454,7.3484,6.7744,7.2373,64991.07
2022-08-24,7.2373,7.3723,7.014,7.1204,42126.05
2022-08-25,7.1204,7.3727,7.0069,7.1287,52220.6
2022-08-26,7.1287,7.1824,6.4084,6.5042,117201.54
2022-08-27,6.5042,6.6095,6.4161,6.5301,61531.93
2022-08-28,6.5301,6.6289,6.2271,6.2526,49193.62
2022-08-29,6.2526,6.7334,6.2035,6.7003,56620.11
2022-08-30,6.7003,6.8254,6.3722,6.5522,57735.63
2022-08-31,6.5522,6.893,6.548,6.6302,68033.91
2022-09-01,6.6302,6.9605,6.4503,6.9203,69472.64
2022-09-02,6.9203,7.2323,6.7868,6.9266,96732.44
2022-09-03,6.9266,6.9635,6.7243,6.8594,34159.66
2022-09-04,6.8594,7.2702,6.7903,7.1546,112230.55
2022-09-05,7.1546,7.4134,7.0944,7.3712,129919.12
2022-09-06,7.3712,7.5338,6.5782,6.655,185013.59
2022-09-07,6.655,7.1455,6.5758,7.0813,145694.9
2022-09-08,7.0813,7.4997,7.0064,7.4046,163784.99
2022-09-09,7.4046,8.0972,7.3914,7.7404,188510.36
2022-09-10,7.7404,8.0295,7.6184,7.9054,146530.95
2022-09-11,7.9054,8.167,7.7344,8.0268,173983.87
2022-09-12,8.0268,8.2935,7.6108,7.7596,199777.62
2022-09-13,7.7596,7.9586,7.0207,7.0249,274823.25
2022-09-14,7.0249,7.5335,6.9854,7.4535,225587.58
2022-09-15,7.4535,7.604,7.0188,7.5655,338194.59
2022-09-16,7.5655,7.8004,7.4127,7.6595,212123.62
2022-09-17,7.6595,8.1402,7.6501,8.0993,99612.91
2022-09-18,8.0993,8.13,7.408,7.5179,194240.21
2022-09-19,7.5179,7.6778,7.0063,7.303,242688.75
2022-09-20,7.303,7.3344,6.817,6.8829,160997.28
2022-09-21,6.8829,7.3086,6.5211,6.6808,336265.39
2022-09-22,6.6808,7.1719,6.6369,7.1206,151462.72
2022-09-23,7.1206,7.4939,6.9677,7.4564,378861.55
2022-09-24,7.4564,7.8651,7.3751,7.6247,205842.43
2022-09-25,7.6247,8.0713,7.5724,7.8754,299011.31
2022-09-26,7.8754,7.9549,7.4675,7.9461,318986.09
2022-09-27,7.9461,8.3995,7.6601,8.0534,387557.41
2022-09-28,8.0534,8.5343,7.7372,7.7974,866297.45
2022-09-29,7.7974,7.9413,7.5834,7.9043,311139.77
2022-09-30,7.9043,7.9168,7.5109,7.5847,180858.76
2022-10-01,7.5847,7.6457,7.3117,7.399,80190.73
2022-10-02,7.399,7.5455,7.0994,7.1102,98446.42
2022-10-03,7.1102,7.3524,7.0136,7.3275,109829.42
2022-10-04,7.3275,7.8292,7.3265,7.7203,139345.04
2022-10-05,7.7203,7.9423,7.5847,7.8732,139645.89
2022-10-06,7.8732,7.9379,7.5974,7.6293,88667.72
2022-10-07,7.6293,7.7975,7.4784,7.6065,104452.77
2022-10-08,7.6065,7.6547,7.3382,7.4545,54554.36
2022-10-09,7.4545,7.6564,7.4177,7.6296,55222.31
2022-10-10,7.6296,7.7312,7.3328,7.3341,103062.49
2022-10-11,7.3341,7.3799,7.0706,7.1353,127347.68
2022-10-12,7.1353,7.2712,7.0879,7.1453,83504.6
2022-10-13,7.1453,7.1573,6.3131,7.0291,360592.57
2022-10-14,7.0291,7.2521,6.7962,6.8861,122000.6
2022-10-15,6.8861,6.9857,6.8212,6.8866,73222.51
2022-10-16,6.8866,7.2362,6.8758,7.1703,97504.77
2022-10-17,7.1703,7.3746,7.0688,7.3282,74060.23
2022-10-18,7.3282,7.3703,6.9656,7.1262,67390.99
2022-10-19,7.1262,7.1342,6.7109,6.7719,66442.22
2022-10-20,6.7719,6.9093,6.61,6.66,72836.12
2022-10-21,6.66,6.8427,6.4486,6.8088,32613.07
2022-10-22,6.8088,6.9274,6.7286,6.8643,13463.82
2022-10-23,6.8643,7.0859,6.8091,7.0643,27307.0
2022-10-24,7.0643,7.0831,6.7922,6.9097,21018.99
2022-10-25,6.9097,7.2735,6.8188,7.0627,100115.95
2022-10-26,7.0627,7.2855,7.0356,7.1586,47622.58
2022-10-27,7.1586,7.3601,6.8648,6.8937,37005.63
2022-10-28,6.8937,7.1974,6.8328,7.1086,21219.04
2022-10-29,7.1086,7.6584,7.0849,7.6317,84751.85
2022-10-30,7.6317,7.9286,7.4995,7.7837,76252.56
2022-10-31,7.7837,8.3271,7.6726,7.86,111608.46
2022-11-01,7.86,7.9213,7.6331,7.6932,47681.74
2022-11-02,7.6932,7.997,7.3375,7.435,82986.94
2022-11-03,7.435,8.0072,7.3876,7.7238,52932.14
2022-11-04,7.7238,8.8945,7.6613,8.7173,98873.27
2022-11-05,8.7173,8.9956,8.5699,8.6612,61582.17
2022-11-06,8.6612,8.7707,8.1024,8.1092,42999.81
2022-11-07,8.1092,9.2484,7.9,8.9525,87997.01
2022-11-08,8.9525,9.4346,6.6158,7.7009,338881.28
2022-11-09,7.7009,7.8746,5.7981,6.2267,181096.87
2022-11-10,6.2267,7.4904,6.1256,7.2174,110785.33
2022-11-11,7.2174,7.3266,6.5368,7.0324,56820.77
2022-11-12,7.0324,7.0572,6.1879,6.2736,94558.02
2022-11-13,6.2736,6.5359,5.952,6.0723,21293.85
2022-11-14,6.0723,6.4281,5.6981,6.2842,55306.73
2022-11-15,6.2842,6.6603,6.2135,6.4242,45505.94
2022-11-16,6.4242,6.5572,6.0797,6.181,76210.15
2022-11-17,6.181,6.3375,6.0323,6.2244,46975.34
2022-11-18,6.2244,6.4112,6.0684,6.1856,53630.01
2022-11-19,6.1856,6.2168,5.998,6.1463,29848.84
2022-11-20,6.1463,6.2487,5.7117,5.7704,72866.32
2022-11-21,5.7704,5.889,5.5374,5.8779,128328.7
2022-11-22,5.8779,6.4717,5.8362,6.4192,316691.63
2022-11-23,6.4192,6.8001,6.3463,6.7046,215463.4
2022-11-24,6.7046,6.9698,6.5922,6.8357,151580.3
2022-11-25,6.8357,6.9881,6.6696,6.8341,82253.13
2022-11-26,6.8341,7.2883,6.8239,7.1514,200734.75
2022-11-27,7.1514,7.2718,6.8657,6.9022,84792.91
2022-11-28,6.9022,7.3402,6.5427,7.2007,265944.08
2022-11-29,7.2007,7.5048,7.148,7.313,122249.46
2022-11-30,7.313,7.7422,7.2753,7.6737,90921.35
2022-12-01,7.6737,7.7974,7.4536,7.676,163785.55
2022-12-02,7.676,7.7149,7.4955,7.6084,96271.31
2022-12-03,7.6084,7.6295,7.2143,7.2368,45663.29
2022-12-04,7.2368,7.4661,7.1906,7.4456,56465.0
2022-12-05,7.4456,7.591,7.1684,7.2715,58042.3
2022-12-06,7.2715,7.3317,6.9639,7.1359,76826.67
2022-12-07,7.1359,7.1519,6.7715,6.8794,141754.96
2022-12-08,6.8794,7.0707,6.7829,6.9998,53064.04
2022-12-09,6.9998,7.0477,6.7997,6.8603,54385.55
2022-12-10,6.8603,6.9182,6.7035,6.8609,15400.63
2022-12-11,6.8609,6.9553,6.6579,6.702,41135.1
2022-12-12,6.702,6.7244,6.4719,6.6998,38649.57
2022-12-13,6.6998,7.0413,6.4722,6.9262,164815.07
2022-12-14,6.9262,6.9549,6.6935,6.7184,26671.55
2022-12-15,6.7184,6.7266,6.39,6.4548,76693.72
2022-12-16,6.4548,6.5387,5.7802,5.8958,110859.9
2022-12-17,5.8958,6.0557,5.7923,6.028,109056.12
2022-12-18,6.028,6.0606,5.9152,5.9456,57529.78
2022-12-19,5.9456,6.0628,5.69,5.7877,148819.41
2022-12-20,5.7877,6.1181,5.755,6.0147,85936.13
2022-12-21,6.0147,6.0386,5.8864,5.9869,45888.14
2022-12-22,5.9869,6.0374,5.8595,6.0035,16547.06
2022-12-23,6.0035,6.0491,5.9242,5.9403,15986.23
2022-12-24,5.9403,5.96,5.8824,5.9198,13369.57
2022-12-25,5.9198,5.9928,5.892,5.9896,12617.39
2022-12-26,5.9896,6.0471,5.9425,6.047,16844.06
2022-12-27,6.047,6.0651,5.856,5.9036,42769.86
2022-12-28,5.9036,5.9125,5.6276,5.6727,81147.77
2022-12-29,5.6727,5.7278,5.5046,5.6034,103525.27
2022-12-30,5.6034,5.6387,5.4154,5.4744,84303.18
2022-12-31,5.4744,5.6253,5.3915,5.5743,62118.39
2023-01-01,5.5743,5.6386,5.5095,5.6286,45739.41
2023-01-02,5.6286,5.7552,5.5544,5.6888,69829.35
2023-01-03,5.6888,5.7186,5.5698,5.6226,83740.94
2023-01-04,5.6226,5.8554,5.6111,5.8098,206167.05
2023-01-05,5.8098,5.8152,5.611,5.6589,82779.35
2023-01-06,5.6589,5.7285,5.5282,5.7131,126898.4
2023-01-07,5.7131,5.8399,5.6937,5.8302,99305.89
2023-01-08,5.8302,5.9704,5.7551,5.9653,107486.4
2023-01-09,5.9653,6.2534,5.9311,6.0663,347224.74
2023-01-10,6.0663,6.2983,5.9684,6.1644,407865.08
2023-01-11,6.1644,6.3014,6.0157,6.2832,341228.77
2023-01-12,6.2832,6.4066,6.0649,6.3867,565686.67
2023-01-13,6.3867,6.6178,6.2606,6.6045,253425.2
2023-01-14,6.6045,7.1044,6.4714,6.8544,837949.62
2023-01-15,6.8544,6.9234,6.6022,6.696,285397.32
2023-01-16,6.696,6.9464,6.4194,6.6686,455809.89
2023-01-17,6.6686,6.9927,6.5488,6.8065,443488.41
2023-01-18,6.8065,6.982,6.2727,6.3349,866192.98
2023-01-19,6.3349,6.5424,6.3163,6.5053,231643.15
2023-01-20,6.5053,6.9668,6.4188,6.9415,240647.02
2023-01-21,6.9415,7.1059,6.8112,6.8543,453538.38
2023-01-22,6.8543,7.267,6.7912,6.9811,517421.69
2023-01-23,6.9811,7.2246,6.86,7.0075,420168.08
2023-01-24,7.0075,7.1952,6.5485,6.664,358161.54
2023-01-25,6.664,7.0891,6.5162,6.9502,360734.14
2023-01-26,6.9502,7.3106,6.8253,7.1691,424925.05
2023-01-27,7.1691,7.494,6.9345,7.3747,432653.94
2023-01-28,7.3747,7.5051,7.1287,7.2133,236617.32
2023-01-29,7.2133,7.5098,7.1459,7.3787,288308.54
2023-01-30,7.3787,7.4379,6.7561,6.9096,345869.92
2023-01-31,6.9096,7.075,6.8541,6.9533,230914.95
2023-02-01,6.9533,7.2767,6.6774,7.2067,564111.94
2023-02-02,7.2067,7.4809,7.0438,7.0993,422692.01
2023-02-03,7.0993,7.3359,7.0182,7.2953,285300.06
2023-02-04,7.2953,7.3603,7.1306,7.2366,170397.98
2023-02-05,7.2366,7.2503,6.8707,6.9788,217103.08
2023-02-06,6.9788,7.0587,6.7691,6.8283,203823.76
2023-02-07,6.8283,7.2173,6.811,7.1987,217990.57
2023-02-08,7.1987,7.297,6.948,7.1332,281433.83
2023-02-09,7.1332,7.8113,6.826,6.9815,1404404.04
2023-02-10,6.9815,7.1133,6.7796,6.8907,523511.66
2023-02-11,6.8907,7.0282,6.847,6.9984,160703.64
2023-02-12,6.9984,7.0928,6.7044,6.8062,224202.34
2023-02-13,6.8062,6.8378,6.4302,6.6726,833080.17
2023-02-14,6.6726,6.8267,6.541,6.8054,129472.19
2023-02-15,6.8054,7.3142,6.7296,7.2823,55011.92
2023-02-16,7.2823,7.4857,7.0131,7.0211,109952.97
2023-02-17,7.0211,7.7053,6.9792,7.6578,84632.42
2023-02-18,7.6578,8.2487,7.5068,7.9917,121726.66
2023-02-19,7.9917,8.2813,7.8296,8.0178,170617.1
2023-02-20,8.0178,8.386,7.737,8.0105,170320.53
2023-02-21,8.0105,8.0666,7.51,7.6441,205535.88
2023-02-22,7.6441,7.741,7.3168,7.7098,270023.13
2023-02-23,7.7098,8.2,7.6722,7.9227,285914.99
2023-02-24,7.9227,8.1566,7.25,7.4641,316018.45
2023-02-25,7.4641,7.4886,7.185,7.3729,242816.11
2023-02-26,7.3729,7.5318,7.2962,7.4921,92639.4
2023-02-27,7.4921,7.5005,7.1353,7.2858,156675.97
2023-02-28,7.2858,7.4233,7.106,7.1828,241479.08
2023-03-01,7.1828,7.5397,7.1568,7.5397,171416.26
2023-03-02,7.5397,7.5722,7.1579,7.269,138394.55
2023-03-03,7.269,7.2713,6.666,6.9479,150511.78
2023-03-04,6.9479,6.9993,6.7201,6.8458,123948.05
2023-03-05,6.8458,7.0115,6.8165,6.9495,109069.08
2023-03-06,6.9495,6.9882,6.8218,6.8526,114315.53
2023-03-07,6.8526,6.9674,6.6769,6.8803,146347.77
2023-03-08,6.8803,6.9422,6.51,6.5823,254722.1
2023-03-09,6.5823,6.6847,6.0261,6.1619,233806.31
2023-03-10,6.1619,6.2545,5.9,6.2101,330134.67
2023-03-11,6.2101,6.3772,5.9264,6.1641,328969.71
2023-03-12,6.1641,6.5594,6.0739,6.5331,300503.85
2023-03-13,6.5331,6.8784,6.4021,6.7596,355280.72
2023-03-14,6.7596,7.2083,6.6197,6.9539,376663.09
2023-03-15,6.9539,7.1064,6.3854,6.5325,402236.37
2023-03-16,6.5325,6.6729,6.4597,6.6664,283784.63
2023-03-17,6.6664,7.2463,6.6095,7.2046,331741.33
2023-03-18,7.2046,7.2863,6.8627,6.9173,323308.18
2023-03-19,6.9173,7.2694,6.9158,7.0709,295767.33
2023-03-20,7.07,7.431,6.908,7.044,648388.3
2023-03-21,7.044,7.47,6.846,7.369,515610.25
2023-03-22,7.369,7.704,7.01,7.173,562383.34
2023-03-23,7.173,7.632,7.093,7.618,352764.36
2023-03-24,7.618,7.654,7.12,7.19,481960.62
2023-03-25,7.19,7.254,6.975,7.074,288843.26
2023-03-26,7.074,7.289,7.05,7.257,196460.91
2023-03-27,7.257,7.272,6.768,6.872,237190.14
2023-03-28,6.872,7.043,6.754,6.946,342737.8
2023-03-29,6.946,7.492,6.927,7.383,334715.38
2023-03-30,7.383,7.554,7.14,7.231,311214.65
2023-03-31,7.231,7.667,7.226,7.588,360273.18
2023-04-01,7.588,7.637,7.444,7.547,184003.16
2023-04-02,7.547,7.547,7.196,7.258,251483.52
2023-04-03,7.258,7.439,7.03,7.245,370749.86
2023-04-04,7.245,7.477,7.209,7.369,323726.87
2023-04-05,7.369,7.603,7.221,7.322,333052.34
2023-04-06,7.322,7.333,7.114,7.199,265671.73
2023-04-07,7.199,7.301,7.109,7.265,191579.01
2023-04-08,7.265,7.296,7.084,7.129,140580.31
2023-04-09,7.129,7.254,7.06,7.204,174327.62
2023-04-10,7.204,7.363,7.134,7.344,181001.74
2023-04-11,7.344,7.451,7.281,7.3,208575.2
2023-04-12,7.3,7.37,7.104,7.223,295036.92
2023-04-13,7.223,7.539,7.173,7.46,202280.08
2023-04-14,7.46,7.897,7.457,7.744,327964.36
2023-04-15,7.744,8.073,7.616,8.0,342951.45
2023-04-16,8.0,8.188,7.908,8.14,241113.49
2023-04-17,8.14,8.293,7.87,8.154,461961.37
2023-04-18,8.154,8.789,8.044,8.573,332697.09
2023-04-19,8.573,8.598,7.65,7.752,400113.19
2023-04-20,7.752,7.966,7.469,7.509,381646.03
2023-04-21,7.509,7.601,6.8,7.113,426520.63
2023-04-22,7.113,7.229,7.082,7.175,217322.06
2023-04-23,7.175,7.175,6.874,7.081,302064.66
2023-04-24,7.081,7.256,7.0,7.066,365690.54
2023-04-25,7.066,7.296,6.957,7.275,294384.33
2023-04-26,7.275,7.503,6.713,7.004,528110.52
2023-04-27,7.004,7.232,6.983,7.169,401442.28
2023-04-28,7.169,7.189,6.951,7.039,266469.95
2023-04-29,7.039,7.22,6.992,7.185,184785.38
2023-04-30,7.185,7.305,7.016,7.021,218527.75
2023-05-01,7.021,7.081,6.796,6.898,254655.84
2023-05-02,6.898,7.013,6.801,6.986,168940.02
2023-05-03,6.986,7.151,6.82,7.128,254623.83
2023-05-04,7.128,7.162,6.96,6.998,139166.07
2023-05-05,6.998,7.28,6.897,7.227,226981.04
2023-05-06,7.227,7.278,6.868,6.919,203041.01
2023-05-07,6.919,6.99,6.865,6.911,131928.37
2023-05-08,6.911,6.914,6.396,6.584,391889.99
2023-05-09,6.584,6.634,6.452,6.52,172469.74
2023-05-10,6.52,6.695,6.303,6.589,327622.59
2023-05-11,6.589,6.592,6.21,6.361,309671.17
2023-05-12,6.361,6.641,6.225,6.623,257063.33
2023-05-13,6.623,6.635,6.477,6.493,134723.57
2023-05-14,6.493,6.61,6.442,6.546,95776.23
2023-05-15,6.546,6.71,6.453,6.636,188068.71
2023-05-16,6.636,6.727,6.551,6.657,182360.1
2023-05-17,6.657,6.81,6.551,6.758,258826.22
2023-05-18,6.758,6.765,6.429,6.53,178775.27
2023-05-19,6.53,6.557,6.458,6.51,116775.57
2023-05-20,6.51,6.541,6.47,6.505,61050.91
2023-05-21,6.505,6.544,6.354,6.434,113992.64
2023-05-22,6.434,6.608,6.334,6.532,202030.86
2023-05-23,6.532,6.635,6.474,6.503,139717.27
2023-05-24,6.503,6.509,6.206,6.32,242900.72
2023-05-25,6.32,6.346,6.167,6.278,144335.35
2023-05-26,6.278,6.383,6.234,6.343,122189.05
2023-05-27,6.343,6.442,6.327,6.44,79739.35
2023-05-28,6.44,6.676,6.42,6.632,154157.76
2023-05-29,6.632,6.679,6.525,6.638,173704.57
2023-05-30,6.638,6.674,6.535,6.611,187529.24
2023-05-31,6.611,6.636,6.4,6.479,194968.43
2023-06-01,6.479,6.512,6.317,6.343,165262.74
2023-06-02,6.343,6.481,6.306,6.451,162641.17
2023-06-03,6.451,6.459,6.36,6.423,67185.32
2023-06-04,6.423,6.533,6.391,6.452,94324.55
2023-06-05,6.452,6.492,5.965,6.053,331629.06
2023-06-06,6.053,6.326,6.0,6.259,273358.51
2023-06-07,6.259,6.27,5.831,5.918,230871.75
2023-06-08,5.918,6.036,5.882,5.995,121128.14
2023-06-09,5.995,6.081,5.919,5.994,101808.76
2023-06-10,5.994,6.007,4.773,5.232,1032307.99
2023-06-11,5.232,5.252,5.089,5.177,187238.52
2023-06-12,5.177,5.201,5.009,5.16,209404.56
2023-06-13,5.16,5.413,5.109,5.3,188406.87
2023-06-14,5.3,5.507,5.144,5.248,278015.7
2023-06-15,5.248,5.419,5.15,5.311,199446.02
2023-06-16,5.311,5.398,5.141,5.325,137232.33
2023-06-17,5.325,5.421,5.22,5.281,124083.72
2023-06-18,5.281,5.302,5.065,5.155,130797.21
2023-06-19,5.155,5.185,4.993,5.134,197086.63
2023-06-20,5.134,5.282,5.0,5.267,264934.82
2023-06-21,5.267,5.587,5.243,5.556,329180.9
2023-06-22,5.556,5.825,5.506,5.558,294958.16
2023-06-23,5.558,6.155,5.551,6.069,441810.06
2023-06-24,6.069,6.198,5.92,6.133,218653.72
2023-06-25,6.133,6.378,6.061,6.157,207404.66
2023-06-26,6.157,6.26,6.005,6.058,258841.53
2023-06-27,6.058,6.253,6.045,6.197,209854.04
2023-06-28,6.197,6.206,5.711,5.814,276409.76
2023-06-29,5.814,6.185,5.786,5.891,288163.87
2023-06-30,5.891,6.451,5.724,6.312,589645.03
2023-07-01,6.312,6.524,6.121,6.503,335851.87
2023-07-02,6.503,6.563,6.331,6.543,289387.89
2023-07-03,6.543,6.691,6.468,6.627,230249.32
2023-07-04,6.627,6.63,6.394,6.521,177922.44
2023-07-05,6.521,6.57,6.215,6.299,218658.04
2023-07-06,6.299,6.508,6.079,6.081,240524.63
2023-07-07,6.081,6.225,6.015,6.156,138468.51
2023-07-08,6.156,6.222,6.092,6.197,84819.24
2023-07-09,6.197,6.24,6.122,6.146,82277.53
2023-07-10,6.146,6.302,6.02,6.168,160428.88
2023-07-11,6.168,6.24,6.123,6.205,76100.32
2023-07-12,6.205,6.352,6.2,6.253,213203.88
2023-07-13,6.253,7.172,6.213,7.128,401987.21
2023-07-14,7.128,7.344,6.692,6.957,494505.47
2023-07-15,6.957,7.02,6.831,6.918,125496.72
2023-07-16,6.918,6.921,6.566,6.608,176424.99
2023-07-17,6.608,7.265,6.451,7.186,555334.07
2023-07-18,7.186,7.3,6.787,6.912,576458.58
2023-07-19,6.912,7.048,6.775,6.912,302044.07
2023-07-20,6.912,8.449,6.889,8.36,1731433.32
2023-07-21,8.36,8.449,8.045,8.132,645194.03
2023-07-22,8.132,8.366,7.75,7.881,386140.7
2023-07-23,7.881,8.098,7.822,7.889,218955.35
2023-07-24,7.889,7.89,7.441,7.586,390468.01
2023-07-25,7.586,7.644,7.338,7.392,250118.09
2023-07-26,7.392,7.834,7.273,7.742,430611.76
2023-07-27,7.742,8.123,7.682,7.989,384485.75
2023-07-28,7.989,8.092,7.77,7.77,235453.55
2023-07-29,7.77,7.894,7.723,7.842,135394.01
2023-07-30,7.842,7.864,7.367,7.555,204796.23
2023-07-31,7.555,7.716,7.434,7.546,233138.44
2023-08-01,7.546,7.649,7.146,7.642,260402.05
2023-08-02,7.642,7.717,7.335,7.351,280813.35
2023-08-03,7.351,7.41,7.074,7.127,230678.25
2023-08-04,7.127,7.259,7.013,7.143,206786.55
2023-08-05,7.143,7.246,7.103,7.23,110148.7
2023-08-06,7.23,7.275,7.077,7.101,114840.26
2023-08-07,7.101,7.398,6.948,7.328,226056.67
2023-08-08,7.328,7.534,7.29,7.461,276869.65
2023-08-09,7.461,7.917,7.377,7.679,370438.17
2023-08-10,7.679,7.73,7.559,7.619,211328.69
2023-08-11,7.619,7.642,7.405,7.493,122684.8
2023-08-12,7.493,7.538,7.385,7.442,89342.2
2023-08-13,7.442,7.561,7.314,7.371,145974.34
2023-08-14,7.371,7.635,7.307,7.412,258956.6
2023-08-15,7.412,7.435,6.809,7.045,398114.41
2023-08-16,7.045,7.072,6.6,6.761,395514.4
2023-08-17,6.761,6.872,5.813,6.188,514472.52
2023-08-18,6.188,6.285,6.074,6.176,328777.28
2023-08-19,6.176,6.265,6.114,6.18,152184.6
2023-08-20,6.18,6.235,6.118,6.219,90052.34
2023-08-21,6.219,6.256,6.01,6.173,206043.61
2023-08-22,6.173,6.255,5.871,6.112,253889.88
2023-08-23,6.112,6.43,6.104,6.352,234231.54
2023-08-24,6.352,6.369,5.984,6.083,208136.47
2023-08-25,6.083,6.085,5.912,6.014,210613.17
2023-08-26,6.014,6.045,5.955,6.006,101989.34
2023-08-27,6.006,6.044,5.954,6.03,98462.1
2023-08-28,6.03,6.047,5.852,5.98,222600.95
2023-08-29,5.98,6.317,5.844,6.195,355966.41
2023-08-30,6.195,6.199,5.886,5.926,205285.45
2023-08-31,5.926,6.064,5.73,5.874,267609.31
2023-09-01,5.874,6.033,5.816,5.941,253725.11
2023-09-02,5.941,5.999,5.889,5.972,88112.38
2023-09-03,5.972,6.063,5.947,6.027,136660.42
2023-09-04,6.027,6.165,5.944,6.014,186356.72
2023-09-05,6.014,6.154,5.906,6.138,194181.23
2023-09-06,6.138,6.346,6.091,6.301,318848.89
2023-09-07,6.301,6.47,6.197,6.387,197351.55
2023-09-08,6.387,6.405,6.142,6.28,139685.31
2023-09-09,6.28,6.291,6.157,6.165,69062.6
2023-09-10,6.165,6.165,5.95,6.015,201264.45
2023-09-11,6.015,6.035,5.739,5.83,266306.61
2023-09-12,5.83,6.073,5.808,5.958,207675.69
2023-09-13,5.958,6.089,5.927,6.021,196935.67
2023-09-14,6.021,6.213,6.007,6.152,223787.63
2023-09-15,6.152,6.381,6.1,6.366,180611.87
2023-09-16,6.366,6.421,6.185,6.281,127143.63
2023-09-17,6.281,6.281,6.05,6.148,105994.45
2023-09-18,6.148,6.837,6.1,6.565,550300.23
2023-09-19,6.565,6.969,6.518,6.846,378386.56
2023-09-20,6.846,7.048,6.743,6.904,329287.22
2023-09-21,6.904,6.947,6.605,6.664,301078.4
2023-09-22,6.664,6.974,6.597,6.96,232865.69
2023-09-23,6.96,7.226,6.922,7.189,452539.73
2023-09-24,7.189,7.251,6.95,6.972,229366.28
2023-09-25,6.972,7.509,6.908,7.495,382706.59
2023-09-26,7.495,7.568,7.249,7.357,293309.83
2023-09-27,7.357,7.887,7.272,7.644,519973.56
2023-09-28,7.644,8.067,7.571,7.809,516732.83
2023-09-29,7.809,8.072,7.671,7.946,349682.97
2023-09-30,7.946,8.277,7.939,8.191,401385.89
2023-10-01,8.191,8.261,7.78,8.042,440326.19
2023-10-02,8.042,8.103,7.356,7.469,562252.94
2023-10-03,7.469,7.747,7.373,7.408,350555.47
2023-10-04,7.408,7.782,7.2,7.673,390649.4
2023-10-05,7.673,7.793,7.458,7.465,266866.95
2023-10-06,7.465,7.76,7.44,7.638,235674.31
2023-10-07,7.638,7.681,7.471,7.524,172572.06
2023-10-08,7.524,7.946,7.5,7.673,364700.35
2023-10-09,7.673,7.697,7.139,7.276,393165.04
2023-10-10,7.276,7.392,7.18,7.265,287834.17
2023-10-11,7.265,7.432,7.12,7.389,938556.48
2023-10-12,7.389,7.417,7.116,7.197,1188386.01
2023-10-13,7.197,7.405,7.11,7.256,1528145.97
2023-10-14,7.256,7.374,7.216,7.33,554871.08
2023-10-15,7.33,7.568,7.284,7.422,858224.18
2023-10-16,7.422,7.828,7.41,7.524,2215537.69
2023-10-17,7.524,7.561,7.266,7.318,1393952.59
2023-10-18,7.318,7.479,7.28,7.357,1230946.79
2023-10-19,7.357,7.435,7.214,7.304,1257588.21
2023-10-20,7.304,7.711,7.259,7.572,2303724.77
2023-10-21,7.572,9.168,7.52,8.914,7751466.29
2023-10-22,8.914,10.242,8.84,10.192,9797974.31
2023-10-23,10.192,11.039,9.784,10.577,11161006.9
2023-10-24,10.577,11.139,9.675,10.369,9003533.26
2023-10-25,10.369,11.776,10.339,11.056,9075548.98
2023-10-26,11.056,11.404,10.374,10.928,5917295.17
2023-10-27,10.928,11.429,10.611,11.183,5982282.38
2023-10-28,11.183,11.659,10.822,10.923,4007309.42
2023-10-29,10.923,11.288,10.75,11.081,2854020.33
2023-10-30,11.081,11.849,10.89,11.219,5034022.11
2023-10-31,11.219,12.025,10.943,11.35,6710648.68
2023-11-01,11.35,11.779,10.67,11.639,5803742.61
2023-11-02,11.639,11.746,10.809,11.006,4446818.97
2023-11-03,11.006,11.595,10.512,11.46,4836927.22
2023-11-04,11.46,11.626,11.15,11.496,2878198.53
2023-11-05,11.496,12.556,11.356,12.231,6320575.32
2023-11-06,12.231,13.264,12.12,12.985,5393216.14
2023-11-07,12.985,13.334,12.529,13.039,5737882.42
2023-11-08,13.039,14.981,12.834,14.926,6455352.57
2023-11-09,14.926,15.976,13.667,14.603,7288758.69
2023-11-10,14.603,15.645,14.121,15.499,6518955.19
2023-11-11,15.499,16.599,14.714,16.469,5935703.18
2023-11-12,16.469,16.539,15.384,16.02,4753179.93
2023-11-13,16.02,16.298,14.31,14.352,5217635.8
2023-11-14,14.352,14.91,13.376,13.946,6273012.75
2023-11-15,13.946,15.387,13.93,15.026,4975533.14
2023-11-16,15.026,15.22,13.551,13.865,6001702.53
2023-11-17,13.865,14.265,12.854,13.702,5750938.54
2023-11-18,13.702,13.811,12.92,13.751,3442576.72
2023-11-19,13.751,15.059,13.368,14.913,4387239.25
2023-11-20,14.913,15.393,14.375,14.479,4363437.59
2023-11-21,14.479,14.664,13.308,13.356,5099459.87
2023-11-22,13.356,14.623,13.252,14.211,3727978.67
2023-11-23,14.211,14.868,14.125,14.395,2934961.07
2023-11-24,14.395,14.841,14.212,14.482,2452029.54
2023-11-25,14.482,14.973,14.378,14.762,1857504.61
2023-11-26,14.762,15.34,14.377,14.765,2897675.71
2023-11-27,14.765,15.3,13.879,14.188,3406940.19
2023-11-28,14.188,14.715,13.774,14.519,3027442.79
2023-11-29,14.519,14.993,14.38,14.512,2771754.43
2023-11-30,14.512,14.833,14.266,14.41,2459061.67
2023-12-01,14.41,15.047,14.271,14.988,2618101.89
2023-12-02,14.988,16.2,14.919,15.991,3689395.73
2023-12-03,15.991,16.288,15.657,15.703,2415961.55
2023-12-04,15.703,16.396,15.143,15.81,4826632.69
2023-12-05,15.81,16.083,15.176,15.72,3906195.08
2023-12-06,15.72,16.165,15.237,15.278,4532423.78
2023-12-07,15.278,15.8,14.66,15.692,4828808.67
2023-12-08,15.692,17.324,15.556,16.927,5777898.99
2023-12-09,16.927,17.296,16.031,16.192,4668478.14
2023-12-10,16.192,16.459,15.789,16.36,2668981.9
2023-12-11,16.36,16.461,13.854,14.767,7544793.19
2023-12-12,14.767,15.141,14.168,14.519,4169137.04
2023-12-13,14.519,14.952,13.861,14.776,4477329.99
2023-12-14,14.776,15.583,14.253,15.374,4699356.79
2023-12-15,15.374,15.39,14.257,14.282,3168744.69
2023-12-16,14.282,14.802,14.088,14.319,2274914.49
2023-12-17,14.319,14.374,13.91,14.01,2016917.25
2023-12-18,14.01,14.681,13.63,14.674,4308566.51
2023-12-19,14.674,14.81,13.921,14.104,2611340.4
2023-12-20,14.104,14.806,13.977,14.252,2796586.9
2023-12-21,14.252,15.314,14.177,15.305,3803004.07
2023-12-22,15.305,15.733,14.92,15.478,2433437.6
2023-12-23,15.478,15.9,14.901,15.683,3367348.2
2023-12-24,15.683,15.949,15.118,15.266,3289636.58
2023-12-25,15.266,15.741,15.12,15.585,2778981.93
2023-12-26,15.585,15.905,14.306,15.093,3640524.25
2023-12-27,15.093,16.741,14.643,16.71,4540144.0
2023-12-28,16.71,17.663,15.985,16.007,6835300.35
2023-12-29,16.007,16.227,15.122,15.54,3827489.61
2023-12-30,15.54,15.624,15.015,15.163,1575914.35
2023-12-31,15.163,15.529,14.77,14.943,1803199.64
2024-01-01,14.943,15.578,14.81,15.549,1614585.59
2024-01-02,15.549,16.066,15.051,15.165,2912335.85
2024-01-03,15.165,15.581,12.96,14.148,5205866.82
2024-01-04,14.148,14.766,13.976,14.525,2239180.03
2024-01-05,14.525,14.655,13.733,14.094,2688585.08
2024-01-06,14.094,14.099,13.182,13.435,1736726.82
2024-01-07,13.435,13.739,13.001,13.152,1416612.73
2024-01-08,13.152,14.401,12.545,14.138,2736239.32
2024-01-09,14.138,14.25,13.25,13.715,2816951.7
2024-01-10,13.715,15.36,13.563,15.075,3410481.64
2024-01-11,15.075,15.7,14.597,15.022,3315568.24
2024-01-12,15.022,15.3,13.594,14.152,2950669.99
2024-01-13,14.152,14.43,13.788,14.345,1343218.97
2024-01-14,14.345,15.425,14.266,14.75,3712443.96
2024-01-15,14.75,16.019,14.749,15.185,3997002.96
2024-01-16,15.185,15.364,14.74,15.271,2292105.1
2024-01-17,15.271,16.389,15.268,15.76,4879935.8
2024-01-18,15.76,15.773,14.19,14.658,3659010.23
2024-01-19,14.658,16.415,14.461,16.117,5434308.74
2024-01-20,16.117,16.555,15.649,15.781,4500396.73
2024-01-21,15.781,15.912,15.38,15.394,1871315.13
2024-01-22,15.394,15.971,14.507,14.601,4862415.27
2024-01-23,14.601,14.886,13.561,14.297,4235135.56
2024-01-24,14.297,14.441,13.91,14.242,2766304.88
2024-01-25,14.242,14.26,13.513,13.744,2174370.19
2024-01-26,13.744,14.297,13.638,14.188,2287988.14
2024-01-27,14.188,14.399,14.091,14.346,1213944.23
2024-01-28,14.346,14.698,14.201,14.478,2114999.99
2024-01-29,14.478,15.081,14.265,15.004,3166999.65
2024-01-30,15.004,15.803,14.886,15.474,3661308.41
2024-01-31,15.474,16.06,15.086,15.433,5186662.0
2024-02-01,15.433,17.38,15.148,17.192,8445184.98
2024-02-02,17.192,18.879,17.145,17.826,9660916.09
2024-02-03,17.826,18.146,17.51,17.66,4087238.18
2024-02-04,17.66,18.708,17.535,18.154,4132615.07
2024-02-05,18.154,19.78,17.806,19.16,3308213.22
2024-02-06,19.16,19.31,18.248,18.29,172665.68
2024-02-07,18.29,19.073,18.08,18.809,137267.22
2024-02-08,18.809,19.266,18.0,18.212,127093.55
2024-02-09,18.212,18.621,18.012,18.46,148153.98
2024-02-10,18.46,19.144,18.0,19.139,117301.8
2024-02-11,19.139,20.665,18.85,20.143,336863.07
2024-02-12,20.143,20.858,19.756,20.471,299002.41
2024-02-13,20.471,20.589,19.468,19.869,199189.27
2024-02-14,19.869,20.424,19.712,20.242,138563.39
2024-02-15,20.242,20.52,19.675,19.929,191361.95
2024-02-16,19.929,20.308,19.12,19.552,116261.24
2024-02-17,19.552,20.26,19.225,20.027,120223.46
2024-02-18,20.027,20.372,19.77,20.116,106830.87
2024-02-19,20.116,20.23,19.652,19.834,109636.36
2024-02-20,19.834,19.881,18.42,19.285,103526.05
2024-02-21,19.285,19.285,18.01,18.593,83749.56
2024-02-22,18.593,19.009,18.08,18.118,87722.14
2024-02-23,18.118,18.28,17.589,17.93,58836.99
2024-02-24,17.93,18.559,17.765,18.533,39479.46
2024-02-25,18.533,18.853,18.381,18.722,37670.21
2024-02-26,18.722,19.258,18.15,19.09,77076.46
2024-02-27,19.09,19.356,18.678,19.023,118302.16
2024-02-28,19.023,20.812,18.07,19.437,184752.03
2024-02-29,19.437,20.454,18.805,19.267,176157.11
2024-03-01,19.267,20.092,19.267,20.053,79239.16
2024-03-02,20.053,21.688,19.965,21.399,134830.17
2024-03-03,21.399,21.525,19.42,20.507,123802.75
2024-03-04,20.507,20.882,19.818,20.401,105477.09
2024-03-05,20.401,21.052,16.53,18.984,197647.24
2024-03-06,18.984,20.152,18.394,20.077,130230.84
2024-03-07,20.077,20.4,19.596,20.091,113335.47
2024-03-08,20.091,20.387,19.21,19.696,97274.03
2024-03-09,19.696,20.329,19.661,19.975,134691.22
2024-03-10,19.975,21.951,19.391,21.694,190630.0
2024-03-11,21.694,22.863,20.77,21.276,210344.57
2024-03-12,21.276,21.335,19.542,20.702,207558.13
2024-03-13,20.702,20.958,20.215,20.75,163463.45
2024-03-14,20.75,21.947,19.9,20.88,358338.67
2024-03-15,20.88,20.998,18.471,19.626,296045.82
2024-03-16,19.626,19.828,17.813,18.106,189287.46
2024-03-17,18.106,18.823,17.386,18.665,211161.53
2024-03-18,18.665,19.494,18.044,18.3,345956.57
2024-03-19,18.3,18.462,16.5,16.804,541362.15
2024-03-20,16.804,18.495,16.262,18.412,428914.15
2024-03-21,18.412,18.919,17.882,18.461,249029.44
2024-03-22,18.461,18.582,17.328,18.368,291783.84
2024-03-23,18.368,18.47,17.895,18.062,169338.51
2024-03-24,18.062,18.628,17.97,18.516,133531.27
2024-03-25,18.516,19.495,18.375,19.375,201752.48
2024-03-26,19.375,20.726,19.33,20.007,296437.45
2024-03-27,20.007,20.184,19.007,19.29,254690.47
2024-03-28,19.29,19.808,19.044,19.148,167437.22
2024-03-29,19.148,19.283,18.71,18.966,149143.81
2024-03-30,18.966,19.29,18.782,18.938,119781.06
2024-03-31,18.938,19.35,18.872,19.169,96457.27
2024-04-01,19.169,19.275,17.855,18.37,210340.16
2024-04-02,18.37,18.485,17.38,17.947,379697.95
2024-04-03,17.947,18.337,17.38,17.688,207148.04
2024-04-04,17.688,18.26,17.395,17.797,169028.15
2024-04-05,17.797,17.797,16.865,17.326,167338.42
2024-04-06,17.326,17.675,17.261,17.559,89094.45
2024-04-07,17.559,17.972,17.501,17.913,97433.96
2024-04-08,17.913,18.677,17.547,18.1,203785.48
2024-04-09,18.1,18.181,17.247,17.363,183455.33
2024-04-10,17.363,17.579,16.807,17.416,202341.36
2024-04-11,17.416,17.62,17.005,17.557,113562.11
2024-04-12,17.557,17.869,14.079,15.155,684508.95
2024-04-13,15.155,15.393,11.926,13.288,826888.46
2024-04-14,13.288,14.255,12.718,14.098,604606.03
2024-04-15,14.098,14.668,13.223,13.582,693231.57
2024-04-16,13.582,13.814,12.817,13.464,482686.88
2024-04-17,13.464,13.608,12.717,13.135,469114.37
2024-04-18,13.135,13.983,12.818,13.888,384954.58
2024-04-19,13.888,14.119,12.742,13.946,571428.78
2024-04-20,13.946,15.037,13.745,14.958,313000.51
2024-04-21,14.958,15.176,14.528,15.103,215331.05
2024-04-22,15.103,16.038,15.02,15.444,411807.51
2024-04-23,15.444,15.572,15.102,15.178,253577.39
2024-04-24,15.178,15.639,14.36,14.537,408343.53
2024-04-25,14.537,14.898,14.358,14.589,341521.86
2024-04-26,14.589,14.931,14.351,14.491,149711.0
2024-04-27,14.491,14.525,13.871,14.267,97795.18
2024-04-28,14.267,14.441,13.736,13.808,52936.49
2024-04-29,13.808,14.184,13.721,14.07,138592.06
2024-04-30,14.07,14.208,12.778,13.129,211370.01
2024-05-01,13.129,13.489,12.42,13.348,268392.78
2024-05-02,13.348,13.776,12.928,13.59,147773.74
2024-05-03,13.59,14.2,13.459,14.091,93044.2
2024-05-04,14.091,14.479,13.979,14.317,56261.29
2024-05-05,14.317,14.66,14.11,14.372,50230.4
2024-05-06,14.372,15.165,14.277,14.484,224689.59
2024-05-07,14.484,14.725,13.964,13.998,184346.42
2024-05-08,13.998,14.119,13.689,13.9,192188.19
2024-05-09,13.9,14.363,13.843,14.236,159460.03
2024-05-10,14.236,14.37,13.5,13.565,58139.83
2024-05-11,13.565,13.809,13.28,13.304,14320.18
2024-05-12,13.304,13.592,13.291,13.554,11886.99
2024-05-13,13.554,13.676,13.086,13.389,95771.52
2024-05-14,13.389,13.599,12.933,12.984,112558.0
2024-05-15,12.984,13.933,12.842,13.866,128486.28
2024-05-16,13.866,15.857,13.538,15.524,332007.9
2024-05-17,15.524,16.75,15.479,16.241,417027.19
2024-05-18,16.241,16.567,16.05,16.33,155269.69
2024-05-19,16.33,17.1,16.304,16.561,224475.3
2024-05-20,16.561,17.459,16.37,17.262,314430.94
2024-05-21,17.262,17.439,16.509,16.741,275134.01
2024-05-22,16.741,16.929,16.176,16.353,206372.68
2024-05-23,16.353,16.805,15.462,16.598,284120.52
2024-05-24,16.598,17.782,16.562,17.25,332900.9
2024-05-25,17.25,17.471,16.913,17.438,123363.62
2024-05-26,17.438,17.914,17.0,17.042,156318.19
2024-05-27,17.042,18.856,16.888,18.791,274750.65
2024-05-28,18.791,18.838,17.87,18.533,260589.93
2024-05-29,18.533,19.218,18.047,18.459,177063.3
2024-05-30,18.459,19.206,17.79,17.943,164215.84
2024-05-31,17.943,18.735,17.465,18.414,80243.03
2024-06-01,18.414,18.683,18.27,18.443,17369.68
2024-06-02,18.443,18.56,18.075,18.143,24395.37
2024-06-03,18.143,18.359,17.54,17.629,352301.06
2024-06-04,17.629,17.85,17.48,17.719,390584.25
2024-06-05,17.719,18.081,17.622,17.743,481968.36
2024-06-06,17.743,17.776,17.107,17.247,515195.36
2024-06-07,17.247,17.712,15.34,16.322,204189.21
2024-06-08,16.322,16.415,15.697,15.928,24577.75
2024-06-09,15.928,16.382,15.908,16.373,23427.86
2024-06-10,16.373,16.388,15.76,15.905,264643.14
2024-06-11,15.905,15.914,14.673,14.988,489873.05
2024-06-12,14.988,16.235,14.73,16.009,281664.4
2024-06-13,16.009,16.044,15.053,15.14,124338.21
2024-06-14,15.14,15.462,14.47,14.745,157735.09
2024-06-15,14.745,15.114,14.71,14.858,84599.11
2024-06-16,14.858,15.225,14.57,15.144,101399.69
2024-06-17,15.144,15.219,14.019,14.522,222080.23
2024-06-18,14.522,14.602,12.943,13.986,418752.25
2024-06-19,13.986,14.501,13.915,14.345,157864.74
2024-06-20,14.345,14.853,14.193,14.256,147235.56
2024-06-21,14.256,14.59,13.845,13.846,93413.27
2024-06-22,13.846,13.912,13.467,13.477,24277.18
2024-06-23,13.477,13.682,13.147,13.193,18547.78
2024-06-24,13.193,13.686,12.675,13.618,374038.05
2024-06-25,13.618,14.292,13.571,14.198,215924.08
2024-06-26,14.198,14.293,13.858,13.914,148552.62
2024-06-27,13.914,14.563,13.585,14.433,243808.21
2024-06-28,14.433,14.599,13.758,13.777,212226.6
2024-06-29,13.777,14.167,13.485,13.543,138151.19
2024-06-30,13.543,14.35,13.454,14.278,164927.43
2024-07-01,14.278,14.578,14.22,14.339,172679.18
2024-07-02,14.339,14.753,14.251,14.416,207137.35
2024-07-03,14.416,14.596,13.56,13.586,348396.66
2024-07-04,13.586,13.737,12.516,12.539,450929.16
2024-07-05,12.539,12.548,11.069,12.306,552439.58
2024-07-06,12.306,13.283,12.195,13.18,35488.18
2024-07-07,13.18,13.187,12.293,12.354,30288.01
2024-07-08,12.354,13.527,11.79,13.119,470802.53
2024-07-09,13.119,13.315,12.73,12.843,448208.92
2024-07-10,12.843,13.168,12.691,12.79,349263.45
2024-07-11,12.79,13.162,12.293,12.346,412749.91
2024-07-12,12.346,12.817,12.228,12.738,469065.37
2024-07-13,12.738,13.125,12.701,13.02,269620.41
2024-07-14,13.02,13.527,12.892,13.447,380645.14
2024-07-15,13.447,14.5,13.405,14.393,459963.9
2024-07-16,14.393,14.621,13.826,14.205,502719.91
2024-07-17,14.205,14.5,13.73,13.736,386798.71
2024-07-18,13.736,14.0,13.414,13.592,358654.51
2024-07-19,13.592,14.139,13.345,14.076,384072.21
2024-07-20,14.076,14.332,13.849,14.246,233458.82
2024-07-21,14.246,15.009,13.944,14.816,467416.51
2024-07-22,14.816,14.875,13.789,13.934,293269.03
2024-07-23,13.934,14.164,13.5,13.904,131711.53
2024-07-24,13.904,13.955,13.259,13.406,22108.61
2024-07-25,13.406,13.446,12.48,12.934,25175.29
2024-07-26,12.934,13.636,12.916,13.525,47310.53
2024-07-27,13.525,13.88,13.279,13.544,966672.76
2024-07-28,13.544,13.645,13.198,13.294,9906.09
2024-07-29,13.29,13.91,13.29,13.54,41596.8
2024-07-30,13.54,13.79,13.0,13.14,13322.55
2024-07-31,13.14,13.4,12.77,12.83,13388.95
2024-08-01,12.83,13.1,12.14,12.89,62351.16
2024-08-02,12.89,12.96,11.78,11.93,64055.07
2024-08-03,11.93,12.13,11.35,11.69,47866.33
2024-08-04,11.69,11.78,10.5,10.89,91953.0
2024-08-05,10.89,10.96,8.03,9.48,258540.67
2024-08-06,9.48,10.46,9.48,10.06,63698.68
2024-08-07,10.06,10.48,9.43,9.48,47831.29
2024-08-08,9.48,10.83,9.35,10.74,262416.26
2024-08-09,10.74,10.75,10.16,10.54,53591.46
2024-08-10,10.54,10.71,10.47,10.56,34672.04
2024-08-11,10.56,10.83,9.94,10.0,72009.08
2024-08-12,10.0,10.75,9.94,10.55,52220.75
2024-08-13,10.55,10.69,10.09,10.58,49769.22
2024-08-14,10.58,10.74,10.21,10.4,25099.07
2024-08-15,10.4,10.69,9.99,10.18,24020.04
2024-08-16,10.18,10.4,9.92,10.13,22335.81
2024-08-17,10.13,10.18,10.03,10.16,19074.37
2024-08-18,10.16,10.47,10.06,10.09,42077.46
2024-08-19,10.09,10.2,9.94,10.18,40077.02
2024-08-20,10.18,10.55,10.05,10.24,79999.07
2024-08-21,10.24,11.38,10.15,11.21,162133.87
2024-08-22,11.21,11.61,11.15,11.48,98906.04
2024-08-23,11.48,12.2,11.46,12.05,53185.38
2024-08-24,12.05,12.55,11.9,12.34,169319.21
2024-08-25,12.34,12.36,11.96,12.1,54545.91
2024-08-26,12.1,12.69,11.83,11.84,47491.82
2024-08-27,11.84,12.05,10.92,11.15,30678.59
2024-08-28,11.15,11.7,10.94,11.18,28938.72
2024-08-29,11.18,11.47,10.82,10.95,24745.97
2024-08-30,10.95,11.2,10.51,11.11,42389.11
2024-08-31,11.11,11.2,10.93,11.02,37765.39
2024-09-01,11.02,11.02,10.25,10.36,49735.1
2024-09-02,10.36,10.83,10.32,10.76,68709.71
2024-09-03,10.76,10.88,10.22,10.3,45428.55
2024-09-04,10.3,10.5,9.85,10.33,57910.95
2024-09-05,10.33,10.4,9.91,10.03,38039.05
2024-09-06,10.03,10.18,9.29,9.57,94596.57
2024-09-07,9.57,10.16,9.56,10.02,59809.79
2024-09-08,10.02,10.45,9.96,10.34,59256.55
2024-09-09,10.34,10.82,10.27,10.54,101005.58
2024-09-10,10.54,10.72,10.33,10.59,74327.07
2024-09-11,10.59,10.6,10.17,10.4,47451.28
2024-09-12,10.4,10.81,10.39,10.79,40603.87
2024-09-13,10.79,11.55,10.64,11.45,76843.72
2024-09-14,11.45,11.48,11.23,11.3,24464.38
2024-09-15,11.3,11.36,10.79,10.81,8258.65
2024-09-16,10.81,10.84,10.41,10.55,37524.78
2024-09-17,10.55,10.91,10.43,10.63,33315.38
2024-09-18,10.63,10.89,10.29,10.89,19511.62
2024-09-19,10.89,11.4,10.89,11.2,43329.27
2024-09-20,11.2,11.74,11.12,11.44,32454.4
2024-09-21,11.44,11.55,11.21,11.5,35246.95
2024-09-22,11.5,11.54,10.86,11.13,46469.95
2024-09-23,11.13,11.6,10.92,11.4,73275.52
2024-09-24,11.4,12.23,11.2,12.14,87446.68
2024-09-25,12.14,12.55,12.06,12.1,58903.65
2024-09-26,12.1,12.74,11.87,12.55,53399.3
2024-09-27,12.55,12.88,12.45,12.66,79136.26
2024-09-28,12.66,12.97,12.38,12.95,29095.25
2024-09-29,12.95,12.98,12.43,12.47,25969.39
2024-09-30,12.47,12.47,11.76,11.84,31321.99
2024-10-01,11.84,12.25,10.85,11.01,170933.76
2024-10-02,11.01,11.31,10.45,10.66,33491.87
2024-10-03,10.66,10.87,10.34,10.66,32960.61
2024-10-04,10.66,11.24,10.6,11.07,49828.7
2024-10-05,11.07,11.38,10.98,11.26,27560.86
2024-10-06,11.26,11.4,11.16,11.28,35250.88
2024-10-07,11.28,11.75,11.13,11.17,145834.7
2024-10-08,11.17,11.29,10.79,10.82,60918.55
2024-10-09,10.82,10.97,10.42,10.54,61639.13
2024-10-10,10.54,10.74,10.26,10.56,69652.29
2024-10-11,10.56,11.03,10.5,10.9,28811.78
2024-10-12,10.9,11.15,10.83,11.0,72779.21
2024-10-13,11.0,11.08,10.62,10.75,73295.87
2024-10-14,10.75,11.34,10.61,11.29,53436.2
2024-10-15,11.29,11.69,10.93,11.46,78325.46
2024-10-16,11.46,11.53,11.07,11.24,35272.54
2024-10-17,11.24,11.35,10.85,11.03,38784.66
2024-10-18,11.03,11.51,10.98,11.48,34437.47
2024-10-19,11.48,11.6,11.3,11.42,30453.24
2024-10-20,11.42,12.04,11.28,11.97,37696.3
2024-10-21,11.97,12.03,11.54,11.7,31521.71
2024-10-22,11.7,12.34,11.59,11.97,54001.21
2024-10-23,11.97,12.01,11.02,11.32,69493.09
2024-10-24,11.32,11.64,11.22,11.61,51859.34
2024-10-25,11.61,12.09,10.82,11.13,87063.42
2024-10-26,11.13,11.39,10.83,11.0,42473.37
2024-10-27,11.0,11.18,10.85,10.98,63794.3
2024-10-28,10.98,11.25,10.71,11.18,102232.7
2024-10-29,11.18,11.81,11.15,11.79,123373.88
2024-10-30,11.79,12.45,11.64,12.4,88342.92
2024-10-31,12.4,12.45,11.33,11.41,66282.05
2024-11-01,11.41,11.73,11.15,11.26,51534.48
2024-11-02,11.26,11.4,11.08,11.18,33934.9
2024-11-03,11.18,11.23,10.52,10.76,42613.73
2024-11-04,10.76,10.91,10.08,10.26,57502.73
2024-11-05,10.26,10.94,10.18,10.84,47574.89
2024-11-06,10.84,12.32,10.8,12.18,154943.28
2024-11-07,12.18,12.7,12.07,12.58,835179.0
2024-11-08,12.58,13.75,12.52,13.68,2190702.82
2024-11-09,13.68,13.84,13.28,13.78,1401174.48
2024-11-10,13.78,14.85,13.64,14.27,6432226.56
2024-11-11,14.27,14.94,13.61,14.91,2716370.11
2024-11-12,14.91,15.34,13.67,13.95,2143371.49
2024-11-13,13.95,14.38,13.05,13.49,1402679.14
2024-11-14,13.49,13.83,12.8,12.99,1116118.91
2024-11-15,12.99,13.91,12.71,13.83,955529.86
2024-11-16,13.83,14.8,13.73,14.53,616325.46
2024-11-17,14.53,14.89,13.57,13.78,731872.64
2024-11-18,13.78,15.99,13.75,15.27,791264.14
2024-11-19,15.27,15.41,14.39,14.63,627819.21
2024-11-20,14.63,15.32,14.03,14.23,642096.29
2024-11-21,14.23,15.37,13.84,14.88,998318.98
2024-11-22,14.88,16.59,14.73,16.57,2047933.92
2024-11-23,16.57,18.39,16.3,17.38,3773394.43
2024-11-24,17.38,18.34,16.11,17.91,3217045.8
2024-11-25,17.91,19.03,17.14,17.34,3362873.03
2024-11-26,17.34,17.85,16.18,17.32,1603333.94
2024-11-27,17.32,19.0,16.97,18.68,1385838.58
2024-11-28,18.68,18.7,17.49,17.95,875140.65
2024-11-29,17.95,18.4,17.51,18.25,575197.95
2024-11-30,18.25,19.45,17.93,19.01,956917.14
2024-12-01,19.01,19.12,18.43,18.95,835975.78
2024-12-02,18.95,26.87,18.58,25.23,6126964.53
2024-12-03,25.23,26.22,22.56,24.1,4568048.68
2024-12-04,24.1,26.5,23.6,24.07,2828515.16
2024-12-05,24.07,24.81,22.48,23.16,1924184.54
2024-12-06,23.16,25.92,22.78,25.85,1921302.82
2024-12-07,25.85,26.84,24.44,24.78,1486673.41
2024-12-08,24.78,27.4,24.68,26.12,1897582.59
2024-12-09,26.12,27.37,19.55,22.29,2673986.16
2024-12-10,22.29,23.77,20.27,22.12,3337564.21
2024-12-11,22.12,24.33,21.14,24.08,1447898.94
2024-12-12,24.08,29.45,23.87,29.15,3832927.35
2024-12-13,29.15,30.9,27.55,29.02,3319541.13
2024-12-14,29.02,30.77,28.72,29.15,2065802.35
2024-12-15,29.15,29.88,28.03,29.24,1084871.79
2024-12-16,29.24,30.83,28.42,28.74,2432391.91
2024-12-17,28.74,29.08,27.35,27.83,1916511.11
2024-12-18,27.83,28.4,24.73,24.87,2567399.64
2024-12-19,24.87,25.61,21.72,22.81,3003452.61
2024-12-20,22.81,23.72,20.02,23.39,3755481.93
2024-12-21,23.39,24.94,21.79,22.13,2543184.08
2024-12-22,22.13,22.79,21.32,22.09,1340186.22
2024-12-23,22.09,24.96,21.5,24.54,2297466.05
2024-12-24,24.54,25.99,23.54,25.41,1990232.12
2024-12-25,25.41,25.59,24.15,24.44,1193100.97
2024-12-26,24.44,24.7,22.42,22.67,1244245.48
2024-12-27,22.67,23.67,21.37,21.57,1197069.96
2024-12-28,21.57,22.37,21.06,21.99,909744.42
2024-12-29,21.99,22.02,20.77,20.95,687215.04
2024-12-30,20.95,21.83,20.1,20.58,956390.08
2024-12-31,20.58,21.2,19.82,20.01,928252.19
2025-01-01,20.01,21.86,19.69,21.72,836901.81
2025-01-02,21.72,22.91,21.71,22.07,1208733.97
2025-01-03,22.07,23.9,21.64,23.49,1200080.0
2025-01-04,23.49,24.04,22.88,23.6,668874.5
2025-01-05,23.6,23.83,22.86,23.58,640760.82
2025-01-06,23.58,24.78,23.01,23.82,1160408.59
2025-01-07,23.82,23.85,21.18,21.38,1349361.28
2025-01-08,21.38,21.72,19.57,20.45,1103889.03
2025-01-09,20.45,20.73,19.15,19.65,1119096.1
2025-01-10,19.65,20.53,19.54,20.25,848582.69
2025-01-11,20.25,20.69,19.81,20.2,335674.17
2025-01-12,20.2,20.33,19.59,19.83,291510.34
2025-01-13,19.83,20.43,17.84,19.35,1406891.58
2025-01-14,19.35,20.5,19.24,20.32,435497.29
2025-01-15,20.32,22.16,20.1,22.1,570191.12
2025-01-16,22.1,23.78,21.3,23.01,562307.97
2025-01-17,23.01,25.23,23.01,25.1,505342.79
2025-01-18,25.1,25.67,23.37,24.12,623761.07
2025-01-19,24.12,26.7,22.2,24.35,1535621.91
2025-01-20,24.35,26.94,23.4,25.08,1771154.62
2025-01-21,25.08,27.09,23.68,26.73,1001765.56
2025-01-22,26.73,27.2,25.14,25.3,408979.47
2025-01-23,25.3,26.23,23.98,25.7,650664.34
2025-01-24,25.7,26.43,24.86,25.18,458688.74
2025-01-25,25.18,25.43,24.7,24.93,219804.16
2025-01-26,24.93,26.39,24.86,24.89,314883.25
2025-01-27,24.89,25.13,22.19,24.21,1021544.66
2025-01-28,24.21,24.66,22.36,22.61,457193.75
2025-01-29,22.61,24.44,22.32,23.64,587402.06
2025-01-30,23.64,25.2,23.41,24.47,542532.35
2025-01-31,24.47,26.35,24.13,25.16,579047.18
2025-02-01,25.16,25.98,22.76,22.97,443365.35
2025-02-02,22.97,23.32,19.3,20.46,1245884.47
2025-02-03,20.46,22.01,15.41,21.65,3332058.49
2025-02-04,21.65,21.7,19.32,19.98,1130568.08
2025-02-05,19.98,20.26,18.96,19.18,484978.44
2025-02-06,19.18,19.93,18.41,18.59,514337.27
2025-02-07,18.59,19.85,17.79,18.39,532197.41
2025-02-08,18.39,18.62,17.87,18.44,295278.06
2025-02-09,18.44,19.0,17.44,18.26,465070.51
2025-02-10,18.26,19.12,17.67,18.8,293769.64
2025-02-11,18.8,19.79,18.22,18.65,1569356.71
2025-02-12,18.65,19.5,17.64,19.2,2987894.58
2025-02-13,19.2,19.34,18.18,18.55,1468197.28
2025-02-14,18.55,19.85,18.45,19.38,1826839.15
2025-02-15,19.38,19.67,18.73,19.0,954773.87
2025-02-16,19.0,19.27,18.56,18.7,1007649.69
2025-02-17,18.7,19.79,18.36,19.11,2063551.91
2025-02-18,19.11,19.21,17.28,17.88,2588560.37
2025-02-19,17.88,18.21,17.43,17.98,1510794.6
2025-02-20,17.98,18.48,17.81,18.29,1412806.17
2025-02-21,18.29,19.06,17.12,17.42,2529996.64
2025-02-22,17.42,18.03,17.31,17.76,1232830.13
2025-02-23,17.76,18.13,17.42,17.61,1036570.3
2025-02-24,17.61,17.75,14.98,15.25,2949409.15
2025-02-25,15.25,15.58,14.02,15.31,5823214.95
2025-02-26,15.31,15.78,14.67,15.25,3265387.68
2025-02-27,15.25,15.78,14.77,15.11,1970201.35
2025-02-28,15.11,15.21,13.45,14.81,3778163.06
2025-03-01,14.81,15.14,14.22,14.74,1601036.19
2025-03-02,14.74,17.54,14.4,17.41,4013634.7
2025-03-03,17.41,17.5,14.37,14.45,4378961.25
2025-03-04,14.45,15.36,13.08,14.86,5560538.45
2025-03-05,14.86,16.58,14.63,16.43,4306570.95
2025-03-06,16.43,17.67,16.37,17.06,4372081.19
2025-03-07,17.06,17.53,15.73,15.94,5384761.42
2025-03-08,15.94,16.03,15.12,15.27,1791950.4
2025-03-09,15.27,15.38,13.6,13.81,2253566.84
2025-03-10,13.81,14.57,12.41,12.66,4326111.93
2025-03-11,12.66,13.66,11.85,13.13,4409119.4
2025-03-12,13.13,13.81,12.64,13.49,2369340.85
2025-03-13,13.49,13.59,12.71,13.04,1634536.42
2025-03-14,13.04,14.7,12.99,13.66,4025379.56
2025-03-15,13.66,14.25,13.63,14.01,1385114.37
2025-03-16,14.01,14.19,13.21,13.38,1123255.98
2025-03-17,13.38,14.25,13.33,14.04,871346.77
2025-03-18,14.04,14.28,13.45,13.92,706591.49
2025-03-19,13.92,15.04,13.77,15.02,982184.27
2025-03-20,15.02,15.17,14.08,14.22,1066754.9
2025-03-21,14.22,14.39,13.82,13.96,720094.21
2025-03-22,13.96,14.51,13.93,14.24,585305.89
2025-03-23,14.24,14.5,14.21,14.47,576792.01
2025-03-24,14.47,15.4,14.16,15.12,1348504.86
2025-03-25,15.12,15.61,14.86,15.43,865498.38
2025-03-26,15.43,16.0,14.94,15.24,1203852.8
2025-03-27,15.24,15.8,15.17,15.53,963119.01
2025-03-28,15.53,15.59,14.0,14.26,1283444.31
2025-03-29,14.26,14.42,13.37,13.55,919664.42
2025-03-30,13.55,13.87,13.19,13.42,788075.56
2025-03-31,13.42,13.72,12.96,13.51,1040779.22
2025-04-01,13.51,14.4,13.49,14.04,1049716.69
2025-04-02,14.04,14.39,12.81,12.9,2456149.52
2025-04-03,12.9,13.31,12.3,12.9,1889823.03
2025-04-04,12.9,13.2,12.35,12.94,1822883.59
2025-04-05,12.94,13.06,12.57,12.85,551309.27
2025-04-06,12.85,12.96,11.0,11.29,1607016.69
2025-04-07,11.29,11.88,10.1,11.45,5097345.82
2025-04-08,11.45,11.89,10.78,10.92,1713513.28
2025-04-09,10.92,12.83,10.44,12.65,3375330.24
2025-04-10,12.65,12.67,11.67,12.08,1628519.34
2025-04-11,12.08,12.91,12.02,12.65,1294964.12
2025-04-12,12.65,13.29,12.47,13.14,961608.09
2025-04-13,13.14,13.23,12.43,12.62,1216544.98
2025-04-14,12.62,13.25,12.57,12.63,1105112.26
2025-04-15,12.63,12.84,12.21,12.24,1237561.0
2025-04-16,12.24,12.53,11.9,12.36,1125370.82
2025-04-17,12.36,12.71,12.2,12.54,848511.24
2025-04-18,12.54,12.72,12.4,12.56,342998.61
2025-04-19,12.56,13.05,12.53,12.94,257391.78
2025-04-20,12.94,13.6,12.87,13.28,453360.96
2025-04-21,13.28,13.7,12.96,13.11,986957.69
2025-04-22,13.11,14.18,12.88,14.13,1472454.79
2025-04-23,14.13,15.28,14.01,15.01,1645398.66
2025-04-24,15.01,15.14,14.15,15.05,1217945.77
2025-04-25,15.05,15.36,14.7,14.91,1432690.1
2025-04-26,14.91,15.28,14.67,14.86,848253.86
2025-04-27,14.86,15.09,14.37,14.55,881290.97
2025-04-28,14.55,15.11,14.24,15.02,1201643.24
2025-04-29,15.02,15.24,14.47,14.6,858765.91
2025-04-30,14.6,14.76,13.83,14.3,842666.74
2025-05-01,14.3,15.04,14.3,14.75,1145917.01
2025-05-02,14.75,15.03,14.5,14.65,1061904.25
2025-05-03,14.65,14.67,14.16,14.24,703996.44
2025-05-04,14.24,14.37,13.81,13.86,675133.19
2025-05-05,13.86,14.2,13.48,13.64,1015484.41
2025-05-06,13.64,13.89,13.2,13.83,832128.78
2025-05-07,13.83,14.09,13.46,13.81,738107.38
2025-05-08,13.81,15.98,13.81,15.89,2173079.84
2025-05-09,15.89,16.73,15.58,16.02,2605698.11
2025-05-10,16.02,17.46,15.86,17.33,2034102.04
2025-05-11,17.33,17.42,16.3,17.1,1859968.28
2025-05-12,17.1,17.97,16.02,16.73,2480698.01
2025-05-13,16.73,17.81,16.03,17.4,2009210.01
2025-05-14,17.4,17.53,16.67,17.02,1450934.36
2025-05-15,17.02,17.21,15.69,16.04,1752410.14
2025-05-16,16.04,16.55,15.6,15.75,1224173.92
2025-05-17,15.75,15.78,15.08,15.32,1057387.65
2025-05-18,15.32,16.4,14.89,15.88,1654675.73
2025-05-19,15.88,16.0,14.84,15.78,1653517.54
2025-05-20,15.78,16.42,15.24,15.7,1771301.02
2025-05-21,15.7,16.49,15.51,16.09,2377214.52
2025-05-22,16.09,16.91,16.04,16.74,1839950.33
2025-05-23,16.74,17.16,15.42,15.53,2313229.81
2025-05-24,15.53,15.91,15.24,15.35,1020657.22
2025-05-25,15.35,15.56,14.86,15.53,917178.22
2025-05-26,15.53,15.96,15.4,15.54,951294.67
2025-05-27,15.54,16.13,15.15,15.91,1128926.89
2025-05-28,15.91,16.16,15.3,15.68,932457.48
2025-05-29,15.68,16.19,15.0,15.04,1395576.12
2025-05-30,15.04,15.13,13.76,13.9,2237704.65
2025-05-31,13.9,14.18,13.39,13.97,1259185.67
2025-06-01,13.97,14.13,13.57,14.07,641016.54
2025-06-02,14.07,14.13,13.59,14.08,718361.73
2025-06-03,14.08,14.45,13.98,14.12,928769.23
2025-06-04,14.12,14.48,13.71,13.83,707128.2
2025-06-05,13.83,14.04,12.64,12.88,1623154.45
2025-06-06,12.88,13.69,12.82,13.56,1048978.8
2025-06-07,13.56,14.09,13.48,13.83,699839.29
2025-06-08,13.83,13.98,13.55,13.73,541043.39
2025-06-09,13.73,14.4,13.54,14.35,906371.53
2025-06-10,14.35,15.53,14.32,15.44,1677984.94
2025-06-11,15.44,15.66,14.77,14.89,1564703.84
2025-06-12,14.89,14.93,13.83,13.97,1535948.36
2025-06-13,13.97,13.99,12.76,13.44,2440516.4
2025-06-14,13.44,13.46,12.83,13.16,671936.78
2025-06-15,13.16,13.33,13.0,13.3,574487.14
2025-06-16,13.3,14.17,13.17,13.57,1246862.29
2025-06-17,13.57,13.79,12.8,12.99,1727374.68
2025-06-18,12.99,13.23,12.63,13.11,1235122.17
2025-06-19,13.11,13.38,12.91,13.07,1125647.2
2025-06-20,13.07,13.29,12.3,12.5,1667797.18
2025-06-21,12.5,12.75,11.69,12.02,1462271.64
2025-06-22,12.02,12.2,10.93,11.66,3330622.42
2025-06-23,11.66,12.95,11.4,12.83,2569361.16
2025-06-24,12.83,13.73,12.78,13.41,2277967.54
2025-06-25,13.41,13.51,12.98,13.13,1497111.21
2025-06-26,13.13,13.57,12.87,12.94,1121428.76
2025-06-27,12.94,13.24,12.73,13.05,925017.72
2025-06-28,13.05,13.45,13.0,13.39,706477.49
2025-06-29,13.39,13.88,13.24,13.71,913627.55
2025-06-30,13.71,13.78,13.12,13.37,1451840.53
2025-07-01,13.37,13.44,12.79,12.9,1034862.85
2025-07-02,12.9,13.85,12.73,13.55,1910949.42
2025-07-03,13.55,14.08,13.43,13.67,1760757.77
2025-07-04,13.67,13.79,12.93,13.17,1211748.05
2025-07-05,13.17,13.27,12.99,13.22,541750.2
2025-07-06,13.22,13.69,13.1,13.48,786079.94
2025-07-07,13.48,13.73,13.24,13.43,1005436.61
2025-07-08,13.43,14.0,13.2,13.96,1178853.79
2025-07-09,13.96,14.38,13.81,14.25,1914397.07
2025-07-10,14.25,15.34,14.15,15.23,2014660.25
2025-07-11,15.23,15.88,15.02,15.29,2911203.32
2025-07-12,15.29,15.48,14.71,15.1,1163111.15
2025-07-13,15.1,15.95,15.04,15.65,1604508.56
2025-07-14,15.65,16.47,15.57,15.75,2475606.11
2025-07-15,15.75,16.19,15.14,16.12,2528248.69
2025-07-16,16.12,17.04,15.82,16.68,2977424.37
2025-07-17,16.68,18.09,16.32,17.99,3246058.31
2025-07-18,17.99,19.15,17.32,17.83,4990258.3
2025-07-19,17.83,18.55,17.53,18.39,2034486.73
2025-07-20,18.39,19.97,18.32,19.28,3326596.33
2025-07-21,19.28,20.28,18.98,19.49,2992353.85
2025-07-22,19.49,19.99,18.62,19.65,3195469.17
2025-07-23,19.65,19.76,17.55,18.18,2700682.36
2025-07-24,18.18,18.69,17.15,17.91,2367850.95
2025-07-25,17.91,18.49,17.25,18.28,2124253.24
2025-07-26,18.28,18.63,18.16,18.41,1134727.11
2025-07-27,18.41,19.3,18.35,19.24,1624352.65
2025-07-28,19.24,19.56,17.96,18.12,1587542.14
2025-07-29,18.12,18.64,17.47,17.83,1711143.06
2025-07-30,17.83,17.95,16.77,17.71,1923918.38
2025-07-31,17.71,18.27,16.84,16.92,1982059.08
2025-08-01,16.92,17.03,15.67,16.07,3402445.49
2025-08-02,16.07,16.26,15.43,15.64,1610357.08
2025-08-03,15.64,16.4,15.43,16.29,898566.48
2025-08-04,16.29,17.21,16.27,17.12,1481368.1
2025-08-05,17.12,17.13,16.07,16.39,1701837.39
2025-08-06,16.39,16.9,16.03,16.68,1027189.75
2025-08-07,16.68,18.5,16.57,18.47,2959336.37
2025-08-08,18.47,19.98,18.08,19.89,3339865.44
2025-08-09,19.89,21.99,19.78,21.94,2078307.48
2025-08-10,21.94,22.7,21.15,22.07,2350904.31
2025-08-11,22.07,22.61,20.84,21.06,2012672.11
2025-08-12,21.06,24.2,21.0,23.6,3023603.54
2025-08-13,23.6,24.74,23.24,23.97,2886565.96
2025-08-14,23.97,24.31,21.53,22.45,4119036.71
2025-08-15,22.45,23.05,21.36,21.76,3070304.61
2025-08-16,21.76,22.98,21.39,22.64,2736021.3
2025-08-17,22.64,26.33,22.36,25.64,6100986.6
2025-08-18,25.64,26.73,24.29,25.78,6938907.59
2025-08-19,25.78,25.82,23.44,23.55,3379902.4
2025-08-20,23.55,26.89,23.37,26.45,3952599.48
2025-08-21,26.45,26.59,24.63,24.82,2344597.55
2025-08-22,24.82,27.87,24.11,26.79,4302267.31
2025-08-23,26.79,26.83,25.54,26.28,1755170.62
2025-08-24,26.28,26.62,25.27,25.81,1950763.45
2025-08-25,25.81,26.47,23.1,23.38,2753654.53
2025-08-26,23.38,24.75,22.87,24.38,2257281.15
2025-08-27,24.38,24.68,23.58,23.77,1892691.85
2025-08-28,23.77,26.02,23.55,25.18,3102871.93
2025-08-29,25.18,25.22,23.11,23.43,2676449.86
2025-08-30,23.43,23.52,22.83,23.5,793165.65
2025-08-31,23.5,24.05,23.18,23.2,1204610.25
2025-09-01,23.2,23.87,22.09,22.51,1995020.15
2025-09-02,22.51,23.6,22.34,23.49,1596439.41
2025-09-03,23.49,23.91,23.21,23.69,1061109.42
2025-09-04,23.69,23.97,22.18,22.31,1137100.1
2025-09-05,22.31,23.24,22.04,22.28,1872711.99
2025-09-06,22.28,22.52,21.87,22.2,690156.34
2025-09-07,22.2,22.6,22.11,22.46,533323.04
2025-09-08,22.46,23.3,22.23,23.04,2175584.74
2025-09-09,23.04,23.82,22.83,23.05,2444837.04
2025-09-10,23.05,23.93,22.88,23.57,1233542.02
2025-09-11,23.57,24.5,23.31,24.46,1243830.32
2025-09-12,24.46,25.33,24.16,25.12,1313626.5
2025-09-13,25.12,25.64,24.43,24.88,1115269.55
2025-09-14,24.88,25.02,23.84,24.09,745716.21
2025-09-15,24.09,24.44,22.98,23.57,962420.95
2025-09-16,23.57,23.76,23.09,23.49,693751.48
2025-09-17,23.49,24.24,22.76,23.99,1700508.88
2025-09-18,23.99,24.75,23.68,24.62,929818.65
2025-09-19,24.62,24.89,23.27,23.48,1127032.75
2025-09-20,23.48,23.65,23.09,23.33,489172.21
2025-09-21,23.33,23.49,22.9,22.95,436968.97
2025-09-22,22.95,23.05,20.27,21.66,1932364.93
2025-09-23,21.66,22.04,21.17,21.52,882660.32
2025-09-24,21.52,21.97,20.98,21.6,956442.93
2025-09-25,21.6,21.66,19.83,20.15,1644064.94
2025-09-26,20.15,21.25,19.93,21.06,1188470.7
2025-09-27,21.06,21.15,20.72,20.91,321542.9
2025-09-28,20.91,21.72,20.43,21.67,483741.27
2025-09-29,21.67,21.9,20.91,21.73,681578.48
2025-09-30,21.73,21.87,20.97,21.3,800454.92
2025-10-01,21.3,22.63,21.06,22.58,863744.04
2025-10-02,22.58,23.13,21.93,22.78,1079642.08
2025-10-03,22.78,23.08,22.09,22.5,1128297.19
2025-10-04,22.5,22.62,21.76,22.01,569291.49
2025-10-05,22.01,22.94,21.88,21.99,727992.97
2025-10-06,21.99,23.6,21.5,23.37,1513694.76
2025-10-07,23.37,23.73,21.76,21.8,1596682.77
2025-10-08,21.8,22.67,21.63,22.62,766226.0
2025-10-09,22.62,22.68,21.32,22.0,883576.25
2025-10-10,22.0,22.78,8.17,17.3,5822865.35
2025-10-11,17.3,18.52,16.6,17.2,3105341.92
2025-10-12,17.2,19.43,16.68,18.99,2014051.83
2025-10-13,18.99,20.19,18.75,19.84,2222293.08
2025-10-14,19.84,20.07,18.07,19.11,2061839.12
2025-10-15,19.11,19.26,17.73,18.06,1235668.74
2025-10-16,18.06,18.62,17.1,17.43,1354931.05
2025-10-17,17.43,17.69,15.69,16.59,2103928.53
2025-10-18,16.59,17.0,16.57,16.81,605943.55
2025-10-19,16.81,17.66,16.52,17.29,1070637.69
2025-10-20,17.29,19.19,16.93,18.66,2007340.28
2025-10-21,18.66,18.96,17.53,17.59,3244820.92
2025-10-22,17.59,17.84,16.73,17.2,3632238.64
2025-10-23,17.2,17.79,17.1,17.44,2698610.82
2025-10-24,17.44,18.09,17.29,17.9,2386146.54
2025-10-25,17.9,18.25,17.78,18.01,1112901.45
2025-10-26,18.01,18.69,17.69,18.54,2472241.5
2025-10-27,18.54,19.06,18.09,18.22,3288905.88
2025-10-28,18.22,18.82,17.44,17.83,3244392.15
2025-10-29,17.83,18.68,17.52,18.13,4129073.64
2025-10-30,18.13,18.43,16.32,16.8,5151314.22
2025-10-31,16.8,17.45,16.73,17.25,3093478.88
2025-11-01,17.25,17.44,17.04,17.15,1594196.74
2025-11-02,17.15,17.64,16.99,17.59,1836980.49
2025-11-03,17.59,17.66,14.57,15.24,6167454.04
2025-11-04,15.24,15.51,13.7,14.69,8733829.88
