timestamp,open,high,low,close,volume
2019-01-01,29.89,31.74,29.63,31.47,811932.0242
2019-01-02,31.47,33.25,31.21,32.69,766820.2046
2019-01-03,32.69,32.78,30.73,31.37,767845.7226
2019-01-04,31.37,32.55,30.75,31.78,819764.3979
2019-01-05,31.78,36.0,31.76,34.34,954380.4461
2019-01-06,34.34,39.53,34.07,38.34,960051.0036
2019-01-07,38.34,39.01,36.84,37.26,955597.132
2019-01-08,37.26,40.67,37.23,38.72,1047409.4429
2019-01-09,38.72,39.68,38.0,38.14,894139.9997
2019-01-10,38.14,38.75,31.62,32.82,1000096.1581
2019-01-11,32.82,33.2,30.86,31.41,839535.5312
2019-01-12,31.41,32.07,31.14,31.65,679913.5692
2019-01-13,31.65,32.61,29.2,29.58,751936.9959
2019-01-14,29.58,32.46,29.46,31.6,664316.8663
2019-01-15,31.6,32.16,30.11,30.77,645124.3583
2019-01-16,30.77,31.79,30.5,31.24,1447335.7419
2019-01-17,31.24,31.5,29.9,31.29,1831434.925
2019-01-18,31.29,31.49,30.35,30.75,1462644.7257
2019-01-19,30.75,32.85,30.69,32.13,976808.3279
2019-01-20,32.13,33.02,30.27,30.58,1030476.0445
2019-01-21,30.58,31.17,30.38,30.9,911496.9415
2019-01-22,30.9,31.97,29.61,31.52,1188688.2135
2019-01-23,31.52,32.16,31.25,31.69,1694219.0232
2019-01-24,31.69,33.02,31.06,32.48,1264385.4852
2019-01-25,32.48,33.0,31.93,32.58,867011.0632
2019-01-26,32.58,33.91,32.57,32.9,852267.4592
2019-01-27,32.9,33.17,31.59,32.23,859545.4854
2019-01-28,32.23,32.51,30.03,30.93,873502.6824
2019-01-29,30.93,31.22,30.03,30.86,881733.8452
2019-01-30,30.86,31.98,30.51,31.72,867167.5866
2019-01-31,31.72,32.31,31.15,31.36,797707.7175
2019-02-01,31.36,33.57,30.81,32.6,806647.9185
2019-02-02,32.6,34.92,32.52,34.57,792611.2659
2019-02-03,34.57,34.87,32.91,33.41,813972.7989
2019-02-04,33.41,34.5,33.37,34.08,786133.141
2019-02-05,34.08,34.54,33.67,34.31,733873.3708
2019-02-06,34.31,34.45,32.32,32.83,801932.2391
2019-02-07,32.83,33.62,32.75,33.19,794083.9577
2019-02-08,33.19,46.15,32.85,43.05,859140.9057
2019-02-09,43.05,46.45,42.16,44.73,849741.7405
2019-02-10,44.73,47.28,42.25,46.74,828565.2461
2019-02-11,46.74,46.83,42.04,42.87,828277.5886
2019-02-12,42.87,44.43,42.04,43.96,759739.7456
2019-02-13,43.96,44.63,40.66,41.62,751150.2358
2019-02-14,41.62,42.39,40.46,41.27,746515.8154
2019-02-15,41.27,44.5,41.19,42.58,757505.4555
2019-02-16,42.58,44.31,42.24,43.34,738621.0245
2019-02-17,43.34,45.07,42.71,43.92,704280.5685
2019-02-18,43.92,49.0,43.7,47.87,746526.3965
2019-02-19,47.87,48.91,46.66,47.22,751499.7573
2019-02-20,47.22,52.14,46.4,51.53,766799.1533
2019-02-21,51.53,51.6,47.8,48.91,751688.0628
2019-02-22,48.91,50.25,48.09,49.24,754543.9745
2019-02-23,49.24,51.99,48.03,51.4,711674.0616
2019-02-24,51.4,53.75,42.49,43.77,779818.6705
2019-02-25,43.77,46.74,43.65,45.37,545978.0378
2019-02-26,45.37,45.88,44.18,44.79,462766.2306
2019-02-27,44.79,45.56,42.74,45.13,410952.2508
2019-02-28,45.13,46.58,44.7,45.64,465208.7439
2019-03-01,45.64,48.81,45.62,47.08,409315.4277
2019-03-02,47.08,49.36,46.7,48.44,430598.7132
2019-03-03,48.44,49.04,47.46,47.85,410007.007
2019-03-04,47.85,48.16,44.74,45.83,482161.9882
2019-03-05,45.83,54.0,45.38,52.61,544764.0414
2019-03-06,52.61,56.16,51.33,55.36,222313.7468
2019-03-07,55.36,58.5,54.46,56.72,175739.179
2019-03-08,56.72,57.34,54.37,55.62,183578.789
2019-03-09,55.6,59.19,55.47,57.87,157032.8094
2019-03-10,57.87,57.99,55.96,56.68,148639.2846
2019-03-11,56.68,57.33,54.14,54.79,394533.2203
2019-03-12,54.21,56.98,52.36,56.6,1350542.1097
2019-03-13,56.6,56.84,54.3,55.33,1902473.3602
2019-03-14,55.33,58.06,53.55,55.87,1963291.897
2019-03-15,55.87,59.14,55.87,58.56,1719115.407
2019-03-16,58.56,61.95,58.45,61.19,1194817.0086
2019-03-17,61.19,61.33,59.66,60.48,1031039.6187
2019-03-18,60.48,62.56,58.24,59.15,712801.9127
2019-03-19,59.15,59.92,58.37,59.53,1176404.5388
2019-03-20,59.53,60.62,57.19,60.27,1315036.9246
2019-03-21,60.27,60.62,57.24,58.54,1428135.9446
2019-03-22,58.54,59.56,58.1,59.29,1373402.7129
2019-03-23,59.29,61.84,58.95,60.94,593716.7603
2019-03-24,60.94,60.94,58.97,59.85,243175.1475
2019-03-25,59.85,60.7,58.26,58.99,240753.8901
2019-03-26,58.99,59.32,57.36,58.81,267881.318
2019-03-27,58.81,61.86,58.6,61.45,271619.051
2019-03-28,61.45,61.51,60.14,60.5,259173.6668
2019-03-29,60.5,61.72,60.15,61.37,275515.0297
2019-03-30,61.37,61.52,59.7,60.48,278174.5531
2019-03-31,60.48,60.71,59.82,60.55,271593.7194
2019-04-01,60.55,60.88,60.12,60.46,243311.2826
2019-04-02,60.46,78.22,60.16,76.75,254123.7214
2019-04-03,76.75,98.13,76.36,85.1,129472.7867
2019-04-04,85.1,89.76,80.36,84.7,108965.0719
2019-04-05,84.7,89.8,84.22,88.19,69992.67
2019-04-06,88.19,97.42,85.41,92.25,77663.3622
2019-04-07,92.25,95.39,88.98,91.48,75914.3735
2019-04-08,91.48,93.59,85.36,88.56,80512.2482
2019-04-09,88.56,88.68,83.23,86.11,70386.7837
2019-04-10,86.11,90.96,85.95,88.15,61714.4747
2019-04-11,88.15,88.42,74.68,78.91,87907.5631
2019-04-12,78.91,80.38,75.01,78.44,73540.6453
2019-04-13,78.44,81.01,75.57,77.6,77266.6996
2019-04-14,77.6,83.32,76.12,83.32,102363.4328
2019-04-15,83.32,84.26,75.87,78.21,88050.9169
2019-04-16,78.21,81.38,77.31,80.3,238190.2123
2019-04-17,80.3,81.2,78.28,78.81,284269.3112
2019-04-18,78.81,82.88,78.73,81.69,362691.2758
2019-04-19,81.69,82.85,79.87,82.04,378018.4906
2019-04-20,82.04,82.42,79.48,81.15,433741.4352
2019-04-21,81.15,81.71,73.15,76.64,613964.1381
2019-04-22,76.64,77.57,74.93,76.47,551559.4014
2019-04-23,76.47,79.21,73.53,73.67,574756.8404
2019-04-24,73.68,74.66,70.03,72.86,723191.4703
2019-04-25,72.86,74.38,70.6,71.8,603993.0998
2019-04-26,71.8,76.21,70.38,73.86,445546.0239
2019-04-27,73.86,73.95,72.02,72.25,370253.5996
2019-04-28,72.25,72.49,69.16,69.91,382515.0962
2019-04-29,69.91,70.32,66.61,67.76,406705.8575
2019-04-30,67.81,74.67,67.81,74.23,647160.3177
2019-05-01,74.23,75.29,71.89,73.35,567292.3742
2019-05-02,73.35,74.39,72.77,73.68,490162.0749
2019-05-03,73.68,80.5,73.34,79.25,576206.4154
2019-05-04,79.25,82.64,74.68,77.79,580311.5163
2019-05-05,77.79,78.03,75.55,75.62,379206.1731
2019-05-06,75.62,76.83,71.76,74.98,496520.6605
2019-05-07,74.98,78.38,73.75,74.55,500400.3465
2019-05-08,74.55,75.4,72.42,74.36,528377.2384
2019-05-09,74.36,75.87,72.88,74.19,404261.6998
2019-05-10,74.19,79.33,72.88,77.08,632752.3973
2019-05-11,77.08,95.53,77.07,88.0,1055562.9287
2019-05-12,88.0,93.95,83.74,84.85,1144381.303
2019-05-13,84.85,92.86,84.35,87.69,799291.8595
2019-05-14,87.69,94.4,86.9,91.68,535845.8691
2019-05-15,91.68,104.31,91.07,102.55,319844.6385
2019-05-16,102.55,107.69,91.36,96.03,348255.6305
2019-05-17,96.05,97.77,85.0,90.1,417649.3143
2019-05-18,90.1,90.73,85.79,87.03,427644.8221
2019-05-19,87.03,97.1,86.36,94.98,416241.4634
2019-05-20,94.98,94.98,87.26,91.18,416839.6642
2019-05-21,91.18,93.02,88.98,91.0,398833.7931
2019-05-22,91.0,92.12,86.14,87.77,404511.5947
2019-05-23,87.77,90.23,85.05,89.31,415397.7715
2019-05-24,89.31,103.85,88.77,100.55,384307.4145
2019-05-25,100.55,104.87,99.03,102.76,369043.2573
2019-05-26,102.76,114.07,99.04,111.27,346992.0686
2019-05-27,111.27,123.02,110.67,117.18,331534.3831
2019-05-28,117.18,118.85,111.61,115.34,336963.9906
2019-05-29,115.34,118.61,109.15,115.52,322792.0386
2019-05-30,115.52,120.53,103.01,108.48,336922.7724
2019-05-31,108.48,115.27,105.31,114.96,267416.0715
2019-06-01,114.96,116.57,111.19,112.49,246010.2033
2019-06-02,112.49,116.31,111.0,114.52,234803.3151
2019-06-03,114.52,115.99,105.66,106.58,245662.2749
2019-06-04,106.58,107.24,98.79,102.2,134890.4676
2019-06-05,102.2,105.0,100.08,103.68,47012.4658
2019-06-06,103.68,112.29,101.51,111.42,199599.6381
2019-06-07,111.42,120.4,109.62,116.51,230975.1779
2019-06-08,116.51,119.36,113.53,117.78,236745.3992
2019-06-09,117.78,118.69,111.41,114.55,239141.3825
2019-06-10,114.55,129.81,112.55,129.27,222730.8462
2019-06-11,129.27,138.74,125.65,135.95,209112.0373
2019-06-12,135.95,143.39,131.39,136.15,186891.6608
2019-06-13,136.15,137.16,129.02,131.45,198687.0801
2019-06-14,129.21,133.19,126.02,132.44,136241.195
2019-06-15,132.44,139.63,132.44,138.0,196061.4707
2019-06-16,138.0,138.35,133.73,136.83,202623.507
2019-06-17,136.83,137.08,132.41,134.42,200634.2547
2019-06-18,134.42,137.23,128.95,135.93,205786.1628
2019-06-19,135.93,139.78,134.12,136.61,193632.5759
2019-06-20,134.42,136.57,133.77,135.88,56594.7493
2019-06-21,135.88,141.27,135.75,138.98,195476.1881
2019-06-22,138.98,146.28,137.25,142.65,193237.6809
2019-06-23,142.69,143.64,137.01,138.04,190213.0451
2019-06-24,138.04,138.04,133.43,136.25,199153.4656
2019-06-25,136.25,138.62,130.74,136.38,202830.8619
2019-06-26,136.38,138.5,128.17,132.42,790712.4694
2019-06-27,132.42,133.62,112.18,116.24,1064162.1139
2019-06-28,116.24,122.19,114.88,120.18,1294534.4371
2019-06-29,120.18,136.66,116.53,133.99,1258335.5761
2019-06-30,133.99,136.68,120.54,122.96,1285619.0557
2019-07-01,122.96,126.87,113.87,123.16,1398095.39
2019-07-02,123.16,123.93,112.79,118.93,1409049.8469
2019-07-03,118.93,123.38,117.19,121.71,1347150.5739
2019-07-04,121.71,127.12,118.65,119.55,1413486.0206
2019-07-05,119.55,120.81,116.31,118.29,1321985.1842
2019-07-06,118.29,121.63,117.08,118.26,1075135.3776
2019-07-07,118.26,120.34,117.11,119.43,432061.8596
2019-07-08,119.43,124.99,117.72,122.86,1067968.8471
2019-07-09,122.86,123.96,117.59,119.16,1235986.4963
2019-07-10,119.16,120.07,102.38,108.41,1265865.7128
2019-07-11,108.41,108.48,95.78,102.8,1174990.4975
2019-07-12,102.8,106.97,100.68,104.73,1307319.6754
2019-07-13,104.77,104.93,97.67,101.04,1346026.3478
2019-07-14,101.06,101.98,87.89,89.76,1094898.0591
2019-07-15,89.64,92.94,84.65,90.3,1124964.0833
2019-07-16,90.24,91.83,76.55,79.71,948575.0174
2019-07-17,79.76,94.39,76.89,90.01,1273788.3797
2019-07-18,89.96,104.0,86.98,100.84,1553387.5236
2019-07-19,100.98,101.09,94.89,98.34,978516.0623
2019-07-20,98.34,105.49,97.45,100.25,827086.506
2019-07-21,100.23,101.47,96.42,99.72,826983.3725
2019-07-22,99.74,100.8,91.51,95.25,560739.061
2019-07-23,95.22,95.31,88.66,90.21,648255.3517
2019-07-24,90.2,97.26,87.27,94.51,579085.5148
2019-07-25,94.53,96.59,91.45,93.14,573881.1277
2019-07-26,93.18,94.42,90.15,94.02,440598.4739
2019-07-27,93.98,95.89,86.9,88.78,476626.4395
2019-07-28,88.88,90.77,84.05,89.9,623273.2226
2019-07-29,89.9,92.13,87.62,90.26,473988.7788
2019-07-30,90.37,92.5,88.55,90.08,710299.3142
2019-07-31,90.09,99.95,89.82,98.85,782925.9924
2019-08-01,98.85,100.37,95.68,98.65,446457.4848
2019-08-02,98.65,98.81,92.61,94.85,737078.1864
2019-08-03,94.85,96.69,93.52,94.12,654828.9519
2019-08-04,94.12,94.75,90.51,92.6,495967.7353
2019-08-05,92.6,106.49,92.6,96.55,463902.4924
2019-08-06,96.55,99.4,91.12,93.01,824227.421
2019-08-07,93.01,94.38,87.45,90.63,816256.6137
2019-08-08,90.63,92.68,88.0,90.22,831316.1201
2019-08-09,90.22,90.43,82.7,84.29,846027.7498
2019-08-10,84.29,87.46,82.51,85.44,863930.04
2019-08-11,85.44,91.5,85.22,89.83,840557.5689
2019-08-12,89.83,90.0,85.47,85.77,808709.2301
2019-08-13,85.77,86.68,83.28,84.89,829764.1442
2019-08-14,84.89,86.44,75.08,75.93,853849.8605
2019-08-15,75.93,83.48,71.35,76.32,902325.4621
2019-08-16,76.32,76.43,72.38,74.66,814111.6062
2019-08-17,74.66,75.35,71.63,72.62,829224.9368
2019-08-18,72.62,77.99,71.29,76.22,915788.6563
2019-08-19,76.22,78.94,75.53,77.19,984752.1422
2019-08-20,77.19,77.3,73.39,75.11,947480.789
2019-08-21,75.11,75.34,70.21,73.23,1155486.4197
2019-08-22,73.23,74.64,71.03,73.4,963806.0909
2019-08-23,73.4,75.86,72.28,75.33,676841.696
2019-08-24,75.33,75.59,71.58,73.36,663876.5819
2019-08-25,73.36,74.89,70.65,72.09,544459.0667
2019-08-26,72.09,75.33,72.09,73.53,749073.3194
2019-08-27,73.53,73.72,72.14,72.86,480265.2033
2019-08-28,72.86,73.05,65.04,66.82,674930.0849
2019-08-29,66.82,66.87,62.18,63.68,978161.1408
2019-08-30,63.68,65.62,62.33,64.21,662870.6989
2019-08-31,64.21,65.31,62.34,64.2,735847.2529
2019-09-01,64.2,67.12,63.77,65.8,696250.4469
2019-09-02,65.8,67.8,64.91,66.95,827733.5641
2019-09-03,66.95,70.92,66.46,69.0,843055.43
2019-09-04,69.0,69.18,66.44,67.03,745660.8457
2019-09-05,67.03,67.36,64.12,65.21,530254.4497
2019-09-06,65.21,68.0,64.07,64.84,833394.9605
2019-09-07,64.84,70.55,64.55,68.74,739494.532
2019-09-08,68.74,71.4,68.35,70.46,922607.8751
2019-09-09,70.46,71.25,68.06,69.9,829854.5151
2019-09-10,69.9,73.05,69.81,70.87,676186.2421
2019-09-11,70.87,71.69,68.28,69.79,649000.6708
2019-09-12,69.79,70.02,68.31,69.16,720032.4388
2019-09-13,69.16,69.59,67.47,68.9,571216.6594
2019-09-14,68.9,71.26,68.17,70.51,598052.5179
2019-09-15,70.51,71.27,69.57,70.06,774169.2085
2019-09-16,70.06,73.66,69.41,72.67,641277.7187
2019-09-17,72.67,77.44,72.13,74.04,547573.7882
2019-09-18,74.04,80.22,74.0,77.77,1093004.9516
2019-09-19,77.77,77.78,72.67,76.56,1259409.5303
2019-09-20,76.56,77.1,72.87,75.08,840615.2896
2019-09-21,75.08,75.56,72.12,73.23,533009.999
2019-09-22,73.23,73.26,71.06,72.24,685232.622
2019-09-23,72.24,74.2,62.05,66.51,772700.2859
2019-09-24,66.51,67.42,54.1,54.58,1062166.6713
2019-09-25,54.58,58.35,52.98,57.38,2174402.9521
2019-09-26,57.38,57.53,50.37,55.15,1090356.3994
2019-09-27,55.15,56.64,52.7,55.85,1189925.2864
2019-09-28,55.85,56.12,53.74,55.4,913449.2733
2019-09-29,55.4,55.59,52.2,53.83,659270.5234
2019-09-30,53.83,56.3,52.51,56.04,1073810.8809
2019-10-01,56.04,57.6,54.82,55.57,964240.9946
2019-10-02,55.57,56.67,55.14,56.25,894292.9104
2019-10-03,56.25,57.01,53.7,56.44,756127.6015
2019-10-04,56.44,57.52,55.29,56.27,808251.3862
2019-10-05,56.27,57.43,55.57,56.66,756018.5536
2019-10-06,56.66,56.8,53.07,54.49,732486.2957
2019-10-07,54.49,58.64,53.29,57.43,854339.6723
2019-10-08,57.43,58.43,56.5,57.01,800837.9595
2019-10-09,57.01,60.0,56.58,59.13,942047.0644
2019-10-10,59.13,59.32,57.01,57.49,848890.6095
2019-10-11,57.49,58.43,55.37,55.83,816529.5882
2019-10-12,55.83,56.49,55.45,55.7,647467.3988
2019-10-13,55.7,57.65,55.5,56.47,553099.318
2019-10-14,56.47,57.1,56.0,56.81,640852.4534
2019-10-15,56.81,57.35,53.49,54.57,648876.5662
2019-10-16,54.57,55.39,51.1,52.45,787343.8743
2019-10-17,52.45,55.21,51.57,54.92,628442.4206
2019-10-18,54.92,54.99,52.22,53.18,736827.0793
2019-10-19,53.18,54.09,52.56,53.76,556654.834
2019-10-20,53.76,55.46,52.62,54.84,550099.4908
2019-10-21,54.84,55.76,53.69,54.59,560914.0425
2019-10-22,54.59,55.08,53.06,53.4,572872.9858
2019-10-23,53.4,53.44,47.23,49.47,1057268.2405
2019-10-24,49.47,50.25,48.31,49.55,841762.5853
2019-10-25,49.55,58.65,49.01,56.96,966678.4248
2019-10-26,56.96,63.3,54.13,56.69,1656756.2773
2019-10-27,56.69,62.68,55.64,59.78,1056678.2083
2019-10-28,59.78,62.5,57.4,57.71,954173.8132
2019-10-29,57.71,60.71,57.68,59.75,659999.6205
2019-10-30,59.75,61.0,56.99,57.9,903676.1919
2019-10-31,57.9,59.5,57.08,58.27,832920.3068
2019-11-01,58.27,58.77,56.88,58.19,707880.0165
2019-11-02,58.19,59.18,57.75,58.24,650029.0903
2019-11-03,58.24,58.73,57.19,58.27,661354.6732
2019-11-04,58.27,62.35,57.88,61.26,924342.9621
2019-11-05,61.26,64.12,61.05,63.15,1063235.7173
2019-11-06,63.15,64.26,62.6,64.1,555670.3657
2019-11-07,64.1,64.28,60.18,61.38,647395.9523
2019-11-08,61.38,62.48,58.94,60.35,814376.5266
2019-11-09,60.35,62.39,60.16,62.04,697073.3838
2019-11-10,62.04,66.0,61.0,63.69,811587.8726
2019-11-11,63.69,64.33,60.54,61.79,685663.2308
2019-11-12,61.79,62.25,59.78,61.42,574494.1138
2019-11-13,61.42,62.02,60.27,60.97,543178.7028
2019-11-14,60.97,61.12,58.43,59.04,682455.3485
2019-11-15,59.04,60.75,56.35,57.6,732273.5373
2019-11-16,57.6,58.99,57.15,58.27,674040.563
2019-11-17,58.27,59.95,57.6,59.21,681611.7292
2019-11-18,59.21,59.28,54.0,55.81,703022.4192
2019-11-19,55.81,56.23,54.2,55.13,614640.9191
2019-11-20,55.13,56.17,54.61,55.0,763069.9361
2019-11-21,55.0,55.31,48.6,50.62,891696.3895
2019-11-22,50.62,51.53,43.66,47.29,1321278.9723
2019-11-23,47.29,48.54,46.16,48.1,850805.1503
2019-11-24,48.1,48.25,43.51,43.86,986049.0195
2019-11-25,43.86,47.5,42.13,45.54,1236527.4649
2019-11-26,45.54,47.53,45.23,46.87,886912.2729
2019-11-27,46.87,48.67,44.55,47.67,1002230.361
2019-11-28,47.67,47.99,46.23,46.77,747896.7182
2019-11-29,46.77,49.29,46.7,48.62,907385.2987
2019-11-30,48.62,48.75,46.67,47.22,771876.0319
2019-12-01,47.22,48.4,45.52,47.48,901130.2328
2019-12-02,47.48,47.61,44.7,45.43,840469.6532
2019-12-03,45.43,46.21,44.4,44.76,845215.2815
2019-12-04,44.76,46.76,43.73,44.63,884493.3734
2019-12-05,44.63,45.19,43.69,44.79,777012.331
2019-12-06,44.79,45.49,44.06,45.28,826825.8364
2019-12-07,45.28,46.48,44.94,45.13,783633.8999
2019-12-08,45.13,46.17,44.79,45.55,716119.0945
2019-12-09,45.55,45.85,44.05,44.46,729217.6726
2019-12-10,44.46,44.59,43.61,44.09,643379.3914
2019-12-11,44.09,44.43,43.31,43.71,589903.5495
2019-12-12,43.71,44.1,42.88,43.66,721779.4672
2019-12-13,43.66,44.52,43.44,44.44,620259.2925
2019-12-14,44.44,44.63,43.2,43.31,589562.0706
2019-12-15,43.31,43.98,42.93,43.48,558757.5681
2019-12-16,43.48,43.56,39.09,40.01,865238.8855
2019-12-17,40.01,40.13,36.25,36.94,1175833.7051
2019-12-18,36.94,41.5,35.87,40.78,1550285.4404
2019-12-19,40.78,41.07,39.11,39.66,1088620.8212
2019-12-20,39.66,40.39,39.25,40.17,899564.9011
2019-12-21,40.17,40.2,39.41,39.65,765384.5944
2019-12-22,39.65,42.15,39.64,41.82,900868.5501
2019-12-23,41.82,42.63,40.22,40.56,977524.2895
2019-12-24,40.56,41.12,39.73,40.34,917610.1055
2019-12-25,40.34,40.44,39.42,40.1,862290.3539
2019-12-26,40.1,41.66,39.6,40.01,907093.4343
2019-12-27,40.01,41.43,39.7,40.96,949958.6656
2019-12-28,40.96,43.74,40.9,42.82,1089679.4348
2019-12-29,42.82,43.74,42.16,43.11,1068949.0955
2019-12-30,43.11,44.15,41.82,42.39,983586.6028
2019-12-31,42.39,43.07,41.04,41.29,972329.486
2020-01-01,41.29,42.1,41.15,41.63,772254.7424
2020-01-02,41.63,41.73,39.22,39.44,774988.7909
2020-01-03,39.44,42.34,38.81,42.18,1112867.4253
2020-01-04,42.18,42.87,41.77,42.79,873861.8572
2020-01-05,42.79,44.61,42.6,43.32,922340.3114
2020-01-06,43.32,46.0,43.17,45.77,889242.7025
2020-01-07,45.77,46.82,44.52,46.3,1040350.4951
2020-01-08,46.3,48.51,44.13,45.35,1062027.241
2020-01-09,45.35,45.79,43.94,44.77,1023205.4375
2020-01-10,44.77,49.65,43.79,49.06,1340712.5008
2020-01-11,49.06,51.92,47.81,49.4,1277662.8621
2020-01-12,49.4,51.74,48.82,51.43,1180718.446
2020-01-13,51.43,51.62,48.92,49.58,1161974.9719
2020-01-14,49.58,60.78,49.58,58.43,1798595.4868
2020-01-15,58.43,60.26,55.32,58.18,1555101.8283
2020-01-16,58.18,58.49,54.78,57.63,1101265.4418
2020-01-17,57.63,63.26,56.74,61.04,1592520.4852
2020-01-18,61.04,62.49,58.01,59.32,1622497.9001
2020-01-19,59.32,62.55,55.36,57.63,1571551.5499
2020-01-20,57.63,58.3,55.82,57.17,1171645.4252
2020-01-21,57.17,58.11,55.95,57.59,1051492.5291
2020-01-22,57.59,59.34,57.16,58.34,1031717.8546
2020-01-23,58.34,58.4,52.44,54.53,1195569.9175
2020-01-24,54.53,55.39,50.67,54.35,1262110.9142
2020-01-25,54.35,54.39,52.22,53.23,1057608.1871
2020-01-26,53.23,56.68,52.81,56.28,1162619.0198
2020-01-27,56.28,59.66,55.93,58.59,1289094.6285
2020-01-28,58.59,61.61,57.31,60.56,1401720.6904
2020-01-29,60.56,62.57,59.39,59.82,1242212.8701
2020-01-30,59.82,70.23,58.25,67.91,1617416.8668
2020-01-31,67.91,70.02,65.39,67.99,1572941.6653
2020-02-01,67.99,72.94,67.62,70.75,1481125.4698
2020-02-02,70.75,73.54,67.75,69.96,1465322.2055
2020-02-03,69.96,72.95,68.55,69.73,1248753.7305
2020-02-04,69.73,70.52,66.66,68.03,1152714.4611
2020-02-05,68.03,73.44,67.63,72.54,1403597.6643
2020-02-06,72.54,75.0,70.94,73.54,1394690.3651
2020-02-07,73.54,75.48,72.83,74.36,1330974.3949
2020-02-08,74.36,77.98,71.59,76.63,1370659.5082
2020-02-09,76.63,78.49,75.1,76.96,1332294.6932
2020-02-10,76.96,77.47,72.21,74.0,1432277.0301
2020-02-11,74.0,77.35,72.6,76.42,1413924.1142
2020-02-12,76.42,83.22,76.42,81.19,1520855.6015
2020-02-13,81.19,84.35,77.21,80.67,1820637.2279
2020-02-14,80.67,83.83,79.0,83.18,1518843.9843
2020-02-15,83.18,83.57,75.09,76.62,1564159.3231
2020-02-16,76.62,80.79,67.78,74.76,2039860.258
2020-02-17,74.76,75.53,68.55,73.33,2045648.2948
2020-02-18,73.33,79.01,70.1,77.27,1744806.1906
2020-02-19,77.27,79.37,67.72,70.64,1682224.8209
2020-02-20,70.64,72.38,66.23,69.37,1947011.7823
2020-02-21,69.37,75.14,68.57,73.26,1719055.7238
2020-02-22,73.26,76.73,72.31,74.75,1928430.5705
2020-02-23,74.75,79.99,74.65,79.6,1710603.0378
2020-02-24,79.6,79.79,71.75,75.51,1933806.7297
2020-02-25,75.51,76.02,69.57,71.05,1990166.0398
2020-02-26,71.05,72.15,57.21,60.47,2878375.7228
2020-02-27,60.47,65.07,57.18,61.76,2132725.8279
2020-02-28,61.76,63.42,56.83,59.87,2000611.5744
2020-02-29,59.87,61.6,57.91,58.13,1399360.9086
2020-03-01,58.13,60.27,56.2,57.67,1360697.2402
2020-03-02,57.67,62.34,57.29,61.39,1654889.3612
2020-03-03,61.39,62.41,59.52,61.03,1544719.2793
2020-03-04,61.03,61.81,58.69,60.29,1189712.1809
2020-03-05,60.29,63.18,60.28,62.11,2417606.7425
2020-03-06,62.11,63.84,61.21,63.21,3223748.3663
2020-03-07,63.21,63.87,60.04,60.43,3363623.0589
2020-03-08,60.43,60.48,50.51,50.95,5915243.6224
2020-03-09,50.95,52.23,46.65,50.48,8088438.5938
2020-03-10,50.48,51.39,48.92,50.22,5038805.967
2020-03-11,50.22,50.75,45.51,48.53,4956173.5613
2020-03-12,48.53,48.77,28.67,29.91,16505825.2136
2020-03-13,29.91,39.84,23.95,37.53,22567657.8988
2020-03-14,37.53,37.61,33.8,34.44,7757810.8093
2020-03-15,34.44,38.64,34.03,36.39,7073108.07
2020-03-16,36.39,36.42,29.4,33.27,10416324.6938
2020-03-17,33.27,35.84,32.42,34.11,7201438.1866
2020-03-18,34.11,34.84,32.36,34.72,6620879.78
2020-03-19,34.72,40.72,33.98,38.92,7737639.5592
2020-03-20,38.92,43.6,34.23,38.14,9465459.1843
2020-03-21,38.14,39.81,36.34,38.37,5859035.6704
2020-03-22,38.37,39.69,34.92,35.39,5079669.0608
2020-03-23,35.39,39.89,34.72,39.0,7374771.0721
2020-03-24,39.0,40.97,38.23,40.58,5840150.8608
2020-03-25,40.58,40.98,38.14,39.13,6464680.668
2020-03-26,39.13,40.48,38.42,40.43,5297076.6731
2020-03-27,40.43,41.17,37.9,38.03,4882976.9703
2020-03-28,38.03,39.46,36.62,38.88,4459131.9268
2020-03-29,38.88,39.15,37.0,37.13,3740395.7508
2020-03-30,37.13,39.61,37.09,38.87,4569781.0732
2020-03-31,38.87,39.34,38.41,39.07,4289471.7466
2020-04-01,39.07,39.45,37.17,39.21,4638463.9885
2020-04-02,39.21,42.88,39.01,39.92,5804569.4189
2020-04-03,39.92,41.24,39.66,40.49,3987507.134
2020-04-04,40.49,41.14,39.96,40.69,3972986.7897
2020-04-05,40.69,41.01,39.9,40.32,3005755.1267
2020-04-06,40.32,45.06,40.28,45.01,5285743.2663
2020-04-07,45.01,47.63,43.76,44.8,5382169.3167
2020-04-08,44.8,47.24,44.28,46.53,4358226.8109
2020-04-09,46.53,46.86,44.77,46.21,3877160.8273
2020-04-10,46.21,46.38,40.9,42.27,4034777.5751
2020-04-11,42.27,43.16,41.41,42.52,4289538.9931
2020-04-12,42.52,43.53,41.83,42.01,3704397.2373
2020-04-13,42.01,42.01,39.61,41.22,5356086.0755
2020-04-14,41.22,41.86,40.51,41.2,4023396.5726
2020-04-15,41.2,41.75,39.1,39.21,4388581.123
2020-04-16,39.21,43.71,37.96,42.54,5948196.8069
2020-04-17,42.54,43.0,41.6,42.19,3834493.5518
2020-04-18,42.19,44.44,42.01,44.16,4212304.9465
2020-04-19,44.16,44.3,41.65,42.24,4172801.3826
2020-04-20,42.24,43.23,39.58,40.25,4892292.9575
2020-04-21,40.25,41.33,40.05,40.61,4180865.4604
2020-04-22,40.61,42.25,40.28,41.8,3529580.5424
2020-04-23,41.8,43.86,41.0,42.99,3746132.8225
2020-04-24,42.99,44.98,42.84,44.49,4379336.2931
2020-04-25,44.49,45.59,43.88,44.37,4809851.9551
2020-04-26,44.37,45.38,43.84,44.52,3551636.3608
2020-04-27,44.52,45.18,43.17,44.48,3706639.0144
2020-04-28,44.48,46.11,43.41,45.71,3792530.7447
2020-04-29,45.71,49.92,45.67,48.76,4999355.887
2020-04-30,48.76,50.8,45.64,46.34,5909239.6035
2020-05-01,46.34,48.26,46.3,47.09,3645126.9905
2020-05-02,47.09,49.58,46.72,49.19,4012256.6327
2020-05-03,49.19,49.98,46.67,48.06,4448920.0342
2020-05-04,48.06,48.19,45.14,46.96,4525225.9604
2020-05-05,46.96,47.75,45.77,46.51,4121417.5716
2020-05-06,46.51,47.46,44.63,44.96,4024538.5339
2020-05-07,44.96,48.2,44.44,47.34,4534725.26
2020-05-08,47.34,48.4,46.33,47.71,4338107.7888
2020-05-09,47.71,49.1,46.89,46.96,4230086.277
2020-05-10,46.96,46.99,39.5,42.09,4820556.8635
2020-05-11,42.09,42.9,39.45,41.58,5944511.2569
2020-05-12,41.58,42.84,41.28,42.2,4687636.3823
2020-05-13,42.2,43.79,41.88,43.19,5161516.1613
2020-05-14,43.19,44.41,42.35,43.98,4191866.4691
2020-05-15,43.98,44.18,42.02,42.72,1916462.9036
2020-05-16,42.72,43.91,42.51,43.28,1765467.4636
2020-05-17,43.28,44.48,43.07,43.74,1455323.862
2020-05-18,43.74,46.53,43.63,45.34,1327936.8596
2020-05-19,45.34,45.81,44.09,45.69,269399.6278
2020-05-20,45.69,46.18,43.2,44.2,251182.7085
2020-05-21,44.2,44.64,41.69,42.68,287911.8997
2020-05-22,42.68,44.7,42.33,44.2,445615.4316
2020-05-23,44.2,44.77,43.68,43.86,462573.4602
2020-05-24,43.86,44.56,42.09,42.09,481573.0836
2020-05-25,42.09,43.34,41.82,42.95,699685.9054
2020-05-26,42.95,43.09,41.76,42.25,745560.5208
2020-05-27,42.25,44.06,42.22,43.84,720962.7563
2020-05-28,43.84,44.9,43.15,44.76,659464.0289
2020-05-29,44.76,45.31,44.18,44.5,708420.4192
2020-05-30,44.5,48.06,44.16,47.75,905316.7485
2020-05-31,47.75,47.79,45.09,45.63,982292.843
2020-06-01,45.63,48.73,45.35,48.24,946435.6144
2020-06-02,48.24,49.96,44.59,45.98,934461.0064
2020-06-03,45.98,47.51,45.29,47.15,801424.8111
2020-06-04,47.15,48.1,46.31,47.46,869327.9057
2020-06-05,47.46,48.0,46.46,46.81,820969.592
2020-06-06,46.81,47.24,46.16,46.8,718913.1577
2020-06-07,46.8,47.0,45.15,46.59,889250.499
2020-06-08,46.59,47.31,45.93,46.41,1125944.2422
2020-06-09,46.41,46.82,45.35,45.84,531372.5983
2020-06-10,45.84,47.19,45.59,46.67,548766.4597
2020-06-11,46.67,46.91,42.03,43.22,738831.398
2020-06-12,43.22,45.4,42.78,44.75,803363.51
2020-06-13,44.75,45.24,44.25,45.07,644961.1531
2020-06-14,45.07,45.08,43.56,44.04,577125.9273
2020-06-15,44.04,44.14,41.79,43.73,988836.5332
2020-06-16,43.73,44.2,43.33,43.87,656647.4046
2020-06-17,43.87,45.03,43.01,44.04,778755.674
2020-06-18,44.04,44.23,42.87,43.45,655115.6581
2020-06-19,43.45,43.74,42.64,42.87,681485.956393383
2020-06-20,42.87,43.88,42.3,43.55,529315.7511196254
2020-06-21,43.55,43.84,42.89,42.99,480600.56598296796
2020-06-22,42.99,44.67,42.93,44.29,512987.8341494956
2020-06-23,44.29,44.49,43.88,44.16,531456.1868598865
2020-06-24,44.16,44.66,42.09,42.67,574757.3536420201
2020-06-25,42.67,42.99,41.77,42.33,518298.4975
2020-06-26,42.33,43.59,41.43,43.09,567597.6894
2020-06-27,43.09,43.12,39.2,41.06,591049.9107
2020-06-28,41.06,42.06,40.47,41.36,572496.2635
2020-06-29,41.36,42.28,40.62,41.84,553592.4616
2020-06-30,41.84,42.07,40.75,41.17,479546.9932
2020-07-01,41.17,41.98,40.97,41.73,472809.4549
2020-07-02,41.73,41.89,40.36,41.03,534539.4008
2020-07-03,41.03,41.7,41.01,41.15,492150.9163
2020-07-04,41.15,42.22,41.06,42.12,470849.5688
2020-07-05,42.12,42.22,40.81,41.63,526668.3912
2020-07-06,41.63,44.26,41.5,44.03,603192.6874
2020-07-07,44.03,44.43,43.06,43.39,570421.7981
2020-07-08,43.39,45.61,43.13,45.35,640334.9239
2020-07-09,45.35,45.88,43.59,44.36,576507.639
2020-07-10,44.36,44.61,43.5,44.31,353900.4419
2020-07-11,44.31,44.78,43.93,44.69,110354.5709
2020-07-12,44.69,45.21,43.7,44.69,74062.3273
2020-07-13,44.69,45.53,42.69,43.95,116352.542
2020-07-14,43.95,43.99,42.89,43.88,33034.9991
2020-07-15,43.88,44.06,42.89,43.33,14140.8291
2020-07-16,43.33,43.49,40.96,42.12,23769.534
2020-07-17,42.12,42.5,41.75,41.95,25289.3529
2020-07-18,41.95,42.87,41.75,42.5,24689.4532
2020-07-19,42.5,42.87,41.9,42.67,26408.3948
2020-07-20,42.67,42.83,41.4,41.92,25063.6037
2020-07-21,41.92,44.09,41.85,43.77,30224.8098
2020-07-22,43.77,45.11,43.19,44.98,28842.3141
2020-07-23,44.98,45.66,44.49,44.9,30087.6344
2020-07-24,44.9,44.97,43.91,44.17,33610.9084
2020-07-25,44.17,49.55,43.98,49.14,46814.6515
2020-07-26,49.14,50.78,47.57,48.09,45238.371
2020-07-27,48.09,55.74,46.9,53.31,69123.9957
2020-07-28,53.31,57.83,51.69,55.72,82790.6297
2020-07-29,55.72,56.98,54.79,55.17,54741.8038
2020-07-30,55.17,58.55,53.92,56.73,52829.9117
2020-07-31,56.73,59.19,55.76,58.14,47909.5472
2020-08-01,58.14,62.23,57.54,61.67,57932.9454
2020-08-02,61.67,65.13,52.55,56.75,95749.0904
2020-08-03,56.75,59.99,55.8,58.51,50863.0801
2020-08-04,58.51,59.61,56.39,57.59,47639.9222
2020-08-05,57.59,59.77,56.72,58.89,45435.7841
2020-08-06,58.89,60.69,57.67,59.05,44144.651
2020-08-07,59.05,61.04,54.73,57.19,51181.9886
2020-08-08,57.19,58.55,56.46,58.43,48729.6988
2020-08-09,58.43,58.68,56.02,56.98,45821.8385
2020-08-10,56.98,59.4,56.49,58.2,53051.9839
2020-08-11,58.2,59.59,52.39,54.15,63340.8184
2020-08-12,54.15,55.01,51.61,54.41,49477.4399
2020-08-13,54.41,57.2,51.77,57.08,53464.3701
2020-08-14,57.08,57.84,55.72,56.72,26691.16
2020-08-15,56.72,60.8,56.51,59.76,17870.7945
2020-08-16,59.76,64.49,58.05,63.89,18536.3278
2020-08-17,63.89,68.87,61.43,67.2,66193.0092
2020-08-18,67.2,68.39,63.5,65.42,108011.0326
2020-08-19,65.42,66.42,58.79,62.13,21957.368
2020-08-20,62.13,63.68,61.01,62.78,13954.6415
2020-08-21,62.78,63.89,58.79,59.16,14027.388
2020-08-22,59.16,60.53,57.79,60.23,8425.6705
2020-08-23,60.23,61.6,58.01,60.56,9371.1037
2020-08-24,60.56,63.01,59.96,62.03,32509.5285
2020-08-25,62.03,62.3,56.59,58.34,51419.4214
2020-08-26,58.34,59.1,57.03,58.11,42295.4328
2020-08-27,58.11,59.25,53.96,56.09,37543.5583
2020-08-28,56.09,58.2,55.33,57.39,39346.8927
2020-08-29,57.39,58.19,56.94,56.94,39582.3089
2020-08-30,56.94,62.94,56.94,62.87,45712.6132
2020-08-31,62.87,63.67,60.56,60.97,42079.3006
2020-09-01,60.97,64.32,59.79,62.7,50518.318
2020-09-02,62.7,63.2,56.45,58.03,53057.4067
2020-09-03,58.03,58.6,45.57,47.33,58802.6903
2020-09-04,47.33,52.39,46.24,50.32,64863.3143
2020-09-05,50.32,51.32,45.39,47.83,66423.5989
2020-09-06,47.83,49.21,46.27,47.89,50511.3484
2020-09-07,47.89,49.17,45.25,48.82,51033.3734
2020-09-08,48.82,49.35,46.0,47.48,51097.4351
2020-09-09,47.48,48.83,46.53,47.82,44181.9764
2020-09-10,47.82,49.46,47.76,48.67,40035.6484
2020-09-11,48.67,49.42,47.41,48.93,39306.8085
2020-09-12,48.93,51.3,48.37,50.81,38451.0092
2020-09-13,50.81,51.01,47.27,48.14,40364.0414
2020-09-14,48.14,49.64,47.1,49.08,41922.4081
2020-09-15,49.08,50.37,48.12,48.3,42079.5052
2020-09-16,48.3,48.72,46.94,47.75,41296.9251
2020-09-17,47.75,49.67,47.62,48.82,41841.7085
2020-09-18,48.82,49.1,47.5,48.56,35304.7686
2020-09-19,48.56,49.01,47.95,48.49,31395.3647
2020-09-20,48.49,48.52,46.19,47.09,34934.9011
2020-09-21,47.09,47.66,41.6,43.13,43035.7883
2020-09-22,43.13,44.78,42.77,44.47,33152.7853
2020-09-23,44.47,45.17,42.25,42.97,38342.2735
2020-09-24,42.97,45.24,42.56,44.93,37003.9505
2020-09-25,44.93,46.57,43.95,46.01,38735.7994
2020-09-26,46.01,46.56,45.14,46.0,37931.2453
2020-09-27,46.0,46.59,44.58,46.08,37529.7433
2020-09-28,46.08,47.13,44.83,45.22,36394.8872
2020-09-29,45.22,45.86,44.94,45.68,35026.5268
2020-09-30,45.68,46.7,45.43,46.23,28134.0888
2020-10-01,46.23,48.47,45.35,46.25,24246.4689
2020-10-02,46.25,46.97,43.29,44.91,23698.1946
2020-10-03,44.91,45.98,44.73,45.51,18468.8863
2020-10-04,45.51,46.98,45.27,46.69,18995.3731
2020-10-05,46.69,47.07,45.53,46.35,18184.0776
2020-10-06,46.35,48.24,45.52,46.02,23130.5997
2020-10-07,46.02,46.92,45.05,46.58,22266.3851
2020-10-08,46.58,47.49,45.5,47.22,20699.3497
2020-10-09,47.22,48.21,46.61,47.74,29904.8565
2020-10-10,47.74,50.46,47.73,48.87,37227.7468
2020-10-11,48.87,51.24,48.65,50.47,39055.4998
2020-10-12,50.47,51.51,49.39,50.6,32621.42
2020-10-13,50.6,50.71,48.87,49.89,30143.7303
2020-10-14,49.89,51.0,49.29,49.79,31517.227
2020-10-15,49.79,50.22,48.85,49.55,33407.6889
2020-10-16,49.55,49.85,45.63,47.55,44788.6197
2020-10-17,47.55,47.64,46.26,46.9,30450.9716
2020-10-18,46.9,47.83,46.72,47.53,21513.2421
2020-10-19,47.53,48.45,46.73,47.94,26101.9839
2020-10-20,47.94,48.39,46.37,46.89,29418.9803
2020-10-21,46.89,54.95,46.83,52.99,42763.2026
2020-10-22,52.99,56.28,52.94,54.38,44053.7894
2020-10-23,54.38,56.98,53.1,55.4,39387.0707
2020-10-24,55.4,59.6,54.82,59.22,28196.3517
2020-10-25,59.22,59.97,56.54,58.84,28857.5048
2020-10-26,58.84,59.3,55.01,56.83,30381.5271
2020-10-27,56.83,59.06,56.44,57.94,24959.8378
2020-10-28,57.94,60.55,54.71,55.78,38907.9783
2020-10-29,55.78,56.56,53.44,54.94,31386.5342
2020-10-30,54.94,55.78,52.21,54.03,32745.8065
2020-10-31,54.03,56.52,53.59,55.79,26222.2756
2020-11-01,55.79,56.23,54.15,55.61,16096.2491
2020-11-02,55.61,56.82,53.03,53.78,28063.8194
2020-11-03,53.78,54.37,51.13,53.99,26838.3079
2020-11-04,53.99,55.23,51.63,54.66,33917.1703
2020-11-05,54.66,59.67,54.62,58.91,35435.7319
2020-11-06,58.91,63.68,58.63,63.17,56873.2272
2020-11-07,63.17,64.77,57.1,58.91,71643.3478
2020-11-08,58.91,62.02,58.59,61.02,29926.4911
2020-11-09,61.02,61.84,57.42,59.27,41924.8549
2020-11-10,59.27,59.59,57.03,57.94,26101.239
2020-11-11,57.94,60.5,57.78,59.26,27571.8536
2020-11-12,59.26,60.76,57.6,60.72,30632.2759
2020-11-13,60.72,66.58,60.13,65.9,52985.9716
2020-11-14,65.9,66.28,61.68,63.81,35204.0552
2020-11-15,63.81,64.42,61.06,62.3,24994.2477
2020-11-16,62.3,74.56,62.09,73.82,55841.2877
2020-11-17,73.82,76.97,71.44,76.29,61633.558
2020-11-18,76.29,77.09,68.09,73.41,74374.9062
2020-11-19,73.41,83.4,71.47,81.62,71521.3964
2020-11-20,81.62,85.6,80.01,82.51,55863.3893
2020-11-21,82.51,88.43,80.21,87.15,69992.9932
2020-11-22,87.15,87.89,78.0,82.91,64569.9324
2020-11-23,82.91,90.9,81.0,89.05,69876.1942
2020-11-24,89.05,94.02,84.96,89.25,89565.561
2020-11-25,89.25,90.76,77.98,81.81,70006.2789
2020-11-26,81.81,83.23,64.53,70.99,153084.177
2020-11-27,70.99,73.47,65.37,69.13,84769.345
2020-11-28,69.13,74.91,68.26,72.68,56146.9806
2020-11-29,72.68,81.06,71.57,78.86,50777.4637
2020-11-30,78.86,88.48,76.69,87.69,51556.9102
2020-12-01,87.69,92.96,79.93,85.05,82767.1174
2020-12-02,85.05,90.6,82.82,89.05,35118.1398
2020-12-03,89.05,91.24,85.51,89.07,21683.1811
2020-12-04,89.07,89.83,77.97,79.58,23521.0151
2020-12-05,79.58,84.23,78.71,83.1,15431.9264
2020-12-06,83.1,85.11,80.35,83.62,10636.4338
2020-12-07,83.62,86.87,81.78,83.39,14073.1821
2020-12-08,83.39,84.82,75.58,76.77,17611.1953
2020-12-09,76.77,78.18,72.27,77.43,22228.1456
2020-12-10,77.43,77.61,73.2,74.64,10056.9626
2020-12-11,74.64,75.01,70.02,72.15,20046.9008
2020-12-12,72.15,77.58,72.03,76.66,9817.318
2020-12-13,76.66,84.29,75.51,82.31,13882.0081
2020-12-14,82.31,82.98,79.16,82.38,14485.5423
2020-12-15,82.38,84.89,80.5,81.26,14654.9037
2020-12-16,81.26,93.25,78.59,93.17,29499.5451
2020-12-17,93.17,109.61,90.68,101.28,69458.4687
2020-12-18,101.28,112.71,99.35,109.32,49699.3744
2020-12-19,109.32,124.21,105.33,119.93,35105.1739
2020-12-20,119.93,123.14,110.09,114.64,39666.4317
2020-12-21,114.64,118.48,100.71,104.5,73830.9989
2020-12-22,104.5,114.5,98.45,114.35,46645.0918
2020-12-23,114.35,117.15,95.58,102.44,73161.9815
2020-12-24,102.44,112.29,98.72,111.33,48518.1986
2020-12-25,111.33,128.56,108.33,127.68,43212.9702
2020-12-26,127.68,135.06,125.0,129.62,42752.9585
2020-12-27,129.62,139.36,122.22,127.81,60385.4449
2020-12-28,127.81,137.18,126.49,129.83,38029.3733
2020-12-29,129.83,130.84,120.2,128.72,32777.8347
2020-12-30,128.72,132.97,122.85,130.0,28388.4266
2020-12-31,130.0,130.27,122.04,124.14,22788.4453
2021-01-01,124.14,133.95,122.9,126.25,27168.1936
2021-01-02,126.25,141.51,123.19,136.84,43668.7624
2021-01-03,136.84,164.33,135.35,161.03,114144.3725
2021-01-04,161.03,173.54,140.08,155.48,100682.6706
2021-01-05,155.48,162.65,146.61,158.53,48156.8247
2021-01-06,158.53,169.64,154.98,168.94,41579.4283
2021-01-07,168.94,181.11,162.0,169.5,52262.8838
2021-01-08,169.5,181.86,151.0,172.23,75352.2168
2021-01-09,172.23,178.76,163.45,177.19,39009.3159
2021-01-10,177.19,185.73,162.3,170.22,49336.7297
2021-01-11,170.22,170.54,112.83,138.89,185856.0518
2021-01-12,138.89,146.75,128.34,133.42,73891.3685
2021-01-13,133.42,148.44,126.1,147.39,43631.8201
2021-01-14,147.39,156.87,143.63,152.54,29996.5961
2021-01-15,152.54,155.63,130.81,143.91,46032.529
2021-01-16,143.91,152.53,139.33,143.56,34675.9329
2021-01-17,143.56,146.93,136.29,142.81,27911.6381
2021-01-18,142.81,154.9,138.55,152.05,27712.5641
2021-01-19,152.05,165.99,150.23,151.94,39420.4928
2021-01-20,151.94,156.11,138.51,149.71,48225.8072
2021-01-21,149.71,150.2,125.74,129.79,56056.3268
2021-01-22,129.79,141.81,123.0,137.88,51796.3221
2021-01-23,137.88,143.45,135.11,137.65,18929.2813
2021-01-24,137.65,142.6,133.8,140.92,17135.3536
2021-01-25,140.92,147.53,136.66,137.1,23403.5343
2021-01-26,137.1,139.71,128.3,134.71,20501.8741
2021-01-27,134.71,134.88,118.24,122.49,32332.0631
2021-01-28,122.49,135.81,120.81,133.16,21691.8267
2021-01-29,133.16,145.44,131.54,134.69,50814.7416
2021-01-30,134.69,136.22,128.05,133.38,26381.2072
2021-01-31,133.38,135.0,125.77,129.47,16963.042
2021-02-01,129.47,136.52,126.01,132.03,19819.1438
2021-02-02,132.03,145.79,131.91,141.92,85364.2885
2021-02-03,141.92,156.66,141.92,155.99,25117.3938
2021-02-04,155.99,158.62,141.51,145.16,81195.9849
2021-02-05,145.16,156.91,143.61,154.96,16721.9699
2021-02-06,154.96,163.99,149.78,155.35,30527.3827
2021-02-07,155.35,157.22,145.35,150.74,26974.4366
2021-02-08,150.74,169.26,147.88,167.29,29176.7238
2021-02-09,167.29,184.4,164.34,181.46,35169.451
2021-02-10,181.46,195.06,169.98,181.74,103791.7173
2021-02-11,181.74,193.25,175.82,184.04,44482.6417
2021-02-12,184.04,199.6,176.89,196.5,35308.9723
2021-02-13,196.5,228.75,191.87,226.33,104453.2705
2021-02-14,226.33,230.5,208.84,213.47,51562.6293
2021-02-15,213.47,219.79,185.66,207.78,90139.8688
2021-02-16,207.78,221.98,200.28,210.3,37419.6652
2021-02-17,210.3,237.62,203.61,237.3,31528.1358
2021-02-18,237.3,238.96,221.19,226.68,21068.061
2021-02-19,226.68,241.77,220.31,236.54,25270.7282
2021-02-20,236.54,246.95,214.5,227.0,34456.9323
2021-02-21,227.0,233.7,220.26,227.2,21260.4103
2021-02-22,227.2,227.33,178.1,207.62,61451.9729
2021-02-23,207.62,208.52,158.43,177.58,243934.2048
2021-02-24,177.58,189.41,169.18,181.46,59393.8966
2021-02-25,181.46,205.15,175.09,179.45,77029.7449
2021-02-26,179.45,182.77,162.77,170.34,86073.2521
2021-02-27,170.34,180.35,167.17,171.74,41635.8868
2021-02-28,171.74,172.9,153.05,165.14,41981.2872
2021-03-01,165.14,176.35,163.37,175.86,17023.4072
2021-03-02,175.86,185.23,170.74,179.0,24512.2087
2021-03-03,179.0,196.36,176.88,187.84,26421.7452
2021-03-04,187.84,194.36,176.9,180.66,27365.2061
2021-03-05,180.66,183.52,168.63,180.18,21300.4072
2021-03-06,180.18,184.57,174.73,182.79,15698.2023
2021-03-07,182.79,191.96,182.27,190.68,14019.7098
2021-03-08,190.68,195.19,179.61,191.75,19111.0459
2021-03-09,191.75,204.92,188.97,203.75,18957.5912
2021-03-10,203.75,207.87,191.67,200.15,26388.8608
2021-03-11,200.15,203.43,191.06,201.28,22921.8442
2021-03-12,201.28,224.17,198.51,220.73,48113.2144
2021-03-13,220.73,230.13,212.9,226.05,19788.1129
2021-03-14,226.05,228.09,214.17,214.17,17302.1275
2021-03-15,214.17,222.45,197.65,200.61,37718.195
2021-03-16,200.61,205.08,191.33,201.63,20928.6079
2021-03-17,201.63,206.78,194.14,206.0,13588.0909
2021-03-18,206.0,208.18,199.3,199.62,9482.256
2021-03-19,199.62,204.97,195.9,200.08,6105.0314
2021-03-20,200.08,206.06,198.92,200.04,3431.304
2021-03-21,200.04,201.81,192.32,195.47,6304.8359
2021-03-22,195.47,198.8,185.03,185.63,22755.3566
2021-03-23,185.63,189.35,181.26,185.88,13507.4159
2021-03-24,185.88,196.99,172.4,176.24,32363.0795
2021-03-25,176.24,178.27,168.04,171.55,29343.0094
2021-03-26,171.55,183.79,171.49,183.47,6240.3035
2021-03-27,183.47,186.06,177.81,184.04,5909.3629
2021-03-28,184.04,187.19,180.03,184.19,3519.2401
2021-03-29,184.19,197.52,182.48,193.68,7700.1937
2021-03-30,193.68,199.97,190.37,195.72,6040.9912
2021-03-31,195.72,198.85,187.04,196.71,9592.9859
2021-04-01,196.71,204.88,194.16,202.58,15190.2846
2021-04-02,202.58,213.71,200.89,211.59,10858.6722
2021-04-03,211.59,217.64,195.0,195.24,45399.2677
2021-04-04,195.24,204.68,192.89,202.26,11282.2937
2021-04-05,202.26,225.27,198.23,221.3,25701.2651
2021-04-06,221.3,244.5,213.77,236.76,75733.968
2021-04-07,236.76,242.9,210.91,219.19,57349.5022
2021-04-08,219.19,228.15,217.03,226.37,21641.8805
2021-04-09,226.37,228.92,218.95,220.91,10020.3979
2021-04-10,220.91,256.52,219.22,256.42,56392.9857
2021-04-11,256.42,263.63,244.94,252.33,31332.7359
2021-04-12,252.33,258.95,240.16,244.62,23318.8968
2021-04-13,244.62,273.38,244.4,267.33,43803.0146
2021-04-14,267.33,282.98,254.89,278.68,54338.5438
2021-04-15,278.68,290.73,266.18,285.72,27092.1069
2021-04-16,285.72,316.42,265.74,308.44,47996.8894
2021-04-17,308.44,335.3,297.09,300.93,45457.7758
2021-04-18,300.93,304.87,219.56,273.27,68516.5218
2021-04-19,273.27,281.81,250.53,261.15,32954.848
2021-04-20,261.15,272.67,234.59,260.81,34112.3523
2021-04-21,260.81,276.45,251.0,257.64,38458.3498
2021-04-22,257.64,289.46,240.0,252.99,31063.7466
2021-04-23,252.99,257.06,207.44,241.43,102665.2219
2021-04-24,241.43,241.43,220.63,224.97,10013.7615
2021-04-25,224.97,235.72,211.14,223.78,7076.5724
2021-04-26,223.78,248.05,221.43,247.36,10126.304
2021-04-27,247.36,263.01,243.76,259.77,9457.5896
2021-04-28,259.77,266.61,248.24,258.67,6562.6474
2021-04-29,258.67,262.7,248.66,255.4,6448.5065
2021-04-30,255.4,273.44,252.74,271.07,5444.8043
2021-05-01,271.07,278.49,266.01,276.68,3876.5925
2021-05-02,276.68,277.36,265.0,268.9,5468.0746
2021-05-03,268.9,299.58,268.52,294.54,7100.5903
2021-05-04,294.54,327.6,270.27,305.25,32699.5961
2021-05-05,305.25,359.64,301.17,356.02,37792.4064
2021-05-06,356.02,364.95,318.66,354.52,29578.5489
2021-05-07,354.52,372.41,333.71,345.0,36862.047
2021-05-08,345.0,356.55,334.34,347.17,29458.1137
2021-05-09,347.17,389.04,334.4,387.99,20610.5175
2021-05-10,387.99,413.09,334.75,358.94,48905.8323
2021-05-11,358.94,379.33,345.45,377.57,146328.3006
2021-05-12,377.57,393.96,300.93,310.11,28598.576
2021-05-13,310.11,332.5,291.78,317.69,29328.122
2021-05-14,317.69,338.81,308.09,326.22,13435.8013
2021-05-15,326.22,331.67,296.62,300.24,13157.4588
2021-05-16,300.24,323.81,279.84,295.96,15864.3702
2021-05-17,295.96,296.2,261.43,281.22,25659.8301
2021-05-18,281.22,317.79,278.58,293.95,23832.9426
2021-05-19,293.95,300.04,147.38,186.42,274427.139
2021-05-20,186.42,224.84,166.6,210.41,150775.0593
2021-05-21,210.41,218.99,156.73,180.08,77336.9622
2021-05-22,180.08,184.47,161.93,169.36,36793.2717
2021-05-23,169.36,176.23,118.26,142.33,47802.8123
2021-05-24,142.33,184.85,139.65,184.85,22957.4544
2021-05-25,184.85,194.46,167.28,183.84,20514.7458
2021-05-26,183.84,204.05,179.49,198.8,14572.3578
2021-05-27,198.8,218.29,180.45,193.87,18649.8265
2021-05-28,193.87,198.83,165.58,177.38,24442.2637
2021-05-29,177.38,188.59,157.74,163.63,20995.7508
2021-05-30,163.63,180.93,155.21,170.55,14205.388
2021-05-31,170.55,188.37,163.58,188.1,13321.3532
2021-06-01,188.1,193.17,175.98,182.91,9781.701
2021-06-02,182.91,191.32,178.41,187.19,7190.0354
2021-06-03,187.19,197.68,182.01,193.47,6648.4286
2021-06-04,193.47,193.78,169.19,178.41,11284.4588
2021-06-05,178.41,185.43,167.62,172.97,8555.0289
2021-06-06,172.97,179.94,172.12,176.28,4113.3846
2021-06-07,176.28,182.24,160.24,161.91,7127.9285
2021-06-08,161.91,164.44,145.35,160.57,8121.1409
2021-06-09,160.57,173.07,152.37,172.37,8840.8646
2021-06-10,172.37,174.63,162.24,168.0,6746.0067
2021-06-11,168.0,173.75,160.56,162.8,4580.323
2021-06-12,162.8,164.17,154.23,161.62,6082.2876
2021-06-13,161.62,171.58,156.6,170.78,2447.1139
2021-06-14,170.78,179.93,166.37,179.93,4677.8122
2021-06-15,179.93,181.1,172.26,175.14,3227.1385
2021-06-16,175.14,177.21,164.55,166.56,4217.081
2021-06-17,166.56,173.33,162.93,167.09,3399.1435
2021-06-18,167.09,167.33,151.42,156.28,5258.7317
2021-06-19,156.28,160.71,152.39,152.54,2048.8541
2021-06-20,152.54,156.11,143.83,154.75,3888.4849
2021-06-21,154.75,155.42,124.03,124.4,16207.9155
2021-06-22,124.4,133.0,105.04,119.51,21184.5643
2021-06-23,119.51,133.63,115.45,128.99,9402.0951
2021-06-24,128.99,137.28,123.75,134.44,6212.4261
2021-06-25,134.44,138.37,124.38,125.24,7322.0472
2021-06-26,125.24,129.35,118.73,126.89,6698.398
2021-06-27,126.89,132.61,124.72,132.43,4450.7629
2021-06-28,132.43,139.52,129.98,137.64,4068.4208
2021-06-29,137.64,149.13,137.28,143.88,5846.2993
2021-06-30,143.88,146.83,136.18,144.13,4796.3693
2021-07-01,144.13,144.22,134.22,137.21,3943.2655
2021-07-02,137.21,138.91,130.62,136.85,7706.8239
2021-07-03,136.85,141.36,134.63,140.11,6067.404
2021-07-04,140.11,148.06,136.88,144.92,4753.0348
2021-07-05,144.92,144.97,133.94,137.75,5042.6111
2021-07-06,137.75,142.68,135.65,138.9,4518.1469
2021-07-07,138.9,142.94,136.93,137.39,2276.1476
2021-07-08,137.39,137.7,127.93,132.17,4049.8034
2021-07-09,132.17,135.79,126.04,134.5,3490.0305
2021-07-10,134.5,136.69,130.4,134.01,1993.543
2021-07-11,134.01,136.44,132.1,134.11,1594.7238
2021-07-12,134.11,139.7,132.03,133.37,3131.5585
2021-07-13,133.37,134.59,129.47,131.4,2753.328
2021-07-14,131.4,132.4,123.94,131.03,3699.3596
2021-07-15,131.03,133.12,122.09,125.68,3258.1989
2021-07-16,125.68,127.83,120.45,120.59,2482.7327
2021-07-17,120.59,122.82,117.72,119.92,2675.2832
2021-07-18,119.92,124.02,116.61,119.13,2737.5856
2021-07-19,119.13,120.71,111.89,113.12,5454.7741
2021-07-20,113.12,115.01,103.93,107.22,8868.1513
2021-07-21,107.22,119.0,105.11,117.62,5949.8268
2021-07-22,117.62,121.92,115.66,120.7,4893.7011
2021-07-23,120.7,124.76,117.07,124.17,3801.2063
2021-07-24,124.17,127.66,123.37,125.99,3970.2723
2021-07-25,125.99,127.97,123.52,127.66,4969.5179
2021-07-26,127.66,140.36,126.95,131.12,11292.8671
2021-07-27,131.12,135.1,127.42,134.72,6847.8566
2021-07-28,134.72,141.99,132.42,140.37,7776.8886
2021-07-29,140.37,142.95,136.86,141.42,4517.0584
2021-07-30,141.42,145.85,135.87,145.52,4039.46
2021-07-31,145.52,146.48,141.85,144.36,2853.974
2021-08-01,144.36,149.78,138.22,140.33,4898.3549
2021-08-02,140.33,145.83,138.91,141.37,3102.2236
2021-08-03,141.37,143.21,135.74,138.5,3574.5869
2021-08-04,138.5,144.44,135.54,142.54,4502.103
2021-08-05,142.54,145.15,136.27,143.46,4107.6257
2021-08-06,143.46,150.75,141.81,147.73,4786.4952
2021-08-07,147.73,156.37,147.11,156.02,8471.1611
2021-08-08,156.02,157.56,147.13,149.68,6252.8277
2021-08-09,149.68,170.75,145.25,166.41,8483.3207
2021-08-10,166.41,168.27,158.82,165.45,6345.2417
2021-08-11,165.45,176.03,164.28,170.68,8866.0453
2021-08-12,170.68,179.65,160.89,165.44,16973.8761
2021-08-13,165.44,184.53,164.01,183.3,9658.7868
2021-08-14,183.3,184.98,174.82,182.88,5347.269
2021-08-15,182.88,186.47,175.31,184.74,5195.0574
2021-08-16,184.74,188.98,176.58,178.03,6466.5368
2021-08-17,178.03,184.35,168.03,168.64,7461.165
2021-08-18,168.64,174.46,163.0,166.6,12805.8876
2021-08-19,166.6,175.79,162.69,175.53,44580.5643
2021-08-20,175.53,184.05,174.23,183.55,79227.5745
2021-08-21,183.55,184.43,176.56,179.66,98280.4429
2021-08-22,179.66,189.58,178.53,185.88,103782.7906
2021-08-23,185.88,191.62,183.65,187.14,82616.5235
2021-08-24,187.14,188.54,172.35,173.62,63971.6456
2021-08-25,173.62,178.94,169.18,177.83,53770.3545
2021-08-26,177.83,180.18,165.08,167.58,62784.1852
2021-08-27,167.58,176.23,165.08,176.23,45710.4818
2021-08-28,176.23,176.98,171.35,175.4,40396.9359
2021-08-29,175.4,182.61,173.09,174.34,83972.9897
2021-08-30,174.34,176.42,166.57,167.28,52305.1499
2021-08-31,167.28,175.31,165.6,171.49,46746.5455
2021-09-01,171.49,182.69,168.79,180.89,18056.6544
2021-09-02,180.89,187.81,179.48,183.47,14555.2566
2021-09-03,183.47,217.64,180.01,212.86,33295.4906
2021-09-04,212.86,225.16,208.58,211.77,19041.6171
2021-09-05,211.77,232.38,210.52,232.38,15268.2684
2021-09-06,232.38,232.41,215.16,219.38,13808.0049
2021-09-07,219.38,221.8,163.65,177.89,51540.5508
2021-09-08,177.89,188.65,169.57,179.57,36839.2438
2021-09-09,179.57,188.54,176.7,180.22,15431.1389
2021-09-10,180.22,187.29,170.98,174.08,13406.3366
2021-09-11,174.08,185.97,173.42,178.45,9031.9616
2021-09-12,178.45,186.0,175.23,183.13,8581.5188
2021-09-13,183.13,236.71,170.91,179.32,84221.0067
2021-09-14,179.32,188.74,176.17,182.8,13518.6786
2021-09-15,182.8,191.77,179.72,189.01,8400.6688
2021-09-16,189.01,195.0,181.41,185.3,16206.0931
2021-09-17,185.3,190.15,177.77,179.65,8411.0794
2021-09-18,179.65,185.69,178.02,181.56,6813.7764
2021-09-19,181.56,181.59,172.68,175.62,12718.5221
2021-09-20,175.62,176.0,153.58,157.1,57437.2563
2021-09-21,157.1,162.25,144.68,148.2,55338.9667
2021-09-22,148.2,161.8,145.36,161.46,41930.4199
2021-09-23,161.46,164.81,157.21,163.83,21614.3946
2021-09-24,163.83,166.5,141.94,152.07,51358.5283
2021-09-25,152.07,155.82,148.85,150.93,39744.8676
2021-09-26,150.93,153.35,142.01,150.88,41290.4433
2021-09-27,150.88,154.93,144.89,145.05,25970.191
2021-09-28,145.05,148.84,140.06,140.61,31042.9648
2021-09-29,140.61,150.16,139.89,144.8,22267.2232
2021-09-30,144.8,154.43,143.9,153.35,20027.0839
2021-10-01,153.35,168.05,151.18,166.12,24669.1648
2021-10-02,166.12,172.5,164.62,169.04,18929.4206
2021-10-03,169.04,174.86,165.83,170.53,18695.9451
2021-10-04,170.53,170.96,161.48,167.49,24668.76
2021-10-05,167.49,175.32,166.57,173.8,20578.3321
2021-10-06,173.8,182.84,164.0,178.34,43030.9361
2021-10-07,178.34,186.99,173.46,178.43,45437.541
2021-10-08,178.43,183.19,174.56,175.8,31263.921
2021-10-09,175.8,182.8,174.58,179.72,24697.8741
2021-10-10,179.72,183.9,174.1,174.8,25675.6692
2021-10-11,174.8,185.19,172.48,179.28,36154.7341
2021-10-12,179.28,179.28,166.52,172.64,54126.8794
2021-10-13,172.64,179.57,167.7,177.43,63479.2891
2021-10-14,177.43,186.37,176.87,181.25,74515.7419
2021-10-15,181.25,193.1,176.69,189.62,93787.3338
2021-10-16,189.62,192.61,185.23,185.83,46846.8192
2021-10-17,185.83,187.85,176.66,183.64,42933.5347
2021-10-18,183.64,187.42,178.75,185.55,58737.6584
2021-10-19,185.55,191.43,183.33,188.85,44963.8798
2021-10-20,188.85,209.27,185.77,207.3,55336.7046
2021-10-21,207.3,214.55,195.48,196.74,76477.7719
2021-10-22,196.74,201.39,188.04,190.91,50407.4319
2021-10-23,190.91,197.88,189.01,196.23,32995.0414
2021-10-24,196.23,199.66,185.34,190.46,42258.1232
2021-10-25,190.46,197.3,189.63,195.51,22116.7828
2021-10-26,195.51,199.22,190.47,197.58,66471.9314
2021-10-27,197.58,204.93,173.97,178.99,289709.2195
2021-10-28,178.99,194.38,177.79,189.82,175824.5911
2021-10-29,189.82,198.49,188.44,196.42,57940.1478
2021-10-30,196.42,197.21,186.77,190.35,34883.6254
2021-10-31,190.35,195.08,186.78,191.84,52340.7921
2021-11-01,191.84,200.96,188.08,197.57,51384.3163
2021-11-02,197.57,204.58,195.11,200.71,43232.5062
2021-11-03,200.71,209.11,197.5,207.3,74690.813
2021-11-04,207.3,207.3,196.31,202.83,41858.4426
2021-11-05,202.83,203.15,196.71,198.75,30331.1041
2021-11-06,198.75,201.08,191.26,197.59,29617.0021
2021-11-07,197.59,202.15,196.84,201.95,15129.2497
2021-11-08,201.95,229.57,201.91,228.82,52085.9241
2021-11-09,228.82,274.34,226.72,262.01,154051.7068
2021-11-10,262.01,295.21,251.99,260.44,210235.8791
2021-11-11,260.44,273.94,250.94,262.31,101505.38
2021-11-12,262.31,282.5,243.95,251.04,147502.8649
2021-11-13,251.04,264.03,245.26,257.71,62776.7324
2021-11-14,257.71,279.34,248.55,279.26,70106.938
2021-11-15,279.26,281.18,259.36,262.97,53324.4115
2021-11-16,262.97,263.03,223.14,230.33,151574.8649
2021-11-17,230.33,235.06,218.19,229.7,106803.9666
2021-11-18,229.7,232.15,199.71,204.14,137355.5178
2021-11-19,204.14,220.96,199.64,217.95,88726.695
2021-11-20,217.95,227.74,212.84,226.79,58620.7302
2021-11-21,226.79,230.57,219.66,221.28,43962.796
2021-11-22,221.28,221.53,205.37,209.08,76048.3127
2021-11-23,209.08,218.43,205.44,216.22,59822.4895
2021-11-24,216.22,217.65,206.04,212.27,50975.9183
2021-11-25,212.27,229.65,210.71,222.78,50556.6694
2021-11-26,222.78,224.91,190.25,195.49,86895.1747
2021-11-27,195.49,200.84,190.74,195.34,47395.861
2021-11-28,195.34,199.85,182.21,199.46,87652.9732
2021-11-29,199.46,209.4,195.28,205.61,49373.3617
2021-11-30,205.61,219.14,197.43,207.68,85533.298
2021-12-01,207.68,217.82,205.29,208.92,55477.0714
2021-12-02,208.92,209.99,200.09,203.56,51390.838
2021-12-03,203.56,207.9,180.0,188.14,76165.9719
2021-12-04,188.14,189.27,129.8,162.93,317657.1583
2021-12-05,162.93,164.94,148.48,156.12,181198.297
2021-12-06,156.12,164.51,141.38,161.43,179424.0137
2021-12-07,161.43,165.7,158.19,161.81,80632.4431
2021-12-08,161.81,170.08,156.06,165.05,103987.8719
2021-12-09,165.05,166.97,151.24,151.43,91027.2317
2021-12-10,151.43,159.64,147.61,148.37,96931.5617
2021-12-11,148.37,159.37,145.87,157.77,79945.8371
2021-12-12,157.77,162.74,153.3,158.99,39006.628
2021-12-13,158.99,159.88,142.78,144.39,91297.0616
2021-12-14,144.39,151.98,142.95,150.4,94274.0207
2021-12-15,150.4,154.97,141.76,153.45,83253.8883
2021-12-16,153.45,156.49,148.57,148.84,46175.191
2021-12-17,148.84,150.26,141.31,143.99,68933.4282
2021-12-18,143.99,150.24,142.91,148.61,44551.6222
2021-12-19,148.61,160.64,147.59,153.12,65706.0599
2021-12-20,153.12,157.32,145.35,152.58,78459.4054
2021-12-21,152.58,156.36,149.11,154.7,36012.7316
2021-12-22,154.7,160.03,153.0,155.52,39567.1492
2021-12-23,155.52,165.13,153.22,163.5,55241.7002
2021-12-24,163.5,166.46,160.11,161.11,34461.4052
2021-12-25,161.11,163.56,157.61,157.62,29613.649
2021-12-26,157.62,158.2,153.0,155.91,41184.3795
2021-12-27,155.91,161.17,154.52,155.88,25810.483
2021-12-28,155.88,155.95,144.65,145.54,66164.0164
2021-12-29,145.54,150.71,144.3,145.48,55077.4375
2021-12-30,145.48,149.99,142.99,147.96,43349.9355
2021-12-31,147.96,152.63,143.79,146.34,40549.1464
2022-01-01,146.34,150.99,146.17,150.72,24440.5417
2022-01-02,150.72,153.32,147.84,151.2,21376.8158
2022-01-03,151.2,151.24,145.99,148.33,17874.368
2022-01-04,148.33,151.62,145.38,146.46,19100.0106
2022-01-05,146.46,149.91,129.89,135.19,44704.8958
2022-01-06,135.19,137.95,132.41,136.09,52190.5793
2022-01-07,136.09,136.47,126.1,131.19,67975.9587
2022-01-08,131.19,134.7,125.01,129.36,45074.5541
2022-01-09,129.36,132.5,126.9,130.88,10222.7832
2022-01-10,130.88,131.39,121.11,126.45,31455.7529
2022-01-11,126.45,133.49,125.75,131.51,13074.8831
2022-01-12,131.51,142.1,130.86,141.85,23562.8042
2022-01-13,141.85,142.35,134.6,136.41,28543.2444
2022-01-14,136.41,146.45,136.05,144.68,32106.4057
2022-01-15,144.68,150.41,144.03,147.65,17454.7801
2022-01-16,147.65,148.89,143.25,146.34,12897.4061
2022-01-17,146.34,153.63,144.19,151.18,49927.9592
2022-01-18,151.18,153.24,138.61,141.44,40809.6352
2022-01-19,141.44,142.94,133.12,136.18,27744.8803
2022-01-20,136.18,142.81,128.97,129.77,23301.6781
2022-01-21,129.77,130.98,110.0,114.6,114946.4168
2022-01-22,114.6,116.87,96.57,108.3,220558.7454
2022-01-23,108.3,112.56,105.51,112.31,85416.2961
2022-01-24,112.31,112.31,97.58,109.43,155988.9975
2022-01-25,109.43,109.84,105.16,107.65,58185.2954
2022-01-26,107.65,116.46,104.69,106.72,71665.0337
2022-01-27,106.72,109.78,102.79,106.89,65193.7238
2022-01-28,106.89,109.95,105.2,109.4,45504.7591
2022-01-29,109.4,112.05,107.49,110.68,29424.6856
2022-01-30,110.68,112.07,107.06,108.56,24513.7986
2022-01-31,108.56,111.2,104.31,109.45,34976.6701
2022-02-01,109.45,116.78,108.13,115.05,41551.1018
2022-02-02,115.05,115.95,107.31,108.22,38760.5495
2022-02-03,108.22,110.94,105.43,110.83,38140.3697
2022-02-04,110.83,121.33,108.6,121.27,37795.1883
2022-02-05,121.27,123.78,118.8,121.72,25617.8743
2022-02-06,121.72,127.88,120.78,127.52,27169.033
2022-02-07,127.52,139.74,125.03,137.23,36947.2547
2022-02-08,137.23,142.82,130.48,133.56,50130.1799
2022-02-09,133.56,140.87,132.01,140.01,36776.3585
2022-02-10,140.01,143.69,134.24,134.54,31546.2492
2022-02-11,134.54,134.72,124.82,125.68,61906.1063
2022-02-12,125.68,127.61,120.93,126.58,63598.1653
2022-02-13,126.58,128.84,123.48,125.57,38290.1328
2022-02-14,125.57,126.89,121.38,124.55,48728.1967
2022-02-15,124.55,132.46,123.9,131.7,31439.7833
2022-02-16,131.7,131.73,125.47,127.77,44861.3251
2022-02-17,127.77,129.07,114.87,116.24,52520.9754
2022-02-18,116.24,123.16,114.29,114.83,93997.8972
2022-02-19,114.83,116.98,113.08,115.67,54202.2678
2022-02-20,115.67,115.7,108.59,110.62,158645.1244
2022-02-21,110.62,114.48,102.15,102.78,261039.2341
2022-02-22,102.78,107.71,100.36,107.29,291459.6589
2022-02-23,107.29,111.32,105.03,105.38,168987.0274
2022-02-24,105.38,107.37,91.69,104.03,503817.9915
2022-02-25,104.03,110.48,100.51,109.37,200253.536
2022-02-26,109.37,114.53,106.49,108.23,55268.9059
2022-02-27,108.23,110.08,101.26,102.87,70363.078
2022-02-28,102.87,113.81,101.27,113.63,117400.721
2022-03-01,113.63,115.87,109.97,112.41,142234.4163
2022-03-02,112.41,114.48,109.08,110.29,146766.411
2022-03-03,110.29,112.99,108.05,111.79,199097.6588
2022-03-04,111.79,112.69,99.01,100.98,350602.8603
2022-03-05,100.98,105.34,99.44,104.93,261231.781
2022-03-06,104.93,105.74,100.74,100.97,462815.1918
2022-03-07,100.97,103.81,96.2,98.45,571626.1951
2022-03-08,98.45,102.45,97.78,100.67,367412.664
2022-03-09,100.67,109.41,100.45,106.82,310277.214
2022-03-10,106.82,107.1,99.57,102.45,270333.331
2022-03-11,102.45,106.85,99.72,104.59,310337.1717
2022-03-12,104.59,108.0,104.53,105.52,116653.5771
2022-03-13,105.52,107.34,101.09,101.75,170901.7732
2022-03-14,101.75,106.28,100.85,105.62,370692.9852
2022-03-15,105.62,108.61,102.43,106.78,221813.7308
2022-03-16,106.78,111.84,105.62,111.29,340276.6008
2022-03-17,111.29,111.62,108.63,110.26,81292.4588
2022-03-18,110.26,112.99,107.8,111.73,156872.716
2022-03-19,111.73,117.2,111.41,116.84,141219.7467
2022-03-20,116.84,118.25,111.31,114.78,246709.318
2022-03-21,114.78,116.91,113.14,116.17,697746.6958
2022-03-22,116.17,123.57,115.46,122.74,303641.4751
2022-03-23,122.74,124.42,118.52,122.47,354603.9048
2022-03-24,122.47,127.71,120.06,126.44,365152.8083
2022-03-25,126.44,127.36,121.73,124.03,163877.1892
2022-03-26,124.03,125.49,121.96,124.72,162318.3823
2022-03-27,124.72,129.78,123.34,129.68,200954.7935
2022-03-28,129.68,132.66,126.74,127.45,163076.0247
2022-03-29,127.45,132.01,127.16,130.01,223083.0943
2022-03-30,130.01,133.97,125.96,130.97,162941.58
2022-03-31,130.97,132.9,121.04,123.8,137042.3283
2022-04-01,123.8,126.27,119.1,124.78,50282.5937
2022-04-02,124.78,128.28,123.78,124.71,72350.5636
2022-04-03,124.71,129.5,123.67,128.85,51076.0114
2022-04-04,128.85,128.99,121.1,124.66,76317.7157
2022-04-05,124.66,127.21,122.47,122.62,78035.2951
2022-04-06,122.62,123.09,111.36,111.64,248626.8381
2022-04-07,111.64,114.99,110.13,114.05,121487.7091
2022-04-08,114.05,115.22,109.67,110.74,99922.2166
2022-04-09,110.74,112.97,110.01,112.68,76425.0775
2022-04-10,112.68,114.47,110.11,110.24,60025.9532
2022-04-11,110.24,110.62,101.92,102.47,181388.1615
2022-04-12,102.47,105.78,101.5,104.75,71499.5227
2022-04-13,104.75,110.76,103.91,110.48,72186.5837
2022-04-14,110.48,112.3,105.97,107.42,57365.2629
2022-04-15,107.42,112.85,107.05,110.96,166005.7301
2022-04-16,110.96,114.72,110.12,114.35,53869.8851
2022-04-17,114.35,115.22,108.27,108.86,40642.175
2022-04-18,108.86,111.49,105.26,111.25,48014.1039
2022-04-19,111.25,114.15,110.56,113.76,15503.3354
2022-04-20,113.76,114.13,110.61,111.92,21134.0557
2022-04-21,111.92,114.48,105.4,106.77,29796.717
2022-04-22,106.77,108.65,104.84,105.29,23887.6632
2022-04-23,105.29,107.29,104.43,105.12,14324.3689
2022-04-24,105.12,105.98,103.55,104.57,15223.8681
2022-04-25,104.57,104.86,98.36,104.57,46309.4738
2022-04-26,104.57,105.37,96.39,98.6,35142.2951
2022-04-27,98.6,101.93,97.66,100.53,30431.3655
2022-04-28,100.53,104.36,99.69,103.38,47756.9883
2022-04-29,103.38,104.41,98.34,100.39,36987.7052
2022-04-30,100.39,101.52,94.07,95.87,41266.4272
2022-05-01,95.87,100.03,94.42,99.34,37926.3818
2022-05-02,99.34,101.94,98.23,100.59,29319.4957
2022-05-03,100.59,101.38,97.42,99.27,17819.9475
2022-05-04,99.27,107.08,98.93,106.29,42140.2732
2022-05-05,106.29,106.85,94.83,96.77,69115.4981
2022-05-06,96.77,98.39,92.92,96.72,107936.7114
2022-05-07,96.72,97.35,92.59,94.2,39416.3166
2022-05-08,94.2,95.76,91.51,93.88,77028.1857
2022-05-09,93.88,94.92,75.3,76.12,320359.85
2022-05-10,76.12,84.9,73.26,79.95,476517.2378
2022-05-11,79.95,82.79,64.06,66.56,927071.5699
2022-05-12,66.56,69.79,54.33,64.32,1548565.7165
2022-05-13,64.32,73.2,63.15,67.81,530122.6962
2022-05-14,67.81,70.26,64.09,68.83,228254.2374
2022-05-15,68.83,71.81,65.9,71.4,131778.9778
2022-05-16,71.4,71.47,64.9,67.15,253164.2967
2022-05-17,67.15,73.76,66.93,73.04,133195.1444
2022-05-18,73.04,74.3,65.7,65.95,154757.291
2022-05-19,65.95,72.58,64.59,72.04,152093.3235
2022-05-20,72.04,73.44,66.67,68.48,144433.7748
2022-05-21,68.48,70.68,67.81,69.81,43980.2877
2022-05-22,69.81,72.54,69.29,71.54,40690.2655
2022-05-23,71.54,73.94,68.29,69.04,79061.5446
2022-05-24,69.04,70.75,66.89,70.18,76953.3919
2022-05-25,70.18,71.59,67.86,68.2,161136.3577
2022-05-26,68.2,68.8,60.38,63.37,262664.3605
2022-05-27,63.37,64.09,60.86,61.51,520715.0016
2022-05-28,61.51,63.99,61.2,63.04,115206.3065
2022-05-29,63.04,64.48,61.78,63.61,41793.42
2022-05-30,63.61,69.73,63.19,68.97,62177.9794
2022-05-31,68.97,69.73,66.73,68.28,71946.7229
2022-06-01,68.28,70.56,61.78,62.78,121495.8994
2022-06-02,62.78,64.73,62.01,64.4,87788.2768
2022-06-03,64.4,64.98,61.37,62.54,72374.2008
2022-06-04,62.54,64.37,61.33,63.75,43725.2303
2022-06-05,63.75,63.9,61.73,63.17,34563.8622
2022-06-06,63.17,66.5,62.85,64.39,58025.3721
2022-06-07,64.39,65.51,60.18,63.8,117253.8846
2022-06-08,63.8,64.54,61.14,61.34,109925.432
2022-06-09,61.34,62.47,59.2,60.33,66856.3238
2022-06-10,60.33,60.45,55.62,56.71,125528.1818
2022-06-11,56.71,57.85,51.64,52.1,206241.6602
2022-06-12,52.1,52.7,47.33,47.93,228071.7119
2022-06-13,47.93,48.35,41.11,43.53,486941.1251
2022-06-14,43.53,46.39,40.35,46.22,277034.6205
2022-06-15,46.22,50.91,41.67,50.69,295906.1442
2022-06-16,50.69,51.21,44.01,44.88,187314.1791
2022-06-17,44.88,48.46,44.36,47.61,111511.8986
2022-06-18,47.61,48.42,41.43,47.16,187459.9947
2022-06-19,47.16,56.5,44.87,54.29,360883.576
2022-06-20,54.29,54.72,51.29,52.77,308159.3648
2022-06-21,52.77,55.77,51.81,53.47,212725.0134
2022-06-22,53.47,53.53,50.46,52.12,156378.1141
2022-06-23,52.12,56.72,51.93,55.7,139813.3863
2022-06-24,55.7,57.4,54.42,55.84,111246.5386
2022-06-25,55.84,59.91,54.62,58.86,98934.9432
2022-06-26,58.86,60.46,56.58,56.65,70997.7313
2022-06-27,56.65,58.71,54.9,55.87,68974.8047
2022-06-28,55.87,56.99,52.51,52.71,88831.0011
2022-06-29,52.71,54.47,51.39,53.64,108809.3864
2022-06-30,53.64,53.95,50.18,53.82,141266.1036
2022-07-01,53.82,56.17,50.04,51.17,151699.2783
2022-07-02,51.17,51.65,49.71,50.55,80044.7642
2022-07-03,50.55,51.99,49.11,50.93,56414.9491
2022-07-04,50.93,52.39,49.73,52.25,61437.354
2022-07-05,52.25,52.53,47.99,49.69,87227.1118
2022-07-06,49.69,51.15,48.93,50.34,88919.5941
2022-07-07,50.34,52.58,49.78,52.13,46260.9408
2022-07-08,52.13,54.01,50.74,51.33,75111.1208
2022-07-09,51.33,54.87,51.3,54.11,51282.8055
2022-07-10,54.11,55.14,50.65,52.11,102005.9187
2022-07-11,52.11,52.33,48.27,48.7,92980.5011
2022-07-12,48.7,49.46,47.22,47.31,49990.068
2022-07-13,47.31,49.77,46.37,49.55,112440.378
2022-07-14,49.55,51.78,47.96,51.33,74097.2042
2022-07-15,51.33,52.77,50.63,51.79,123557.8496
2022-07-16,51.79,55.54,51.05,55.08,118564.0954
2022-07-17,55.08,57.0,54.42,55.69,119110.3741
2022-07-18,55.69,59.34,55.18,58.62,171352.5973
2022-07-19,58.62,59.65,55.78,57.89,170470.9867
2022-07-20,57.89,61.69,56.37,57.2,200728.2395
2022-07-21,57.2,58.68,55.12,58.03,136304.5458
2022-07-22,58.03,59.22,55.48,56.08,97254.2127
2022-07-23,56.08,57.27,54.5,56.32,97531.982
2022-07-24,56.32,59.79,56.32,58.39,87655.2298
2022-07-25,58.39,58.95,53.9,53.93,86197.2586
2022-07-26,53.93,54.2,51.94,53.88,66056.4491
2022-07-27,53.88,59.04,53.01,58.94,144259.5237
2022-07-28,58.94,64.28,58.03,63.4,169823.5692
2022-07-29,63.4,64.56,59.73,60.61,116823.8236
2022-07-30,60.61,64.12,59.93,60.43,100601.401
2022-07-31,60.43,63.1,59.63,59.72,55344.6276
2022-08-01,59.72,60.78,58.26,59.46,37833.803
2022-08-02,59.46,59.86,56.63,58.06,63520.9644
2022-08-03,58.06,60.22,56.74,57.82,41894.4885
2022-08-04,57.82,60.82,57.58,59.64,44277.9364
2022-08-05,59.64,62.55,59.62,62.46,43177.1689
2022-08-06,62.46,62.6,60.53,60.83,20343.4255
2022-08-07,60.83,61.99,59.89,61.11,59338.2956
2022-08-08,61.11,64.09,60.81,62.61,76352.3335
2022-08-09,62.61,62.87,58.24,59.15,148831.9702
2022-08-10,59.15,62.33,57.4,61.59,225369.5076
2022-08-11,61.59,63.49,61.47,61.84,113950.4676
2022-08-12,61.84,63.09,60.65,62.92,117905.8634
2022-08-13,62.92,65.65,62.67,63.81,97584.2924
2022-08-14,63.81,65.84,62.44,63.14,170929.5009
2022-08-15,63.14,65.3,59.64,60.67,143260.0208
2022-08-16,60.67,61.75,59.99,61.32,155611.067
2022-08-17,61.32,64.75,59.67,60.48,224650.6963
2022-08-18,60.48,61.71,59.32,60.03,112522.8837
2022-08-19,60.03,60.19,53.25,54.01,380564.9378
2022-08-20,54.01,55.61,52.64,54.1,196884.7208
2022-08-21,54.1,55.99,53.81,55.71,117391.3697
2022-08-22,55.71,57.44,52.29,57.22,266611.3274
2022-08-23,57.22,57.72,53.94,57.09,169202.1483
2022-08-24,57.09,57.67,55.61,56.46,127800.3166
2022-08-25,56.46,57.52,55.82,56.64,81403.1003
2022-08-26,56.64,58.29,52.08,52.68,275075.4881
2022-08-27,52.68,53.48,51.73,53.01,114153.6426
2022-08-28,53.01,55.87,52.46,53.41,247616.5896
2022-08-29,53.41,56.68,52.51,55.79,228997.496
2022-08-30,55.79,56.23,51.86,52.99,159600.4541
2022-08-31,52.99,55.26,52.99,53.85,134154.313
2022-09-01,53.85,57.81,53.19,57.57,202354.9964
2022-09-02,57.57,62.4,56.5,60.99,249743.7605
2022-09-03,60.99,62.25,59.53,60.15,104984.7839
2022-09-04,60.15,60.99,58.61,60.93,56506.9764
2022-09-05,60.93,61.61,59.26,60.39,61459.2843
2022-09-06,60.39,62.73,54.01,54.09,245682.2677
2022-09-07,54.09,58.29,52.92,57.3,200712.9037
2022-09-08,57.3,58.6,56.05,57.97,246430.3131
2022-09-09,57.97,61.92,57.69,61.13,175633.4
2022-09-10,61.13,64.65,60.54,63.29,208789.5831
2022-09-11,63.29,64.44,61.32,62.15,125263.1424
2022-09-12,62.15,63.22,60.15,61.38,175801.9327
2022-09-13,61.38,67.43,58.29,59.1,664851.0198
2022-09-14,59.1,61.21,58.17,60.19,221546.84
2022-09-15,60.19,60.84,55.85,56.34,335384.7704
2022-09-16,56.34,56.95,54.61,55.95,149701.2536
2022-09-17,55.95,58.41,55.81,57.82,52918.3693
2022-09-18,57.82,57.85,52.18,52.63,214229.7428
2022-09-19,52.63,53.77,48.47,52.91,300035.681
2022-09-20,52.91,53.9,50.86,52.31,381949.127
2022-09-21,52.31,55.52,50.26,51.08,699361.5909
2022-09-22,51.08,54.11,50.61,53.56,207018.3971
2022-09-23,53.56,55.35,51.41,55.21,558217.8353
2022-09-24,55.21,55.95,53.21,53.44,314740.6635
2022-09-25,53.44,54.42,52.22,52.54,268343.777
2022-09-26,52.54,53.73,51.87,53.44,351203.4189
2022-09-27,53.44,55.55,51.81,52.65,417374.9518
2022-09-28,52.65,53.84,51.03,53.29,498352.9562
2022-09-29,53.29,54.17,52.25,53.95,431057.0635
2022-09-30,53.95,55.13,52.87,53.48,238471.7261
2022-10-01,53.48,53.8,52.45,52.93,102495.3397
2022-10-02,52.93,53.45,51.67,51.81,148071.8492
2022-10-03,51.81,54.34,51.5,54.17,195253.1038
2022-10-04,54.17,55.73,53.89,55.27,147281.7978
2022-10-05,55.27,55.28,53.33,54.62,170382.5799
2022-10-06,54.62,55.07,53.34,53.54,199759.34
2022-10-07,53.54,53.85,52.29,52.84,195440.0618
2022-10-08,52.84,53.54,52.38,52.79,132460.1805
2022-10-09,52.79,53.98,52.69,53.9,128084.1983
2022-10-10,53.9,54.44,52.51,52.62,233760.8923
2022-10-11,52.62,52.64,51.26,52.02,182738.2321
2022-10-12,52.02,52.97,51.63,52.23,190025.4983
2022-10-13,52.23,52.5,48.38,51.1,622495.9379
2022-10-14,51.1,52.57,50.88,51.3,230826.48
2022-10-15,51.3,51.73,50.26,50.38,168014.8218
2022-10-16,50.38,51.82,50.29,51.42,211896.7495
2022-10-17,51.42,52.15,51.04,51.84,175932.1743
2022-10-18,51.84,52.2,50.75,51.87,114831.3619
2022-10-19,51.87,52.05,50.77,50.95,112779.84
2022-10-20,50.95,52.11,50.57,51.2,113865.3829
2022-10-21,51.2,51.86,49.52,51.62,173234.2983
2022-10-22,51.62,52.47,51.36,52.17,103753.489
2022-10-23,52.17,54.09,51.85,54.04,123850.252
2022-10-24,54.04,54.21,52.11,52.52,301128.3963
2022-10-25,52.52,56.8,52.29,55.93,260039.2953
2022-10-26,55.93,57.59,55.67,56.39,289018.9109
2022-10-27,56.39,56.73,54.52,54.76,334605.0532
2022-10-28,54.76,55.55,53.51,54.93,292669.6471
2022-10-29,54.93,57.59,54.66,56.61,315370.7192
2022-10-30,56.61,57.51,54.71,55.34,327097.9457
2022-10-31,55.34,56.41,54.0,55.03,406381.0149
2022-11-01,55.03,55.92,54.49,55.09,237144.2441
2022-11-02,55.09,62.78,54.69,60.94,2331702.3634
2022-11-03,60.94,64.71,60.12,61.87,1393301.2471
2022-11-04,61.87,70.32,61.64,67.32,12512656.2839
2022-11-05,67.32,71.76,67.01,69.23,5407821.9126
2022-11-06,69.23,70.81,67.53,68.25,2560266.2267
2022-11-07,68.25,73.22,66.2,67.43,2205016.6802
2022-11-08,67.43,68.84,54.06,57.72,2894005.4874
2022-11-09,57.72,59.83,47.66,50.61,5480355.9924
2022-11-10,50.61,61.31,49.72,60.55,4400095.9042
2022-11-11,60.55,64.26,58.54,61.47,1067388.5236
2022-11-12,61.47,61.79,58.09,59.89,534053.9009
2022-11-13,59.89,60.37,56.38,57.38,218738.0208
2022-11-14,57.38,59.18,53.43,56.7,224538.507
2022-11-15,56.7,59.56,56.47,58.03,48600.8436
2022-11-16,58.03,60.17,56.71,57.51,52779.2285
2022-11-17,57.51,63.33,57.0,62.58,83756.0785
2022-11-18,62.58,63.86,61.55,62.67,39963.3237
2022-11-19,62.67,64.49,61.31,63.99,15564.7319
2022-11-20,63.99,64.8,60.43,62.12,18384.2295
2022-11-21,62.12,63.52,59.44,61.34,97686.2878
2022-11-22,61.34,71.23,61.0,70.67,93936.4605
2022-11-23,70.67,83.39,69.59,78.99,265914.6692
2022-11-24,78.99,79.48,75.06,78.65,66272.4461
2022-11-25,78.65,79.7,73.35,73.71,53661.0524
2022-11-26,73.71,79.65,73.71,76.44,37832.5706
2022-11-27,76.44,79.37,74.18,74.93,32673.3819
2022-11-28,74.93,75.29,70.52,73.99,52880.5847
2022-11-29,73.99,77.75,73.37,75.78,40905.3858
2022-11-30,75.78,80.74,75.41,79.16,57032.2012
2022-12-01,79.16,80.61,76.23,77.57,103891.7124
2022-12-02,77.57,78.08,75.39,77.97,65373.5534
2022-12-03,77.97,78.1,75.47,76.48,39569.3948
2022-12-04,76.48,77.56,75.8,77.1,38521.6262
2022-12-05,77.1,84.95,76.83,80.19,206024.8888
2022-12-06,80.19,81.86,77.71,79.9,66199.4359
2022-12-07,79.9,80.41,75.66,76.87,94904.9208
2022-12-08,76.87,78.72,74.52,78.18,91144.862
2022-12-09,78.18,78.72,75.86,76.32,53560.4298
2022-12-10,76.32,77.53,75.68,76.33,45692.9472
2022-12-11,76.33,78.42,76.27,76.51,34165.6317
2022-12-12,76.51,76.7,73.48,76.2,65552.4355
2022-12-13,76.2,79.8,74.4,77.38,124304.1601
2022-12-14,77.38,79.09,74.18,75.27,55067.8212
2022-12-15,75.27,75.46,71.72,72.44,33116.9896
2022-12-16,72.44,73.62,65.01,66.27,129754.0381
2022-12-17,66.27,67.72,62.58,64.9,120911.3947
2022-12-18,64.9,65.92,63.08,64.39,51013.5626
2022-12-19,64.39,65.04,61.06,63.36,87565.9339
2022-12-20,63.36,66.13,63.08,65.55,75888.8509
2022-12-21,65.55,66.84,64.62,65.4,26183.672
2022-12-22,65.4,66.7,64.31,66.22,21361.7743
2022-12-23,66.22,66.69,65.07,65.77,17748.0952
2022-12-24,65.77,66.13,65.07,65.77,35388.5691
2022-12-25,65.77,69.66,65.3,69.16,54396.7289
2022-12-26,69.16,71.55,68.59,70.76,73665.8674
2022-12-27,70.76,71.08,67.78,68.68,25274.4675
2022-12-28,68.68,69.48,65.72,66.32,31366.7642
2022-12-29,66.32,67.29,65.57,66.65,36567.5599
2022-12-30,66.65,68.58,66.1,67.96,22362.1641
2022-12-31,67.96,71.11,67.62,70.14,124698.7865
2023-01-01,70.14,71.47,68.91,71.04,55110.4869
2023-01-02,71.04,77.66,70.02,74.75,74423.0894
2023-01-03,74.75,76.47,73.66,75.56,33355.3796
2023-01-04,75.56,77.96,74.29,75.45,44844.1074
2023-01-05,75.45,76.27,73.62,74.24,23788.7418
2023-01-06,74.24,76.55,72.54,75.9,53197.4268
2023-01-07,75.9,76.83,75.49,76.4,13905.0263
2023-01-08,76.4,78.72,75.1,78.66,21540.4567
2023-01-09,78.66,83.63,78.1,81.61,59160.8507
2023-01-10,81.61,82.84,79.45,80.81,18972.4614
2023-01-11,80.81,84.91,79.93,84.06,26806.3963
2023-01-12,84.06,87.44,81.1,86.07,62636.825
2023-01-13,86.07,87.96,83.6,86.22,17887.8775
2023-01-14,86.22,91.15,85.9,87.82,49562.7732
2023-01-15,87.82,88.67,85.36,87.36,20192.1298
2023-01-16,87.36,89.16,83.99,85.9,11475.5461
2023-01-17,85.9,89.36,84.58,87.03,23389.7873
2023-01-18,87.03,88.41,82.03,82.64,87572.7585
2023-01-19,82.64,84.55,81.7,84.21,12797.5632
2023-01-20,84.21,91.3,83.0,90.26,23341.9095
2023-01-21,90.26,91.98,87.51,87.93,23107.2469
2023-01-22,87.93,90.04,86.55,87.62,24874.0423
2023-01-23,87.62,93.12,87.53,89.89,18937.3369
2023-01-24,89.89,91.42,86.06,87.13,20281.3801
2023-01-25,87.13,91.94,85.44,89.38,29749.6728
2023-01-26,89.38,89.98,86.88,87.54,21733.1627
2023-01-27,87.54,89.22,85.85,88.93,16245.8384
2023-01-28,88.93,89.91,87.02,89.74,17910.8174
2023-01-29,89.74,97.76,89.69,94.89,58905.1337
2023-01-30,94.89,96.04,88.49,91.36,38833.028
2023-01-31,91.36,96.34,91.31,94.11,42292.2449
2023-02-01,94.11,102.47,93.71,100.35,56667.4394
2023-02-02,100.35,102.21,97.94,98.64,26124.2979
2023-02-03,98.64,100.77,97.47,99.84,30442.7735
2023-02-04,99.84,101.37,98.23,98.5,23250.0296
2023-02-05,98.5,98.89,94.85,96.66,54738.3912
2023-02-06,96.66,97.97,94.8,95.93,67774.7234
2023-02-07,95.93,101.55,95.88,100.85,71469.3546
2023-02-08,100.85,102.41,96.88,99.2,24600.6773
2023-02-09,99.2,99.48,90.01,92.06,61420.1984
2023-02-10,92.06,94.14,91.09,93.3,43413.2782
2023-02-11,93.3,94.77,92.55,94.29,36173.8688
2023-02-12,94.29,94.54,90.98,92.53,11160.7816
2023-02-13,92.53,94.99,88.19,91.05,30060.3634
2023-02-14,91.05,95.89,90.3,95.78,19851.3116
2023-02-15,95.78,103.15,95.03,102.8,19826.5216
2023-02-16,102.8,105.62,98.46,98.53,18786.7122
2023-02-17,98.53,101.65,98.19,100.12,9608.0072
2023-02-18,100.12,101.96,98.95,99.7,3430.8994
2023-02-19,99.7,101.52,96.81,97.47,3823.2347
2023-02-20,97.47,98.71,94.5,95.98,4411.4767
2023-02-21,95.98,96.76,91.61,93.84,4825.8339
2023-02-22,93.84,95.47,91.7,95.24,2901.9667
2023-02-23,95.24,96.23,93.38,94.6,2706.9755
2023-02-24,94.6,95.22,90.0,91.57,3273.6533
2023-02-25,91.57,93.45,90.41,93.15,2337.6091
2023-02-26,93.15,95.54,92.77,95.29,2133.465
2023-02-27,95.29,96.07,92.5,94.05,3382.6085
2023-02-28,94.05,95.97,93.09,93.78,4153.6365
2023-03-01,93.78,98.25,93.64,97.82,6554.0821
2023-03-02,97.82,98.29,93.95,95.37,5709.4976
2023-03-03,95.37,95.45,85.9,90.57,16200.0208
2023-03-04,90.57,90.84,87.5,89.33,5659.8696
2023-03-05,89.33,91.75,89.18,89.9,6390.7789
2023-03-06,89.9,90.57,86.56,87.37,20306.3618
2023-03-07,87.37,88.89,84.12,86.32,28209.2233
2023-03-08,86.32,86.68,81.4,82.76,35147.949
2023-03-09,82.76,84.91,75.09,76.63,41534.7494
2023-03-10,76.63,76.79,68.16,71.44,98886.5651
2023-03-11,71.44,73.77,65.0,69.23,111263.2778
2023-03-12,69.23,76.23,67.46,76.16,67113.9388
2023-03-13,76.16,83.16,74.19,81.49,79588.6338
2023-03-14,81.49,88.15,79.2,83.99,63879.108
2023-03-15,83.99,85.39,75.2,76.27,80574.7363
2023-03-16,76.27,79.84,75.65,78.86,38680.945
2023-03-17,78.86,85.51,78.19,85.51,40547.0864
2023-03-18,85.51,87.83,82.1,82.96,40846.1167
2023-03-19,82.96,86.2,82.16,83.92,29121.546
2023-03-20,83.92,84.22,77.77,78.06,39198.9086
2023-03-21,78.06,83.33,76.8,82.42,42789.8001
2023-03-22,82.42,88.17,79.31,87.22,88819.981
2023-03-23,87.22,94.49,85.6,93.64,76070.1553
2023-03-24,93.64,95.8,89.25,93.61,50493.7251
2023-03-25,93.61,94.15,90.05,91.51,24245.135
2023-03-26,91.51,94.71,90.57,93.43,18182.0916
2023-03-27,93.43,94.0,87.77,89.21,35583.6148
2023-03-28,89.21,89.54,85.63,89.04,32463.007
2023-03-29,89.04,92.94,89.0,91.31,18141.7378
2023-03-30,91.31,93.3,86.8,89.08,33837.6357
2023-03-31,89.08,90.23,87.42,89.57,16536.3464
2023-04-01,89.57,94.24,89.37,92.56,22460.7951
2023-04-02,92.56,94.54,90.39,92.83,28478.9476
2023-04-03,92.83,95.83,89.82,92.96,36407.7367
2023-04-04,92.96,94.0,91.59,92.54,26980.1926
2023-04-05,92.54,95.0,91.25,92.67,109835.413
2023-04-06,92.67,92.67,89.89,90.98,52643.5248
2023-04-07,90.98,91.47,89.14,90.6,38394.4301
2023-04-08,90.6,91.45,89.3,89.91,15568.1179
2023-04-09,89.91,91.0,89.14,90.6,24034.0223
2023-04-10,90.6,94.39,89.85,93.8,35051.7619
2023-04-11,93.8,96.95,93.18,94.22,50201.8612
2023-04-12,94.22,94.65,90.93,92.04,56469.2889
2023-04-13,92.04,94.52,91.71,94.18,38931.3256
2023-04-14,94.18,99.18,93.72,96.34,52965.3177
2023-04-15,96.34,97.3,94.72,96.65,16696.5511
2023-04-16,96.65,102.1,95.1,99.98,36578.0737
2023-04-17,99.98,100.26,97.37,98.83,28118.2485
2023-04-18,98.83,103.2,97.69,101.85,33714.8081
2023-04-19,101.85,101.91,87.24,90.51,57137.1649
2023-04-20,90.51,92.37,87.23,90.17,68008.3715
2023-04-21,90.17,90.87,84.54,85.41,64316.568
2023-04-22,85.41,87.14,84.77,87.0,20304.0942
2023-04-23,87.0,87.09,84.21,86.76,26570.2579
2023-04-24,86.76,88.99,85.94,88.3,40198.2106
2023-04-25,88.3,91.73,87.25,91.01,47944.317
2023-04-26,91.01,93.95,84.3,88.13,62331.4818
2023-04-27,88.13,90.6,87.35,89.73,51211.1577
2023-04-28,89.73,90.33,87.73,89.62,37067.4558
2023-04-29,89.62,91.61,89.26,91.05,22865.4851
2023-04-30,91.05,91.38,87.84,88.14,27345.166
2023-05-01,88.14,88.85,85.19,86.78,31036.7151
2023-05-02,86.78,89.1,86.03,88.14,29688.4447
2023-05-03,88.14,89.83,85.45,88.82,37483.6641
2023-05-04,88.82,89.15,87.44,88.38,23632.862
2023-05-05,88.38,89.67,86.27,88.61,34717.5583
2023-05-06,88.61,89.25,80.69,83.26,61775.3136
2023-05-07,83.26,84.66,82.96,83.39,57219.0852
2023-05-08,83.39,85.21,75.3,77.78,78829.3993
2023-05-09,77.78,80.07,77.34,79.91,20572.3927
2023-05-10,79.91,82.0,77.23,80.94,35584.9974
2023-05-11,80.94,81.96,78.5,80.88,32246.1677
2023-05-12,80.88,81.44,77.25,80.43,28092.8884
2023-05-13,80.43,81.03,79.87,80.25,13717.3378
2023-05-14,80.25,83.97,79.65,83.53,20499.0673
2023-05-15,83.53,88.49,82.2,86.89,25240.2404
2023-05-16,86.89,90.44,86.24,89.92,40072.1051
2023-05-17,89.92,94.97,89.65,93.88,68768.8459
2023-05-18,93.88,94.18,89.25,90.42,30100.5615
2023-05-19,90.42,93.28,90.29,91.78,26065.1493
2023-05-20,91.78,92.78,90.56,92.44,10697.7678
2023-05-21,92.44,93.42,91.23,92.17,13445.3471
2023-05-22,92.17,92.73,89.89,90.86,14742.4738
2023-05-23,90.86,93.07,90.46,91.7,10222.5192
2023-05-24,91.7,91.86,84.47,85.83,45234.5832
2023-05-25,85.83,86.73,82.67,86.58,26239.7899
2023-05-26,86.58,88.13,86.1,87.1,21212.5468
2023-05-27,87.1,88.78,86.94,88.59,9421.6464
2023-05-28,88.59,92.25,88.17,91.48,29276.1572
2023-05-29,91.48,92.14,90.2,90.86,50258.8475
2023-05-30,90.86,93.32,90.58,92.32,60261.9995
2023-05-31,92.32,92.7,87.83,90.44,82292.3829
2023-06-01,90.44,95.91,89.28,94.18,113620.5041
2023-06-02,94.18,95.64,92.67,95.56,21480.446
2023-06-03,95.56,97.5,94.22,96.0,15447.4108
2023-06-04,96.0,96.48,93.96,94.23,12893.0996
2023-06-05,94.23,94.53,83.66,87.7,46766.8418
2023-06-06,87.7,91.42,85.76,90.9,16349.2173
2023-06-07,90.9,91.26,87.46,88.81,12022.9673
2023-06-08,88.81,89.52,87.2,88.52,6175.2029
2023-06-09,88.52,89.96,86.84,89.28,10348.3064
2023-06-10,89.28,89.31,74.16,77.17,54488.0305
2023-06-11,77.17,78.93,76.23,77.7,13611.9615
2023-06-12,77.7,77.82,75.15,77.52,18147.2063
2023-06-13,77.52,79.72,76.33,77.5,17040.3826
2023-06-14,77.5,78.13,71.2,73.16,38985.1925
2023-06-15,73.16,75.09,72.17,74.59,13140.3259
2023-06-16,74.59,76.87,74.16,76.14,10530.7652
2023-06-17,76.14,77.77,75.73,76.86,8713.3897
2023-06-18,76.86,78.44,76.29,77.19,10113.5731
2023-06-19,77.19,77.78,76.16,77.48,13483.6284
2023-06-20,77.48,80.87,75.82,80.31,16966.9041
2023-06-21,80.31,87.29,80.0,85.13,43557.0726
2023-06-22,85.13,88.8,84.38,85.98,17969.8242
2023-06-23,85.98,93.0,85.06,91.28,21055.2671
2023-06-24,91.28,93.78,86.41,89.67,16497.0887
2023-06-25,89.67,90.45,86.63,88.2,17605.4676
2023-06-26,88.2,90.34,85.83,87.19,13947.9368
2023-06-27,87.19,89.42,86.94,88.06,13607.3799
2023-06-28,88.06,88.08,81.56,83.02,12152.4703
2023-06-29,83.02,85.74,82.93,84.71,11273.7839
2023-06-30,84.71,111.67,84.44,108.62,97233.5424
2023-07-01,108.62,112.76,102.95,107.07,44974.0952
2023-07-02,107.07,113.99,105.13,113.55,35665.8731
2023-07-03,113.55,114.9,105.58,107.27,24442.9996
2023-07-04,107.27,109.5,103.6,104.09,16335.463
2023-07-05,104.09,106.62,98.66,102.61,21634.7239
2023-07-06,102.61,105.83,95.21,95.21,26585.2338
2023-07-07,95.21,98.59,94.29,98.23,14682.4386
2023-07-08,98.23,98.47,96.61,97.83,15148.4966
2023-07-09,97.83,98.39,94.58,95.12,7568.7731
2023-07-10,95.12,97.8,91.72,96.73,16301.3606
2023-07-11,96.73,98.29,95.55,96.77,12360.3222
2023-07-12,96.77,97.81,94.2,96.23,11386.295
2023-07-13,96.23,104.22,95.66,101.84,34141.285
2023-07-14,101.84,103.6,92.2,95.1,21767.4947
2023-07-15,95.1,95.78,93.8,94.77,19937.8356
2023-07-16,94.77,95.33,91.82,92.88,17667.534
2023-07-17,92.88,93.56,89.3,92.2,15734.2314
2023-07-18,92.2,92.94,89.5,91.59,8588.8325
2023-07-19,91.59,94.21,91.39,91.99,9695.6081
2023-07-20,91.99,95.0,91.51,92.37,9834.3013
2023-07-21,92.37,94.72,91.71,94.03,19603.6666
2023-07-22,94.03,96.45,91.31,92.08,11666.2018
2023-07-23,92.08,93.55,91.57,93.16,18408.5908
2023-07-24,93.16,93.36,87.5,89.15,19428.4817
2023-07-25,89.15,90.12,88.57,89.45,13984.2609
2023-07-26,89.45,91.06,88.51,90.64,15758.1992
2023-07-27,90.64,91.95,89.68,90.59,18093.5036
2023-07-28,90.59,92.0,90.55,91.45,12808.315
2023-07-29,91.45,94.87,90.85,94.21,9565.157
2023-07-30,94.21,96.02,91.0,94.07,24247.1849
2023-07-31,94.07,95.0,91.1,92.21,23096.5048
2023-08-01,92.21,94.09,88.3,93.95,28845.062
2023-08-02,93.95,94.5,85.91,87.55,33009.033
2023-08-03,87.55,88.37,80.35,82.65,19460.1953
2023-08-04,82.65,83.86,80.93,82.2,26115.2176
2023-08-05,82.2,83.42,81.46,83.12,8141.5196
2023-08-06,83.12,83.49,80.58,82.56,17959.8749
2023-08-07,82.56,83.42,79.48,82.48,20752.4893
2023-08-08,82.48,85.4,81.79,83.86,34233.4285
2023-08-09,83.86,84.53,83.26,84.08,9483.4119
2023-08-10,84.08,84.37,82.66,83.14,11169.8664
2023-08-11,83.14,83.65,82.76,83.58,7004.1598
2023-08-12,83.58,83.99,83.27,83.48,6414.3134
2023-08-13,83.48,83.8,81.08,81.97,9990.2346
2023-08-14,81.97,83.1,81.53,82.1,10121.9058
2023-08-15,82.1,82.23,77.3,79.27,7451.6991
2023-08-16,79.27,79.6,72.99,74.59,10033.252
2023-08-17,74.59,75.8,58.0,64.82,30239.1373
2023-08-18,64.82,65.93,63.35,63.98,24099.9135
2023-08-19,63.98,64.94,63.55,64.18,11162.7815
2023-08-20,64.18,65.89,63.99,65.25,14477.7751
2023-08-21,65.25,67.15,64.4,66.99,15684.4608
2023-08-22,66.99,67.33,62.18,64.81,10416.3653
2023-08-23,64.81,66.71,64.09,65.63,6841.3472
2023-08-24,65.63,65.89,63.97,64.89,9095.9175
2023-08-25,64.89,65.43,63.6,65.13,10639.5823
2023-08-26,65.13,65.58,64.92,65.01,5069.4119
2023-08-27,65.01,65.95,64.85,65.39,3062.402
2023-08-28,65.39,65.76,64.0,65.52,9737.6286
2023-08-29,65.52,70.6,64.6,68.88,11478.0507
2023-08-30,68.88,69.02,66.57,67.63,6732.2642
2023-08-31,67.63,68.27,63.38,63.86,10451.1499
2023-09-01,63.86,64.23,61.92,62.98,7885.1297
2023-09-02,62.98,64.64,62.96,64.61,4454.112
2023-09-03,64.61,64.9,63.62,63.93,3414.6544
2023-09-04,63.93,64.98,63.05,63.76,4771.3871
2023-09-05,63.76,63.76,62.6,63.14,5765.0993
2023-09-06,63.14,63.85,61.51,62.86,10655.3947
2023-09-07,62.86,64.47,62.48,63.72,9372.3907
2023-09-08,63.72,64.11,61.64,62.61,6396.9618
2023-09-09,62.61,63.25,62.53,63.05,4635.5011
2023-09-10,63.05,63.06,60.1,61.11,8040.1241
2023-09-11,61.11,61.65,57.7,58.86,8945.4719
2023-09-12,58.86,61.4,58.65,59.96,6080.5973
2023-09-13,59.96,62.74,59.66,61.97,7361.0655
2023-09-14,61.97,63.4,61.97,62.83,7048.535
2023-09-15,62.83,66.21,62.56,65.9,10813.0369
2023-09-16,65.9,67.0,64.44,65.39,12820.0252
2023-09-17,65.39,65.4,62.83,63.57,5875.0844
2023-09-18,63.57,67.69,63.04,65.87,9002.2529
2023-09-19,65.87,68.31,65.68,67.29,7898.2249
2023-09-20,67.29,67.8,63.35,64.57,11293.7858
2023-09-21,64.57,65.01,62.95,64.7,9665.2475
2023-09-22,64.7,65.81,63.97,64.36,9166.4228
2023-09-23,64.36,65.25,64.36,65.07,8265.0027
2023-09-24,65.07,65.1,63.3,63.57,9365.6185
2023-09-25,63.57,65.02,62.6,64.34,7466.9987
2023-09-26,64.34,65.05,63.15,63.79,7999.2284
2023-09-27,63.79,65.53,63.1,63.54,5889.2012
2023-09-28,63.54,65.53,63.15,65.21,10143.6072
2023-09-29,65.21,66.49,64.92,65.55,9715.7365
2023-09-30,65.55,66.6,65.35,65.96,6858.4929
2023-10-01,65.96,68.7,65.83,68.17,10873.3521
2023-10-02,68.17,68.39,65.22,65.97,9294.7665
2023-10-03,65.97,66.9,65.28,65.5,5527.2889
2023-10-04,65.5,65.51,63.05,64.41,7224.8961
2023-10-05,64.41,65.2,63.75,64.81,6454.6005
2023-10-06,64.81,65.96,64.38,65.5,5169.6844
2023-10-07,65.5,66.24,64.98,65.45,5077.0624
2023-10-08,65.45,65.98,64.99,65.33,5115.2962
2023-10-09,65.33,65.36,61.53,63.06,9174.4333
2023-10-10,63.06,63.82,62.58,63.61,5124.7964
2023-10-11,63.61,63.74,61.1,61.54,66850.4122
2023-10-12,61.54,61.55,60.36,61.13,109778.3263
2023-10-13,61.13,62.15,61.06,61.58,140510.7626
2023-10-14,61.58,61.98,61.38,61.61,46698.7663
2023-10-15,61.61,62.18,61.36,61.62,54500.5093
2023-10-16,61.62,66.32,61.57,63.19,246082.8362
2023-10-17,63.19,63.33,61.39,62.06,108369.3548
2023-10-18,62.06,62.83,60.04,60.23,124197.384
2023-10-19,60.23,61.91,59.72,61.79,106167.7437
2023-10-20,61.79,64.26,61.57,63.37,167875.2909
2023-10-21,63.37,65.41,63.35,64.75,126160.7818
2023-10-22,64.75,66.32,63.13,65.25,207409.8642
2023-10-23,65.25,69.89,64.85,69.0,304061.3126
2023-10-24,69.0,72.89,67.11,69.15,357735.866
2023-10-25,69.15,70.43,67.72,68.7,214521.3825
2023-10-26,68.7,70.65,66.17,68.76,228176.1424
2023-10-27,68.76,68.82,65.6,66.98,164876.6189
2023-10-28,66.98,68.45,66.92,67.72,135575.8145
2023-10-29,67.72,69.32,67.0,68.8,96832.5232
2023-10-30,68.8,69.78,67.62,69.21,150819.6501
2023-10-31,69.21,70.52,67.63,68.88,230884.4013
2023-11-01,68.88,70.47,66.51,69.97,287722.0816
2023-11-02,69.97,70.77,67.42,69.43,238661.6426
2023-11-03,69.43,69.58,67.5,69.46,138543.3946
2023-11-04,69.46,70.8,68.75,70.42,105938.1342
2023-11-05,70.42,72.33,69.9,71.61,211891.8616
2023-11-06,71.61,74.95,70.78,74.46,191344.5139
2023-11-07,74.46,74.57,71.05,73.4,212666.0501
2023-11-08,73.4,74.32,72.45,73.07,158658.3228
2023-11-09,73.07,76.22,67.0,73.84,381560.8022
2023-11-10,73.84,75.47,70.72,73.27,248078.5689
2023-11-11,73.27,75.94,70.88,75.25,264341.0947
2023-11-12,75.25,76.8,72.15,74.88,286225.5431
2023-11-13,74.88,76.03,70.5,71.1,257362.4857
2023-11-14,71.1,72.56,68.08,70.62,225480.2059
2023-11-15,70.62,74.3,70.5,74.02,206253.4024
2023-11-16,74.02,74.38,69.79,70.96,194912.5128
2023-11-17,70.96,71.67,68.0,70.3,260514.7757
2023-11-18,70.3,70.33,67.5,69.86,119735.5447
2023-11-19,69.86,70.67,68.48,70.53,102751.005
2023-11-20,70.53,71.02,68.63,69.51,140492.6205
2023-11-21,69.51,71.87,65.16,66.14,281951.6867
2023-11-22,66.14,69.12,65.97,68.67,158675.3275
2023-11-23,68.67,70.69,68.37,69.51,176734.5063
2023-11-24,69.51,71.77,69.43,70.72,157025.7437
2023-11-25,70.72,72.21,70.51,71.88,111090.5408
2023-11-26,71.88,71.88,68.91,70.03,144567.3454
2023-11-27,70.03,70.49,67.91,69.2,123750.758
2023-11-28,69.2,70.28,67.82,69.76,233584.4934
2023-11-29,69.76,70.44,69.15,69.99,118982.8239
2023-11-30,69.99,70.15,69.1,69.41,82802.0879
2023-12-01,69.41,72.22,69.2,71.57,186594.2675
2023-12-02,71.57,72.72,71.18,72.19,113286.0321
2023-12-03,72.19,72.75,71.3,72.31,110610.3874
2023-12-04,72.31,75.08,71.89,72.92,371267.9241
2023-12-05,72.92,74.38,71.18,74.35,206265.7622
2023-12-06,74.35,74.91,72.16,72.41,242373.0043
2023-12-07,72.41,74.51,71.85,74.01,210758.5222
2023-12-08,74.01,78.89,73.31,78.5,308441.053
2023-12-09,78.5,79.51,75.7,76.3,258155.3483
2023-12-10,76.3,79.0,76.3,77.17,200510.3008
2023-12-11,77.17,77.51,70.53,72.67,348811.8843
2023-12-12,72.67,73.72,71.02,72.37,185244.3645
2023-12-13,72.37,74.05,70.18,73.13,250074.4588
2023-12-14,73.13,74.05,71.37,72.92,260887.9939
2023-12-15,72.92,72.96,70.53,70.92,146955.0443
2023-12-16,70.92,72.54,70.46,72.18,101695.7734
2023-12-17,72.18,73.64,70.86,71.19,143226.2225
2023-12-18,71.19,71.55,68.03,70.86,189891.8148
2023-12-19,70.86,71.67,69.68,70.73,131346.9745
2023-12-20,70.73,71.89,69.36,69.84,269958.3295
2023-12-21,69.84,71.08,68.92,70.92,208779.7624
2023-12-22,70.92,73.78,70.31,73.57,193209.0905
2023-12-23,73.57,74.09,71.25,72.44,147345.3058
2023-12-24,72.44,72.95,70.02,71.11,187271.757
2023-12-25,71.11,72.77,70.55,72.19,143619.2724
2023-12-26,72.19,74.46,71.03,73.24,322925.1315
2023-12-27,73.24,77.3,72.08,75.97,338255.8276
2023-12-28,75.97,77.61,74.5,76.51,362884.2724
2023-12-29,76.51,77.8,72.8,73.25,329224.0804
2023-12-30,73.25,74.02,72.37,73.22,170544.0113
2023-12-31,73.22,74.24,71.42,72.82,150852.8298
2024-01-01,72.82,74.78,72.05,74.71,118916.3639
2024-01-02,74.71,75.91,72.51,72.97,234175.0135
2024-01-03,72.97,73.6,57.86,65.24,564433.4734
2024-01-04,65.24,67.07,64.49,66.41,279699.0971
2024-01-05,66.41,66.73,63.48,66.0,255538.8221
2024-01-06,66.0,66.09,63.22,65.64,156516.0394
2024-01-07,65.64,66.38,63.68,64.27,139973.3085
2024-01-08,64.27,68.37,61.02,67.72,341570.0912
2024-01-09,67.72,67.83,64.15,66.99,311158.7384
2024-01-10,66.99,71.2,65.01,70.1,322467.7649
2024-01-11,70.1,74.62,69.54,71.87,454347.18
2024-01-12,71.87,77.18,70.41,72.96,644839.6645
2024-01-13,72.96,73.61,71.0,71.98,234142.2944
2024-01-14,71.98,72.29,69.44,69.8,183063.4008
2024-01-15,69.8,71.62,68.8,69.11,146103.4965
2024-01-16,69.11,70.53,68.39,69.43,173257.3986
2024-01-17,69.43,70.0,68.37,69.46,142068.0423
2024-01-18,69.46,70.35,66.21,68.12,273162.8259
2024-01-19,68.12,71.56,66.97,71.29,249596.9912
2024-01-20,71.29,72.76,70.46,71.36,206816.5631
2024-01-21,71.36,72.3,70.5,71.75,118015.2404
2024-01-22,71.75,72.7,66.67,67.37,281134.8978
2024-01-23,67.37,68.43,63.2,65.5,226777.285
2024-01-24,65.5,66.35,64.86,66.12,147782.8832
2024-01-25,66.12,66.15,64.57,65.5,107932.8267
2024-01-26,65.5,67.55,65.18,67.05,125842.0699
2024-01-27,67.05,68.33,66.34,68.05,96477.3435
2024-01-28,68.05,68.49,67.3,68.34,119319.9731
2024-01-29,68.34,68.79,66.83,68.43,169720.8215
2024-01-30,68.43,68.74,67.17,67.49,117088.7743
2024-01-31,67.49,70.05,66.14,66.75,222859.5467
2024-02-01,66.75,68.13,65.7,67.55,113351.4264
2024-02-02,67.55,68.42,67.31,68.05,81948.0927
2024-02-03,68.05,69.21,67.9,68.82,84822.4208
2024-02-04,68.82,68.89,66.46,66.94,105692.8678
2024-02-05,66.94,68.25,66.58,67.71,49905.3078
2024-02-06,67.71,68.8,67.56,68.28,12212.9652
2024-02-07,68.28,68.82,67.75,68.63,10767.6217
2024-02-08,68.63,70.66,68.44,70.54,11791.9076
2024-02-09,70.54,71.95,70.14,70.62,16879.7052
2024-02-10,70.62,71.18,69.97,70.79,15252.0504
2024-02-11,70.79,73.06,70.63,71.54,14396.3396
2024-02-12,71.54,73.43,70.34,72.84,22283.2846
2024-02-13,72.84,73.16,68.2,68.96,22984.1714
2024-02-14,68.96,70.75,68.46,69.82,37853.117
2024-02-15,69.82,70.91,69.04,69.76,23787.1223
2024-02-16,69.76,70.98,68.89,70.57,20768.2438
2024-02-17,70.57,70.7,68.07,69.96,45955.765
2024-02-18,69.96,71.32,69.81,70.78,25670.9311
2024-02-19,70.78,71.74,70.44,71.3,16508.4261
2024-02-20,71.3,71.47,67.46,69.64,19349.0608
2024-02-21,69.64,69.66,67.35,68.92,19892.3478
2024-02-22,68.92,69.73,67.92,68.81,18964.027
2024-02-23,68.81,69.1,67.5,68.8,16793.171
2024-02-24,68.8,70.67,68.62,70.41,25556.9882
2024-02-25,70.41,70.6,69.44,70.13,23906.616
2024-02-26,70.13,72.95,69.11,71.92,22695.5331
2024-02-27,71.92,76.37,71.92,73.97,24943.1852
2024-02-28,73.97,77.91,67.86,74.46,35416.2416
2024-02-29,74.46,84.93,73.93,79.91,64025.7174
2024-03-01,79.91,86.14,79.91,84.84,45773.1207
2024-03-02,84.84,94.48,84.45,94.4,99291.7461
2024-03-03,94.4,94.62,82.77,90.69,43443.7851
2024-03-04,90.69,92.6,87.48,88.9,134265.6055
2024-03-05,88.9,91.8,72.0,81.98,130128.6288
2024-03-06,81.98,87.38,79.86,85.85,71121.5968
2024-03-07,85.85,89.61,83.42,88.0,41898.1503
2024-03-08,88.0,89.39,83.9,88.33,42272.8151
2024-03-09,88.33,90.94,86.87,90.7,32367.4246
2024-03-10,90.7,90.79,85.39,87.42,19129.9753
2024-03-11,87.42,105.67,83.27,103.83,54938.4454
2024-03-12,103.83,104.25,91.82,97.52,57130.6387
2024-03-13,97.52,98.95,94.04,97.24,52161.9112
2024-03-14,97.24,98.24,89.6,94.08,63296.9618
2024-03-15,94.08,95.38,83.36,89.66,74233.4099
2024-03-16,89.66,90.74,82.25,84.14,54973.7616
2024-03-17,84.14,86.79,80.71,85.9,48128.5786
2024-03-18,85.9,88.02,80.77,86.77,64373.2912
2024-03-19,86.77,87.78,77.17,78.46,125611.7069
2024-03-20,78.46,85.29,76.98,84.65,85569.37
2024-03-21,84.65,87.0,83.57,85.75,62296.2657
2024-03-22,85.75,86.2,80.59,83.4,65671.1397
2024-03-23,83.4,87.5,82.84,85.25,76212.4153
2024-03-24,85.25,90.71,85.24,89.65,100277.6844
2024-03-25,89.65,92.06,88.53,90.59,85191.6964
2024-03-26,90.59,97.07,87.55,95.78,129552.8013
2024-03-27,95.78,98.96,92.33,93.55,129580.0757
2024-03-28,93.55,96.59,93.34,94.11,81460.3088
2024-03-29,94.11,110.38,92.79,109.06,217688.3876
2024-03-30,109.06,109.25,101.12,102.84,88295.0894
2024-03-31,102.84,106.69,101.4,105.01,74532.2573
2024-04-01,105.01,112.8,97.26,99.22,172689.0455
2024-04-02,99.22,108.97,93.16,106.75,204725.2206
2024-04-03,106.75,109.83,96.55,98.32,133625.5676
2024-04-04,98.32,104.3,96.23,98.39,124544.3672
2024-04-05,98.39,100.25,95.07,97.83,90061.8058
2024-04-06,97.83,102.47,97.17,101.59,59122.0886
2024-04-07,101.59,105.95,100.17,101.2,69099.9506
2024-04-08,101.2,106.0,99.6,103.27,74288.5493
2024-04-09,103.27,103.45,96.47,97.55,66503.5199
2024-04-10,97.55,98.29,93.52,96.7,65576.4999
2024-04-11,96.7,99.96,94.87,98.78,58848.1766
2024-04-12,98.78,99.55,79.0,86.09,115938.959
2024-04-13,86.09,86.63,70.55,77.36,138030.5159
2024-04-14,77.36,80.43,73.74,79.71,86063.0109
2024-04-15,79.71,82.83,75.62,78.09,131031.5132
2024-04-16,78.09,80.43,75.33,79.93,72269.0331
2024-04-17,79.93,80.82,76.27,80.18,62275.8321
2024-04-18,80.18,82.52,78.64,80.76,78521.5401
2024-04-19,80.76,82.2,75.78,80.87,72101.3616
2024-04-20,80.87,85.99,80.27,85.05,42825.8769
2024-04-21,85.05,85.68,82.75,84.16,36061.5619
2024-04-22,84.16,86.49,83.96,85.39,56713.4381
2024-04-23,85.39,86.36,84.0,85.02,43231.0091
2024-04-24,85.02,87.72,82.34,83.25,90621.4491
2024-04-25,83.25,85.06,81.83,83.77,64530.0768
2024-04-26,83.77,88.55,83.09,88.08,51178.8747
2024-04-27,88.08,88.46,83.29,83.87,16768.7248
2024-04-28,83.87,85.42,83.58,83.97,12585.1622
2024-04-29,83.97,85.55,81.74,83.51,33509.2692
2024-04-30,83.51,84.54,77.25,79.49,41529.3295
2024-05-01,79.49,80.89,74.61,80.16,49314.1502
2024-05-02,80.16,81.23,78.66,80.02,28041.3061
2024-05-03,80.02,82.6,79.34,81.85,17509.2394
2024-05-04,81.85,83.01,81.57,81.65,10903.1304
2024-05-05,81.65,81.77,80.4,81.32,10700.5825
2024-05-06,81.32,84.19,80.04,80.79,37763.4692
2024-05-07,80.79,82.6,79.8,80.83,34057.8236
2024-05-08,80.83,82.33,79.32,81.7,31245.6412
2024-05-09,81.7,83.15,80.72,83.06,23962.4684
2024-05-10,83.06,83.48,79.58,80.23,12904.8929
2024-05-11,80.23,82.28,80.13,81.38,9202.9669
2024-05-12,81.38,82.17,80.88,81.42,12027.5855
2024-05-13,81.42,82.55,78.95,80.63,19324.3266
2024-05-14,80.63,81.64,78.57,78.78,21246.7721
2024-05-15,78.78,82.84,78.23,82.45,23697.2987
2024-05-16,82.45,83.24,81.38,82.43,16136.8468
2024-05-17,82.43,84.21,81.93,84.15,16018.0485
2024-05-18,84.15,84.79,83.43,83.85,11999.298
2024-05-19,83.85,84.38,81.79,82.4,9937.9547
2024-05-20,82.4,89.12,82.4,88.65,28453.5188
2024-05-21,88.65,89.51,87.0,88.26,42741.0681
2024-05-22,88.26,88.47,84.88,85.77,25123.9662
2024-05-23,85.77,87.93,80.55,85.47,45825.543
2024-05-24,85.47,86.47,84.01,85.0,25953.2371
2024-05-25,85.0,85.97,84.44,84.99,12488.5431
2024-05-26,84.99,85.26,83.55,83.9,17498.2755
2024-05-27,83.9,86.42,83.81,85.24,13674.911
2024-05-28,85.24,85.51,82.1,83.43,25151.9296
2024-05-29,83.43,84.18,82.69,83.62,13484.0504
2024-05-30,83.62,85.51,81.95,84.42,17902.0159
2024-05-31,84.42,84.67,82.06,83.21,21851.9479
2024-06-01,83.21,83.74,82.94,83.48,7390.8501
2024-06-02,83.48,83.51,82.2,83.11,12532.4244
2024-06-03,83.11,84.28,82.66,82.83,54993.7573
2024-06-04,82.83,83.7,81.12,83.65,55899.9624
2024-06-05,83.65,85.47,83.49,85.45,56873.2805
2024-06-06,85.45,85.84,84.17,84.19,47482.9765
2024-06-07,84.19,84.83,75.1,80.12,28882.1288
2024-06-08,80.12,80.48,78.94,79.96,18190.5833
2024-06-09,79.96,80.71,79.52,80.5,10601.1673
2024-06-10,80.5,80.52,79.07,79.66,32702.2097
2024-06-11,79.66,79.79,75.65,77.32,74207.6471
2024-06-12,77.32,79.27,76.34,78.5,41348.0394
2024-06-13,78.5,79.79,77.33,79.15,13387.2876
2024-06-14,79.15,80.27,76.31,77.6,24387.2383
2024-06-15,77.6,79.46,77.45,79.22,11877.1714
2024-06-16,79.22,80.15,78.63,78.99,12403.2588
2024-06-17,78.99,79.24,75.11,76.59,30247.0921
2024-06-18,76.59,76.76,70.68,72.65,50749.7342
2024-06-19,72.65,74.96,72.5,73.75,20468.7794
2024-06-20,73.75,75.35,73.23,74.7,25939.1821
2024-06-21,74.7,74.72,72.28,74.17,20430.1018
2024-06-22,74.17,74.88,73.57,74.56,6115.1008
2024-06-23,74.56,75.06,73.31,73.35,7266.9247
2024-06-24,73.35,73.44,67.58,69.69,64482.6194
2024-06-25,69.69,72.03,69.4,71.34,37561.3818
2024-06-26,71.34,71.96,70.39,71.02,28343.6312
2024-06-27,71.02,73.36,70.55,73.27,30405.2224
2024-06-28,73.27,74.76,72.54,72.9,38983.0425
2024-06-29,72.9,76.87,72.87,74.93,34213.0649
2024-06-30,74.93,75.96,74.11,75.3,28609.2861
2024-07-01,75.3,75.94,74.17,74.38,25974.0944
2024-07-02,74.38,76.21,74.28,76.04,23392.8388
2024-07-03,76.04,76.22,71.8,72.14,37628.7041
2024-07-04,72.14,72.43,65.0,65.42,51271.8245
2024-07-05,65.42,65.56,56.97,61.84,89244.3745
2024-07-06,61.84,65.64,61.43,65.4,9252.0735
2024-07-07,65.4,65.56,61.65,62.03,15839.3953
2024-07-08,62.03,66.98,59.26,64.92,59099.5835
2024-07-09,64.92,66.29,64.26,65.3,35099.1344
2024-07-10,65.3,67.3,64.5,66.96,42944.2859
2024-07-11,66.96,69.11,66.43,67.36,44123.72
2024-07-12,67.36,69.69,66.78,69.26,56932.8344
2024-07-13,69.26,70.66,69.14,69.81,36826.1272
2024-07-14,69.81,70.5,69.25,69.93,34258.9716
2024-07-15,69.93,72.53,69.71,72.29,61346.3203
2024-07-16,72.29,74.09,70.33,73.2,62196.9769
2024-07-17,73.2,74.24,71.22,71.36,50650.1084
2024-07-18,71.36,72.94,70.5,71.64,34785.7319
2024-07-19,71.64,74.09,69.68,73.39,51230.3282
2024-07-20,73.39,73.92,72.32,73.04,30205.7081
2024-07-21,73.04,74.13,71.22,73.98,38753.7408
2024-07-22,73.98,74.6,70.72,71.26,63294.7863
2024-07-23,71.26,73.1,70.43,72.89,27902.0137
2024-07-24,72.89,73.65,70.8,71.29,17040.8909
2024-07-25,71.29,71.65,67.31,68.84,22129.1766
2024-07-26,68.84,71.69,68.78,71.31,10450.4565
2024-07-27,71.31,72.36,70.32,71.3,9969.1452
2024-07-28,71.3,71.76,70.35,71.08,11592.1395
2024-07-29,71.08,76.77,71.04,73.71,31048.2785
2024-07-30,73.71,74.52,71.11,71.69,14888.1053
2024-07-31,71.69,72.93,69.87,70.15,9571.0622
2024-08-01,70.15,71.43,66.0,69.63,12165.2708
2024-08-02,69.63,69.96,63.99,65.05,12905.7285
2024-08-03,65.05,66.37,62.6,64.66,12351.3082
2024-08-04,64.66,65.21,60.5,62.47,9808.7946
2024-08-05,62.47,62.54,49.96,56.07,28010.4503
2024-08-06,56.07,59.29,56.0,58.24,15068.7474
2024-08-07,58.24,59.49,55.43,55.93,14576.9691
2024-08-08,55.93,61.95,55.21,61.18,16574.0126
2024-08-09,61.18,61.23,59.4,60.73,21241.2052
2024-08-10,60.73,61.54,60.13,61.17,11662.0169
2024-08-11,61.17,62.29,58.85,59.73,20227.0988
2024-08-12,59.73,62.05,59.22,61.51,20494.2515
2024-08-13,61.51,63.48,61.13,63.43,13419.6275
2024-08-14,63.43,64.68,62.62,64.05,16750.0592
2024-08-15,64.05,66.86,63.6,65.26,16944.4587
2024-08-16,65.26,66.77,64.29,66.55,13563.5795
2024-08-17,66.55,67.85,65.89,67.59,16149.6349
2024-08-18,67.59,68.11,66.1,66.36,12212.8505
2024-08-19,66.36,67.42,65.97,66.32,27094.9469
2024-08-20,66.32,67.29,63.22,64.41,13971.4107
2024-08-21,64.41,64.76,62.07,64.28,15059.1128
2024-08-22,64.28,64.36,62.5,63.78,9153.4474
2024-08-23,63.78,66.8,63.5,66.12,17202.4247
2024-08-24,66.12,67.97,65.43,66.57,15950.0381
2024-08-25,66.57,66.88,64.42,64.85,13398.5579
2024-08-26,64.85,65.08,63.0,63.07,15371.1193
2024-08-27,63.07,63.96,59.13,60.37,17851.41
2024-08-28,60.37,62.34,59.48,61.78,15726.2308
2024-08-29,61.78,63.89,61.1,62.51,22211.558
2024-08-30,62.51,65.4,61.59,64.93,13974.1998
2024-08-31,64.93,66.43,64.86,64.96,8227.0648
2024-09-01,64.96,65.12,62.92,63.59,12748.8573
2024-09-02,63.59,65.71,62.6,65.38,25941.2974
2024-09-03,65.38,66.36,64.3,64.33,9284.0154
2024-09-04,64.33,66.22,62.06,65.42,15387.3317
2024-09-05,65.42,68.53,64.45,66.1,12129.0647
2024-09-06,66.1,66.81,61.18,63.02,10788.1107
2024-09-07,63.02,64.14,61.68,62.07,9888.5959
2024-09-08,62.07,62.29,59.93,60.9,11336.3833
2024-09-09,60.9,61.81,59.66,61.41,14229.7812
2024-09-10,61.41,61.77,60.35,61.53,14495.8333
2024-09-11,61.53,62.41,60.17,62.16,12381.0693
2024-09-12,62.16,63.12,61.53,62.83,14616.0342
2024-09-13,62.83,65.0,62.41,64.91,17182.2666
2024-09-14,64.91,66.75,64.88,65.91,21164.958
2024-09-15,65.91,66.31,62.94,63.24,10777.0158
2024-09-16,63.24,63.73,62.1,62.61,20111.7378
2024-09-17,62.61,64.03,61.94,63.78,10478.5876
2024-09-18,63.78,64.83,62.43,64.82,12932.4958
2024-09-19,64.82,66.05,64.7,65.39,14804.3399
2024-09-20,65.39,66.44,64.35,65.3,13682.4638
2024-09-21,65.3,67.12,64.83,66.87,12393.8364
2024-09-22,66.87,68.8,66.47,68.7,18901.991
2024-09-23,68.7,69.3,66.64,66.95,15773.7073
2024-09-24,66.95,67.17,65.75,66.68,14102.3091
2024-09-25,66.68,67.83,65.91,66.54,14328.8116
2024-09-26,66.54,68.56,65.64,68.54,16785.9645
2024-09-27,68.54,71.2,68.29,71.11,16360.4558
2024-09-28,71.11,71.5,69.02,69.95,13829.2764
2024-09-29,69.95,70.31,68.5,69.26,11778.2956
2024-09-30,69.26,69.38,66.38,66.85,14132.8369
2024-10-01,66.85,68.59,62.03,63.41,21282.9474
2024-10-02,63.41,64.76,62.26,62.95,10163.637
2024-10-03,62.95,63.96,61.98,63.44,9048.7441
2024-10-04,63.44,65.2,63.28,64.95,11689.9106
2024-10-05,64.95,66.35,64.67,66.28,9447.1709
2024-10-06,66.28,67.65,66.13,67.04,11669.1468
2024-10-07,67.04,67.96,64.5,64.76,16007.9541
2024-10-08,64.76,66.15,64.53,65.67,12011.1113
2024-10-09,65.67,65.95,64.14,64.57,14912.8387
2024-10-10,64.57,65.07,63.39,64.3,11045.01
2024-10-11,64.3,65.92,64.29,65.54,8606.1968
2024-10-12,65.54,66.65,65.11,66.19,10758.36
2024-10-13,66.19,66.29,64.47,64.79,7842.5169
2024-10-14,64.79,67.36,64.13,66.85,19546.2527
2024-10-15,66.85,71.95,65.3,70.89,19417.2916
2024-10-16,70.89,73.0,69.36,70.08,23396.1459
2024-10-17,70.08,73.98,69.99,72.8,19024.9784
2024-10-18,72.8,74.84,71.9,73.03,14341.1251
2024-10-19,73.03,76.15,73.03,74.85,10806.5023
2024-10-20,74.85,75.84,73.65,74.29,11215.7962
2024-10-21,74.29,74.59,70.34,70.76,15572.4716
2024-10-22,70.76,71.6,69.4,70.04,16843.4254
2024-10-23,70.04,70.43,67.89,70.05,12125.4489
2024-10-24,70.05,71.33,69.29,71.15,12755.646
2024-10-25,71.15,72.27,66.84,68.84,15043.8176
2024-10-26,68.84,69.72,68.11,68.46,12562.0971
2024-10-27,68.46,71.2,68.04,71.08,10177.1551
2024-10-28,71.08,71.56,69.63,70.81,13008.0315
2024-10-29,70.81,74.36,70.71,73.98,20050.9641
2024-10-30,73.98,74.26,71.5,71.76,12556.6578
2024-10-31,71.76,72.1,68.45,69.3,10726.6465
2024-11-01,69.3,71.07,67.76,70.26,9841.4273
2024-11-02,70.26,71.24,68.88,69.19,7558.6756
2024-11-03,69.19,69.26,65.35,66.85,7758.9307
2024-11-04,66.85,67.73,64.45,65.57,8769.662
2024-11-05,65.57,67.28,64.85,65.38,14865.7987
2024-11-06,65.38,71.6,65.37,70.99,22010.3666
2024-11-07,70.99,72.39,69.92,71.43,100474.3257
2024-11-08,71.43,73.05,70.65,72.78,100217.3845
2024-11-09,72.78,74.18,71.58,73.99,84826.1937
2024-11-10,73.99,78.2,73.44,76.58,637799.21
2024-11-11,76.58,80.36,74.58,80.02,293380.9717
2024-11-12,80.02,82.78,70.99,76.7,388120.4473
2024-11-13,76.7,77.93,71.87,75.39,195280.2899
2024-11-14,75.39,85.0,74.17,82.2,327208.0588
2024-11-15,82.2,87.23,78.91,83.7,164070.2913
2024-11-16,83.7,98.47,82.84,95.44,293740.2798
2024-11-17,95.44,97.39,84.87,87.19,166390.3681
2024-11-18,87.19,94.79,86.43,89.22,183728.964
2024-11-19,89.22,90.17,85.08,86.64,101686.1883
2024-11-20,86.64,87.81,82.37,83.38,126813.0301
2024-11-21,83.38,92.04,81.57,89.49,245475.8627
2024-11-22,89.49,92.75,87.76,92.2,274531.5087
2024-11-23,92.2,106.32,92.08,99.5,1028726.3772
2024-11-24,99.5,103.15,91.54,96.92,499472.956
2024-11-25,96.92,99.2,91.0,92.2,360992.9582
2024-11-26,92.2,95.3,87.94,92.83,238847.572
2024-11-27,92.83,98.96,91.46,97.27,164467.1726
2024-11-28,97.27,98.32,93.69,95.53,90481.6306
2024-11-29,95.53,104.78,94.74,104.76,194816.35
2024-11-30,104.76,104.9,100.38,102.73,169594.3078
2024-12-01,102.73,122.0,99.35,119.62,603217.0343
2024-12-02,119.62,139.7,114.76,132.9,1151551.6793
2024-12-03,132.9,135.08,120.1,130.8,620851.623
2024-12-04,130.8,135.63,121.59,133.69,499780.727
2024-12-05,133.69,147.0,124.96,135.83,706004.6742
2024-12-06,135.83,139.21,130.12,135.89,298253.1507
2024-12-07,135.89,138.64,131.75,133.77,205264.7996
2024-12-08,133.77,135.8,130.12,134.9,191489.1451
2024-12-09,134.9,135.05,100.72,110.56,472626.2343
2024-12-10,110.56,114.82,101.28,109.72,811765.5941
2024-12-11,109.72,118.66,106.05,117.29,294120.7589
2024-12-12,117.29,125.0,116.5,119.24,390434.4079
2024-12-13,119.24,125.29,117.07,124.48,248225.456
2024-12-14,124.48,125.35,115.44,118.23,152662.3389
2024-12-15,118.23,122.17,114.32,121.11,172995.3739
2024-12-16,121.11,124.0,115.38,117.99,345388.3731
2024-12-17,117.99,131.41,114.43,125.52,557152.5138
2024-12-18,125.52,129.1,107.23,108.36,628496.7422
2024-12-19,108.36,111.77,94.74,99.35,917346.882
2024-12-20,99.35,103.3,86.74,101.38,884991.2359
2024-12-21,101.38,106.02,97.76,101.54,329859.2972
2024-12-22,101.54,103.9,96.68,99.77,238350.6079
2024-12-23,99.77,107.66,97.91,106.76,274823.9182
2024-12-24,106.76,110.81,103.95,108.35,187832.9796
2024-12-25,108.35,110.68,106.93,109.82,133446.655
2024-12-26,109.82,110.34,101.09,102.26,157152.2827
2024-12-27,102.26,106.53,99.71,100.59,172718.088
2024-12-28,100.59,101.8,98.67,100.74,89316.2586
2024-12-29,100.74,101.65,96.86,98.52,100944.9109
2024-12-30,98.52,103.04,97.36,99.4,197236.7231
2024-12-31,99.4,104.79,97.75,103.27,169510.1017
2025-01-01,103.27,108.14,102.06,105.17,137789.1593
2025-01-02,105.17,108.71,104.63,105.13,164542.1244
2025-01-03,105.13,114.8,104.11,112.72,156589.1124
2025-01-04,112.72,112.9,110.06,111.21,95291.431
2025-01-05,111.21,116.14,110.59,115.67,124125.003
2025-01-06,115.67,117.29,111.66,114.02,189761.2295
2025-01-07,114.02,114.88,102.08,102.71,324531.9936
2025-01-08,102.71,105.01,97.22,101.41,234996.6661
2025-01-09,101.41,105.84,99.88,102.23,237870.2494
2025-01-10,102.23,106.23,102.07,103.95,165746.4573
2025-01-11,103.95,104.98,102.18,104.38,105785.1659
2025-01-12,104.38,105.28,101.35,102.34,71171.4183
2025-01-13,102.34,104.4,92.62,98.37,286123.6679
2025-01-14,98.37,102.56,97.59,102.47,71048.3531
2025-01-15,102.47,118.68,100.76,116.96,116313.8079
2025-01-16,116.96,130.46,114.15,124.39,432807.7943
2025-01-17,124.39,141.19,124.39,137.04,339615.1533
2025-01-18,137.04,139.53,123.25,125.38,255224.7565
2025-01-19,125.38,130.0,111.35,115.55,363859.9727
2025-01-20,115.55,127.7,112.91,118.59,374657.0014
2025-01-21,118.59,124.84,113.68,119.1,146878.6929
2025-01-22,119.1,120.27,114.21,115.35,69248.3423
2025-01-23,115.35,117.19,111.25,116.42,118801.3373
2025-01-24,116.42,122.97,112.86,118.69,142615.8988
2025-01-25,118.69,129.34,118.06,123.92,187203.2856
2025-01-26,123.92,125.09,116.9,117.1,85620.2012
2025-01-27,117.1,117.88,106.16,115.05,244808.5856
2025-01-28,115.05,116.93,109.11,109.92,129416.3013
2025-01-29,109.92,119.47,109.85,115.9,133261.9997
2025-01-30,115.9,136.66,114.21,130.14,301404.9274
2025-01-31,130.14,135.26,125.26,128.09,197872.003
2025-02-01,128.09,131.21,117.72,118.04,179778.1018
2025-02-02,118.04,121.37,104.06,109.13,320561.4992
2025-02-03,109.13,109.13,80.16,106.92,915878.4049
2025-02-04,106.92,108.75,98.5,101.05,364185.7322
2025-02-05,101.05,109.41,100.46,103.31,247160.5693
2025-02-06,103.31,109.65,99.5,101.65,180678.6475
2025-02-07,101.65,108.1,100.58,103.11,187029.0555
2025-02-08,103.11,105.16,101.78,104.68,82431.8633
2025-02-09,104.68,109.17,102.29,107.19,147986.1205
2025-02-10,107.19,122.47,107.13,120.17,367934.4222
2025-02-11,120.17,132.4,117.82,119.29,421451.5262
2025-02-12,119.29,124.9,111.34,122.0,315050.6819
2025-02-13,122.0,129.3,118.87,126.6,314791.1205
2025-02-14,126.6,133.84,124.41,124.9,330594.2563
2025-02-15,124.9,135.0,124.31,133.86,329289.305
2025-02-16,133.86,137.49,125.04,125.67,279888.7382
2025-02-17,125.67,128.86,120.03,122.3,201227.8741
2025-02-18,122.3,129.84,119.88,129.74,309562.5164
2025-02-19,129.74,139.89,129.7,134.87,453046.4809
2025-02-20,134.87,135.21,125.88,130.84,326551.2365
2025-02-21,130.84,140.07,123.72,128.03,518645.6203
2025-02-22,128.03,131.18,125.61,125.89,197490.6058
2025-02-23,125.89,130.41,125.23,129.84,96288.5549
2025-02-24,129.84,130.47,112.1,114.78,366565.0649
2025-02-25,114.78,117.18,106.13,114.56,460779.3821
2025-02-26,114.56,128.89,113.97,124.66,530418.9187
2025-02-27,124.66,131.99,121.84,126.85,461130.5268
2025-02-28,126.85,129.58,114.11,128.02,689836.5678
2025-03-01,128.02,130.96,122.97,124.3,177956.8053
2025-03-02,124.3,130.0,117.5,127.87,433647.0696
2025-03-03,127.87,130.37,106.74,109.89,447193.4038
2025-03-04,109.89,110.93,93.97,103.64,575138.3511
2025-03-05,103.64,106.86,100.63,104.75,185791.0001
2025-03-06,104.75,112.98,102.11,103.38,201752.7155
2025-03-07,103.38,106.67,97.33,103.71,248004.4248
2025-03-08,103.71,108.68,101.77,102.34,129217.3701
2025-03-09,102.34,102.75,93.64,94.59,217751.6234
2025-03-10,94.59,99.1,86.28,87.45,305364.9396
2025-03-11,87.45,93.24,83.29,90.45,252655.3818
2025-03-12,90.45,92.97,87.29,91.52,223199.1982
2025-03-13,91.52,91.77,86.28,88.08,232533.7949
2025-03-14,88.08,92.84,87.81,91.31,195915.8768
2025-03-15,91.31,94.2,90.97,92.47,190220.8044
2025-03-16,92.47,92.71,88.36,90.24,188350.9544
2025-03-17,90.24,94.4,90.2,92.29,269136.3792
2025-03-18,92.29,92.34,87.1,90.05,230851.4582
2025-03-19,90.05,94.24,89.34,94.09,267306.7618
2025-03-20,94.09,94.58,90.1,93.28,219962.162
2025-03-21,93.28,93.93,90.81,90.83,168717.2338
2025-03-22,90.83,92.21,90.39,91.37,112819.5758
2025-03-23,91.37,93.0,90.64,91.47,102231.3072
2025-03-24,91.47,95.6,90.81,93.76,261110.7436
2025-03-25,93.76,94.77,91.9,94.37,176310.9422
2025-03-26,94.37,96.51,90.9,92.42,220224.4194
2025-03-27,92.42,95.02,92.16,92.8,160085.5076
2025-03-28,92.8,93.44,85.71,87.35,235021.4297
2025-03-29,87.35,88.04,84.17,85.45,178205.3703
2025-03-30,85.45,86.81,84.68,86.09,97969.8144
2025-03-31,86.09,86.26,80.81,82.97,217849.7324
2025-04-01,82.97,85.9,82.86,84.47,159734.7455
2025-04-02,84.47,88.54,80.94,81.53,270811.93
2025-04-03,81.53,84.66,80.12,83.44,208593.1795
2025-04-04,83.44,85.12,81.62,84.41,162110.3905
2025-04-05,84.41,84.97,81.63,82.68,68834.2424
2025-04-06,82.68,83.12,68.43,70.62,310377.3023
2025-04-07,70.62,73.02,63.12,70.99,664536.1762
2025-04-08,70.99,73.52,68.23,69.15,264544.1963
2025-04-09,69.15,78.5,66.51,76.03,390382.8264
2025-04-10,76.03,76.12,71.09,73.82,217638.6336
2025-04-11,73.82,77.55,73.73,76.18,170156.1723
2025-04-12,76.18,80.09,74.91,78.63,166737.1407
2025-04-13,78.63,80.03,76.43,77.85,140216.0189
2025-04-14,77.85,80.67,75.72,77.17,169581.2479
2025-04-15,77.17,78.72,74.66,75.27,121839.659
2025-04-16,75.27,76.54,73.28,74.33,155464.2024
2025-04-17,74.33,76.59,73.66,74.95,121069.3806
2025-04-18,74.95,77.08,74.58,75.99,87478.5844
2025-04-19,75.99,76.76,74.25,76.09,78982.5733
2025-04-20,76.09,78.5,75.39,77.79,84097.3204
2025-04-21,77.79,81.8,77.42,78.14,173723.4409
2025-04-22,78.14,84.7,77.38,83.5,195683.7017
2025-04-23,83.5,85.22,82.22,83.27,227978.5299
2025-04-24,83.27,84.62,80.77,84.29,161415.7747
2025-04-25,84.29,87.25,82.92,86.28,160799.8501
2025-04-26,86.28,88.04,85.2,87.06,105858.7422
2025-04-27,87.06,87.59,84.55,85.38,102146.6598
2025-04-28,85.38,88.09,83.69,85.67,152937.9276
2025-04-29,85.67,87.48,84.5,85.56,157959.3877
2025-04-30,85.56,86.62,81.44,83.51,157336.6682
2025-05-01,83.51,91.0,83.3,88.85,177348.0338
2025-05-02,88.85,91.04,87.0,87.96,128119.3814
2025-05-03,87.96,88.0,85.54,86.54,73364.7681
2025-05-04,86.54,86.9,84.78,85.04,142553.2753
2025-05-05,85.04,89.52,82.18,83.25,236019.4012
2025-05-06,83.25,92.65,80.99,91.59,262559.071
2025-05-07,91.59,93.66,87.21,89.53,314728.3162
2025-05-08,89.53,95.45,89.39,94.99,305606.0643
2025-05-09,94.99,101.54,93.83,100.53,351229.4423
2025-05-10,100.53,107.04,100.45,105.26,284977.6378
2025-05-11,105.26,105.96,98.1,100.12,223661.5354
2025-05-12,100.12,105.04,98.32,103.84,349519.7775
2025-05-13,103.84,104.95,99.44,103.4,294798.5203
2025-05-14,103.4,105.96,98.59,100.95,274481.3061
2025-05-15,100.95,101.9,95.58,99.25,219973.1078
2025-05-16,99.25,102.19,98.26,99.48,160554.4564
2025-05-17,99.48,101.22,95.63,96.05,155771.8804
2025-05-18,96.05,102.48,95.81,100.93,195587.5192
2025-05-19,100.93,101.27,94.35,98.25,208727.6683
2025-05-20,98.25,99.69,92.32,94.46,299285.8273
2025-05-21,94.46,98.35,93.44,97.08,276496.1542
2025-05-22,97.08,101.04,96.95,100.25,278034.2028
2025-05-23,100.25,102.94,94.6,95.25,280977.5905
2025-05-24,95.25,97.81,94.79,95.62,113275.8274
2025-05-25,95.62,96.06,93.1,95.59,127479.3143
2025-05-26,95.59,97.6,94.32,95.02,128530.4833
2025-05-27,95.02,97.0,93.03,95.89,175381.5931
2025-05-28,95.89,97.49,93.51,95.38,154171.5222
2025-05-29,95.38,98.9,92.84,93.2,205108.5284
2025-05-30,93.2,93.89,84.92,85.64,272791.61
2025-05-31,85.64,87.93,83.12,87.02,160354.928
2025-06-01,87.02,88.72,85.73,88.38,94698.4801
2025-06-02,88.38,89.97,86.97,89.52,127272.3362
2025-06-03,89.52,90.58,88.67,89.5,131373.0214
2025-06-04,89.5,90.97,87.39,87.98,117677.1921
2025-06-05,87.98,89.12,81.95,83.57,174674.1427
2025-06-06,83.57,87.67,83.17,87.25,170204.2264
2025-06-07,87.25,89.31,86.63,88.31,83557.3377
2025-06-08,88.31,88.63,86.59,87.17,108646.2613
2025-06-09,87.17,90.81,86.7,90.73,162739.9222
2025-06-10,90.73,93.49,89.53,93.33,160907.4486
2025-06-11,93.33,94.17,90.37,91.55,181597.9193
2025-06-12,91.55,91.89,86.02,86.12,144618.8216
2025-06-13,86.12,86.71,81.32,86.54,224362.4641
2025-06-14,86.54,86.91,84.2,85.17,92230.8553
2025-06-15,85.17,86.58,84.92,86.29,106054.312
2025-06-16,86.29,88.92,85.34,86.67,210850.8346
2025-06-17,86.67,87.77,82.5,84.22,205792.5289
2025-06-18,84.22,85.68,83.34,85.08,149466.8768
2025-06-19,85.08,85.98,84.21,85.1,162798.7102
2025-06-20,85.1,85.98,80.96,82.91,187934.1417
2025-06-21,82.91,84.12,78.66,80.22,162440.038
2025-06-22,80.22,82.03,76.19,80.22,255317.417
2025-06-23,80.22,85.42,79.46,84.9,216667.1348
2025-06-24,84.9,85.37,83.81,84.83,155135.8783
2025-06-25,84.83,85.47,83.95,84.67,166602.8363
2025-06-26,84.67,85.94,83.78,84.26,161872.1573
2025-06-27,84.26,85.66,83.17,84.82,139471.4285
2025-06-28,84.82,87.38,84.53,86.3,122984.0555
2025-06-29,86.3,88.49,85.85,87.96,109729.469
2025-06-30,87.96,88.35,84.61,86.01,164724.6848
2025-07-01,86.01,86.85,82.38,83.21,179406.1896
2025-07-02,83.21,88.65,82.97,87.32,249499.8951
2025-07-03,87.32,92.32,86.9,89.07,355857.8691
2025-07-04,89.07,89.31,85.65,86.84,209302.9193
2025-07-05,86.84,87.82,85.81,87.54,95638.0187
2025-07-06,87.54,88.53,86.47,87.35,112952.5364
2025-07-07,87.35,88.28,85.16,86.05,164218.7652
2025-07-08,86.05,88.0,85.51,87.75,137789.3827
2025-07-09,87.75,91.36,87.12,90.61,274543.2446
2025-07-10,90.61,95.3,90.11,94.85,266578.155
2025-07-11,94.85,98.3,92.66,94.26,403289.3759
2025-07-12,94.26,95.45,90.74,92.77,194065.1485
2025-07-13,92.77,96.88,92.51,94.62,174611.4245
2025-07-14,94.62,97.97,94.13,95.63,273695.8769
2025-07-15,95.63,96.73,91.21,96.35,292074.9338
2025-07-16,96.35,99.95,95.1,97.46,335417.6445
2025-07-17,97.46,103.59,95.33,101.59,482814.968
2025-07-18,101.59,112.24,100.04,101.72,914938.3188
2025-07-19,101.72,114.2,99.67,113.15,341752.42
2025-07-20,113.15,121.45,110.57,116.58,419933.6722
2025-07-21,116.58,121.98,114.55,115.42,278632.1389
2025-07-22,115.42,119.86,112.62,119.66,367660.7259
2025-07-23,119.66,122.27,108.89,112.03,430510.45
2025-07-24,112.03,115.43,106.59,112.25,256020.6035
2025-07-25,112.25,116.38,108.16,113.78,331744.1666
2025-07-26,113.78,115.47,112.09,113.91,158362.8202
2025-07-27,113.91,115.6,112.38,114.79,189073.1033
2025-07-28,114.79,116.42,108.27,109.03,227980.6991
2025-07-29,109.03,110.78,106.78,108.52,174322.7246
2025-07-30,108.52,111.36,105.27,110.49,255948.2178
2025-07-31,110.49,111.86,105.73,106.08,266887.8764
2025-08-01,106.08,108.38,103.15,106.59,483087.6585
2025-08-02,106.59,110.3,104.08,106.08,381620.8414
2025-08-03,106.08,111.44,104.14,110.38,187924.0756
2025-08-04,110.38,121.47,110.11,121.19,381253.5101
2025-08-05,121.19,129.1,119.59,120.26,560670.757
2025-08-06,120.26,121.13,115.18,119.19,209192.6139
2025-08-07,119.19,123.07,117.41,122.88,246152.6113
2025-08-08,122.88,126.43,119.33,123.77,224943.7475
2025-08-09,123.77,126.35,120.14,120.16,169040.1913
2025-08-10,120.16,125.97,118.26,123.75,183190.4118
2025-08-11,123.75,128.1,119.59,120.05,277700.8635
2025-08-12,120.05,131.95,118.38,130.44,300139.2066
2025-08-13,130.44,134.17,128.57,130.91,240819.9415
2025-08-14,130.91,133.87,119.58,121.29,415194.209
2025-08-15,121.29,123.25,116.57,119.12,353370.4281
2025-08-16,119.12,121.08,117.17,121.04,178236.3547
2025-08-17,121.04,123.18,119.78,120.7,242903.518
2025-08-18,120.7,120.92,115.3,117.71,282964.1554
2025-08-19,117.71,119.05,112.2,112.64,263172.4139
2025-08-20,112.64,117.12,112.01,116.05,253570.9622
2025-08-21,116.05,117.29,113.43,114.77,151004.9027
2025-08-22,114.77,123.64,112.5,122.94,331076.8304
2025-08-23,122.94,123.35,119.74,121.42,179269.5214
2025-08-24,121.42,124.76,117.11,118.2,236967.5683
2025-08-25,118.2,118.67,106.73,109.13,467435.1429
2025-08-26,109.13,114.8,108.8,113.49,245758.316
2025-08-27,113.49,116.25,111.94,112.16,219775.5917
2025-08-28,112.16,114.6,111.32,113.64,127478.7042
2025-08-29,113.64,113.85,108.63,109.87,175539.2852
2025-08-30,109.87,111.25,108.28,110.83,94340.1931
2025-08-31,110.83,111.9,108.75,108.87,86286.9704
2025-09-01,108.87,111.34,106.4,108.7,145159.8022
2025-09-02,108.7,112.11,108.54,111.74,147753.3742
2025-09-03,111.74,113.3,110.79,112.98,124933.1012
2025-09-04,112.98,113.49,109.5,111.05,91584.2243
2025-09-05,111.05,115.05,110.98,112.02,147294.7897
2025-09-06,112.02,112.51,111.21,112.13,52609.7423
2025-09-07,112.13,115.39,112.13,114.88,89400.4375
2025-09-08,114.88,115.43,111.99,112.76,213776.2538
2025-09-09,112.76,114.67,110.8,111.92,150920.066
2025-09-10,111.92,118.68,111.53,117.65,128750.5322
2025-09-11,117.65,117.76,112.97,115.83,103560.1894
2025-09-12,115.83,118.26,114.79,118.01,117915.9481
2025-09-13,118.01,120.81,117.45,119.2,118027.4965
2025-09-14,119.2,119.3,113.93,115.1,101417.0297
2025-09-15,115.1,116.76,111.97,113.74,92199.1915
2025-09-16,113.74,115.78,112.04,115.01,93651.956
2025-09-17,115.01,117.58,113.12,116.99,106761.1278
2025-09-18,116.99,119.09,114.89,118.16,110849.2808
2025-09-19,118.16,119.44,113.36,114.02,75401.8942
2025-09-20,114.02,115.31,113.41,113.9,44464.2423
2025-09-21,113.9,116.27,113.71,114.01,49799.0176
2025-09-22,114.01,114.52,102.24,105.64,138804.4226
2025-09-23,105.64,107.21,104.38,106.04,72531.413
2025-09-24,106.04,107.71,104.55,105.53,82891.0928
2025-09-25,105.53,105.84,100.31,102.27,111812.2462
2025-09-26,102.27,104.88,100.97,104.56,57548.0842
2025-09-27,104.56,104.98,103.33,104.46,32238.4992
2025-09-28,104.46,107.12,102.77,106.88,45662.296
2025-09-29,106.88,107.62,105.3,106.74,59511.3414
2025-09-30,106.74,107.57,103.85,106.87,58246.6131
2025-10-01,106.87,115.35,105.38,115.11,107794.3348
2025-10-02,115.11,122.7,115.11,119.53,208265.8202
2025-10-03,119.53,124.82,115.8,120.55,153324.4436
2025-10-04,120.55,120.99,117.44,120.49,66665.4649
2025-10-05,120.49,124.16,118.35,118.83,108275.9634
2025-10-06,118.83,121.48,118.11,118.32,103269.362
2025-10-07,118.32,119.27,115.15,116.89,102909.0212
2025-10-08,116.89,119.57,115.32,118.61,81492.8948
2025-10-09,118.61,128.11,115.41,125.92,166364.6372
2025-10-10,125.92,135.86,52.04,96.89,693232.3747
2025-10-11,96.89,105.5,90.05,93.35,420008.6904
2025-10-12,93.35,102.16,91.64,98.96,237145.3235
2025-10-13,98.96,101.35,94.93,99.46,234012.1689
2025-10-14,99.46,100.51,91.13,97.32,229128.2461
2025-10-15,97.32,99.96,93.35,95.49,131182.9668
2025-10-16,95.49,96.94,89.66,91.82,160976.6844
2025-10-17,91.82,93.14,84.0,90.1,198328.2203
2025-10-18,90.1,92.21,89.87,91.67,63069.6176
2025-10-19,91.67,94.79,90.73,93.34,74114.5222
2025-10-20,93.34,95.82,92.24,94.02,90182.9537
2025-10-21,94.02,96.94,91.68,92.44,121440.8993
2025-10-22,92.44,94.96,89.94,91.89,126534.4619
2025-10-23,91.89,94.78,91.79,94.02,74287.4157
2025-10-24,94.02,97.33,93.91,96.43,93075.5204
2025-10-25,96.43,97.08,95.67,96.94,40109.1389
2025-10-26,96.94,101.0,96.35,100.03,69692.5287
2025-10-27,100.03,103.12,98.15,99.38,125457.5791
2025-10-28,99.38,106.83,95.4,96.66,201653.4639
2025-10-29,96.66,100.71,95.86,98.52,119471.6814
2025-10-30,98.52,99.78,90.44,93.39,137154.9329
2025-10-31,93.39,96.32,92.99,95.38,82368.2191
2025-11-01,95.38,101.99,95.02,101.42,119762.8747
2025-11-02,101.42,101.57,97.47,99.41,97333.7546
2025-11-03,99.41,99.77,85.31,87.42,190431.5865
2025-11-04,87.42,91.17,79.72,85.22,248442.1382
