timestamp,open,high,low,close,volume
2019-01-01,7.421,7.766,7.2870095,7.744,451628.1869
2019-01-02,7.744,7.968,7.57400862,7.88200006,451068.6873
2019-01-03,7.88200006,7.92,7.37899994,7.519,443277.423
2019-01-04,7.519,7.62,7.255,7.488,449187.4232
2019-01-05,7.488,7.83000004,7.45499998,7.72,450521.8314
2019-01-06,7.72,8.66,7.53800356,8.463,475887.3805
2019-01-07,8.463,8.818,8.189,8.361,530146.8719
2019-01-08,8.361,9.318,8.15399998,9.003,563789.0537
2019-01-09,9.003,9.60100959,8.9,8.988,541240.4443
2019-01-10,8.988,9.369,7.423,7.775,506304.0804
2019-01-11,7.775,7.93,7.535,7.731,446053.518
2019-01-12,7.731,7.753,7.499,7.566,395808.874
2019-01-13,7.566,7.656,6.865,6.98,409010.649
2019-01-14,6.98,7.809,6.98,7.7288,383168.952
2019-01-15,7.7288,7.775,7.25,7.421,387251.815
2019-01-16,7.421,7.773,7.356,7.541,522892.928
2019-01-17,7.541,7.6956,7.307,7.665,554307.098
2019-01-18,7.665,7.7009,7.42,7.498,483536.531
2019-01-19,7.498,8.255,7.4872,7.898,463381.507
2019-01-20,7.898,8.05,7.2608,7.438,480232.201
2019-01-21,7.438,7.5325,7.279,7.412,442076.254
2019-01-22,7.412,7.714,7.124,7.6041,479988.115
2019-01-23,7.6041,7.6339,7.3713,7.4552,513943.863
2019-01-24,7.4552,7.6616,7.377,7.639,433106.348
2019-01-25,7.639,7.65,7.4,7.492,358382.575
2019-01-26,7.492,7.628,7.411,7.443,366305.866
2019-01-27,7.443,7.546,7.1564,7.335,372056.873
2019-01-28,7.335,7.371,6.758,6.912,401774.541
2019-01-29,6.912,7.1127,6.6902,6.985,385270.084
2019-01-30,6.985,7.1242,6.794,7.0523,385151.236
2019-01-31,7.0523,7.1567,6.77,6.858,353130.396
2019-02-01,6.858,7.026,6.741,6.988,339817.149
2019-02-02,6.988,7.2589,6.8584,7.2359,355206.993
2019-02-03,7.2359,7.25,6.935,7.032,345096.935
2019-02-04,7.032,7.157,6.9836,7.065,345307.839
2019-02-05,7.065,7.131,6.934,7.0,345020.856
2019-02-06,7.0,7.026,6.745,6.8621,365417.507
2019-02-07,6.8621,7.0001,6.8283,6.9244,340449.917
2019-02-08,6.9244,7.8513,6.8507,7.5653,357412.58
2019-02-09,7.5653,7.755,7.444,7.6662,364823.163
2019-02-10,7.6662,8.1206,7.5147,7.96,389567.456
2019-02-11,7.96,8.342,7.67,8.134,380627.972
2019-02-12,8.134,8.438,7.921,8.198,377030.97
2019-02-13,8.198,8.469,8.0958,8.2339,342015.233
2019-02-14,8.2339,8.234,7.721,7.879,333595.843
2019-02-15,7.879,8.4,7.8241,8.084,311601.608
2019-02-16,8.084,8.2852,7.8736,7.896,335472.662
2019-02-17,7.896,8.729,7.88,8.3872,357831.625
2019-02-18,8.3872,8.9017,8.1862,8.7845,324482.783
2019-02-19,8.7845,9.223,8.619,8.889,304081.671
2019-02-20,8.889,9.174,8.7251,9.119,313154.395
2019-02-21,9.119,9.133,8.4907,8.6002,318062.897
2019-02-22,8.6002,8.7924,8.5508,8.678,298834.631
2019-02-23,8.678,10.267,8.514,10.146,307360.86
2019-02-24,10.146,10.793,8.5362,8.899,317285.101
2019-02-25,8.899,9.4272,8.811,9.204,280719.683
2019-02-26,9.204,9.2316,8.857,9.067,256294.549
2019-02-27,9.067,9.152,8.591,8.867,252626.083
2019-02-28,8.867,9.02,8.7778,8.8189,273216.066
2019-03-01,8.8189,9.1842,8.758,8.9568,267627.093
2019-03-02,8.9568,9.1121,8.64,8.6973,271752.651
2019-03-03,8.6973,8.8959,8.55,8.608,252208.141
2019-03-04,8.608,8.7106,7.9501,8.165,285125.26
2019-03-05,8.165,8.839,8.09,8.736,292801.701
2019-03-06,8.736,8.8309,8.557,8.708,310602.752
2019-03-07,8.708,9.23,8.655,9.1702,280205.978
2019-03-08,9.1702,9.2272,8.6488,8.7654,266602.97
2019-03-09,8.7613,9.1097,8.722,8.9537,283038.993
2019-03-10,8.9546,9.027,8.6488,8.7922,243879.88
2019-03-11,8.759,8.8502,8.458,8.7116,637833.204
2019-03-12,8.581,8.95,8.4393,8.817,721179.147
2019-03-13,8.817,9.1199,8.7098,8.909,989451.626
2019-03-14,8.909,9.3212,8.7377,9.253,1011098.436
2019-03-15,9.253,9.3252,9.0798,9.206,1058749.355
2019-03-16,9.206,9.7192,9.2055,9.4012,1029251.323
2019-03-17,9.4012,9.4467,9.0996,9.184,1046258.789
2019-03-18,9.184,9.285,8.978,9.1062,1047256.749
2019-03-19,9.1062,9.2212,8.9796,9.156,1021087.43
2019-03-20,9.156,9.3182,8.9218,9.297,965128.296
2019-03-21,9.297,9.368,8.661,8.91,910111.895
2019-03-22,8.91,9.243,8.9,9.156,997104.594
2019-03-23,9.156,9.3638,9.0965,9.3587,1040992.142
2019-03-24,9.3587,9.3587,8.965,9.121,1081967.74
2019-03-25,9.121,9.279,8.707,8.92,1096420.176
2019-03-26,8.92,8.969,8.5372,8.8489,1139177.981
2019-03-27,8.8489,9.357,8.8412,9.283,1148730.126
2019-03-28,9.283,9.2898,9.1049,9.188,1101415.894
2019-03-29,9.188,9.937,9.1768,9.926,1176246.892
2019-03-30,9.926,10.259,9.6556,9.9454,1208438.68
2019-03-31,9.9454,10.112,9.6525,10.0946,1154240.307
2019-04-01,10.0946,10.141,9.8783,10.043,969772.809
2019-04-02,10.043,11.654,10.042,11.525,1011925.564
2019-04-03,11.525,13.814,11.354,12.1284,1171141.114
2019-04-04,12.1284,13.64,11.8595,12.6908,1029738.456
2019-04-05,12.6908,13.6401,12.2877,13.38,1029649.959
2019-04-06,13.38,13.5209,12.8038,12.9198,983002.031
2019-04-07,12.9198,13.4009,12.3915,12.9709,965040.405
2019-04-08,12.9709,13.22,11.851,12.43,1016804.614
2019-04-09,12.43,12.6604,11.6098,12.12,1094232.066
2019-04-10,12.12,12.6409,12.0083,12.6109,1196624.512
2019-04-11,12.6109,12.6208,10.4486,11.4797,1293821.11
2019-04-12,11.4797,11.5308,10.5509,11.2602,1256034.792
2019-04-13,11.2602,11.3208,10.8648,11.0,1164775.901
2019-04-14,11.0,11.2608,10.7492,11.08,1212340.954
2019-04-15,11.08,11.3909,10.3747,10.7504,1275683.314
2019-04-16,10.7504,11.0101,10.4691,10.7,1200189.927
2019-04-17,10.7,11.0605,10.6392,10.85,1145926.624
2019-04-18,10.85,11.3003,10.8393,11.14,1252052.156
2019-04-19,11.14,11.3309,10.7693,10.9606,1217064.708
2019-04-20,10.9606,11.0908,10.7298,10.89,1127063.302
2019-04-21,10.89,11.02,10.0608,10.28,1235431.574
2019-04-22,10.28,10.8909,10.2391,10.7596,1242525.093
2019-04-23,10.7596,11.0209,10.2336,10.2336,666420.639
2019-04-24,10.2336,10.32,9.3154,9.5887,338435.261
2019-04-25,9.5887,10.2701,9.3666,9.5551,231394.592
2019-04-26,9.5551,9.911,9.1288,9.4105,224577.52
2019-04-27,9.4105,9.7398,9.1905,9.4801,199962.493
2019-04-28,9.4801,9.7102,9.2396,9.336,215381.108
2019-04-29,9.336,9.9599,9.241,9.4699,187044.565
2019-04-30,9.4699,9.721,9.2981,9.6192,224105.384
2019-05-01,9.6192,9.8302,9.3735,9.5871,203522.876
2019-05-02,9.5871,10.0311,9.5415,9.8999,255812.611
2019-05-03,9.8999,10.1798,9.6906,9.9329,244929.158
2019-05-04,9.9329,10.1304,9.2005,9.3757,198707.038
2019-05-05,9.3757,9.5601,9.1491,9.1564,244326.996
2019-05-06,9.1564,9.3503,8.8006,9.2299,244852.509
2019-05-07,9.2299,9.4099,8.8668,8.8816,249716.404
2019-05-08,8.8816,9.0117,8.7174,9.0086,1902339.45
2019-05-09,9.0086,9.251,8.491,8.5601,2395230.585
2019-05-10,8.5601,9.0302,8.3073,8.8105,2313447.225
2019-05-11,8.8105,10.2299,8.7708,9.8385,2584035.488
2019-05-12,9.8385,10.0499,9.0043,9.299,2337445.641
2019-05-13,9.299,10.0198,9.2315,9.7001,2619856.016
2019-05-14,9.7001,11.1913,9.5699,11.0097,2785054.328
2019-05-15,11.0097,12.9213,10.9801,12.7432,2782646.262
2019-05-16,12.7432,13.82,11.4134,12.0436,2729905.303
2019-05-17,12.0436,12.1917,10.4467,11.1302,2417517.592
2019-05-18,11.1302,11.3939,10.55,10.7211,6158455.827
2019-05-19,10.7211,11.9045,10.4403,11.6699,10000703.719
2019-05-20,11.6699,12.4656,10.7921,12.0,10743725.965
2019-05-22,12.1009,12.3139,8.8076,11.1329,8960228.232
2019-05-23,11.1329,11.4659,10.7102,11.3884,10560147.54
2019-05-24,11.3884,11.9198,11.0577,11.4947,11085357.392
2019-05-25,11.4947,11.6643,11.3201,11.4169,10470866.04
2019-05-26,11.4169,12.0889,11.15,11.862,10973105.237
2019-05-27,11.862,12.7801,11.8202,12.3921,11388881.424
2019-05-28,12.3921,12.825,11.9527,12.6648,11334776.78
2019-05-29,12.6648,14.4428,11.7851,13.601,12172126.706
2019-05-30,13.601,14.9588,12.1501,12.5783,6398663.336
2019-05-31,12.5783,13.6198,12.1579,13.5631,1332853.823
2019-06-01,13.5631,14.3711,13.2619,13.777,1359716.478
2019-06-02,13.777,14.1601,13.5888,14.0958,1290116.568
2019-06-03,14.0958,14.1202,12.4179,12.4451,1256415.128
2019-06-04,12.4451,12.491,11.0227,11.462,1305064.468
2019-06-05,11.462,11.8438,11.1758,11.5484,1239285.48
2019-06-06,11.5484,11.8431,11.03,11.6271,1206363.843
2019-06-07,11.6271,12.5356,11.4368,12.1982,1247478.29
2019-06-08,12.1982,12.4442,11.679,11.9914,1247080.64
2019-06-09,11.9914,12.0518,11.2268,11.4877,1187496.723
2019-06-10,11.4877,12.4559,11.3507,12.2919,1258365.065
2019-06-11,12.2919,12.4266,11.728,12.2647,1253249.987
2019-06-12,12.2647,12.983,12.0688,12.8881,1143905.557
2019-06-13,12.8881,13.557,12.6167,13.0386,1314162.826
2019-06-14,12.956,13.5108,12.479,13.4971,849201.899
2019-06-15,13.4971,14.4255,13.442,13.9518,1312615.902
2019-06-16,13.9518,14.4802,13.7519,14.024,1273950.095
2019-06-17,14.024,14.7292,13.8874,14.1325,1312954.29
2019-06-18,14.1325,14.2162,13.2253,13.6654,1287301.289
2019-06-19,13.6654,13.9788,13.4993,13.7278,1271009.618
2019-06-20,13.2882,13.6292,13.2722,13.5334,357689.692
2019-06-21,13.5334,14.0272,13.5334,14.027,1303681.26
2019-06-22,14.027,18.8604,13.7998,17.549,1351695.57
2019-06-23,17.549,18.8831,16.7138,16.8511,1392414.853
2019-06-24,16.8511,18.4321,16.3999,17.9672,945567.517
2019-06-25,17.9672,19.7458,17.5428,19.6541,669870.267
2019-06-26,19.6541,20.9509,18.8501,19.338,621332.569
2019-06-27,19.338,20.0399,16.5001,17.1603,892156.356
2019-06-28,17.1603,18.6606,17.0904,18.514,813695.16
2019-06-29,18.514,18.5846,17.5689,18.4325,694058.891
2019-06-30,18.4325,18.5912,16.7088,16.754,728738.749
2019-07-01,16.754,17.3319,15.5511,16.9492,737116.272
2019-07-02,16.9492,18.3043,16.191,17.9177,779345.595
2019-07-03,17.9177,18.0613,17.2669,17.9171,686782.084
2019-07-04,17.9171,18.0092,16.9813,17.0355,761539.754
2019-07-05,17.0355,17.4943,16.7052,17.0224,819705.653
2019-07-06,17.0224,17.399,16.7936,16.8558,805286.174
2019-07-07,16.8558,17.2568,16.5133,17.206,803518.856
2019-07-08,17.206,17.5951,16.81,17.5334,792843.079
2019-07-09,17.5331,17.9333,16.9718,17.2352,759250.347
2019-07-10,17.2352,17.4551,15.4699,16.2197,855524.356
2019-07-11,16.2197,16.2197,14.2069,14.6138,883484.426
2019-07-12,14.6138,15.5001,14.2896,15.3186,823127.408
2019-07-13,15.3189,15.3563,13.5202,14.1665,880865.031
2019-07-14,14.182,14.2969,11.8337,12.041,926814.198
2019-07-15,12.0414,12.4801,11.1983,12.2811,963635.319
2019-07-16,12.2815,12.5728,10.0777,10.164,1000881.784
2019-07-17,10.1903,11.3034,9.7113,10.7331,1014789.971
2019-07-18,10.7351,13.4654,10.5189,13.2308,1045448.053
2019-07-19,13.2307,13.2334,12.1448,12.9722,864632.107
2019-07-20,12.9721,13.8531,12.7775,13.337,816334.184
2019-07-21,13.3073,13.5781,12.4623,12.9539,1055384.966
2019-07-22,12.9544,13.1398,11.662,12.0728,1071897.793
2019-07-23,12.0731,12.0762,11.1702,11.1969,1145929.519
2019-07-24,11.1937,12.064,10.8281,11.7799,1097344.178
2019-07-25,11.7794,12.3712,11.7116,11.9432,1104463.635
2019-07-26,11.9322,12.0989,11.6098,11.9694,1064660.767
2019-07-27,11.9693,12.33,11.0759,11.3514,1051976.55
2019-07-28,11.3631,11.5015,10.6198,11.2194,1074755.291
2019-07-29,11.2192,11.5572,10.9588,11.2811,1097769.865
2019-07-30,11.2812,11.4021,10.9952,11.2263,1122696.665
2019-07-31,11.2248,11.9959,11.2164,11.7183,1182078.866
2019-08-01,11.7183,11.848,11.3287,11.848,1037369.022
2019-08-02,11.848,11.9583,11.4558,11.661,1167533.637
2019-08-03,11.661,12.1339,11.623,12.1055,1171981.24
2019-08-04,12.1055,12.2782,11.74,11.8879,710518.738
2019-08-05,11.8879,12.5753,11.8845,11.9956,277209.062
2019-08-06,11.9956,12.2512,11.1324,11.3256,318319.822
2019-08-07,11.3256,11.635,11.121,11.2921,321805.055
2019-08-08,11.2921,11.3514,10.6013,10.9172,325044.655
2019-08-09,10.9172,10.9264,10.1987,10.3848,319692.669
2019-08-10,10.3848,11.2568,10.384,10.5987,333744.381
2019-08-11,10.5987,11.1321,10.5302,11.1151,325343.187
2019-08-12,11.1151,11.1151,10.648,10.7129,324453.072
2019-08-13,10.7129,10.7356,10.2432,10.4913,324873.702
2019-08-14,10.4913,10.5,9.275,9.4323,324823.206
2019-08-15,9.4323,10.0182,9.1496,9.8895,324920.794
2019-08-16,9.8895,10.015,9.4496,9.816,324870.577
2019-08-17,9.816,9.8259,9.5135,9.645,323012.71
2019-08-18,9.645,10.1005,9.5514,9.8242,324513.698
2019-08-19,9.8242,10.1484,9.7839,10.144,324401.969
2019-08-20,10.144,10.1532,9.7096,9.8774,324631.653
2019-08-21,9.8774,9.9161,9.2186,9.4531,438816.957
2019-08-22,9.4531,9.9058,9.2495,9.7938,295441.849
2019-08-23,9.7938,10.0262,9.6674,9.8653,304349.156
2019-08-24,9.8653,10.3472,9.58,10.099,361418.361
2019-08-25,10.099,10.1236,9.441,9.655,273678.259
2019-08-26,9.655,9.9369,9.6464,9.8546,263902.786
2019-08-27,9.8546,9.8664,9.4807,9.6001,165428.448
2019-08-28,9.6001,9.6192,9.0193,9.137,252211.686
2019-08-29,9.137,9.1376,8.5034,8.7368,411519.965
2019-08-30,8.7368,8.9142,8.6525,8.7207,223168.36
2019-08-31,8.7207,8.9062,8.5627,8.789,234854.12
2019-09-01,8.789,8.8537,8.6186,8.7572,260403.09
2019-09-02,8.7572,9.3015,8.736,9.1095,339024.948
2019-09-03,9.1095,9.3739,9.0223,9.2679,531701.802
2019-09-04,9.2679,9.2891,8.9616,9.0267,443554.366
2019-09-05,9.0267,9.0569,8.7464,8.9876,340227.152
2019-09-06,8.9876,9.3404,8.6469,8.7088,592191.981
2019-09-07,8.7088,9.2542,8.6845,9.0672,473285.447
2019-09-08,9.0672,9.2835,8.9031,9.269,485162.228
2019-09-09,9.269,9.2984,8.8308,9.1068,499223.254
2019-09-10,9.1068,9.1958,8.6819,8.8377,290796.836
2019-09-11,8.8377,9.0181,8.6541,8.7842,363421.818
2019-09-12,8.7842,9.0437,8.716,9.0135,503147.822
2019-09-13,9.0135,9.0383,8.7875,8.9355,384769.725
2019-09-14,8.9355,9.1783,8.8745,9.1149,383854.193
2019-09-15,9.1149,9.1481,9.0086,9.0668,476591.66
2019-09-16,9.0668,9.1913,8.8837,9.0847,221110.939
2019-09-17,9.0847,9.8368,9.0644,9.5123,348971.342
2019-09-18,9.5123,10.3247,9.512,10.1078,819608.843
2019-09-19,10.1078,10.1087,9.3328,9.712,932165.823
2019-09-20,9.712,9.7459,9.3298,9.533,448901.022
2019-09-21,9.533,9.6102,9.3711,9.4057,232061.467
2019-09-22,9.4057,9.4072,9.0153,9.0885,327488.47
2019-09-23,9.0885,9.1588,8.546,8.6351,453917.361
2019-09-24,8.6351,8.7533,6.7709,7.2197,819902.754
2019-09-25,7.2197,7.6262,6.9749,7.4593,1956425.623
2019-09-26,7.4593,7.5113,6.6891,7.1554,885111.239
2019-09-27,7.1554,7.4814,6.9481,7.3296,867655.643
2019-09-28,7.3296,7.4866,7.0969,7.3143,719467.755
2019-09-29,7.3143,7.319,6.9266,7.1453,491336.528
2019-09-30,7.1453,7.5954,6.8581,7.595,976193.316
2019-10-01,7.595,8.067,7.4096,7.4506,922075.498
2019-10-02,7.4506,7.6394,7.3211,7.6335,551959.971
2019-10-03,7.6335,7.6423,7.1579,7.3469,470058.888
2019-10-04,7.3469,7.4783,7.1454,7.3719,459707.642
2019-10-05,7.3719,7.402,7.1977,7.3407,490168.817
2019-10-06,7.3407,7.3795,6.9714,7.1395,463300.141
2019-10-07,7.1395,7.5471,7.0547,7.4532,577890.173
2019-10-08,7.4532,7.5914,7.3433,7.506,591419.178
2019-10-09,7.506,7.7997,7.4088,7.7581,795605.174
2019-10-10,7.7581,7.7644,7.3367,7.4639,679281.453
2019-10-11,7.4639,7.6129,7.1884,7.2114,669075.256
2019-10-12,7.2114,7.3518,7.2091,7.2531,523052.022
2019-10-13,7.2531,7.5032,7.2082,7.3136,462120.243
2019-10-14,7.3136,7.5155,7.2902,7.5155,609672.583
2019-10-15,7.5155,7.5545,7.2639,7.3484,814623.295
2019-10-16,7.3484,7.4442,6.8089,6.9999,1199776.055
2019-10-17,6.9999,7.2581,6.8667,7.248,962272.992
2019-10-18,7.248,7.3039,6.9403,7.1208,1311010.797
2019-10-19,7.1208,7.1858,7.0001,7.104,1434612.212
2019-10-20,7.104,7.3614,7.0203,7.2932,1236778.808
2019-10-21,7.2932,7.4622,7.1804,7.3935,1324198.609
2019-10-22,7.3935,7.4957,7.2302,7.2436,1405825.162
2019-10-23,7.2436,7.2732,6.6308,6.9078,1406964.513
2019-10-24,6.9078,7.0769,6.749,6.9742,917237.665
2019-10-25,6.9742,7.8126,6.8378,7.787,1512454.704
2019-10-26,7.787,9.1052,7.7796,9.1015,2758751.991
2019-10-27,9.1015,15.0025,9.1015,11.4825,2616883.203
2019-10-28,11.4825,13.4118,10.4086,10.6982,2592057.059
2019-10-29,10.6982,11.2945,10.3239,10.7746,1880306.618
2019-10-30,10.7746,11.524,10.1155,11.2427,1934908.142
2019-10-31,11.2427,11.3302,10.1568,10.533,1688645.713
2019-11-01,10.533,10.6938,10.2315,10.607,1392765.589
2019-11-02,10.607,11.2581,10.5565,10.9577,1655562.937
2019-11-03,10.9577,11.1037,10.6759,11.0359,1318076.263
2019-11-04,11.0359,11.7001,10.9186,11.407,1759644.747
2019-11-05,11.407,11.407,11.0064,11.1286,1446397.021
2019-11-06,11.1286,11.3054,10.9398,11.0758,1139855.597
2019-11-07,11.0758,11.1678,10.7319,11.122,1181797.277
2019-11-08,11.122,11.1808,10.3953,10.6256,1198526.659
2019-11-09,10.6256,10.7962,10.515,10.6975,725356.043
2019-11-10,10.6975,11.3356,10.5773,11.013,837762.575
2019-11-11,11.013,11.3993,10.5698,11.1254,960502.954
2019-11-12,11.1254,12.5811,11.1033,12.1075,1618491.289
2019-11-13,12.1075,13.3806,11.9302,13.1581,1302721.201
2019-11-14,13.1581,13.3721,12.4297,12.6503,1235084.902
2019-11-15,12.6503,12.842,11.7,12.0174,1027390.528
2019-11-16,12.0174,12.5104,11.8698,12.3801,933865.89
2019-11-17,12.3801,12.3817,11.9689,12.0693,904396.204
2019-11-18,12.0693,12.0697,11.0301,11.3306,920816.638
2019-11-19,11.3306,11.7819,11.0196,11.7123,1020288.585
2019-11-20,11.7123,11.973,11.3491,11.4962,1051552.352
2019-11-21,11.4962,11.5414,10.5707,11.0491,1238985.142
2019-11-22,11.0491,11.1809,9.2401,9.6721,1970483.078
2019-11-23,9.6721,10.1515,9.4499,10.0083,1183785.154
2019-11-24,10.0083,10.0095,8.8989,8.9888,1207087.052
2019-11-25,8.9888,9.5984,8.2903,9.1015,1587485.384
2019-11-26,9.1015,9.383,8.9134,9.2773,1182117.187
2019-11-27,9.2773,9.682,8.7031,9.4546,1314987.266
2019-11-28,9.4546,9.5709,9.1952,9.2807,834967.506
2019-11-29,9.2807,9.9062,9.2237,9.715,930741.356
2019-11-30,9.715,9.7858,9.1533,9.338,860771.51
2019-12-01,9.338,9.5078,8.9178,9.2678,1017884.65
2019-12-02,9.2678,9.2707,8.8043,8.9464,727060.799
2019-12-03,8.9464,9.0957,8.824,8.9418,742272.878
2019-12-04,8.9418,9.1666,8.5269,8.5932,1227400.967
2019-12-05,8.5932,8.7772,8.4721,8.7232,1280564.829
2019-12-06,8.7232,8.8224,8.5872,8.731,884226.901
2019-12-07,8.731,9.1917,8.7219,8.9041,1002335.421
2019-12-08,8.9041,9.1117,8.7395,9.0224,885704.817
2019-12-09,9.0224,9.0743,8.6412,8.7256,850493.945
2019-12-10,8.7256,8.7525,8.4107,8.5326,899586.762
2019-12-11,8.5326,8.6518,8.4096,8.5228,849394.315
2019-12-12,8.5228,8.6475,8.3104,8.6461,1020655.349
2019-12-13,8.6461,9.1083,8.56,8.8939,1215722.484
2019-12-14,8.8939,9.1668,8.6519,8.8025,1155137.371
2019-12-15,8.8025,9.0193,8.6567,8.913,1058353.164
2019-12-16,8.913,8.9552,8.223,8.3718,1269846.89
2019-12-17,8.3718,8.3981,7.7632,7.8785,1291285.316
2019-12-18,7.8785,8.8538,7.7434,8.7879,1800332.383
2019-12-19,8.7879,8.8789,8.4871,8.5914,1351393.24
2019-12-20,8.5914,8.6857,8.4231,8.6026,945651.071
2019-12-21,8.6026,8.608,8.4669,8.5011,776417.602
2019-12-22,8.5011,8.8991,8.5005,8.898,1143187.28
2019-12-23,8.898,9.0041,8.5018,8.5383,1202040.344
2019-12-24,8.5383,8.8373,8.4627,8.7018,1152114.236
2019-12-25,8.7018,8.7121,8.4127,8.6107,1128600.871
2019-12-26,8.6107,8.843,8.4635,8.5188,1072381.886
2019-12-27,8.5188,8.7548,8.4719,8.7225,1096604.048
2019-12-28,8.7225,8.8306,8.657,8.7633,1177551.643
2019-12-29,8.7633,9.3696,8.7516,9.2113,1244353.358
2019-12-30,9.2113,9.262,8.8894,8.9495,1379021.755
2019-12-31,8.9495,9.0476,8.6185,8.6804,1305254.87
2020-01-01,8.6804,9.0194,8.6129,8.8499,1246439.866
2020-01-02,8.8499,8.8527,8.4487,8.4701,1120303.528
2020-01-03,8.4701,9.0207,8.3392,8.8791,1662751.604
2020-01-04,8.8791,9.0921,8.7789,9.0809,947514.144
2020-01-05,9.0809,9.2452,8.9639,9.0104,1165620.502
2020-01-06,9.0104,9.7806,8.9986,9.7547,1473683.807
2020-01-07,9.7547,9.9389,9.3638,9.7942,1558071.425
2020-01-08,9.7942,10.1809,9.292,9.4411,1748087.546
2020-01-09,9.4411,9.5109,9.292,9.374,1502423.065
2020-01-10,9.374,9.8854,9.0512,9.8739,1562016.108
2020-01-11,9.8739,10.0508,9.5789,9.6995,1547115.498
2020-01-12,9.6995,10.4311,9.6195,10.2646,1607473.429
2020-01-13,10.2646,10.2843,9.7918,9.9891,1372316.047
2020-01-14,9.9891,11.6789,9.989,11.2539,2377506.056
2020-01-15,11.2539,11.9352,10.6907,11.3945,2741651.914
2020-01-16,11.3945,11.5747,10.7499,11.2848,1967782.484
2020-01-17,11.2848,11.9424,11.1306,11.8581,2103632.126
2020-01-18,11.8581,12.3631,11.2939,11.8884,2149579.951
2020-01-19,11.8884,12.212,10.7604,11.2288,2005344.807
2020-01-20,11.2288,11.3062,10.8,11.119,1554119.655
2020-01-21,11.119,11.3144,10.811,11.2091,1393175.73
2020-01-22,11.2091,11.3764,11.099,11.2497,1380392.79
2020-01-23,11.2497,11.2611,10.3888,10.6148,1606334.42
2020-01-24,10.6148,10.6796,10.1386,10.5212,1570276.514
2020-01-25,10.5212,10.5229,10.1809,10.3488,1288681.482
2020-01-26,10.3488,10.7907,10.2411,10.7888,1362914.168
2020-01-27,10.7888,11.2524,10.68,11.0996,1564032.757
2020-01-28,11.0996,11.3892,11.0092,11.3392,1707402.785
2020-01-29,11.3392,11.6907,11.1795,11.1991,1630630.102
2020-01-30,11.1991,11.8144,10.8711,11.7296,1676222.793
2020-01-31,11.7296,11.73,11.0993,11.4802,1782751.119
2020-02-01,11.4802,11.6342,11.1985,11.4195,1358479.574
2020-02-02,11.4195,12.5936,11.2095,12.0288,1876712.491
2020-02-03,12.0288,12.3286,11.7338,11.88,1644361.723
2020-02-04,11.88,12.3325,11.5235,12.1833,1699627.755
2020-02-05,12.1833,12.8943,12.0875,12.7689,2069321.794
2020-02-06,12.7689,13.2192,12.4093,12.9282,2089739.798
2020-02-07,12.9282,13.2726,12.6579,12.7889,2168403.516
2020-02-08,12.7889,13.0595,12.0796,12.6556,2024418.633
2020-02-09,12.6556,14.2187,12.6554,14.2088,2138188.981
2020-02-10,14.2088,14.2793,13.1885,13.5631,2175251.27
2020-02-11,13.5631,13.9775,12.9085,13.7983,2113253.646
2020-02-12,13.7983,15.3036,13.7976,14.8187,2410812.35
2020-02-13,14.8187,15.8301,14.4831,15.1285,3061682.433
2020-02-14,15.1285,16.7333,14.8264,16.6749,2430358.764
2020-02-15,16.6749,16.7248,14.5169,15.1086,2444027.492
2020-02-16,15.1086,15.8887,13.3979,14.633,3269880.163
2020-02-17,14.633,15.196,13.3578,15.0383,2985748.962
2020-02-18,15.0383,15.6192,14.2272,15.488,2453740.042
2020-02-19,15.488,15.5144,13.7864,14.0285,2306468.825
2020-02-20,14.0285,14.3893,13.3976,14.0399,2926237.894
2020-02-21,14.0399,14.324,13.7279,14.0187,2111111.3
2020-02-22,14.0187,14.0787,13.4775,13.7185,2143394.763
2020-02-23,13.7185,14.4398,13.7083,14.3034,2697245.838
2020-02-24,14.3034,14.4196,12.9875,13.3709,2530670.46
2020-02-25,13.3709,13.5086,12.2688,12.3889,2713824.917
2020-02-26,12.3889,12.5199,10.7304,10.9893,3775826.106
2020-02-27,10.9893,11.6802,10.3814,11.4844,3235394.084
2020-02-28,11.4844,11.6389,10.6212,11.294,3321097.602
2020-02-29,11.294,11.5041,10.9095,11.0889,2635833.044
2020-03-01,11.0889,11.8443,11.0309,11.3192,2704953.131
2020-03-02,11.3192,12.1967,11.1507,12.0833,2726792.303
2020-03-03,12.0833,12.0846,11.3594,11.5491,2721308.311
2020-03-04,11.5491,12.0487,11.4982,11.7507,1811980.066
2020-03-05,11.7507,12.3841,11.7495,12.0644,2246934.163
2020-03-06,12.0644,12.3799,11.9288,12.3796,2217280.092
2020-03-07,12.3796,12.4341,11.553,11.5984,2622933.414
2020-03-08,11.5984,11.5997,9.9011,10.0486,3865935.811
2020-03-09,10.0486,10.3372,9.3925,9.9092,5196797.044
2020-03-10,9.9092,10.1822,9.5617,9.8598,3349157.345
2020-03-11,9.8598,9.9955,8.7798,9.429,3321617.438
2020-03-12,9.429,9.5791,5.3862,5.6736,9301017.54
2020-03-13,5.6736,6.5767,3.9101,6.2,12908062.5308
2020-03-14,6.2,6.2483,5.6381,5.7483,3610634.555
2020-03-15,5.7483,6.3686,5.6585,5.992,3725836.881
2020-03-16,5.992,5.992,4.8983,5.3777,6631300.075
2020-03-17,5.3777,5.8729,5.3086,5.6495,4097735.836
2020-03-18,5.6495,5.7281,5.3374,5.7083,3425264.421
2020-03-19,5.7083,6.7891,5.638,6.4814,4075072.279
2020-03-20,6.4814,7.1662,5.7367,6.2762,6067241.619
2020-03-21,6.2762,6.4196,5.8579,6.2189,3597480.757
2020-03-22,6.2189,6.4405,5.8576,5.9384,3423013.563
2020-03-23,5.9384,6.6683,5.8572,6.6683,4549621.634
2020-03-24,6.6683,6.9502,6.5167,6.8883,4024407.841
2020-03-25,6.8883,7.0674,6.6365,6.9282,4091370.928
2020-03-26,6.9282,7.0408,6.7068,7.0306,2781058.787
2020-03-27,7.0306,7.1517,6.4163,6.5116,2645655.672
2020-03-28,6.5116,6.7107,6.2172,6.6212,3303925.005
2020-03-29,6.6212,6.6665,6.1374,6.1799,2811653.417
2020-03-30,6.1799,6.7403,6.1565,6.5795,2337828.368
2020-03-31,6.5795,6.926,6.4975,6.7695,2186593.583
2020-04-01,6.7695,6.8402,6.3964,6.8099,3731757.366
2020-04-02,6.8099,7.3465,6.7578,6.9848,4040810.39
2020-04-03,6.9848,7.2213,6.8568,7.0248,2430754.61
2020-04-04,7.0248,7.2795,6.8568,7.195,2780310.863
2020-04-05,7.195,7.2313,6.877,7.0156,1939040.007
2020-04-06,7.0156,7.8404,7.0094,7.8305,2887612.297
2020-04-07,7.8305,8.137,7.4373,7.7145,2970744.159
2020-04-08,7.7145,8.0271,7.6543,7.9895,2198595.238
2020-04-09,7.9895,8.1504,7.7855,8.0197,2045585.028
2020-04-10,8.0197,8.0219,7.0873,7.3003,2452707.12
2020-04-11,7.3003,7.5309,7.127,7.3008,2456937.68
2020-04-12,7.3008,7.7018,7.167,7.3599,2389724.443
2020-04-13,7.3599,7.3612,7.0268,7.281,2657350.9
2020-04-14,7.281,7.4154,7.1363,7.2517,2339355.782
2020-04-15,7.2517,7.3698,6.9468,6.995,2157749.323
2020-04-16,6.995,7.6956,6.817,7.6055,3130983.563
2020-04-17,7.6055,7.6467,7.4369,7.4799,2053516.018
2020-04-18,7.4799,7.9307,7.4692,7.8803,1822670.536
2020-04-19,7.8803,7.9121,7.4369,7.6096,2353234.934
2020-04-20,7.6096,7.8202,7.107,7.21,2901546.735
2020-04-21,7.21,7.3413,7.1463,7.2296,1366938.726
2020-04-22,7.2296,7.6256,7.2038,7.5292,2053124.392
2020-04-23,7.5292,8.0273,7.4065,7.8489,1962644.542
2020-04-24,7.8489,8.2957,7.8166,8.0695,1855576.995
2020-04-25,8.0695,8.59,7.9341,8.4357,1941389.423
2020-04-26,8.4357,8.6755,8.2962,8.6293,1851220.604
2020-04-27,8.6293,8.6712,8.1645,8.4201,1899169.567
2020-04-28,8.4201,8.6096,8.2538,8.4694,1710833.063
2020-04-29,8.4694,9.3745,8.4687,9.2096,2460222.172
2020-04-30,9.2096,9.6594,8.6955,8.8992,2811666.22
2020-05-01,8.8992,9.3648,8.8884,9.0145,1906550.175
2020-05-02,9.0145,9.2668,8.9283,9.2186,1746328.093
2020-05-03,9.2186,9.3146,8.7268,9.0799,2037126.261
2020-05-04,9.0799,9.1141,8.6185,8.9984,2100829.872
2020-05-05,8.9984,9.1689,8.8838,9.1141,2068467.691
2020-05-06,9.1141,9.4941,9.0035,9.1543,2197819.678
2020-05-07,9.1543,9.9501,9.0361,9.8888,2202072.119
2020-05-08,9.8888,11.835,9.7951,11.3283,2735745.983
2020-05-09,11.3283,11.6678,10.7556,11.0085,3112774.173
2020-05-10,11.0085,11.0286,9.3664,9.7287,2805220.366
2020-05-11,9.7287,10.1984,9.308,9.6188,3175299.789
2020-05-12,9.6188,10.1901,9.5365,9.9981,2175003.736
2020-05-13,9.9981,10.4682,9.8066,10.2783,2296256.013
2020-05-14,10.2783,10.5631,9.9161,10.1837,1941797.85
2020-05-15,10.1837,10.2507,9.8366,10.0193,1109479.307
2020-05-16,10.0193,10.1763,9.8461,9.9988,923186.595
2020-05-17,9.9988,10.4277,9.946,10.1491,801362.071
2020-05-18,10.1491,10.5418,10.146,10.2384,629642.891
2020-05-19,10.2384,10.3362,9.9537,10.3282,142110.106
2020-05-20,10.3282,10.4085,9.9459,10.1331,129216.394
2020-05-21,10.1331,10.2054,9.1966,9.5393,160434.029
2020-05-22,9.5393,10.638,9.3663,10.382,340259.72
2020-05-23,10.382,10.4991,10.0782,10.1946,325579.142
2020-05-24,10.1946,10.3193,9.6382,9.6579,305671.381
2020-05-25,9.6579,9.9585,9.5581,9.9191,328919.126
2020-05-26,9.9191,10.1437,9.5678,9.9305,314396.227
2020-05-27,9.9305,10.2286,9.8472,10.0138,291251.117
2020-05-28,10.0138,10.4343,9.9135,10.4084,257064.616
2020-05-29,10.4084,10.4934,10.0663,10.234,289518.381
2020-05-30,10.234,11.1487,10.143,11.0336,381065.172
2020-05-31,11.0336,11.848,10.5629,10.9387,458251.447
2020-06-01,10.9387,12.6934,10.8877,12.4082,485817.374
2020-06-02,12.4082,13.1585,11.4339,12.1135,449541.126
2020-06-03,12.1135,12.5333,11.7224,12.3776,376119.229
2020-06-04,12.3776,12.4639,11.7379,12.1645,339537.02
2020-06-05,12.1645,12.2338,11.7775,11.8144,305285.11
2020-06-06,11.8144,11.9259,11.5034,11.8043,290048.814
2020-06-07,11.8043,11.9767,11.3327,11.7661,294543.797
2020-06-08,11.7661,11.833,11.5075,11.6436,256710.04
2020-06-09,11.6436,12.1834,11.4376,12.0223,280959.003
2020-06-10,12.0223,12.2835,11.7977,11.9228,296962.661
2020-06-11,11.9228,11.9988,10.3886,10.7127,395483.365
2020-06-12,10.7127,11.214,10.5086,10.9259,371243.159
2020-06-13,10.9259,11.1083,10.733,11.0691,288818.88
2020-06-14,11.0691,11.0857,10.4827,10.613,252206.624
2020-06-15,10.613,10.634,9.7473,10.4139,409916.878
2020-06-16,10.4139,10.6587,10.3482,10.5747,298176.773
2020-06-17,10.5747,10.8786,10.2585,10.5838,312381.707
2020-06-18,10.5838,10.6247,10.2183,10.4031,304601.805
2020-06-19,10.4031,10.4534,10.1081,10.2444,318739.918
2020-06-20,10.2444,10.3596,10.018,10.2681,255579.485
2020-06-21,10.2681,10.5939,10.1581,10.2941,233432.698
2020-06-22,10.2941,10.8549,10.2528,10.7956,313324.668
2020-06-23,10.7956,11.249,10.588,10.9288,232488.9687628068
2020-06-24,10.9288,11.204,10.2731,10.4783,240218.4573332925
2020-06-25,10.4783,10.5238,9.9436,10.3336,219407.588
2020-06-26,10.3336,10.3867,9.9586,10.1885,212088.017
2020-06-27,10.1885,10.3048,9.3084,9.7161,207290.801
2020-06-28,9.7161,10.2076,9.569,10.0545,184329.423
2020-06-29,10.0545,10.2802,9.9589,10.2103,185046.286
2020-06-30,10.2103,10.2658,9.9581,10.0298,166403.891
2020-07-01,10.0298,10.2559,9.9186,10.1479,141749.335
2020-07-02,10.1479,10.2949,9.6702,9.9306,125253.512
2020-07-03,9.9306,10.0355,9.7547,9.78,110707.851
2020-07-04,9.78,9.9939,9.7599,9.9694,97324.094
2020-07-05,9.9694,10.1144,9.6349,10.0934,107088.132
2020-07-06,10.0934,10.596,10.0653,10.5803,122259.385
2020-07-07,10.5803,10.6941,10.264,10.5602,127267.516
2020-07-08,10.5602,11.2845,10.4536,11.0849,141059.996
2020-07-09,11.0849,11.2692,10.4776,10.7695,139141.234
2020-07-10,10.7695,10.7704,10.2879,10.4951,86748.676
2020-07-11,10.4951,10.9011,10.3953,10.7403,73421.725
2020-07-12,10.7403,10.9456,10.4696,10.79,65321.485
2020-07-13,10.79,11.2354,10.3778,10.6701,135711.071
2020-07-14,10.6701,11.0903,10.3379,10.8246,38890.422
2020-07-15,10.8246,11.3804,10.8087,10.9905,18428.371
2020-07-16,10.9905,11.0295,10.3169,10.6994,17701.628
2020-07-17,10.6994,10.7704,10.5149,10.5846,22159.663
2020-07-18,10.5846,10.6952,10.4795,10.5542,19587.546
2020-07-19,10.5542,10.6558,10.4145,10.6546,20029.59
2020-07-20,10.6546,10.699,10.3287,10.3907,19224.475
2020-07-21,10.3907,11.4646,10.3252,11.1745,30127.307
2020-07-22,11.1745,11.706,11.0292,11.5738,29007.766
2020-07-23,11.5738,11.7152,11.3375,11.4288,26865.892
2020-07-24,11.4288,11.4318,11.0104,11.0924,25269.766
2020-07-25,11.0924,11.6562,11.0807,11.6076,27176.541
2020-07-26,11.6076,11.9231,11.4374,11.6178,33820.503
2020-07-27,11.6178,11.8535,10.7786,11.6278,61079.558
2020-07-28,11.6278,12.0372,11.312,11.7391,43481.305
2020-07-29,11.7391,12.2655,11.6209,11.664,38578.928
2020-07-30,11.664,11.8841,11.4839,11.7642,27545.139
2020-07-31,11.7642,12.2484,11.5911,12.2484,24953.733
2020-08-01,12.2484,13.4918,12.0566,13.4006,41101.696
2020-08-02,13.4006,13.7561,11.301,12.1661,46928.472
2020-08-03,12.1661,12.7683,12.0195,12.3929,31432.836
2020-08-04,12.3929,12.7743,12.3049,12.5532,30993.982
2020-08-05,12.5532,12.9422,12.3877,12.8619,27341.916
2020-08-06,12.8619,13.6524,12.4837,12.9559,36446.044
2020-08-07,12.9559,13.4818,12.5077,12.8537,51468.99
2020-08-08,12.8537,13.144,12.6894,13.1338,25766.082
2020-08-09,13.1338,13.3629,12.789,13.0035,31433.358
2020-08-10,13.0035,15.3772,13.0035,14.539,79773.291
2020-08-11,14.539,14.6275,13.3001,13.6931,47931.377
2020-08-12,13.6931,14.6185,13.3304,14.271,62258.767
2020-08-13,14.271,14.8422,13.3764,14.5025,28723.155
2020-08-14,14.5025,15.8315,14.2504,14.8243,85569.432
2020-08-15,14.8243,15.5206,14.7629,15.1051,70482.014
2020-08-16,15.1051,15.7315,14.6209,15.4789,53892.249
2020-08-17,15.4789,16.9458,15.2656,16.5518,76164.767
2020-08-18,16.5518,17.5683,16.0384,16.1144,52352.984
2020-08-19,16.1144,17.0525,15.5139,15.8296,70903.659
2020-08-20,15.8296,17.9374,15.8246,17.8381,71448.861
2020-08-21,17.8381,19.8398,16.4061,16.4218,172949.538
2020-08-22,16.4218,19.1733,15.6529,18.9518,355171.702
2020-08-23,18.9518,19.7113,17.7115,18.1523,146245.693
2020-08-24,18.1523,19.458,17.9018,18.0683,82180.985
2020-08-25,18.0683,18.4,16.1201,17.0747,64139.819
2020-08-26,17.0747,18.0041,16.8492,17.3211,33016.107
2020-08-27,17.3211,17.8964,16.7168,17.6588,37535.398
2020-08-28,17.6588,18.57,17.3847,18.2948,33706.807
2020-08-29,18.2948,21.9065,17.9456,21.1544,56119.652
2020-08-30,21.1544,22.9055,20.3257,20.6683,70011.451
2020-08-31,20.6683,21.5374,20.1958,20.4189,46879.249
2020-09-01,20.4189,22.4762,20.2144,21.4954,51347.017
2020-09-02,21.4954,21.6876,19.4161,20.3355,54524.73
2020-09-03,20.3355,20.597,17.4934,17.776,54964.819
2020-09-04,17.776,19.7281,17.2946,18.8962,69732.065
2020-09-05,18.8962,19.3166,16.2166,16.896,50361.124
2020-09-06,16.896,17.6776,16.2474,17.0961,46860.559
2020-09-07,17.0961,18.2696,15.8171,18.2402,48880.428
2020-09-08,18.2402,18.6449,16.5371,17.0971,48998.297
2020-09-09,17.0971,17.9239,16.6262,17.27,34779.527
2020-09-10,17.27,18.6356,17.2595,18.4795,39163.313
2020-09-11,18.4795,20.6096,18.1193,20.3348,68514.893
2020-09-12,20.3348,21.805,19.7353,21.7211,45664.205
2020-09-13,21.7211,22.014,19.2462,20.2912,58135.787
2020-09-14,20.2912,22.4945,19.516,22.0058,51845.319
2020-09-15,22.0058,22.4846,20.1098,20.2339,49340.277
2020-09-16,20.2339,21.78,19.3863,20.9544,40081.533
2020-09-17,20.9544,24.3299,20.6641,23.7784,38685.962
2020-09-18,23.7784,26.2241,23.124,25.6047,38463.032
2020-09-19,25.6047,25.6152,23.9047,24.8145,31520.743
2020-09-20,24.8145,25.6753,22.8059,23.635,37858.448
2020-09-21,23.635,24.4249,19.5007,20.0298,48308.777
2020-09-22,20.0298,20.6444,18.6093,20.2111,39781.207
2020-09-23,20.2111,21.8092,18.772,19.6597,74972.709
2020-09-24,19.6597,22.0047,19.3897,21.7989,59832.171
2020-09-25,21.7989,23.9701,20.824,21.2989,66649.699
2020-09-26,21.2989,22.46,20.4958,20.9895,51965.013
2020-09-27,20.9895,21.9546,20.4462,21.1693,48643.563
2020-09-28,21.1693,21.5246,19.786,20.1245,47377.668
2020-09-29,20.1245,20.2946,19.0289,19.6798,44176.488
2020-09-30,19.6798,20.0495,18.7346,19.0803,35764.502
2020-10-01,19.0803,20.3244,18.2002,18.8145,30526.697
2020-10-02,18.8145,19.0796,17.2658,17.7468,26993.805
2020-10-03,17.7468,18.559,17.6764,17.8034,22153.364
2020-10-04,17.8034,18.165,17.4551,18.1409,24605.876
2020-10-05,18.1409,18.245,17.5066,17.6645,21577.843
2020-10-06,17.6645,17.7843,16.3893,16.56,29056.033
2020-10-07,16.56,16.9654,16.0344,16.7851,25452.558
2020-10-08,16.7851,17.2602,16.1175,17.0191,24792.406
2020-10-09,17.0191,17.615,16.8648,17.3997,22561.577
2020-10-10,17.3997,18.3053,17.2159,17.54,26087.053
2020-10-11,17.54,17.9763,17.3065,17.788,22796.077
2020-10-12,17.788,18.4597,17.446,17.9874,28616.072
2020-10-13,17.9874,18.0979,17.3561,17.5796,41149.85
2020-10-14,17.5796,17.7737,16.8619,16.962,37318.414
2020-10-15,16.962,17.3376,16.8637,17.2229,41225.723
2020-10-16,17.2229,17.3238,16.7314,17.0139,40952.884
2020-10-17,17.0139,17.2748,16.9041,17.1954,35464.912
2020-10-18,17.1954,17.7188,17.1571,17.4193,32743.253
2020-10-19,17.4193,17.6579,17.0858,17.5708,41467.48
2020-10-20,17.5708,18.0099,16.8726,16.9413,47088.39
2020-10-21,16.9413,18.7953,16.8958,18.3344,49667.095
2020-10-22,18.3344,19.1647,18.2618,18.6403,48800.645
2020-10-23,18.6403,18.6408,17.8203,18.1256,46393.902
2020-10-24,18.1256,18.4506,17.9944,18.3074,36873.259
2020-10-25,18.3074,18.4472,17.6322,17.8484,41465.038
2020-10-26,17.8484,18.1179,16.6279,17.0826,42758.872
2020-10-27,17.0826,17.4267,16.8604,16.999,69165.746
2020-10-28,16.999,17.1231,15.6976,15.8591,115001.198
2020-10-29,15.8591,16.0684,14.9589,15.2805,111544.692
2020-10-30,15.2805,15.4737,13.9928,14.779,187715.765
2020-10-31,14.779,15.1732,14.5653,14.6965,105972.674
2020-11-01,14.6965,15.029,14.5385,14.9409,82041.276
2020-11-02,14.9409,15.784,14.9406,15.2263,158915.337
2020-11-03,15.2263,15.4719,14.1193,14.6712,181503.661
2020-11-04,14.6712,14.6872,13.4718,14.0527,163786.873
2020-11-05,14.0527,14.6301,13.8209,14.3968,181160.845
2020-11-06,14.3968,15.9859,14.3419,15.7046,257603.974
2020-11-07,15.7046,16.6193,14.567,14.8114,508477.647
2020-11-08,14.8114,15.6816,14.6691,15.4357,222997.565
2020-11-09,15.4357,15.7322,12.4617,15.3783,188432.766
2020-11-10,15.3783,15.8294,15.1503,15.5781,115171.79
2020-11-11,15.5781,15.9711,15.3914,15.3914,84622.824
2020-11-12,15.3914,15.9698,15.197,15.4341,91757.746
2020-11-13,15.4341,16.1224,15.3452,16.0071,109211.581
2020-11-14,16.0071,16.2621,15.3954,15.6649,98691.249
2020-11-15,15.6649,15.9449,15.0003,15.3117,113193.32
2020-11-16,15.3117,15.8686,15.1433,15.7077,89816.265
2020-11-17,15.7077,16.6436,15.6671,16.1518,123086.708
2020-11-18,16.1518,16.335,15.2642,15.7114,195598.092
2020-11-19,15.7114,16.2581,15.3938,16.0891,138734.76
2020-11-20,16.0891,16.818,16.0792,16.4358,154188.994
2020-11-21,16.4358,18.3358,16.4204,18.298,313801.825
2020-11-22,18.298,18.5854,16.5082,17.1569,385202.517
2020-11-23,17.1569,19.1243,16.9116,19.1055,297200.692
2020-11-24,19.1055,21.2831,18.3122,20.4791,700017.741
2020-11-25,20.4791,21.8075,18.7803,19.6792,716262.298
2020-11-26,19.6792,20.3434,15.8716,17.1489,1450672.84
2020-11-27,17.1489,17.6127,16.2331,17.1032,508597.6
2020-11-28,17.1032,18.0356,16.571,17.5234,240123.425
2020-11-29,17.5234,17.9672,16.8941,17.6765,174722.433
2020-11-30,17.6765,18.7566,17.3336,18.5644,250678.059
2020-12-01,18.5644,19.3093,17.055,17.4996,407997.662
2020-12-02,17.4996,18.4171,17.2807,18.0209,151547.544
2020-12-03,18.0209,19.1756,17.8896,18.84,92648.425
2020-12-04,18.84,18.9953,17.1077,17.289,116294.592
2020-12-05,17.289,17.9789,17.0356,17.9596,59888.161
2020-12-06,17.9596,18.1093,17.5364,17.8948,51201.993
2020-12-07,17.8948,17.9139,17.2479,17.4359,32393.506
2020-12-08,17.4359,17.512,16.1454,16.4547,95608.967
2020-12-09,16.4547,17.0057,15.6996,16.8802,127599.659
2020-12-10,16.8802,16.9227,16.0381,16.2272,72607.604
2020-12-11,16.2272,16.297,15.519,15.9021,63960.966
2020-12-12,15.9021,16.6343,15.8896,16.4365,27767.082
2020-12-13,16.4365,17.696,16.3569,17.2626,37078.884
2020-12-14,17.2626,17.6063,16.9583,17.376,31804.074
2020-12-15,17.376,17.5206,16.7416,17.0789,29451.061
2020-12-16,17.0789,17.9662,16.6447,17.9662,44935.37
2020-12-17,17.9662,18.7386,17.4015,17.7621,42138.154
2020-12-18,17.7621,18.2762,17.3547,17.9017,6044.73
2020-12-19,17.9017,18.4116,17.6133,17.8188,4468.703
2020-12-20,17.8188,18.4599,17.0736,17.5302,16580.508
2020-12-21,17.5302,17.8184,16.0762,16.5358,81651.498
2020-12-22,16.5358,16.8931,15.7863,16.5513,63780.892
2020-12-23,16.5513,16.6208,12.2494,13.4898,113304.282
2020-12-24,13.4898,15.2758,13.0873,15.2718,125291.201
2020-12-25,15.2718,15.8724,14.6108,15.1586,127183.487
2020-12-26,15.1586,15.4561,14.2545,14.9773,114111.183
2020-12-27,14.9773,15.9181,14.1135,15.1138,153300.503
2020-12-28,15.1138,16.267,15.0315,15.6358,139654.836
2020-12-29,15.6358,15.932,14.411,15.0745,127459.952
2020-12-30,15.0745,15.2017,14.5405,14.7038,89085.846
2020-12-31,14.7038,14.7351,13.9993,14.2679,70605.747
2021-01-01,14.2679,14.8678,14.1493,14.4458,74683.744
2021-01-02,14.4458,14.7274,14.1144,14.4198,91855.122
2021-01-03,14.4198,16.2884,14.0271,16.0055,137343.268
2021-01-04,16.0055,17.7149,14.7314,16.3538,211432.91
2021-01-05,16.3538,17.282,15.4329,16.857,172035.927
2021-01-06,16.857,20.1522,16.5648,19.4869,162465.104
2021-01-07,19.4869,22.7888,18.7561,20.8035,248632.735
2021-01-08,20.8035,21.3246,18.6483,19.8219,223758.51
2021-01-09,19.8219,21.5841,19.039,21.3296,90507.201
2021-01-10,21.3296,26.5558,20.2807,24.966,260105.575
2021-01-11,24.966,26.5719,20.3375,23.6921,547450.32
2021-01-12,23.6921,24.66,21.5413,22.1128,202805.871
2021-01-13,22.1128,23.8107,20.7445,23.1852,119694.099
2021-01-14,23.1852,23.9529,22.1531,23.0857,110924.667
2021-01-15,23.0857,25.4557,21.8104,23.45,233989.408
2021-01-16,23.45,24.5104,22.874,23.6258,162230.612
2021-01-17,23.6258,24.6483,22.2476,23.8166,143278.955
2021-01-18,23.8166,28.2893,23.0783,27.0997,194990.925
2021-01-19,27.0997,28.8544,26.3489,26.3489,148540.269
2021-01-20,26.3489,26.8125,23.8842,26.0677,212537.315
2021-01-21,26.0677,26.1971,21.9546,22.0617,259662.953
2021-01-22,22.0617,24.5293,20.8627,23.451,179137.36
2021-01-23,23.451,25.4352,23.0788,24.4286,129002.039
2021-01-24,24.4286,25.5817,23.7069,24.4169,101589.382
2021-01-25,24.4169,25.2104,23.1303,23.3266,94392.262
2021-01-26,23.3266,23.7605,22.3392,23.1648,96747.221
2021-01-27,23.1648,23.1802,20.3615,21.036,122369.575
2021-01-28,21.036,22.9092,20.7342,22.2646,81500.965
2021-01-29,22.2646,23.8508,21.8601,22.5899,148563.614
2021-01-30,22.5899,22.8818,21.8218,22.8818,76017.576
2021-01-31,22.8818,23.4029,21.6534,22.2812,92235.208
2021-02-01,22.2812,23.5178,21.8068,23.1083,133815.26
2021-02-02,23.1083,23.8258,22.4902,23.6932,86936.81
2021-02-03,23.6932,24.9084,23.4945,24.6607,66396.196
2021-02-04,24.6607,25.0222,22.9942,23.7502,47077.103
2021-02-05,23.7502,26.4281,23.6293,26.1148,32039.776
2021-02-06,26.1148,26.2888,24.4686,24.8322,35422.967
2021-02-07,24.8322,25.5767,23.5067,24.5184,39517.393
2021-02-08,24.5184,27.7377,24.0111,27.3743,33944.109
2021-02-09,27.3743,31.9911,26.4676,31.0531,73611.131
2021-02-10,31.0531,36.3768,30.5461,33.539,180966.828
2021-02-11,33.539,38.6615,32.7697,36.2695,85994.763
2021-02-12,36.2695,38.292,35.1983,37.6043,53458.178
2021-02-13,37.6043,43.4798,35.7583,42.4032,82362.031
2021-02-14,42.4032,47.357,40.6883,43.9761,97877.437
2021-02-15,43.9761,45.2889,37.3477,41.593,113186.603
2021-02-16,41.593,44.4515,39.5899,40.9665,47351.024
2021-02-17,40.9665,43.8087,38.7626,42.5013,30836.472
2021-02-18,42.5013,44.8954,42.1081,43.8873,20979.226
2021-02-19,43.8873,49.4756,42.1189,47.8585,35867.879
2021-02-20,47.8585,49.8356,41.477,43.8768,40633.78
2021-02-21,43.8768,54.7682,42.8564,54.7588,79875.471
2021-02-22,54.7588,55.5418,40.7061,47.0038,65232.788
2021-02-23,47.0038,47.3737,31.8253,38.5802,174434.693
2021-02-24,38.5802,44.1662,36.9584,40.657,121410.974
2021-02-25,40.657,42.8655,38.1907,38.4784,72304.363
2021-02-26,38.4784,39.7279,35.2884,37.6593,107746.396
2021-02-27,37.6593,39.4878,36.5197,37.3024,43855.691
2021-02-28,37.3024,37.4198,31.9356,35.1515,71540.406
2021-03-01,35.1515,38.691,35.1479,38.0766,50858.496
2021-03-02,38.0766,39.4524,36.1292,37.6434,51249.616
2021-03-03,37.6434,41.2977,37.3952,39.6914,40737.432
2021-03-04,39.6914,40.8959,36.8522,37.8291,60800.717
2021-03-05,37.8291,38.0763,35.7887,37.4806,44995.318
2021-03-06,37.4806,38.5358,36.6402,38.1303,23191.969
2021-03-07,38.1303,39.3533,38.0866,39.2682,13942.334
2021-03-08,39.2682,40.0308,37.9062,40.0172,16995.092
2021-03-09,40.0172,42.9048,39.6781,42.5836,28065.161
2021-03-10,42.5836,43.036,39.9674,40.9093,34853.754
2021-03-11,40.9093,42.5546,39.2386,41.9323,27589.83
2021-03-12,41.9323,42.0162,38.5616,39.8098,35484.029
2021-03-13,39.8098,42.4664,38.3984,42.0163,24087.835
2021-03-14,42.0163,42.8356,39.7123,39.7123,25682.143
2021-03-15,39.7123,40.9937,37.4012,38.6215,36575.734
2021-03-16,38.6215,40.8762,37.5698,40.8061,31279.169
2021-03-17,40.8061,46.3233,40.1475,46.3034,54905.249
2021-03-18,46.3034,47.8212,42.5,43.13,56957.869
2021-03-19,43.13,45.5104,42.45,44.0441,14681.717
2021-03-20,44.0441,45.3264,42.9143,43.045,10997.892
2021-03-21,43.045,43.5094,41.1436,42.4896,12540.616
2021-03-22,42.4896,44.1111,40.2628,40.7967,22748.307
2021-03-23,40.7967,42.2844,40.1443,41.1829,17215.027
2021-03-24,41.1829,45.2759,38.0407,39.5915,37896.838
2021-03-25,39.5915,40.8409,37.7393,38.7278,36027.275
2021-03-26,38.7278,41.8765,38.7009,41.6713,14369.562
2021-03-27,41.6713,42.7142,40.4429,41.1247,13057.959
2021-03-28,41.1247,45.0,40.9195,44.7258,29244.725
2021-03-29,44.7258,46.3844,43.481,45.506,17184.841
2021-03-30,45.506,46.0127,44.1871,44.9291,8467.396
2021-03-31,44.9291,52.0948,42.5054,50.6988,38498.261
2021-04-01,50.6988,53.869,50.4804,52.3921,32594.61
2021-04-02,52.3921,55.2312,51.1908,53.0227,16865.993
2021-04-03,53.0227,56.5446,50.6221,50.6286,32097.099
2021-04-04,50.6286,54.498,49.9102,54.4947,20420.866
2021-04-05,54.4947,59.5921,51.6864,59.0359,31309.595
2021-04-06,59.0359,64.8223,57.9461,62.9801,47833.019
2021-04-07,62.9801,68.5773,56.3937,59.7119,70408.882
2021-04-08,59.7119,63.2789,58.3455,63.2789,26570.535
2021-04-09,63.2789,63.3548,60.1824,60.7464,14940.407
2021-04-10,60.7464,63.3294,59.5977,61.6754,19458.67
2021-04-11,61.6754,66.6781,61.0332,63.9408,29706.965
2021-04-12,63.9408,64.9604,59.6231,64.7014,20533.679
2021-04-13,64.7014,68.3608,62.2833,66.5568,18304.789
2021-04-14,66.5568,70.87,63.5511,68.9148,30947.557
2021-04-15,68.9148,75.1625,66.591,74.8605,16911.1
2021-04-16,74.8605,88.0291,74.8288,87.0493,68826.868
2021-04-17,87.0493,105.3358,86.0569,93.395,70148.002
2021-04-18,93.395,120.5475,73.5207,119.6373,152993.209
2021-04-19,119.6373,133.6912,103.1779,109.1462,138415.534
2021-04-20,109.1462,115.6405,98.1785,107.9301,66012.794
2021-04-21,107.9301,109.0736,95.7178,97.0074,27781.07
2021-04-22,97.0074,104.9366,85.3008,90.1639,34005.076
2021-04-23,90.1639,91.3155,73.9446,85.9611,62439.377
2021-04-24,85.9611,90.3653,78.888,79.642,18228.376
2021-04-25,79.642,87.857,74.25,79.4819,16438.441
2021-04-26,79.4819,91.2549,78.8978,90.1337,15660.319
2021-04-27,90.1337,95.5754,88.8839,94.0927,13250.738
2021-04-28,94.0927,97.8682,86.7006,91.7541,13713.771
2021-04-29,91.7541,93.2241,86.372,89.4951,9263.158
2021-04-30,89.4951,99.6101,88.023,97.0091,8274.263
2021-05-01,97.0091,103.8476,93.7961,102.3113,7311.252
2021-05-02,102.3113,109.7564,98.7595,106.696,12746.309
2021-05-03,106.696,113.9215,105.5237,107.0986,8197.821
2021-05-04,107.0986,107.2652,93.877,96.5,19345.696
2021-05-05,96.5,116.8504,95.3375,115.2393,15999.875
2021-05-06,115.2393,127.9128,110.0462,122.7661,30064.425
2021-05-07,122.7661,140.7054,110.3134,117.871,39395.742
2021-05-08,117.871,121.2771,111.5124,116.4439,31764.564
2021-05-09,116.4439,122.5241,110.3968,119.3081,16026.474
2021-05-10,119.3081,121.7465,96.9785,104.9082,19465.526
2021-05-11,104.9082,116.5399,100.3399,115.5203,21029.545
2021-05-12,115.5203,116.3901,92.1408,93.5082,15968.91
2021-05-13,93.5082,102.0318,86.5859,96.7005,30593.973
2021-05-14,96.7005,103.7015,95.1093,100.8419,10701.586
2021-05-15,100.8419,101.9011,91.5859,92.5513,13857.041
2021-05-16,92.5513,101.2211,86.7122,92.9651,15787.088
2021-05-17,92.9651,92.9651,79.9256,85.6029,23247.391
2021-05-18,85.6029,92.1547,84.3663,87.7469,12100.098
2021-05-19,87.7469,89.0112,40.4728,55.1408,75543.89
2021-05-20,55.1408,71.9395,49.4163,71.2327,33953.015
2021-05-21,71.2327,72.3232,50.077,57.9012,22896.149
2021-05-22,57.9012,58.2594,49.2552,51.3818,8728.369
2021-05-23,51.3818,54.3782,35.7606,43.1795,11450.833
2021-05-24,43.1795,54.3949,41.4865,53.9626,5483.684
2021-05-25,53.9626,59.508,51.091,56.474,7000.529
2021-05-26,56.474,63.5046,55.18,62.3981,4172.93
2021-05-27,62.3981,66.5342,56.7655,62.618,10234.09
2021-05-28,62.618,63.1296,52.4119,54.4663,7195.926
2021-05-29,54.4663,56.8305,48.0783,50.0794,4249.13
2021-05-30,50.0794,53.4852,46.9376,51.5239,3014.268
2021-05-31,51.5239,55.9165,49.4192,55.9155,2469.443
2021-06-01,55.9155,56.7062,52.3356,53.9252,2349.137
2021-06-02,53.9252,60.2876,52.5997,57.7609,3096.5
2021-06-03,57.7609,62.6108,57.5638,61.2749,7450.069
2021-06-04,61.2749,62.4856,53.1907,56.1973,4090.354
2021-06-05,56.1973,60.577,54.0382,55.6459,2641.666
2021-06-06,55.6459,57.6738,55.0818,56.6955,1387.854
2021-06-07,56.6955,58.2958,50.7047,51.0764,1592.082
2021-06-08,51.0764,51.912,44.7275,48.83,3694.115
2021-06-09,48.83,51.2513,45.973,51.2513,5565.455
2021-06-10,51.2513,54.9342,49.7204,50.502,8762.956
2021-06-11,50.502,50.9145,46.6371,47.4072,3589.765
2021-06-12,47.4072,47.4072,43.9995,46.1975,2169.273
2021-06-13,46.1975,49.519,44.639,49.2411,1459.639
2021-06-14,49.2411,51.6957,48.433,50.7432,1672.697
2021-06-15,50.7432,51.9233,49.1697,50.1834,1333.821
2021-06-16,50.1834,51.1164,47.5964,48.6344,1364.294
2021-06-17,48.6344,50.628,47.7549,48.6341,1306.06
2021-06-18,48.6341,48.6341,44.1755,45.35,1492.26
2021-06-19,45.35,46.5024,44.3774,44.4825,1375.505
2021-06-20,44.4825,45.1617,40.8097,44.7041,2213.617
2021-06-21,44.7041,44.8819,31.8892,32.0639,4463.669
2021-06-22,32.0639,34.3323,25.9615,30.0162,8367.249
2021-06-23,30.0162,34.9908,28.6486,33.4567,5190.068
2021-06-24,33.4567,35.449,31.5721,34.9785,2447.953
2021-06-25,34.9785,35.9028,30.7226,31.3334,3353.403
2021-06-26,31.3334,32.6188,29.3686,31.0928,3648.597
2021-06-27,31.0928,32.3367,29.6091,31.95,3978.624
2021-06-28,31.95,33.2945,30.593,33.0966,3169.475
2021-06-29,33.0966,36.8893,33.0683,35.0438,3170.426
2021-06-30,35.0438,37.7343,33.4867,36.5719,5174.079
2021-07-01,36.5719,36.6177,33.4299,34.2031,3201.142
2021-07-02,34.2031,35.48,33.381,35.48,4702.556
2021-07-03,35.48,37.5303,34.9991,36.3382,4322.133
2021-07-04,36.3382,38.7164,35.5109,37.5374,3502.136
2021-07-05,37.5374,37.5374,35.2186,35.9513,3841.447
2021-07-06,35.9513,37.9196,35.8714,36.917,2598.067
2021-07-07,36.917,38.3864,36.512,36.9674,2551.54
2021-07-08,36.9674,36.9754,33.2336,34.0102,2168.099
2021-07-09,34.0102,35.1952,32.2885,34.6791,1979.519
2021-07-10,34.6791,35.3933,33.3022,34.0771,1750.837
2021-07-11,34.0771,34.7071,33.4506,34.1422,1755.389
2021-07-12,34.1422,35.2397,32.7783,33.8129,2977.89
2021-07-13,33.8129,34.1317,32.5293,33.4451,2258.225
2021-07-14,33.4451,33.5582,30.8363,32.8116,2612.964
2021-07-15,32.8116,33.2077,30.7852,31.3632,2234.779
2021-07-16,31.3632,31.8443,29.5667,29.7361,2133.347
2021-07-17,29.7361,30.3144,28.9789,29.5532,4319.36
2021-07-18,29.5532,30.7135,29.0495,29.7477,3907.18
2021-07-19,29.7477,29.8811,27.5979,27.6815,10526.534
2021-07-20,27.6815,28.1853,25.0555,25.8296,17496.854
2021-07-21,25.8296,28.8539,25.2592,27.8729,13761.987
2021-07-22,27.8729,29.4504,27.3681,28.9267,13707.845
2021-07-23,28.9267,29.6935,27.938,29.5685,12080.225
2021-07-24,29.5685,31.2194,29.1586,30.7051,12630.169
2021-07-25,30.7051,31.085,29.583,30.7243,10472.4
2021-07-26,30.7243,35.5429,30.5852,32.394,25902.266
2021-07-27,32.394,34.2064,31.3987,34.0605,16937.847
2021-07-28,34.0605,34.7968,32.9605,34.5051,14388.762
2021-07-29,34.5051,35.5089,33.6035,35.2094,8022.892
2021-07-30,35.2094,42.3959,33.6525,41.7346,38228.192
2021-07-31,41.7346,48.4115,40.5249,45.7983,14508.201
2021-08-01,45.7983,45.7983,41.4083,42.251,5926.839
2021-08-02,42.251,46.4805,41.1091,43.4474,8785.475
2021-08-03,43.4474,43.8495,40.7776,41.415,3750.745
2021-08-04,41.415,44.7138,40.877,43.5929,2995.775
2021-08-05,43.5929,44.3331,41.4609,43.9174,3214.904
2021-08-06,43.9174,45.4609,43.0363,44.4121,3059.786
2021-08-07,44.4121,48.2916,44.0641,46.9532,6981.317
2021-08-08,46.9532,48.1259,43.9584,45.038,6098.94
2021-08-09,45.038,46.8797,43.5135,46.545,3471.302
2021-08-10,46.545,47.6134,44.5462,46.6912,3200.898
2021-08-11,46.6912,50.9121,46.6912,48.78,6729.611
2021-08-12,48.78,52.8491,46.3396,48.5809,8062.56
2021-08-13,48.5809,55.969,48.0428,55.4232,47594.556
2021-08-14,55.4232,56.9354,52.7551,55.7941,6539.062
2021-08-15,55.7941,59.7528,52.8119,58.9498,6096.931
2021-08-16,58.9498,60.1522,55.6053,56.4276,5970.719
2021-08-17,56.4276,58.108,51.4446,51.8636,8066.041
2021-08-18,51.8636,53.374,48.648,51.5971,9924.184
2021-08-19,51.5971,54.3958,49.1408,54.3178,9644.137
2021-08-20,54.3178,56.6718,53.9729,56.5168,17334.742
2021-08-21,56.5168,57.3019,54.9637,55.3131,19458.217
2021-08-22,55.3131,56.8943,53.4695,55.5286,18028.048
2021-08-23,55.5286,61.946,55.0477,60.8173,161872.618
2021-08-24,60.8173,62.9625,54.8949,55.585,209261.48
2021-08-25,55.585,57.1182,52.511,56.3317,137259.206
2021-08-26,56.3317,58.7164,51.0791,51.3287,153929.098
2021-08-27,51.3287,55.7428,49.5976,55.4934,111601.448
2021-08-28,55.4934,56.0648,53.3698,54.5121,78691.317
2021-08-29,54.5121,57.1587,53.7058,54.4352,95561.114
2021-08-30,54.4352,54.5317,51.1118,51.5569,94841.898
2021-08-31,51.5569,54.1423,50.9964,52.112,93214.674
2021-09-01,52.112,55.4194,50.277,55.1951,30211.086
2021-09-02,55.1951,56.9086,53.0492,55.4373,33370.432
2021-09-03,55.4373,59.2109,54.0836,57.2179,33190.241
2021-09-04,57.2179,58.7724,56.9699,57.9694,30295.208
2021-09-05,57.9694,66.2252,57.5487,65.7008,52151.752
2021-09-06,65.7008,66.7545,61.4014,63.56,46353.309
2021-09-07,63.56,64.1929,43.845,49.6931,84158.369
2021-09-08,49.6931,51.3729,44.3212,49.0141,50284.74
2021-09-09,49.0141,52.2589,48.3424,50.5719,26784.889
2021-09-10,50.5719,52.9443,46.533,48.0214,38826.287
2021-09-11,48.0214,50.0907,47.2817,48.9334,15675.635
2021-09-12,48.9334,51.8494,47.6345,51.6123,15208.069
2021-09-13,51.6123,51.7189,45.9965,48.4179,28965.531
2021-09-14,48.4179,51.9622,47.9445,51.7237,24721.191
2021-09-15,51.7237,52.7966,50.8836,52.5809,8527.684
2021-09-16,52.5809,53.0668,49.2145,50.6123,31382.045
2021-09-17,50.6123,51.1997,48.1402,48.6741,12123.86
2021-09-18,48.6741,50.7309,48.1321,49.6878,8766.833
2021-09-19,49.6878,50.3789,47.3634,48.1152,9108.287
2021-09-20,48.1152,48.2185,40.8496,41.4275,35422.243
2021-09-21,41.4275,42.1703,36.799,37.3881,33913.194
2021-09-22,37.3881,43.2055,36.6375,42.9465,21664.548
2021-09-23,42.9465,44.2217,41.7527,43.8936,13184.604
2021-09-24,43.8936,44.0573,37.701,39.7749,27173.41
2021-09-25,39.7749,40.4323,38.1461,38.9738,18191.972
2021-09-26,38.9738,39.7706,35.8766,38.7602,31652.123
2021-09-27,38.7602,39.9458,37.4584,37.4721,25508.069
2021-09-28,37.4721,38.0845,35.7526,35.9737,22255.624
2021-09-29,35.9737,39.0064,35.622,37.0852,25565.067
2021-09-30,37.0852,39.3163,36.8951,39.2291,14608.734
2021-10-01,39.2291,42.4303,38.9015,42.3529,12864.457
2021-10-02,42.3529,43.5544,41.6493,42.3539,13739.054
2021-10-03,42.3539,45.9181,41.3776,44.448,22228.126
2021-10-04,44.448,44.9114,41.5571,43.0097,18172.102
2021-10-05,43.0097,47.9435,42.7851,46.8208,29109.684
2021-10-06,46.8208,48.066,43.603,46.3263,25886.455
2021-10-07,46.3263,47.3852,44.9574,46.0135,19875.497
2021-10-08,46.0135,47.9892,45.4116,46.7298,15911.24
2021-10-09,46.7298,49.8335,46.2589,48.7125,20582.207
2021-10-10,48.7125,48.7125,45.1819,45.4153,12201.671
2021-10-11,45.4153,47.0149,43.8584,45.1573,14216.656
2021-10-12,45.1573,45.1573,41.9894,44.3122,19998.454
2021-10-13,44.3122,44.9235,42.9737,44.8351,15874.294
2021-10-14,44.8351,45.9247,44.3434,44.8793,8678.42
2021-10-15,44.8793,45.6409,43.3564,44.7447,12949.486
2021-10-16,44.7447,45.5426,44.0644,44.4566,7816.535
2021-10-17,44.4566,44.7857,41.5831,43.2361,8753.292
2021-10-18,43.2361,43.5826,42.0312,42.9172,9686.956
2021-10-19,42.9172,43.706,42.4793,42.9484,6604.98
2021-10-20,42.9484,45.9346,42.5706,45.4972,6361.575
2021-10-21,45.4972,47.3208,44.0823,44.9849,15034.373
2021-10-22,44.9849,45.9531,43.6032,44.4238,8689.297
2021-10-23,44.4238,45.1454,43.7491,44.7223,5392.699
2021-10-24,44.7223,45.1127,42.7213,43.8099,11391.273
2021-10-25,43.8099,44.9531,43.5398,44.5051,8118.484
2021-10-26,44.5051,46.3812,43.9269,44.3943,30519.08
2021-10-27,44.3943,45.2049,37.8257,39.2481,103034.193
2021-10-28,39.2481,41.9664,39.1586,41.374,60184.268
2021-10-29,41.374,43.187,41.0449,43.1656,27708.93
2021-10-30,43.1656,43.3421,41.3193,42.5481,19653.605
2021-10-31,42.5481,46.5153,42.3939,44.6558,73857.381
2021-11-01,44.6558,47.9059,42.1923,45.173,74645.16
2021-11-02,45.173,46.5931,44.8437,46.3457,26764.964
2021-11-03,46.3457,47.4843,44.5956,46.9515,55780.847
2021-11-04,46.9515,47.9766,45.0739,46.4221,28310.248
2021-11-05,46.4221,46.4254,44.6869,45.1557,19265.055
2021-11-06,45.1557,45.6056,42.6251,44.9805,27964.031
2021-11-07,44.9805,46.305,44.6841,46.28,14771.912
2021-11-08,46.28,50.846,45.809,50.5324,57183.909
2021-11-09,50.5324,53.4434,50.0651,52.5091,100197.549
2021-11-10,52.5091,53.0723,45.3179,48.2302,102572.209
2021-11-11,48.2302,50.0852,47.2465,48.5886,50766.864
2021-11-12,48.5886,48.9627,45.6722,47.3571,55256.683
2021-11-13,47.3571,49.8147,46.7163,49.1012,28456.288
2021-11-14,49.1012,49.4737,47.1686,48.4847,22388.279
2021-11-15,48.4847,49.1651,46.9192,47.0554,24673.537
2021-11-16,47.0554,47.0669,40.5271,42.8457,92527.217
2021-11-17,42.8457,43.4733,41.2411,43.2521,61136.814
2021-11-18,43.2521,43.5986,38.4379,39.8577,77171.485
2021-11-19,39.8577,41.739,39.3018,41.5069,38971.98
2021-11-20,41.5069,42.3166,40.3343,42.0563,27847.255
2021-11-21,42.0563,42.7687,41.2969,41.6203,26299.095
2021-11-22,41.6203,41.8741,39.5885,40.2094,49506.366
2021-11-23,40.2094,40.7048,39.2931,40.2797,26386.038
2021-11-24,40.2797,40.6519,38.2836,39.1811,31382.692
2021-11-25,39.1811,41.4557,38.8533,41.1066,25508.572
2021-11-26,41.1066,41.2408,36.2595,37.096,47376.092
2021-11-27,37.096,38.4479,36.9995,37.5572,29509.106
2021-11-28,37.5572,38.0219,35.1664,38.0219,46390.847
2021-11-29,38.0219,38.5647,37.0998,38.3569,20662.818
2021-11-30,38.3569,38.9427,37.3308,37.4853,37250.834
2021-12-01,37.4853,38.3816,36.8302,37.3545,30449.713
2021-12-02,37.3545,37.3545,35.8486,36.5269,25459.767
2021-12-03,36.5269,38.298,33.8371,35.0584,52519.756
2021-12-04,35.0584,35.0651,22.7965,29.6703,204617.348
2021-12-05,29.6703,30.3358,27.2497,28.1987,105119.141
2021-12-06,28.1987,29.5564,26.0141,29.431,133942.458
2021-12-07,29.431,30.4963,29.0824,29.6636,38401.973
2021-12-08,29.6636,31.5839,29.1671,31.0983,71363.4
2021-12-09,31.0983,31.2041,27.9115,27.9323,52450.29
2021-12-10,27.9323,28.7624,26.7157,26.7648,63603.648
2021-12-11,26.7648,28.1112,26.3644,27.9735,43084.419
2021-12-12,27.9735,28.4398,27.2931,28.1388,17323.94
2021-12-13,28.1388,28.2334,24.8406,25.2798,58083.947
2021-12-14,25.2798,26.7124,24.9116,26.3269,55624.055
2021-12-15,26.3269,27.4616,24.8987,27.1309,44297.639
2021-12-16,27.1309,28.6236,26.3535,26.4084,20773.73
2021-12-17,26.4084,26.9385,24.8242,25.4258,21029.154
2021-12-18,25.4258,26.2297,24.952,25.8448,10372.747
2021-12-19,25.8448,26.3755,25.2877,25.2877,8939.713
2021-12-20,25.2877,25.7931,24.06,25.6384,22039.523
2021-12-21,25.6384,26.582,25.4539,26.3759,9029.785
2021-12-22,26.3759,27.9502,26.2579,27.2798,7561.748
2021-12-23,27.2798,29.8407,27.0015,29.6976,15562.728
2021-12-24,29.6976,29.8626,28.6905,28.8948,23761.976
2021-12-25,28.8948,29.8884,28.8385,29.4957,7989.247
2021-12-26,29.4957,29.6143,28.6399,29.555,6934.686
2021-12-27,29.555,30.5563,29.418,29.5589,5863.638
2021-12-28,29.5589,29.5589,26.6225,27.038,19233.408
2021-12-29,27.038,27.226,25.927,26.0842,16977.626
2021-12-30,26.0842,26.7421,25.3005,26.1166,14507.41
2021-12-31,26.1166,26.856,25.0063,25.6977,12051.693
2022-01-01,25.6977,26.5219,25.6932,26.351,7363.198
2022-01-02,26.351,27.2912,26.1288,26.9824,7118.284
2022-01-03,26.9824,27.3054,25.9952,26.6273,10344.787
2022-01-04,26.6273,26.917,25.9258,26.0424,12118.823
2022-01-05,26.0424,27.1909,23.5837,24.4425,24631.267
2022-01-06,24.4425,24.852,23.7324,24.7307,23130.949
2022-01-07,24.7307,24.7894,22.7793,23.6298,33656.374
2022-01-08,23.6298,24.4917,22.5149,23.084,21936.08
2022-01-09,23.084,24.1017,22.9587,23.6528,15226.253
2022-01-10,23.6528,24.2619,21.905,22.6503,31666.769
2022-01-11,22.6503,23.8642,22.6,23.814,11250.057
2022-01-12,23.814,24.9813,23.78,24.7414,9673.405
2022-01-13,24.7414,24.8759,23.5015,23.5725,13243.902
2022-01-14,23.5754,25.0213,23.5021,24.8921,16959.795
2022-01-15,24.8921,25.911,24.8427,25.3431,11360.747
2022-01-16,25.3431,25.4287,24.7939,25.163,6555.406
2022-01-17,25.163,25.2016,23.5521,23.9488,12291.386
2022-01-18,23.9488,25.7974,23.4733,25.4164,34648.407
2022-01-19,25.4164,26.0384,23.6673,23.8573,21501.174
2022-01-20,23.8573,24.6516,22.5911,22.7054,13919.285
2022-01-21,22.7054,22.926,19.2908,19.5668,62175.135
2022-01-22,19.5668,20.0166,16.2785,17.8083,128208.758
2022-01-23,17.8083,18.886,16.523,18.5843,46578.346
2022-01-24,18.5843,18.5843,16.1466,18.1118,98246.672
2022-01-25,18.1118,18.3573,17.5781,18.2056,40489.683
2022-01-26,18.2056,19.8131,17.7083,18.1377,48304.857
2022-01-27,18.1377,18.4768,17.3062,18.0489,48508.202
2022-01-28,18.0489,19.0789,17.8114,19.0744,33245.423
2022-01-29,19.0744,19.6184,18.9688,19.3155,17649.602
2022-01-30,19.3155,20.2012,19.0187,19.5905,17349.744
2022-01-31,19.5905,19.752,18.617,19.7125,23603.73
2022-02-01,19.7125,20.44,19.642,19.8982,17704.432
2022-02-02,19.8982,21.5364,19.8757,20.1362,36812.93
2022-02-03,20.1362,20.4044,19.2889,20.1661,28775.406
2022-02-04,20.1661,22.4724,20.1102,22.4002,36509.636
2022-02-05,22.4002,22.9536,21.8137,22.1165,20400.069
2022-02-06,22.1165,22.5846,21.5821,22.545,15670.198
2022-02-07,22.545,23.7696,22.1566,23.7118,24966.537
2022-02-08,23.7118,24.0766,21.9347,23.0197,33804.426
2022-02-09,23.0197,24.0787,22.4602,23.9883,16525.455
2022-02-10,23.9883,25.4696,23.7473,23.7845,35961.265
2022-02-11,23.7845,25.6182,21.7936,22.1968,38795.066
2022-02-12,22.1968,22.347,21.1288,21.4986,25618.473
2022-02-13,21.4986,22.1915,20.9146,21.7529,19804.554
2022-02-14,21.7529,21.7966,20.6785,21.2987,22257.747
2022-02-15,21.2987,22.7747,21.2753,22.6463,19664.377
2022-02-16,22.6463,26.0426,22.4056,25.6985,72759.286
2022-02-17,25.6985,25.8396,23.3574,23.6762,56035.287
2022-02-18,23.6762,27.0936,23.4219,26.2084,102775.053
2022-02-19,26.2084,27.308,24.4907,25.0026,60225.368
2022-02-20,25.0026,26.2212,22.6736,23.0244,80855.094
2022-02-21,23.0244,24.129,19.952,20.1251,95053.569
2022-02-22,20.1251,20.7457,19.2781,20.5716,83874.219
2022-02-23,20.5716,21.0062,19.3795,19.513,105484.365
2022-02-24,19.513,21.3816,17.0256,21.2961,288857.955
2022-02-25,21.2961,21.6868,19.8763,21.4794,116716.083
2022-02-26,21.4794,22.1187,20.6585,20.9622,65762.462
2022-02-27,20.9622,21.1575,19.4628,19.8935,87296.803
2022-02-28,19.8935,23.1219,19.5424,23.0844,116806.716
2022-03-01,23.0844,25.1054,23.0548,24.2163,143552.203
2022-03-02,24.2163,24.5942,23.3204,23.9314,89877.554
2022-03-03,23.9314,25.339,23.0071,23.6106,104582.207
2022-03-04,23.6106,23.6123,21.1301,21.4991,70092.803
2022-03-05,21.4991,21.93,20.6969,21.7518,40933.951
2022-03-06,21.7518,21.8749,20.3986,20.4809,36763.348
2022-03-07,20.4809,21.0434,19.52,20.3358,49150.006
2022-03-08,20.3358,20.7783,20.0967,20.5044,34208.336
2022-03-09,20.5044,21.7875,20.4985,21.3063,27593.399
2022-03-10,21.3063,21.4112,19.7214,20.6644,49507.088
2022-03-11,20.6644,21.2058,19.9513,20.0367,43703.606
2022-03-12,20.0367,20.5081,19.9838,20.0137,16797.053
2022-03-13,20.0137,20.3532,18.943,19.0402,58670.272
2022-03-14,19.0402,19.6117,18.7724,19.5843,87972.472
2022-03-15,19.5843,19.6654,18.7663,19.4799,77680.813
2022-03-16,19.4799,20.6285,19.3103,20.6118,205745.34
2022-03-17,20.6118,21.114,20.4723,20.6857,26979.245
2022-03-18,20.6857,21.1214,20.0424,21.0821,52803.568
2022-03-19,21.0821,22.1835,21.0679,22.0571,53322.416
2022-03-20,22.0571,23.7562,21.8693,22.6804,151161.779
2022-03-21,22.6804,23.1618,21.9028,22.6076,63038.748
2022-03-22,22.6076,24.0179,22.5119,23.836,43276.629
2022-03-23,23.836,25.0193,23.8333,24.3339,57168.242
2022-03-24,24.3339,24.4736,23.5447,24.3846,24888.602
2022-03-25,24.3846,25.2692,23.5261,24.1438,32470.416
2022-03-26,24.1438,24.7477,24.0352,24.724,19910.166
2022-03-27,24.724,26.2376,23.9657,26.068,47156.225
2022-03-28,26.068,26.9719,25.1043,25.3348,42132.486
2022-03-29,25.3348,29.2748,25.2902,26.8702,103149.356
2022-03-30,26.8702,29.3611,25.9126,28.3373,63570.706
2022-03-31,28.3373,29.612,26.5565,26.9075,40450.369
2022-04-01,26.9075,28.1878,25.5767,28.0082,38663.778
2022-04-02,28.0082,28.7874,27.3236,27.5052,40059.519
2022-04-03,27.5052,28.5897,26.8501,27.996,29323.023
2022-04-04,27.996,28.0022,26.1244,27.1575,31453.243
2022-04-05,27.1575,27.3982,25.7048,25.7552,24967.035
2022-04-06,25.7552,25.7623,22.4124,22.4443,73232.299
2022-04-07,22.4443,23.417,22.2008,23.265,25879.583
2022-04-08,23.265,23.4999,21.6319,21.8779,12293.613
2022-04-09,21.8779,22.5573,21.8442,22.5269,7312.497
2022-04-10,22.5269,22.7738,21.5486,21.555,6960.609
2022-04-11,21.555,21.7398,19.288,19.6942,20324.016
2022-04-12,19.6942,20.7137,19.5529,20.3611,11870.423
2022-04-13,20.3611,21.3119,20.1453,21.2688,9009.185
2022-04-14,21.2688,21.5123,20.2296,20.6178,6774.499
2022-04-15,20.6178,21.3197,20.4997,21.1093,13245.869
2022-04-16,21.1093,21.8167,21.0152,21.597,9658.041
2022-04-17,21.597,22.0267,20.4005,20.516,8869.286
2022-04-18,20.516,21.4178,19.7976,21.2884,16562.633
2022-04-19,21.2884,22.1089,21.081,22.1025,5641.13
2022-04-20,22.1025,22.1583,21.1898,21.4994,8286.942
2022-04-21,21.4994,22.5985,20.4806,20.823,13089.893
2022-04-22,20.823,21.3657,20.7266,21.0864,10749.482
2022-04-23,21.0864,21.398,20.7021,20.8901,4716.243
2022-04-24,20.8901,21.0713,20.1774,20.1977,5290.612
2022-04-25,20.1977,20.2361,18.7534,20.033,13672.836
2022-04-26,20.033,20.424,18.2745,18.5552,10484.147
2022-04-27,18.5552,19.1885,18.4066,19.01,8529.851
2022-04-28,19.01,19.3363,18.6558,18.7994,7322.629
2022-04-29,18.7994,19.026,17.6535,17.9354,8913.281
2022-04-30,17.9354,18.579,16.5149,16.7495,22015.304
2022-05-01,16.7495,17.801,16.4311,17.634,15728.685
2022-05-02,17.634,18.028,16.932,17.5643,13735.413
2022-05-03,17.5643,18.3504,17.1565,17.5665,13705.544
2022-05-04,17.5665,19.5393,17.5395,19.3638,14159.737
2022-05-05,19.3638,19.5627,16.7818,17.1877,17738.421
2022-05-06,17.1877,17.2517,16.5196,16.9353,20035.563
2022-05-07,16.9353,17.0078,15.9271,16.3291,10186.756
2022-05-08,16.3291,16.432,15.7151,15.9547,16849.665
2022-05-09,15.9547,16.324,13.2408,13.2699,52445.846
2022-05-10,13.2699,14.9938,12.9223,13.846,111873.274
2022-05-11,13.846,14.0833,9.9908,10.5162,173935.988
2022-05-12,10.5162,11.0917,8.46,9.8057,212030.424
2022-05-13,9.8057,11.2775,9.6632,10.2043,57637.468
2022-05-14,10.2043,10.7616,9.6039,10.6736,32562.055
2022-05-15,10.6736,11.0266,10.222,11.0058,22315.809
2022-05-16,11.0058,11.0176,9.8926,10.2314,28111.454
2022-05-17,10.2314,11.1769,10.2314,10.9635,23446.658
2022-05-18,10.9635,11.1554,9.8446,9.8702,29535.124
2022-05-19,9.8702,10.6577,9.5642,10.4989,29428.87
2022-05-20,10.4989,10.7828,9.8912,10.1448,21330.906
2022-05-21,10.1448,10.5993,9.97,10.3539,16668.112
2022-05-22,10.3539,10.9391,10.243,10.8674,14964.914
2022-05-23,10.8674,12.641,10.8137,11.349,82617.329
2022-05-24,11.349,11.3966,10.4517,11.2533,37539.126
2022-05-25,11.2533,12.0097,11.2447,11.6637,52732.48
2022-05-26,11.6637,12.2309,10.1479,10.7112,61729.267
2022-05-27,10.7112,11.3263,10.1753,10.2763,77324.52
2022-05-28,10.2763,10.6462,10.1245,10.4802,30458.417
2022-05-29,10.4802,10.6327,10.1304,10.6289,24239.941
2022-05-30,10.6289,11.8181,10.5786,11.7895,33073.163
2022-05-31,11.7895,11.8691,11.2157,11.5656,34118.326
2022-06-01,11.5656,12.3628,10.8854,11.1415,66718.585
2022-06-02,11.1415,11.5031,10.8622,11.4187,35377.292
2022-06-03,11.4187,11.7554,10.9069,11.1517,30390.454
2022-06-04,11.1517,11.3285,10.9502,11.3099,20810.274
2022-06-05,11.3099,11.9741,11.0662,11.4573,41655.647
2022-06-06,11.4573,13.3861,11.4392,12.161,66089.611
2022-06-07,12.161,12.1684,11.2278,11.862,46167.601
2022-06-08,11.862,12.8333,11.4816,12.0239,69791.57
2022-06-09,12.0239,12.395,11.7613,12.0371,36563.34
2022-06-10,12.0371,12.0525,11.0,11.4185,59085.962
2022-06-11,11.4185,11.709,10.5092,10.9004,71343.212
2022-06-12,10.9004,13.3541,10.0547,11.6172,237926.948
2022-06-13,11.6172,12.2599,9.3666,9.8248,291642.688
2022-06-14,9.8248,9.9705,8.9551,9.7088,143357.281
2022-06-15,9.7088,10.0144,8.4271,10.0033,172464.215
2022-06-16,10.0033,10.1828,8.6806,8.8301,106777.434
2022-06-17,8.8301,9.3219,8.7649,9.0584,64731.528
2022-06-18,9.0584,9.2043,7.9215,8.5266,105850.043
2022-06-19,8.5266,9.1967,8.1515,9.0854,77123.469
2022-06-20,9.0854,9.4426,8.6881,9.1479,64098.458
2022-06-21,9.1479,9.702,9.0073,9.215,43573.69
2022-06-22,9.215,9.2638,8.7749,8.8836,47880.486
2022-06-23,8.8836,9.3912,8.8661,9.308,31218.78
2022-06-24,9.308,9.8027,9.2943,9.642,26839.816
2022-06-25,9.642,9.9107,9.2758,9.7348,28378.112
2022-06-26,9.7348,10.1925,9.4644,9.4879,32376.186
2022-06-27,9.4879,9.9292,9.3865,9.4974,33153.855
2022-06-28,9.4974,9.6441,8.8893,8.9306,25057.253
2022-06-29,8.9306,9.0333,8.4765,8.622,35958.463
2022-06-30,8.622,8.6611,7.9553,8.4611,35689.328
2022-07-01,8.4611,8.7745,8.0794,8.2182,27225.703
2022-07-02,8.2182,8.3542,8.0374,8.2424,18834.371
2022-07-03,8.2424,8.3821,8.0477,8.297,16501.591
2022-07-04,8.297,8.6234,8.055,8.5921,24766.041
2022-07-05,8.5921,8.6534,8.0845,8.3788,25715.86
2022-07-06,8.3788,8.5905,8.2157,8.5246,26165.201
2022-07-07,8.5246,9.3993,8.4718,9.2684,24121.896
2022-07-08,9.2684,9.579,9.0175,9.1327,20958.206
2022-07-09,9.1327,9.594,9.1313,9.3675,17150.314
2022-07-10,9.3675,9.3675,8.9083,9.2474,29337.868
2022-07-11,9.2474,9.2623,8.2848,8.3556,43151.882
2022-07-12,8.3556,8.4147,8.0435,8.0728,36393.266
2022-07-13,8.0728,8.5846,7.8153,8.5665,60259.975
2022-07-14,8.5665,8.8513,8.1466,8.7006,37931.851
2022-07-15,8.7006,9.0702,8.6766,8.8528,49824.936
2022-07-16,8.8528,9.3309,8.6688,9.2634,34549.021
2022-07-17,9.2634,9.6239,9.1268,9.313,49186.242
2022-07-18,9.313,10.5113,9.2887,10.3977,72919.02
2022-07-19,10.3977,10.6697,9.9682,10.5008,81788.72
2022-07-20,10.5008,10.7056,9.6689,9.7481,83988.519
2022-07-21,9.7481,9.9133,9.3156,9.8712,70305.084
2022-07-22,9.8712,11.394,9.7947,10.5205,110178.521
2022-07-23,10.5205,10.9846,9.7257,10.0481,88716.624
2022-07-24,10.0481,10.6119,9.9093,10.2674,73836.886
2022-07-25,10.2674,10.4131,9.2136,9.2209,98995.566
2022-07-26,9.2209,9.2934,8.8222,9.2782,57930.212
2022-07-27,9.2782,10.0543,9.0953,10.0517,77419.279
2022-07-28,10.0517,11.2635,10.0517,11.0083,140726.716
2022-07-29,11.0083,12.0626,11.0051,11.3018,122647.365
2022-07-30,11.3018,11.9548,11.0654,11.3402,80891.395
2022-07-31,11.3402,11.5923,10.8882,10.9787,45713.533
2022-08-01,10.9787,11.6136,10.92,11.1656,61269.595
2022-08-02,11.1656,11.3141,10.5204,10.9619,74358.989
2022-08-03,10.9619,11.1858,10.6071,10.742,52964.88
2022-08-04,10.742,11.1334,10.6,10.8059,53088.937
2022-08-05,10.8059,11.9332,10.7878,11.8125,72738.456
2022-08-06,11.8125,11.8236,11.3783,11.4238,19925.623
2022-08-07,11.4238,11.6221,11.2044,11.4669,16888.866
2022-08-08,11.4669,11.9924,11.3666,11.6678,32203.876
2022-08-09,11.6678,11.7432,10.8908,11.0069,40555.756
2022-08-10,11.0069,11.6969,10.7362,11.6868,48440.511
2022-08-11,11.6868,12.555,11.6624,11.718,64196.931
2022-08-12,11.718,12.065,11.5479,12.0268,30941.79
2022-08-13,12.0268,12.2235,11.8611,11.9933,16927.045
2022-08-14,11.9933,12.2217,11.4079,11.5077,24430.417
2022-08-15,11.5077,11.8153,11.0446,11.2729,34640.111
2022-08-16,11.2729,11.3621,11.038,11.1475,39314.34
2022-08-17,11.1475,11.8657,10.8467,10.9632,66312.733
2022-08-18,10.9632,11.0716,10.2886,10.4381,43916.087
2022-08-19,10.4381,10.4381,9.3987,9.5344,75150.903
2022-08-20,9.5344,9.8635,9.3007,9.5685,36757.098
2022-08-21,9.5685,10.0023,9.5077,9.8805,21660.577
2022-08-22,9.8805,9.8941,9.2088,9.6809,37987.033
2022-08-23,9.6809,10.0147,9.3971,9.9486,31446.586
2022-08-24,9.9486,10.302,9.6667,9.9248,44163.595
2022-08-25,9.9248,10.2508,9.8575,9.9957,23758.698
2022-08-26,9.9957,10.021,8.9251,9.0175,52833.245
2022-08-27,9.0175,9.2332,8.869,9.1326,28394.397
2022-08-28,9.1326,9.3042,8.8457,8.8853,26584.154
2022-08-29,8.8853,9.4212,8.7955,9.3862,28655.525
2022-08-30,9.3862,9.5823,8.9308,9.0708,42843.912
2022-08-31,9.0708,9.3516,8.971,9.0389,43688.114
2022-09-01,9.0389,9.1638,8.765,9.149,36164.197
2022-09-02,9.149,9.3408,8.9473,9.038,27666.947
2022-09-03,9.038,9.1731,8.968,9.1625,14679.107
2022-09-04,9.1625,9.5447,9.0662,9.5029,43907.68
2022-09-05,9.5029,9.5905,9.0631,9.3589,47774.468
2022-09-06,9.3589,9.5557,8.5252,8.5427,162874.941
2022-09-07,8.5427,8.9555,8.3419,8.8825,114754.471
2022-09-08,8.8825,9.5835,8.7131,9.4483,125707.775
2022-09-09,9.4483,9.9374,9.3507,9.8773,106589.105
2022-09-10,9.8773,10.1158,9.7171,9.8867,103877.162
2022-09-11,9.8867,10.0154,9.617,9.8077,69561.132
2022-09-12,9.8077,10.2536,9.6363,9.9022,174516.92
2022-09-13,9.9022,9.9515,8.8955,8.9042,187933.045
2022-09-14,8.9042,9.1524,8.8427,9.0927,131727.272
2022-09-15,9.0927,9.3255,8.7275,9.1343,222373.202
2022-09-16,9.1343,9.2579,8.7336,8.9969,131298.47
2022-09-17,8.9969,9.1132,8.8623,9.0813,37393.235
2022-09-18,9.0813,9.1159,8.1205,8.236,114251.36
2022-09-19,8.236,8.4434,8.0294,8.3811,133854.671
2022-09-20,8.3811,8.4945,8.1965,8.3312,134544.047
2022-09-21,8.3312,8.7223,7.9644,8.0442,216866.357
2022-09-22,8.0442,8.507,8.0325,8.4427,161414.432
2022-09-23,8.4427,8.6524,8.177,8.5637,109936.821
2022-09-24,8.5637,8.684,8.3675,8.4064,42284.658
2022-09-25,8.4064,8.5543,8.1852,8.2749,63333.327
2022-09-26,8.2749,8.4109,8.071,8.4022,136285.554
2022-09-27,8.4022,9.6329,8.385,8.8788,160586.531
2022-09-28,8.8788,8.8924,8.3181,8.6209,109224.315
2022-09-29,8.6209,8.7958,8.4369,8.7771,79519.338
2022-09-30,8.7771,8.9838,8.6785,8.8425,77434.08
2022-10-01,8.8425,8.9314,8.7161,8.7762,26761.613
2022-10-02,8.7762,8.8335,8.4861,8.5139,42032.893
2022-10-03,8.5139,8.783,8.4184,8.7252,45226.951
2022-10-04,8.7252,8.9922,8.6756,8.9213,36154.782
2022-10-05,8.9213,8.9256,8.5777,8.7471,32009.312
2022-10-06,8.7471,8.8919,8.5374,8.5666,34979.74
2022-10-07,8.5666,8.5886,8.3858,8.493,39885.088
2022-10-08,8.493,8.6593,8.4234,8.4932,26332.223
2022-10-09,8.4932,8.5685,8.4457,8.5253,21427.22
2022-10-10,8.5253,8.6278,8.1579,8.1857,48103.189
2022-10-11,8.1857,8.1871,7.9345,8.0319,68949.437
2022-10-12,8.0319,8.1163,7.9752,8.0226,36836.107
2022-10-13,8.0226,8.0351,7.3246,7.8873,186225.19
2022-10-14,7.8873,8.1414,7.6833,7.7439,64580.528
2022-10-15,7.7439,7.8531,7.6676,7.7146,33093.517
2022-10-16,7.7146,7.9346,7.7128,7.8781,35960.844
2022-10-17,7.8781,8.0575,7.8053,8.0423,50460.263
2022-10-18,8.0423,8.1216,7.7765,7.8974,71555.914
2022-10-19,7.8974,7.932,7.6072,7.6933,80414.377
2022-10-20,7.6933,7.9637,7.628,7.7542,40211.445
2022-10-21,7.7542,7.8632,7.5382,7.8442,9615.596
2022-10-22,7.8442,8.0415,7.7864,8.0308,6159.137
2022-10-23,8.0308,8.7,7.8874,8.5386,86778.475
2022-10-24,8.5386,8.5824,8.1472,8.213,7544.769
2022-10-25,8.213,8.6602,8.1982,8.508,20249.872
2022-10-26,8.508,8.6305,8.44,8.5832,8772.276
2022-10-27,8.5832,8.9036,8.388,8.4382,11650.6
2022-10-28,8.4382,8.7132,8.3569,8.6273,8523.652
2022-10-29,8.6273,8.9417,8.5967,8.8175,16076.979
2022-10-30,8.8175,8.9134,8.4788,8.5893,8592.122
2022-10-31,8.5893,8.821,8.407,8.5171,18437.854
2022-11-01,8.5171,8.6105,8.3683,8.433,8258.566
2022-11-02,8.433,8.5724,8.0779,8.2079,20833.944
2022-11-03,8.2079,8.5518,8.1855,8.3563,15466.788
2022-11-04,8.3563,9.0215,8.3165,8.9793,15249.111
2022-11-05,8.9793,9.1834,8.8995,9.0321,17027.639
2022-11-06,9.0321,9.1026,8.5376,8.5576,15355.35
2022-11-07,8.5576,8.8214,8.3794,8.6387,17390.666
2022-11-08,8.6387,8.7126,6.6791,7.422,99095.774
2022-11-09,7.422,7.4722,6.0184,6.1879,140980.573
2022-11-10,6.1879,7.285,6.1191,7.1589,70045.079
2022-11-11,7.1589,7.2123,6.5478,6.8118,50337.973
2022-11-12,6.8118,6.817,6.4482,6.5603,29363.271
2022-11-13,6.5603,8.1483,6.3,6.6479,64990.583
2022-11-14,6.6479,6.8228,6.1957,6.7225,60156.335
2022-11-15,6.7225,6.9808,6.6389,6.7919,46876.548
2022-11-16,6.7919,6.8625,6.5474,6.641,30695.923
2022-11-17,6.641,6.7317,6.5173,6.5879,23121.69
2022-11-18,6.5879,6.7288,6.551,6.6458,19512.863
2022-11-19,6.6458,6.7981,6.5576,6.7825,17587.908
2022-11-20,6.7825,6.9041,6.4561,6.4783,22126.27
2022-11-21,6.4783,6.5716,6.2686,6.4364,28156.161
2022-11-22,6.4364,6.6635,6.2486,6.6514,20929.763
2022-11-23,6.6514,7.003,6.6147,6.9921,17324.976
2022-11-24,6.9921,7.0522,6.7765,6.8625,14685.686
2022-11-25,6.8625,6.9309,6.6824,6.8728,11043.148
2022-11-26,6.8728,7.0621,6.8661,6.9876,15094.933
2022-11-27,6.9876,7.0329,6.8175,6.8385,14125.667
2022-11-28,6.8385,6.9026,6.4991,6.6165,19491.899
2022-11-29,6.6165,6.7847,6.5269,6.6875,18640.08
2022-11-30,6.6875,7.0324,6.6875,6.9935,18005.311
2022-12-01,6.9935,7.0126,6.747,6.792,16160.435
2022-12-02,6.792,7.0218,6.6932,6.9924,16744.852
2022-12-03,6.9924,7.0228,6.7975,6.8153,13879.964
2022-12-04,6.8153,6.9813,6.8069,6.9075,11848.637
2022-12-05,6.9075,7.0666,6.8362,6.9362,14220.525
2022-12-06,6.9362,7.1696,6.9316,7.1462,16417.208
2022-12-07,7.1462,7.1472,6.7062,6.8527,17556.033
2022-12-08,6.8527,7.0933,6.828,7.0637,11696.46
2022-12-09,7.0637,7.1435,6.9642,7.0369,12591.37
2022-12-10,7.0369,7.3927,7.0276,7.1577,15127.427
2022-12-11,7.1577,7.363,7.1542,7.2287,10828.716
2022-12-12,7.2287,7.4935,7.0381,7.4428,35644.846
2022-12-13,7.4428,7.4622,7.0864,7.3019,20944.839
2022-12-14,7.3019,7.3617,7.1178,7.1773,14053.221
2022-12-15,7.1773,7.3132,7.0354,7.2829,24052.376
2022-12-16,7.2829,7.4725,6.6373,6.7142,28204.56
2022-12-17,6.7142,6.7142,6.3983,6.6966,15871.064
2022-12-18,6.6966,6.8002,6.6175,6.7328,11194.639
2022-12-19,6.7328,6.8023,6.1468,6.3031,19970.583
2022-12-20,6.3031,6.5732,6.2673,6.547,13884.98
2022-12-21,6.547,6.5545,6.3863,6.4633,11633.309
2022-12-22,6.4633,6.4911,6.2658,6.4428,10789.193
2022-12-23,6.4428,6.5191,6.3922,6.4231,12507.918
2022-12-24,6.4231,6.4377,6.3562,6.3966,8063.043
2022-12-25,6.3966,6.3999,6.1975,6.2632,10101.385
2022-12-26,6.2632,6.295,6.1678,6.2469,10567.889
2022-12-27,6.2469,6.3029,6.1495,6.1926,13890.131
2022-12-28,6.1926,6.2332,5.9767,6.0622,35855.798
2022-12-29,6.0622,6.2142,5.9749,6.1677,24580.346
2022-12-30,6.1677,6.1835,5.9576,6.0826,20327.595
2022-12-31,6.0826,6.1947,6.0764,6.1338,14845.801
2023-01-01,6.1338,6.4418,6.1159,6.3984,21567.642
2023-01-02,6.3984,6.5433,6.3068,6.5322,16413.373
2023-01-03,6.5322,6.584,6.3869,6.4371,17701.277
2023-01-04,6.4371,6.6433,6.405,6.5925,24301.941
2023-01-05,6.5925,6.7803,6.4895,6.5235,19946.463
2023-01-06,6.5235,6.5827,6.3149,6.5571,16404.126
2023-01-07,6.5571,6.6024,6.5257,6.5573,10876.323
2023-01-08,6.5573,6.7618,6.4771,6.7338,13503.844
2023-01-09,6.7338,7.1435,6.7292,6.828,28832.873
2023-01-10,6.828,6.9334,6.6981,6.8698,23994.151
2023-01-11,6.8698,7.0425,6.6783,7.0325,19677.539
2023-01-12,7.0325,7.1921,6.7766,7.1828,36902.587
2023-01-13,7.1828,7.5539,7.0879,7.4707,34805.833
2023-01-14,7.4707,8.073,7.3108,7.677,46576.694
2023-01-15,7.677,7.8341,7.3975,7.7328,27316.58
2023-01-16,7.7328,7.9224,7.3676,7.5939,34089.051
2023-01-17,7.5939,7.7425,7.5104,7.5907,22630.423
2023-01-18,7.5907,7.8,7.1023,7.1774,41850.615
2023-01-19,7.1774,7.482,7.1672,7.4749,24754.426
2023-01-20,7.4749,7.9421,7.3551,7.9417,20955.097
2023-01-21,7.9417,8.1792,7.8445,7.8445,17885.419
2023-01-22,7.8445,8.2014,7.8387,8.0006,22151.671
2023-01-23,8.0006,8.1753,7.9123,8.076,17728.405
2023-01-24,8.076,8.4262,7.699,7.756,18676.56
2023-01-25,7.756,8.1793,7.5409,8.019,23101.093
2023-01-26,8.019,8.3824,7.9868,8.2181,18646.696
2023-01-27,8.2181,8.3723,7.9686,8.2791,23083.638
2023-01-28,8.2791,8.4722,8.0889,8.2552,12113.243
2023-01-29,8.2552,8.4653,8.1675,8.3984,14337.092
2023-01-30,8.3984,8.4629,7.906,8.0525,25736.246
2023-01-31,8.0525,8.2253,7.9257,8.1772,21297.439
2023-02-01,8.1772,8.4615,7.8587,8.4278,28406.489
2023-02-02,8.4278,9.3633,8.4278,8.8609,57938.597
2023-02-03,8.8609,9.0126,8.6677,8.9381,32749.924
2023-02-04,8.9381,9.1123,8.777,8.8502,15610.607
2023-02-05,8.8502,9.1482,8.4687,8.8483,21049.604
2023-02-06,8.8483,8.9067,8.5969,8.6836,15761.035
2023-02-07,8.6836,9.1437,8.649,9.124,16957.88
2023-02-08,9.124,9.3235,8.6267,9.1682,23901.709
2023-02-09,9.1682,10.9445,8.7357,8.9224,88878.725
2023-02-10,8.9224,9.7576,8.9068,9.0376,76643.459
2023-02-11,9.0376,9.0511,8.7225,8.92,20559.32
2023-02-12,8.92,8.9676,8.5074,8.5848,21773.496
2023-02-13,8.5848,8.6151,8.0358,8.4064,37785.904
2023-02-14,8.4064,8.702,8.247,8.6917,27976.441
2023-02-15,8.6917,9.2987,8.6017,9.2764,24630.418
2023-02-16,9.2764,9.6191,8.8139,8.8223,22658.652
2023-02-17,8.8223,9.8966,8.8118,9.5524,16159.306
2023-02-18,9.5524,10.011,9.5524,9.7378,20425.481
2023-02-19,9.7378,11.2189,9.5902,10.4257,43030.644
2023-02-20,10.4257,14.8052,10.2481,14.647,245781.69
2023-02-21,14.647,15.6767,13.2243,13.368,95280.014
2023-02-22,13.368,14.2699,12.8367,13.5472,82042.005
2023-02-23,13.5472,13.8689,12.6919,12.7884,51836.782
2023-02-24,12.7884,12.7884,11.4222,11.6363,35942.546
2023-02-25,11.6363,12.0879,11.0647,11.3829,35575.235
2023-02-26,11.3829,12.7144,11.2585,12.4562,36443.517
2023-02-27,12.4562,13.8119,12.4068,13.208,78228.909
2023-02-28,13.208,13.2175,11.9472,11.9629,49577.228
2023-03-01,11.9629,13.1712,11.9363,12.7983,68941.904
2023-03-02,12.7983,12.7983,11.9522,12.3238,49094.23
2023-03-03,12.3238,12.4843,11.0529,11.6478,57112.646
2023-03-04,11.6478,12.4491,11.575,11.9646,78241.407
2023-03-05,11.9646,12.5183,11.75,12.0747,58207.604
2023-03-06,12.0747,12.0747,11.5312,11.7863,39319.679
2023-03-07,11.7863,12.3877,11.2684,11.5708,55559.263
2023-03-08,11.5708,11.5711,10.3602,10.4957,47924.22
2023-03-09,10.4957,10.9829,9.6985,9.8976,74249.681
2023-03-10,9.8976,9.921,9.199,9.8167,85356.459
2023-03-11,9.8167,10.0977,9.098,9.53,66089.517
2023-03-12,9.53,10.3179,9.175,10.2863,52981.334
2023-03-13,10.2863,11.19,10.1166,11.0571,95601.855
2023-03-14,11.0571,12.2019,10.6853,11.5095,96088.177
2023-03-15,11.5095,11.8754,10.2243,10.4061,94238.529
2023-03-16,10.4061,10.8987,10.2387,10.8656,67983.031
2023-03-17,10.8656,12.6036,10.8516,12.5994,97602.738
2023-03-18,12.5994,12.98,11.6648,11.8167,97700.007
2023-03-19,11.8167,13.5486,11.7196,13.3077,122414.661
2023-03-20,13.3,13.7,12.21,12.25,92239.466
2023-03-21,12.25,12.61,11.85,12.45,68396.368
2023-03-22,12.45,12.45,11.22,11.6,56649.553
2023-03-23,11.6,12.63,11.6,12.57,45063.722
2023-03-24,12.57,13.47,12.14,12.37,92468.383
2023-03-25,12.37,12.43,11.74,12.06,18940.562
2023-03-26,12.06,12.39,11.83,12.32,26800.415
2023-03-27,12.32,12.94,11.88,12.57,89368.001
2023-03-28,12.57,12.85,12.01,12.71,37451.948
2023-03-29,12.71,13.28,12.52,13.21,39110.001
2023-03-30,13.21,13.22,12.29,12.51,33733.087
2023-03-31,12.51,12.68,12.04,12.61,26413.808
2023-04-01,12.61,12.65,12.15,12.44,20474.785
2023-04-02,12.44,12.57,11.88,12.11,19679.308
2023-04-03,12.11,12.25,11.63,11.98,25330.668
2023-04-04,11.98,12.1,11.77,12.03,13054.101
2023-04-05,12.03,12.22,11.75,12.03,24912.483
2023-04-06,12.03,12.97,11.74,12.41,102310.744
2023-04-07,12.41,12.45,11.91,12.14,24648.864
2023-04-08,12.14,12.59,12.14,12.27,34436.144
2023-04-09,12.27,12.44,11.97,12.2,26119.201
2023-04-10,12.2,12.53,11.99,12.44,25795.22
2023-04-11,12.44,12.9,12.33,12.5,56211.26
2023-04-12,12.5,12.56,11.94,12.19,33125.473
2023-04-13,12.19,12.47,12.06,12.46,12022.747
2023-04-14,12.46,13.08,12.39,12.96,44167.087
2023-04-15,12.96,13.1,12.7,12.96,27443.021
2023-04-16,12.96,14.2,12.73,13.58,118143.795
2023-04-17,13.58,13.72,12.82,12.94,32192.839
2023-04-18,12.94,13.21,12.71,13.04,12543.071
2023-04-19,13.04,13.05,11.6,11.82,22281.893
2023-04-20,11.82,12.13,11.55,11.72,22868.04
2023-04-21,11.72,11.83,10.81,11.01,22990.637
2023-04-22,11.01,11.45,10.92,11.42,9703.038
2023-04-23,11.42,11.42,10.97,11.27,7579.991
2023-04-24,11.27,11.32,10.58,10.8,16754.723
2023-04-25,10.8,11.02,10.39,10.92,12748.946
2023-04-26,10.92,11.43,10.14,10.72,44179.109
2023-04-27,10.72,11.04,10.67,10.86,24935.646
2023-04-28,10.86,10.89,10.56,10.82,15636.479
2023-04-29,10.82,10.95,10.77,10.87,7915.624
2023-04-30,10.87,11.0,10.47,10.59,21877.96
2023-05-01,10.59,10.7,10.14,10.29,16831.974
2023-05-02,10.29,10.5,10.15,10.29,34323.42
2023-05-03,10.29,10.41,9.8,10.29,32915.568
2023-05-04,10.29,10.32,9.96,10.07,17292.206
2023-05-05,10.07,10.45,10.06,10.45,26642.187
2023-05-06,10.45,10.48,9.78,10.0,29812.018
2023-05-07,10.0,10.07,9.83,9.87,37010.295
2023-05-08,9.87,9.94,8.88,9.13,43668.234
2023-05-09,9.13,9.473,9.03,9.265,65535.341
2023-05-10,9.265,9.787,9.235,9.653,129193.834
2023-05-11,9.653,9.655,8.976,9.152,10719.119
2023-05-12,9.152,9.176,8.689,9.171,3436.488
2023-05-13,9.171,9.178,8.999,9.078,2350.719
2023-05-14,9.078,9.185,8.928,9.095,2526.402
2023-05-15,9.095,9.423,8.942,9.325,2864.172
2023-05-16,9.325,9.363,9.161,9.334,2246.686
2023-05-17,9.334,9.543,9.271,9.53,2874.199
2023-05-18,9.53,9.549,9.311,9.458,3726.804
2023-05-19,9.458,9.529,9.311,9.484,4141.126
2023-05-20,9.484,9.488,9.362,9.417,2244.48
2023-05-21,9.417,9.459,9.106,9.112,3084.412
2023-05-22,9.112,9.922,9.056,9.86,5982.962
2023-05-23,9.86,10.48,9.709,10.181,10449.642
2023-05-24,10.181,10.766,10.052,10.555,8412.503
2023-05-25,10.555,10.753,9.775,9.892,11749.788
2023-05-26,9.892,9.898,9.622,9.747,4438.353
2023-05-27,9.747,10.651,9.696,10.651,8977.702
2023-05-28,10.651,10.941,10.584,10.871,24362.291
2023-05-29,10.871,11.5,10.711,10.808,14733.579
2023-05-30,10.808,11.151,10.578,10.71,12009.212
2023-05-31,10.71,10.793,10.223,10.505,16463.667
2023-06-01,10.505,10.531,10.051,10.107,11688.53
2023-06-02,10.107,10.472,9.933,10.254,5666.605
2023-06-03,10.254,10.73,10.197,10.525,5123.31
2023-06-04,10.525,10.565,10.355,10.376,5753.226
2023-06-05,10.376,10.39,9.011,9.303,15794.213
2023-06-06,9.303,9.709,9.1,9.686,7883.653
2023-06-07,9.686,9.689,8.857,8.953,21617.909
2023-06-08,8.953,9.151,8.781,9.039,2856.105
2023-06-09,9.039,9.254,8.932,9.003,3627.549
2023-06-10,9.003,9.007,6.646,7.668,29449.237
2023-06-11,7.668,7.857,7.538,7.778,19122.665
2023-06-12,7.778,7.847,7.44,7.799,17542.725
2023-06-13,7.799,8.064,7.702,7.869,5933.347
2023-06-14,7.869,7.974,7.35,7.481,9759.638
2023-06-15,7.481,7.974,7.449,7.919,5031.359
2023-06-16,7.919,7.928,7.606,7.836,3068.017
2023-06-17,7.836,8.016,7.743,7.827,4760.597
2023-06-18,7.827,7.931,7.672,7.693,3719.694
2023-06-19,7.693,7.849,7.647,7.776,3093.307
2023-06-20,7.776,8.157,7.595,8.12,3484.022
2023-06-21,8.12,9.546,8.07,8.937,17151.543
2023-06-22,8.937,9.332,8.555,8.576,7226.374
2023-06-23,8.576,9.348,8.573,9.18,6183.034
2023-06-24,9.18,9.379,8.831,9.17,5833.173
2023-06-25,9.17,9.36,9.027,9.121,4881.949
2023-06-26,9.121,9.236,8.65,8.89,4906.462
2023-06-27,8.89,9.3,8.767,9.096,3400.666
2023-06-28,9.096,9.103,8.247,8.42,3955.483
2023-06-29,8.42,8.98,8.417,8.704,4486.84
2023-06-30,8.704,9.854,8.606,9.564,8769.711
2023-07-01,9.564,10.725,9.564,9.892,11059.364
2023-07-02,9.892,9.909,9.418,9.63,5055.349
2023-07-03,9.63,9.655,9.345,9.442,6430.751
2023-07-04,9.442,9.851,9.111,9.296,6433.914
2023-07-05,9.296,9.361,8.86,9.121,5074.751
2023-07-06,9.121,9.587,8.935,8.953,14326.036
2023-07-07,8.953,9.17,8.884,9.075,4712.998
2023-07-08,9.075,9.163,8.779,8.953,3382.948
2023-07-09,8.953,9.121,8.903,8.944,2703.913
2023-07-10,8.944,9.113,8.654,8.965,4722.463
2023-07-11,8.965,9.168,8.864,9.153,5192.128
2023-07-12,9.153,9.207,8.93,9.111,3569.507
2023-07-13,9.111,9.644,8.96,9.62,3610.751
2023-07-14,9.62,9.79,9.018,9.259,5219.498
2023-07-15,9.259,9.477,9.162,9.316,5969.472
2023-07-16,9.316,9.385,9.06,9.089,5690.593
2023-07-17,9.089,9.278,8.893,9.122,4274.494
2023-07-18,9.122,9.204,8.83,8.967,3717.526
2023-07-19,8.967,9.137,8.877,8.937,3542.893
2023-07-20,8.937,9.35,8.915,9.101,4677.392
2023-07-21,9.101,9.241,9.018,9.195,2825.116
2023-07-22,9.195,9.686,9.085,9.142,10251.491
2023-07-23,9.142,9.195,9.04,9.088,4287.445
2023-07-24,9.088,9.098,8.55,8.684,5683.623
2023-07-25,8.684,8.694,8.565,8.658,2829.181
2023-07-26,8.658,8.852,8.43,8.752,5975.184
2023-07-27,8.752,8.843,8.629,8.752,3776.803
2023-07-28,8.752,8.817,8.656,8.771,2730.523
2023-07-29,8.771,8.88,8.693,8.838,8341.746
2023-07-30,8.838,9.037,8.677,8.853,6994.652
2023-07-31,8.853,8.896,8.628,8.705,3431.736
2023-08-01,8.705,8.934,8.412,8.895,6857.897
2023-08-02,8.895,8.993,8.513,8.603,3318.034
2023-08-03,8.603,8.661,8.449,8.486,3204.0
2023-08-04,8.486,8.551,8.36,8.411,10099.134
2023-08-05,8.411,8.446,8.261,8.44,4493.805
2023-08-06,8.44,8.556,8.404,8.475,7606.051
2023-08-07,8.475,8.583,8.278,8.419,3738.053
2023-08-08,8.419,8.64,8.336,8.544,5135.13
2023-08-09,8.544,8.571,8.402,8.489,4225.151
2023-08-10,8.489,8.523,8.407,8.471,3701.922
2023-08-11,8.471,8.546,8.441,8.485,5656.85
2023-08-12,8.485,8.576,8.458,8.5,2314.056
2023-08-13,8.5,8.561,8.413,8.465,2525.208
2023-08-14,8.465,8.603,8.399,8.531,8125.87
2023-08-15,8.531,8.55,7.747,8.063,5647.194
2023-08-16,8.063,8.089,7.615,7.7,5111.358
2023-08-17,7.7,7.808,6.274,6.929,7626.745
2023-08-18,6.929,7.065,6.848,6.996,4108.519
2023-08-19,6.996,7.208,6.976,7.16,3191.393
2023-08-20,7.16,7.266,7.105,7.209,4014.913
2023-08-21,7.209,7.215,6.95,7.109,3068.994
2023-08-22,7.109,7.125,6.761,7.057,3401.627
2023-08-23,7.057,7.347,7.048,7.248,3573.488
2023-08-24,7.248,7.396,7.085,7.142,3372.959
2023-08-25,7.142,7.179,6.973,7.176,5911.824
2023-08-26,7.176,7.239,7.145,7.193,2635.172
2023-08-27,7.193,7.336,7.116,7.244,3193.987
2023-08-28,7.244,7.247,6.995,7.225,3453.593
2023-08-29,7.225,7.532,7.021,7.479,22854.351
2023-08-30,7.479,7.509,7.296,7.392,2821.611
2023-08-31,7.392,7.42,6.977,7.063,5286.771
2023-09-01,7.063,7.113,6.869,6.938,6678.342
2023-09-02,6.938,7.002,6.838,6.97,3797.065
2023-09-03,6.97,7.105,6.924,7.007,4284.443
2023-09-04,7.007,7.223,6.936,7.081,9926.26
2023-09-05,7.081,8.106,7.077,7.523,31335.009
2023-09-06,7.523,7.683,7.193,7.431,4375.199
2023-09-07,7.431,7.475,7.293,7.464,6061.493
2023-09-08,7.464,7.493,7.234,7.381,3527.209
2023-09-09,7.381,7.447,7.239,7.288,4776.521
2023-09-10,7.288,7.291,6.92,7.121,4722.868
2023-09-11,7.121,7.153,6.819,6.922,5140.247
2023-09-12,6.922,7.243,6.911,7.046,7148.325
2023-09-13,7.046,7.322,7.046,7.277,5126.986
2023-09-14,7.277,7.4,7.213,7.293,2886.747
2023-09-15,7.293,7.423,7.219,7.392,5450.178
2023-09-16,7.392,7.46,7.243,7.294,8198.913
2023-09-17,7.294,7.294,7.048,7.163,3101.469
2023-09-18,7.163,7.5,7.086,7.34,4681.275
2023-09-19,7.34,7.721,7.307,7.683,3799.563
2023-09-20,7.683,7.758,7.434,7.527,4594.356
2023-09-21,7.527,7.683,7.262,7.368,3522.186
2023-09-22,7.368,7.631,7.366,7.581,4656.551
2023-09-23,7.581,7.69,7.364,7.451,4163.922
2023-09-24,7.451,7.457,7.233,7.279,4550.941
2023-09-25,7.279,7.388,7.221,7.278,5209.388
2023-09-26,7.278,7.304,7.091,7.187,4286.563
2023-09-27,7.187,7.358,7.123,7.204,11554.111
2023-09-28,7.204,7.39,7.179,7.341,7489.619
2023-09-29,7.341,7.4,7.247,7.336,6165.303
2023-09-30,7.336,7.401,7.226,7.33,5036.064
2023-10-01,7.33,7.666,7.317,7.619,5009.93
2023-10-02,7.619,7.663,7.26,7.351,5322.968
2023-10-03,7.351,7.499,7.168,7.182,4785.287
2023-10-04,7.182,7.199,6.945,7.15,4503.352
2023-10-05,7.15,7.19,7.007,7.039,4910.286
2023-10-06,7.039,7.189,7.015,7.138,5310.324
2023-10-07,7.138,7.222,7.086,7.209,4034.322
2023-10-08,7.209,7.227,7.079,7.182,4256.197
2023-10-09,7.182,7.193,6.632,6.886,4780.272
2023-10-10,6.886,6.909,6.738,6.8,4946.394
2023-10-11,6.8,6.82,6.609,6.716,6230.931
2023-10-12,6.716,6.773,6.62,6.76,4697.204
2023-10-13,6.76,6.887,6.684,6.799,5489.077
2023-10-14,6.799,6.925,6.799,6.881,5170.405
2023-10-15,6.881,6.958,6.848,6.89,5440.986
2023-10-16,6.89,7.349,6.882,7.063,6295.328
2023-10-17,7.063,7.076,6.777,6.892,5513.748
2023-10-18,6.892,6.984,6.713,6.728,4522.991
2023-10-19,6.728,6.764,6.475,6.588,7504.572
2023-10-20,6.588,6.892,6.587,6.786,5190.839
2023-10-21,6.786,7.095,6.766,7.019,5343.056
2023-10-22,7.019,7.18,6.912,7.165,6586.848
2023-10-23,7.165,7.8,7.154,7.688,12737.995
2023-10-24,7.688,8.024,7.453,7.778,9996.022
2023-10-25,7.778,7.935,7.516,7.781,5408.214
2023-10-26,7.781,8.371,7.47,8.314,20775.505
2023-10-27,8.314,9.15,8.092,8.799,44460.173
2023-10-28,8.799,9.8,8.777,9.31,20755.352
2023-10-29,9.31,9.394,9.012,9.11,8836.208
2023-10-30,9.11,9.381,8.901,9.036,30871.997
2023-10-31,9.036,9.501,8.434,9.501,15607.267
2023-11-01,9.501,10.2,9.11,10.2,19165.044
2023-11-02,10.2,10.644,9.397,9.561,18678.136
2023-11-03,9.561,10.265,9.033,10.035,17442.082
2023-11-04,10.035,11.536,10.015,11.346,24991.02
2023-11-05,11.346,15.426,11.106,13.207,41295.218
2023-11-06,13.207,14.106,12.836,13.1,16578.916
2023-11-07,13.1,13.275,12.366,12.599,7248.47
2023-11-08,12.599,13.248,12.09,13.152,14138.269
2023-11-09,13.152,15.117,11.115,12.752,79957.379
2023-11-10,12.752,15.0,12.521,13.727,48731.342
2023-11-11,13.727,14.402,12.6,12.86,17917.06
2023-11-12,12.86,12.896,12.167,12.506,21660.539
2023-11-13,12.506,12.899,11.566,11.617,18440.78
2023-11-14,11.617,11.969,11.0,11.441,14454.805
2023-11-15,11.441,12.108,11.301,12.047,17803.375
2023-11-16,12.047,12.162,11.177,11.429,11206.406
2023-11-17,11.429,11.773,10.544,11.139,10481.093
2023-11-18,11.139,11.154,10.484,11.062,6179.25
2023-11-19,11.062,11.369,10.779,11.329,7595.009
2023-11-20,11.329,11.372,10.859,11.033,12136.056
2023-11-21,11.033,11.4,10.05,10.091,13740.87
2023-11-22,10.091,10.838,10.084,10.668,7728.897
2023-11-23,10.668,11.138,10.616,10.984,9010.847
2023-11-24,10.984,11.322,10.934,11.016,8693.699
2023-11-25,11.016,11.303,10.931,11.299,6863.32
2023-11-26,11.299,11.427,10.645,10.889,14596.686
2023-11-27,10.889,10.994,10.469,10.731,5465.861
2023-11-28,10.731,10.987,10.489,10.917,7362.499
2023-11-29,10.917,11.127,10.663,10.836,6374.273
2023-11-30,10.836,11.225,10.753,11.148,5902.741
2023-12-01,11.148,11.254,10.95,11.179,10335.915
2023-12-02,11.179,12.055,11.179,11.765,16308.71
2023-12-03,11.765,12.746,11.711,12.215,12563.411
2023-12-04,12.215,12.518,11.748,12.089,21805.887
2023-12-05,12.089,12.262,11.778,12.202,7375.386
2023-12-06,12.202,12.574,11.64,11.825,7697.519
2023-12-07,11.825,12.157,11.719,12.111,8042.19
2023-12-08,12.111,12.681,11.983,12.667,10346.103
2023-12-09,12.667,13.375,12.663,12.774,14919.805
2023-12-10,12.774,13.355,12.6,12.978,12984.443
2023-12-11,12.978,13.049,11.241,11.763,18114.125
2023-12-12,11.763,12.335,11.718,12.141,14661.382
2023-12-13,12.141,12.987,12.017,12.828,25001.06
2023-12-14,12.828,13.266,12.324,13.053,12783.993
2023-12-15,13.053,13.737,12.692,13.0,25935.179
2023-12-16,13.0,13.556,12.823,13.093,12599.059
2023-12-17,13.093,13.277,12.594,12.837,10505.778
2023-12-18,12.837,13.129,11.756,12.496,9784.524
2023-12-19,12.496,12.861,12.402,12.545,12178.596
2023-12-20,12.545,14.004,12.489,13.397,19128.603
2023-12-21,13.397,14.882,13.3,14.576,22825.735
2023-12-22,14.576,14.788,13.696,14.062,20395.413
2023-12-23,14.062,14.352,13.58,14.206,8667.56
2023-12-24,14.206,14.215,13.221,13.644,15591.93
2023-12-25,13.644,14.75,13.53,14.585,12397.886
2023-12-26,14.585,14.88,12.995,13.764,10984.279
2023-12-27,13.764,14.325,13.064,14.322,9295.844
2023-12-28,14.322,14.486,13.486,13.682,10196.606
2023-12-29,13.682,14.067,13.194,13.826,11309.788
2023-12-30,13.826,14.048,13.423,13.484,7898.858
2023-12-31,13.484,14.467,13.445,13.939,11363.331
2024-01-01,13.939,14.809,13.838,14.214,10901.772
2024-01-02,14.214,14.427,13.7,13.918,8487.049
2024-01-03,13.918,14.043,11.427,12.413,21823.368
2024-01-04,12.413,13.004,12.154,12.869,7174.066
2024-01-05,12.869,12.912,11.715,12.274,9074.429
2024-01-06,12.274,12.275,11.585,12.043,8807.241
2024-01-07,12.043,12.168,11.144,11.26,8920.74
2024-01-08,11.26,12.042,10.549,12.0,6748.259
2024-01-09,12.0,12.029,11.126,11.577,14415.093
2024-01-10,11.577,12.553,11.081,12.345,11023.94
2024-01-11,12.345,13.146,12.241,12.975,10896.264
2024-01-12,12.975,13.3,11.946,12.292,18777.866
2024-01-13,12.292,12.435,11.921,12.345,3956.826
2024-01-14,12.345,12.5,11.859,11.905,8936.071
2024-01-15,11.905,12.22,11.854,11.964,3764.945
2024-01-16,11.964,12.242,11.792,12.15,4767.308
2024-01-17,12.15,12.617,11.784,11.914,7542.767
2024-01-18,11.914,12.321,11.371,11.519,9179.682
2024-01-19,11.519,11.584,10.82,11.46,5177.29
2024-01-20,11.46,11.716,11.333,11.695,4979.844
2024-01-21,11.695,11.898,11.609,11.61,3688.873
2024-01-22,11.61,11.733,10.605,10.64,6484.137
2024-01-23,10.64,10.74,9.812,10.418,6111.948
2024-01-24,10.418,10.599,10.233,10.585,3851.049
2024-01-25,10.585,10.708,10.309,10.596,3443.576
2024-01-26,10.596,11.006,10.451,10.876,7082.815
2024-01-27,10.876,11.043,10.792,10.983,16105.539
2024-01-28,10.983,11.137,10.726,10.815,4072.675
2024-01-29,10.815,11.268,10.737,11.241,4213.877
2024-01-30,11.241,11.4,11.069,11.099,4181.331
2024-01-31,11.099,12.215,10.715,10.814,24304.286
2024-02-01,10.814,11.409,10.701,11.108,5925.389
2024-02-02,11.108,11.2,10.866,11.091,3952.174
2024-02-03,11.091,11.287,11.005,11.191,3381.676
2024-02-04,11.191,11.206,10.793,10.827,3704.418
2024-02-05,10.827,11.067,10.672,10.937,3238.062
2024-02-06,10.937,11.27,10.911,11.181,4808.507
2024-02-07,11.181,11.545,11.094,11.486,4344.932
2024-02-08,11.486,11.653,11.403,11.545,5407.804
2024-02-09,11.545,11.86,11.543,11.837,18057.715
2024-02-10,11.837,11.92,11.506,11.805,3494.646
2024-02-11,11.805,12.007,11.615,11.689,4791.68
2024-02-12,11.689,12.17,11.521,12.118,4571.377
2024-02-13,12.118,12.201,11.588,11.92,6015.33
2024-02-14,11.92,12.286,11.87,12.131,5395.914
2024-02-15,12.131,13.651,12.102,13.043,10084.699
2024-02-16,13.043,13.4,12.625,12.985,4739.57
2024-02-17,12.985,12.988,12.234,12.715,7119.126
2024-02-18,12.715,13.1,12.654,12.907,11835.894
2024-02-19,12.907,13.07,12.687,12.942,6220.163
2024-02-20,12.942,13.036,12.151,12.717,9252.245
2024-02-21,12.717,12.752,11.877,12.338,6349.873
2024-02-22,12.338,12.75,12.07,12.502,9116.466
2024-02-23,12.502,12.776,12.146,12.44,8395.24
2024-02-24,12.44,12.825,12.256,12.718,13194.37
2024-02-25,12.718,12.952,12.543,12.82,11479.117
2024-02-26,12.82,13.157,12.398,13.135,12597.856
2024-02-27,13.135,13.572,12.926,13.255,19103.462
2024-02-28,13.255,14.265,12.161,13.382,40171.057
2024-02-29,13.382,15.663,13.382,14.379,39691.434
2024-03-01,14.379,16.4,14.102,15.459,59818.629
2024-03-02,15.459,17.059,15.415,16.966,60597.339
2024-03-03,16.966,17.549,15.118,16.398,53508.149
2024-03-04,16.398,19.202,15.949,18.102,89113.813
2024-03-05,18.102,19.025,14.383,16.346,94933.984
2024-03-06,16.346,17.244,15.504,17.231,16873.514
2024-03-07,17.231,17.75,16.514,17.48,15894.6
2024-03-08,17.48,17.85,16.456,17.282,23750.155
2024-03-09,17.282,17.591,16.956,17.338,8343.156
2024-03-10,17.338,17.749,16.536,16.978,9586.689
2024-03-11,16.978,18.229,16.106,18.166,9430.922
2024-03-12,18.166,18.196,16.313,17.784,13059.413
2024-03-13,17.784,18.435,17.524,18.137,9874.062
2024-03-14,18.137,18.211,16.296,17.262,12310.601
2024-03-15,17.262,17.474,14.966,16.183,10064.885
2024-03-16,16.183,16.293,14.534,14.86,9292.483
2024-03-17,14.86,15.585,14.066,15.466,11756.913
2024-03-18,15.466,15.519,14.474,14.865,9276.394
2024-03-19,14.865,15.006,13.072,13.353,13803.077
2024-03-20,13.353,14.746,12.84,14.744,9821.981
2024-03-21,14.744,15.151,14.484,14.894,16011.421
2024-03-22,14.894,15.072,13.984,14.404,10661.578
2024-03-23,14.404,14.927,14.23,14.606,6496.379
2024-03-24,14.606,15.239,14.57,15.185,4107.339
2024-03-25,15.185,15.995,15.059,15.687,9142.568
2024-03-26,15.687,16.449,15.687,16.217,7128.081
2024-03-27,16.217,16.544,15.355,15.725,5873.529
2024-03-28,15.725,16.315,15.362,16.246,5672.883
2024-03-29,16.246,16.997,15.617,16.823,11144.427
2024-03-30,16.823,16.83,16.012,16.156,6705.617
2024-03-31,16.156,16.705,15.972,16.55,4421.47
2024-04-01,16.55,16.774,15.157,15.61,6497.586
2024-04-02,15.61,15.669,14.21,14.447,7915.343
2024-04-03,14.447,14.782,13.958,14.268,5107.213
2024-04-04,14.268,15.182,14.066,14.921,4064.377
2024-04-05,14.921,15.74,14.45,15.257,4270.087
2024-04-06,15.257,15.544,15.104,15.364,6392.958
2024-04-07,15.364,15.524,15.186,15.401,3579.163
2024-04-08,15.401,21.867,15.089,21.624,94832.778
2024-04-09,21.624,22.475,18.765,18.828,68817.722
2024-04-10,18.828,21.889,18.531,21.766,14838.185
2024-04-11,21.766,23.777,21.185,22.015,25909.632
2024-04-12,22.015,23.374,19.061,19.8,21073.111
2024-04-13,19.8,20.609,14.785,16.885,15601.817
2024-04-14,16.885,21.033,15.416,21.032,25037.416
2024-04-15,21.032,23.319,18.65,20.304,34368.317
2024-04-16,20.304,20.667,18.35,19.335,7804.872
2024-04-17,19.335,19.848,16.907,17.42,12853.188
2024-04-18,17.42,18.737,16.284,18.454,14470.371
2024-04-19,18.454,20.0,17.136,18.293,13124.13
2024-04-20,18.293,18.925,17.879,18.925,7720.886
2024-04-21,18.925,20.21,18.327,19.271,20154.765
2024-04-22,19.271,20.254,19.247,19.786,14639.065
2024-04-23,19.786,20.617,18.653,18.746,21440.574
2024-04-24,18.746,18.918,17.782,18.141,10411.892
2024-04-25,18.141,18.283,17.357,17.687,4913.824
2024-04-26,17.687,19.039,17.011,18.307,5462.844
2024-04-27,18.307,18.311,17.244,17.816,7916.634
2024-04-28,17.816,19.25,17.552,18.205,10086.21
2024-04-29,18.205,19.149,17.577,19.103,3597.166
2024-04-30,19.103,19.439,16.5,16.993,7355.064
2024-05-01,16.993,17.066,15.334,16.255,14019.687
2024-05-02,16.255,16.259,15.437,15.943,3996.711
2024-05-03,15.943,16.874,15.716,16.547,8301.636
2024-05-04,16.547,17.15,16.425,16.66,3131.179
2024-05-05,16.66,17.041,16.384,16.706,2761.126
2024-05-06,16.706,17.26,16.019,16.054,2797.442
2024-05-07,16.054,16.275,15.62,15.659,3267.937
2024-05-08,15.659,15.805,15.115,15.253,3502.354
2024-05-09,15.253,15.614,14.911,15.514,3227.084
2024-05-10,15.514,16.05,14.75,14.954,5616.348
2024-05-11,14.954,15.341,14.95,15.202,2758.902
2024-05-12,15.202,15.645,15.202,15.226,2163.39
2024-05-13,15.226,15.382,14.332,15.083,4788.188
2024-05-14,15.083,15.208,14.367,14.413,3024.043
2024-05-15,14.413,15.556,14.29,15.423,3889.008
2024-05-16,15.423,15.606,14.925,15.218,3902.586
2024-05-17,15.218,15.731,14.971,15.549,4585.343
2024-05-18,15.549,15.818,15.416,15.513,4682.531
2024-05-19,15.513,15.602,14.647,14.782,6190.8
2024-05-20,14.782,16.525,14.546,16.344,10540.664
2024-05-21,16.344,16.573,15.666,15.964,8542.401
2024-05-22,15.964,16.037,15.367,15.629,3322.538
2024-05-23,15.629,15.82,14.418,15.153,43210.835
2024-05-24,15.153,15.367,14.708,15.233,4831.739
2024-05-25,15.233,15.565,15.211,15.554,3212.264
2024-05-26,15.554,15.633,15.2,15.346,2808.354
2024-05-27,15.346,16.065,15.117,15.865,3693.814
2024-05-28,15.865,15.894,15.177,15.304,4641.666
2024-05-29,15.304,15.517,14.848,14.848,2872.179
2024-05-30,14.848,15.115,14.533,14.737,7229.883
2024-05-31,14.737,14.965,14.4,14.604,4429.458
2024-06-01,14.604,14.707,14.461,14.553,3864.887
2024-06-02,14.553,14.868,14.418,14.476,5083.786
2024-06-03,14.476,14.999,14.29,14.672,5344.698
2024-06-04,14.672,15.067,14.598,15.026,4589.284
2024-06-05,15.026,15.367,14.993,15.284,5027.978
2024-06-06,15.284,15.317,14.704,14.884,3229.605
2024-06-07,14.884,15.247,12.495,14.075,9225.03
2024-06-08,14.075,14.214,13.239,13.394,5903.202
2024-06-09,13.394,13.566,13.174,13.494,4204.984
2024-06-10,13.494,13.628,13.218,13.397,4723.995
2024-06-11,13.397,13.455,12.57,12.916,6663.013
2024-06-12,12.916,13.844,12.6,13.559,7725.357
2024-06-13,13.559,13.767,12.975,13.037,4733.372
2024-06-14,13.037,13.198,12.184,12.443,5695.376
2024-06-15,12.443,12.714,12.34,12.674,3272.733
2024-06-16,12.674,12.857,12.477,12.746,3117.357
2024-06-17,12.746,13.176,11.294,11.775,5868.941
2024-06-18,11.775,11.872,10.301,10.975,8690.79
2024-06-19,10.975,11.497,10.854,11.268,4248.459
2024-06-20,11.268,11.806,11.188,11.276,3439.027
2024-06-21,11.276,11.588,11.1,11.353,5694.548
2024-06-22,11.353,11.437,11.234,11.326,4341.989
2024-06-23,11.326,11.496,10.885,10.927,4396.734
2024-06-24,10.927,11.129,10.6,11.116,8175.394
2024-06-25,11.116,11.604,11.057,11.485,5344.103
2024-06-26,11.485,11.609,11.18,11.345,4643.552
2024-06-27,11.345,11.653,11.217,11.626,3978.41
2024-06-28,11.626,11.906,11.345,11.405,4037.436
2024-06-29,11.405,11.626,11.211,11.245,2993.823
2024-06-30,11.245,11.658,11.121,11.604,4461.446
2024-07-01,11.604,11.726,11.383,11.415,6869.393
2024-07-02,11.415,11.765,11.353,11.548,4719.118
2024-07-03,11.548,11.559,10.921,11.027,3225.871
2024-07-04,11.027,11.081,9.674,9.705,6687.49
2024-07-05,9.705,9.712,8.475,9.394,13642.251
2024-07-06,9.394,10.057,9.3,10.039,3573.474
2024-07-07,10.039,10.065,9.232,9.272,3985.48
2024-07-08,9.272,9.877,8.803,9.604,4972.042
2024-07-09,9.604,9.858,9.521,9.804,7610.204
2024-07-10,9.804,10.069,9.675,9.854,3635.587
2024-07-11,9.854,10.311,9.694,9.724,3689.662
2024-07-12,9.724,10.011,9.623,9.995,9834.057
2024-07-13,9.995,10.507,9.953,10.405,11954.468
2024-07-14,10.405,11.153,10.404,10.774,8722.461
2024-07-15,10.774,11.437,10.763,11.42,7889.756
2024-07-16,11.42,11.506,10.831,11.345,3501.663
2024-07-17,11.345,11.985,11.335,11.475,7386.963
2024-07-18,11.475,11.967,11.154,11.384,3686.539
2024-07-19,11.384,11.845,11.136,11.798,4829.95
2024-07-20,11.798,11.938,11.566,11.795,2452.788
2024-07-21,11.795,12.119,11.365,12.026,3476.831
2024-07-22,12.02,12.13,11.43,11.5,4459.461
2024-07-23,11.5,11.71,11.09,11.37,3568.032
2024-07-24,11.37,11.81,11.29,11.45,6876.918
2024-07-25,11.45,11.45,10.7,11.1,3526.85
2024-07-26,11.1,11.67,11.08,11.67,3143.048
2024-07-27,11.67,11.91,11.6,11.76,3307.971
2024-07-28,11.76,11.79,11.41,11.55,2812.686
2024-07-29,11.55,11.98,11.5,11.55,3909.204
2024-07-30,11.55,11.67,11.2,11.38,3564.681
2024-07-31,11.38,11.51,10.95,10.96,3371.003
2024-08-01,10.96,11.0,10.0,10.66,5744.977
2024-08-02,10.66,10.71,9.92,10.09,5312.096
2024-08-03,10.09,10.19,9.38,9.58,3907.351
2024-08-04,9.58,9.73,8.93,9.15,4628.172
2024-08-05,9.15,9.23,7.56,8.53,8660.714
2024-08-06,8.53,9.09,8.51,8.94,4420.297
2024-08-07,8.94,9.22,8.68,8.83,4265.447
2024-08-08,8.83,9.76,8.71,9.71,5098.609
2024-08-09,9.71,9.76,9.45,9.65,4225.566
2024-08-10,9.65,9.89,9.49,9.86,3527.147
2024-08-11,9.86,10.01,9.26,9.34,4024.803
2024-08-12,9.34,9.81,9.23,9.58,4366.608
2024-08-13,9.58,9.9,9.29,9.81,3593.388
2024-08-14,9.81,10.14,9.55,9.63,5076.044
2024-08-15,9.63,9.77,9.06,9.23,3528.132
2024-08-16,9.23,9.4,9.02,9.29,3387.509
2024-08-17,9.29,9.36,9.23,9.27,3699.27
2024-08-18,9.27,9.46,9.17,9.21,3737.665
2024-08-19,9.21,9.94,9.16,9.75,13915.427
2024-08-20,9.75,10.61,9.73,10.17,9005.323
2024-08-21,10.17,10.31,9.88,10.21,6222.269
2024-08-22,10.21,10.38,10.05,10.38,3877.466
2024-08-23,10.38,11.13,10.36,11.0,7343.913
2024-08-24,11.0,11.17,10.77,10.91,4327.162
2024-08-25,10.91,10.96,10.41,10.72,3988.268
2024-08-26,10.72,10.82,10.29,10.37,3818.539
2024-08-27,10.37,10.63,9.65,9.78,4214.482
2024-08-28,9.78,10.03,9.42,9.66,4860.477
2024-08-29,9.66,10.09,9.56,9.97,4346.501
2024-08-30,9.97,10.35,9.58,10.23,6528.333
2024-08-31,10.23,10.46,9.78,9.86,5228.506
2024-09-01,9.86,9.86,9.13,9.19,4017.111
2024-09-02,9.19,9.8,9.18,9.7,3314.41
2024-09-03,9.7,9.99,9.34,9.36,1676.475
2024-09-04,9.36,9.72,8.9,9.6,4391.512
2024-09-05,9.6,9.72,9.29,9.37,1283.546
2024-09-06,9.37,9.55,8.67,8.97,3640.801
2024-09-07,8.97,9.29,8.95,9.08,868.394
2024-09-08,9.08,9.46,9.04,9.34,2524.765
2024-09-09,9.34,9.6,9.28,9.49,3443.271
2024-09-10,9.49,9.68,9.26,9.61,2238.78
2024-09-11,9.61,9.64,9.18,9.47,3482.725
2024-09-12,9.47,9.67,9.32,9.66,2074.973
2024-09-13,9.66,9.86,9.43,9.78,1188.643
2024-09-14,9.78,9.81,9.56,9.65,1527.488
2024-09-15,9.65,9.7,9.19,9.27,1293.218
2024-09-16,9.27,9.41,9.03,9.2,2898.827
2024-09-17,9.2,9.53,9.06,9.28,2558.132
2024-09-18,9.28,9.54,8.95,9.53,8003.078
2024-09-19,9.53,9.82,9.52,9.75,3066.414
2024-09-20,9.75,10.5,9.66,10.11,1361.067
2024-09-21,10.11,10.59,10.07,10.43,3634.684
2024-09-22,10.43,10.46,9.79,10.07,2626.107
2024-09-23,10.07,10.28,9.87,10.05,1390.93
2024-09-24,10.05,10.64,9.96,10.57,3483.19
2024-09-25,10.57,10.64,10.25,10.31,1877.641
2024-09-26,10.31,10.96,10.12,10.91,1738.413
2024-09-27,10.91,11.16,10.86,10.94,7397.012
2024-09-28,10.94,11.21,10.68,10.88,5111.886
2024-09-29,10.88,11.0,10.63,10.82,5241.394
2024-09-30,10.82,11.72,10.52,10.61,11277.944
2024-10-01,10.61,10.9,9.52,9.83,14271.617
2024-10-02,9.83,10.45,9.57,9.65,8296.012
2024-10-03,9.65,9.82,9.35,9.65,8965.9
2024-10-04,9.65,9.99,9.52,9.98,5749.195
2024-10-05,9.98,10.09,9.77,9.94,2303.734
2024-10-06,9.94,10.36,9.91,10.36,5443.166
2024-10-07,10.36,10.59,10.17,10.2,10523.992
2024-10-08,10.2,10.57,10.05,10.28,9179.053
2024-10-09,10.28,10.43,9.85,9.99,9674.058
2024-10-10,9.99,10.36,9.88,10.16,12620.051
2024-10-11,10.16,10.7,10.15,10.7,7360.725
2024-10-12,10.7,11.01,10.58,10.61,4092.321
2024-10-13,10.61,10.67,10.23,10.42,1884.104
2024-10-14,10.42,10.89,10.26,10.83,10992.321
2024-10-15,10.83,10.89,10.29,10.7,16339.09
2024-10-16,10.7,10.81,10.47,10.63,8153.828
2024-10-17,10.63,10.72,10.27,10.38,11057.739
2024-10-18,10.38,10.58,10.32,10.57,10651.87
2024-10-19,10.57,10.79,10.49,10.64,8887.086
2024-10-20,10.64,10.99,10.48,10.98,7839.449
2024-10-21,10.98,11.09,10.47,10.56,8202.325
2024-10-22,10.56,10.67,10.34,10.46,14901.802
2024-10-23,10.46,10.5,9.89,10.11,7956.215
2024-10-24,10.11,10.24,9.93,10.14,9668.305
2024-10-25,10.14,10.18,9.14,9.42,14314.045
2024-10-26,9.42,9.56,9.24,9.41,11379.031
2024-10-27,9.41,9.63,9.39,9.56,9704.891
2024-10-28,9.56,9.73,9.33,9.7,12150.599
2024-10-29,9.7,10.24,9.69,10.22,9622.157
2024-10-30,10.22,10.28,10.01,10.04,7409.789
2024-10-31,10.04,10.07,9.43,9.53,6362.345
2024-11-01,9.53,9.63,9.23,9.36,9341.009
2024-11-02,9.36,9.49,9.18,9.26,7603.482
2024-11-03,9.26,9.31,8.81,9.06,13079.075
2024-11-04,9.06,9.19,8.62,8.82,9911.664
2024-11-05,8.82,9.3,8.82,9.25,7053.094
2024-11-06,9.25,10.08,9.25,10.04,10320.503
2024-11-07,10.04,10.39,9.99,10.3,11063.813
2024-11-08,10.3,10.44,10.05,10.34,21672.47
2024-11-09,10.34,10.69,10.14,10.66,14646.74
2024-11-10,10.66,11.91,10.48,11.49,22138.471
2024-11-11,11.49,12.39,11.31,12.34,15715.123
2024-11-12,12.34,12.7,11.03,11.5,23285.32
2024-11-13,11.5,11.69,10.57,11.22,18609.241
2024-11-14,11.22,11.97,10.74,11.09,10376.366
2024-11-15,11.09,11.6,10.82,11.6,9892.271
2024-11-16,11.6,13.12,11.53,12.94,49865.776
2024-11-17,12.94,13.4,11.81,12.06,19770.376
2024-11-18,12.06,13.09,11.98,12.98,24560.08
2024-11-19,12.98,13.8,12.42,12.78,18518.187
2024-11-20,12.78,12.83,12.06,12.28,12768.217
2024-11-21,12.28,14.0,11.93,13.24,26278.264
2024-11-22,13.24,13.86,12.94,13.85,19698.989
2024-11-23,13.85,15.21,13.72,14.39,18949.46
2024-11-24,14.39,16.06,13.67,15.42,37871.725
2024-11-25,15.42,15.49,14.1,14.34,14590.544
2024-11-26,14.34,14.69,13.25,14.14,12272.527
2024-11-27,14.14,15.13,13.82,15.12,13408.368
2024-11-28,15.12,15.34,14.35,14.8,11494.239
2024-11-29,14.8,15.94,14.42,15.71,18006.645
2024-11-30,15.71,16.3,15.49,16.02,20714.576
2024-12-01,16.02,16.53,15.49,16.33,13398.096
2024-12-02,16.33,18.79,15.72,18.04,73074.819
2024-12-03,18.04,26.17,17.83,26.17,220012.763
2024-12-04,26.17,26.17,21.29,22.0,153101.782
2024-12-05,22.0,22.34,20.12,21.07,66751.115
2024-12-06,21.07,21.72,19.88,21.53,50020.634
2024-12-07,21.53,22.28,20.91,21.22,32861.803
2024-12-08,21.22,21.52,20.42,21.26,21225.068
2024-12-09,21.26,21.47,14.97,17.19,30241.696
2024-12-10,17.19,17.65,15.33,16.88,98968.706
2024-12-11,16.88,18.63,16.05,18.21,53359.785
2024-12-12,18.21,19.67,18.08,18.52,67194.336
2024-12-13,18.52,19.07,17.93,18.8,64517.168
2024-12-14,18.8,18.89,17.3,17.83,32926.448
2024-12-15,17.83,18.54,17.25,18.47,12762.882
2024-12-16,18.47,18.91,17.17,17.92,22427.236
2024-12-17,17.92,18.39,16.95,17.2,34223.581
2024-12-18,17.2,17.32,15.26,15.49,45285.608
2024-12-19,15.49,15.81,13.65,14.05,79730.348
2024-12-20,14.05,14.83,12.54,14.62,64080.261
2024-12-21,14.62,15.49,13.58,13.73,39531.197
2024-12-22,13.73,14.65,13.5,13.97,33023.031
2024-12-23,13.97,15.09,13.55,14.89,38976.368
2024-12-24,14.89,15.75,14.56,15.37,24819.668
2024-12-25,15.37,15.6,14.7,14.84,24868.489
2024-12-26,14.84,14.99,13.7,13.89,22188.125
2024-12-27,13.89,14.57,13.74,13.95,26888.452
2024-12-28,13.95,14.81,13.82,14.76,18770.075
2024-12-29,14.76,14.76,13.81,14.01,24580.719
2024-12-30,14.01,14.43,13.51,13.9,29422.571
2024-12-31,13.9,14.19,13.4,13.56,19731.656
2025-01-01,13.56,14.65,13.27,14.37,32249.976
2025-01-02,14.37,14.81,14.34,14.62,33723.669
2025-01-03,14.62,16.36,14.37,16.13,44747.956
2025-01-04,16.13,16.39,15.72,15.92,24840.163
2025-01-05,15.92,16.08,15.57,15.96,19052.275
2025-01-06,15.96,17.1,15.68,16.52,44939.461
2025-01-07,16.52,16.52,14.69,14.73,31754.791
2025-01-08,14.73,14.96,13.79,14.57,69342.349
2025-01-09,14.57,15.28,14.32,14.91,69076.795
2025-01-10,14.91,15.49,14.42,15.14,60283.241
2025-01-11,15.14,15.9,14.74,15.31,43750.349
2025-01-12,15.31,15.41,14.52,14.8,36349.454
2025-01-13,14.8,15.95,13.27,14.38,29778.231
2025-01-14,14.38,15.05,14.22,14.88,7834.15
2025-01-15,14.88,16.27,14.72,16.13,22619.881
2025-01-16,16.13,16.71,15.84,16.13,14309.926
2025-01-17,16.13,17.27,16.13,16.95,15475.208
2025-01-18,16.95,17.04,15.45,15.78,9143.571
2025-01-19,15.78,16.08,13.93,14.16,34655.206
2025-01-20,14.16,15.75,13.74,14.39,41800.51
2025-01-21,14.39,15.15,13.83,14.56,8636.827
2025-01-22,14.56,14.81,14.1,14.17,6393.152
2025-01-23,14.17,14.39,13.68,14.12,9566.707
2025-01-24,14.12,14.48,13.66,13.76,4757.573
2025-01-25,13.76,14.12,13.6,13.96,2279.468
2025-01-26,13.96,14.45,13.64,13.64,4458.65
2025-01-27,13.64,13.75,12.48,13.63,7278.261
2025-01-28,13.63,13.73,12.57,12.68,2424.199
2025-01-29,12.68,13.53,12.63,13.06,6962.274
2025-01-30,13.06,14.24,12.94,13.82,4279.609
2025-01-31,13.82,15.14,13.5,14.33,598852.974
2025-02-01,14.33,15.47,13.36,13.47,1212870.995
2025-02-02,13.47,13.75,10.72,11.47,805069.977
2025-02-03,11.47,11.83,8.58,11.67,1503519.57
2025-02-04,11.67,11.99,10.63,11.06,835145.507
2025-02-05,11.06,11.39,10.63,10.79,331540.929
2025-02-06,10.79,11.14,10.25,10.41,405252.53
2025-02-07,10.41,11.06,10.02,10.42,414822.065
2025-02-08,10.42,10.84,10.23,10.79,252798.217
2025-02-09,10.79,11.06,10.02,10.49,317380.787
2025-02-10,10.49,11.09,10.2,11.06,343771.264
2025-02-11,11.06,11.62,10.8,10.89,407482.074
2025-02-12,10.89,11.83,10.57,11.62,446614.961
2025-02-13,11.62,11.73,11.11,11.34,247003.036
2025-02-14,11.34,11.77,11.21,11.42,275264.788
2025-02-15,11.42,11.57,10.9,11.0,168912.637
2025-02-16,11.0,11.33,10.8,10.88,166194.36
2025-02-17,10.88,11.3,10.62,10.9,400839.058
2025-02-18,10.9,10.94,10.13,10.47,268849.986
2025-02-19,10.47,10.72,10.35,10.64,221166.13
2025-02-20,10.64,11.0,10.62,10.96,161190.038
2025-02-21,10.96,11.28,10.26,10.42,304267.466
2025-02-22,10.42,10.86,10.38,10.78,125407.956
2025-02-23,10.78,10.85,10.43,10.59,147911.607
2025-02-24,10.59,10.69,9.3,9.4,373379.921
2025-02-25,9.4,9.68,8.89,9.57,522781.165
2025-02-26,9.57,9.69,9.1,9.47,310542.703
2025-02-27,9.47,9.775,9.305,9.539,248339.249
2025-02-28,9.539,9.681,8.715,9.618,442027.763
2025-03-01,9.618,9.686,9.271,9.611,171679.433
2025-03-02,9.611,10.401,9.334,10.254,523832.877
2025-03-03,10.254,10.267,8.588,8.721,501475.229
2025-03-04,8.721,8.838,8.14,8.751,438290.922
2025-03-05,8.751,9.215,8.673,9.172,220106.872
2025-03-06,9.172,9.359,8.912,8.968,185992.209
2025-03-07,8.968,9.265,8.525,8.889,295962.725
2025-03-08,8.889,8.953,8.639,8.738,145382.344
2025-03-09,8.738,8.785,7.864,7.946,227901.876
2025-03-10,7.946,8.391,7.39,7.426,430774.825
2025-03-11,7.426,7.93,6.931,7.72,542782.484
2025-03-12,7.72,8.058,7.505,7.906,265787.068
2025-03-13,7.906,8.026,7.49,7.686,200797.082
2025-03-14,7.686,8.127,7.675,7.992,174435.116
2025-03-15,7.992,8.201,7.943,8.176,120600.439
2025-03-16,8.176,8.223,7.733,7.762,172285.82
2025-03-17,7.762,8.414,7.757,8.168,280941.745
2025-03-18,8.168,8.379,7.843,8.367,220649.707
2025-03-19,8.367,8.766,8.308,8.548,486660.493
2025-03-20,8.548,8.606,8.198,8.239,188593.759
2025-03-21,8.239,8.3,8.025,8.053,191228.194
2025-03-22,8.053,8.237,8.03,8.102,114029.007
2025-03-23,8.102,8.202,7.946,8.092,111464.053
2025-03-24,8.092,8.434,7.972,8.205,713895.938
2025-03-25,8.205,8.207,7.882,7.992,733948.568
2025-03-26,7.992,8.021,7.614,7.69,1064409.641
2025-03-27,7.69,7.812,7.355,7.424,928495.052
2025-03-28,7.424,7.424,6.625,6.787,1336965.186
2025-03-29,6.787,6.807,6.214,6.402,1062124.52
2025-03-30,6.402,6.499,5.85,5.907,1674483.692
2025-03-31,5.907,5.937,4.874,5.31,5762863.006
2025-04-01,5.31,5.794,5.186,5.502,2912877.412
2025-04-02,5.502,5.524,4.411,4.613,6100603.925
2025-04-03,4.613,4.824,4.459,4.743,2284577.206
2025-04-04,4.743,4.965,4.513,4.841,2009769.6
2025-04-05,4.841,4.885,4.648,4.755,620512.561
2025-04-06,4.755,5.147,4.674,4.724,2359783.458
2025-04-07,4.724,5.001,4.321,4.798,1882247.112
2025-04-08,4.798,5.274,4.737,5.185,2229538.071
2025-04-09,5.185,5.975,5.15,5.587,2887498.991
2025-04-10,5.587,5.927,5.239,5.3,1864383.766
2025-04-11,5.3,5.628,5.169,5.493,960674.584
2025-04-12,5.493,5.674,5.32,5.598,970500.312
2025-04-13,5.598,5.844,5.168,5.247,872680.576
2025-04-14,5.247,5.429,5.195,5.207,523254.895
2025-04-15,5.207,5.414,5.05,5.316,2005871.882
2025-04-16,5.316,5.626,5.245,5.526,2118763.389
2025-04-17,5.526,5.555,5.329,5.466,623398.967
2025-04-18,5.466,5.654,5.423,5.526,295827.719
2025-04-19,5.526,5.661,5.474,5.612,175680.309
2025-04-20,5.612,5.797,5.465,5.575,310998.247
2025-04-21,5.575,5.765,5.485,5.515,315546.952
2025-04-22,5.515,5.887,5.334,5.863,452082.216
2025-04-23,5.863,6.095,5.795,6.045,526971.85
2025-04-24,6.045,6.282,5.855,6.276,740220.261
2025-04-25,6.276,6.595,6.234,6.476,655245.781
2025-04-26,6.476,6.563,6.245,6.442,288389.018
2025-04-27,6.442,6.671,6.175,6.185,533404.375
2025-04-28,6.185,6.406,5.975,6.303,366367.033
2025-04-29,6.303,6.344,6.035,6.105,366684.018
2025-04-30,6.105,6.211,5.784,6.045,649408.021
2025-05-01,6.045,6.273,6.011,6.214,256212.316
2025-05-02,6.214,6.278,6.105,6.154,162953.409
2025-05-03,6.154,6.155,5.78,5.845,193720.916
2025-05-04,5.845,5.874,5.55,5.611,166717.42
2025-05-05,5.611,5.81,5.586,5.699,169357.169
2025-05-06,5.699,5.711,5.14,5.363,606120.997
2025-05-07,5.363,5.684,5.359,5.652,284064.775
2025-05-08,5.652,6.36,5.642,6.297,480488.773
2025-05-09,6.297,6.703,6.258,6.548,863300.644
2025-05-10,6.548,7.138,6.491,7.128,621062.297
2025-05-11,7.128,7.654,6.842,7.107,942634.896
2025-05-12,7.107,8.341,6.9,7.295,1268160.712
2025-05-13,7.295,7.507,6.938,7.386,573835.874
2025-05-14,7.386,7.465,6.983,7.045,277369.85
2025-05-15,7.045,7.117,6.552,6.695,340832.645
2025-05-16,6.695,6.888,6.573,6.627,198654.187
2025-05-17,6.627,6.658,6.333,6.446,241151.318
2025-05-18,6.446,6.83,6.264,6.701,206448.697
2025-05-19,6.701,6.716,6.145,6.477,283800.534
2025-05-20,6.477,6.628,6.316,6.573,206373.79
2025-05-21,6.573,6.776,6.378,6.677,345225.815
2025-05-22,6.677,7.139,6.668,7.034,303789.564
2025-05-23,7.034,7.186,6.428,6.463,394712.391
2025-05-24,6.463,6.653,6.436,6.509,165171.677
2025-05-25,6.509,6.546,6.235,6.524,199073.696
2025-05-26,6.524,6.664,6.441,6.484,167522.808
2025-05-27,6.484,6.763,6.347,6.663,189024.155
2025-05-28,6.663,6.773,6.414,6.558,177147.788
2025-05-29,6.558,6.722,6.408,6.433,192508.001
2025-05-30,6.433,6.473,5.775,5.788,426483.583
2025-05-31,5.788,5.957,5.527,5.889,316319.059
2025-06-01,5.889,6.001,5.716,5.977,182003.454
2025-06-02,5.977,6.154,5.814,6.133,213459.643
2025-06-03,6.133,6.276,6.081,6.173,194224.913
2025-06-04,6.173,6.253,5.963,6.028,182061.154
2025-06-05,6.028,6.102,5.546,5.651,262230.037
2025-06-06,5.651,5.993,5.646,5.808,201272.246
2025-06-07,5.808,6.099,5.806,6.045,123318.128
2025-06-08,6.045,6.068,5.945,5.963,97101.458
2025-06-09,5.963,6.303,5.805,6.286,240373.339
2025-06-10,6.286,6.467,6.181,6.466,320389.475
2025-06-11,6.466,6.468,6.151,6.233,202225.003
2025-06-12,6.233,6.248,5.803,5.806,216494.967
2025-06-13,5.806,5.815,5.397,5.712,354888.615
2025-06-14,5.712,5.784,5.445,5.566,231729.455
2025-06-15,5.566,5.631,5.423,5.553,138960.351
2025-06-16,5.553,5.907,5.522,5.653,204608.661
2025-06-17,5.653,5.744,5.362,5.427,201491.891
2025-06-18,5.427,5.56,5.274,5.508,231060.3
2025-06-19,5.508,5.658,5.441,5.579,331229.05
2025-06-20,5.579,5.714,5.284,5.395,472723.536
2025-06-21,5.395,5.47,4.999,5.133,635785.739
2025-06-22,5.133,5.209,4.738,5.014,720923.346
2025-06-23,5.014,5.608,4.996,5.563,839079.612
2025-06-24,5.563,5.688,5.524,5.637,489224.713
2025-06-25,5.637,5.654,5.391,5.443,426531.09
2025-06-26,5.443,5.627,5.323,5.328,347937.145
2025-06-27,5.328,5.456,5.23,5.351,463873.931
2025-06-28,5.351,5.52,5.299,5.503,209225.231
2025-06-29,5.503,5.776,5.435,5.687,243986.087
2025-06-30,5.687,5.734,5.395,5.464,369349.496
2025-07-01,5.464,5.486,5.2,5.227,325622.824
2025-07-02,5.227,5.808,5.182,5.692,570176.082
2025-07-03,5.692,5.797,5.605,5.685,327960.908
2025-07-04,5.685,5.705,5.352,5.417,286263.389
2025-07-05,5.417,5.448,5.286,5.404,230374.24
2025-07-06,5.404,5.525,5.316,5.455,207017.457
2025-07-07,5.455,5.546,5.352,5.427,278460.494
2025-07-08,5.427,5.565,5.347,5.539,283334.748
2025-07-09,5.539,5.943,5.472,5.9,454446.202
2025-07-10,5.9,6.298,5.815,6.215,570874.55
2025-07-11,6.215,6.429,6.056,6.163,817829.141
2025-07-12,6.163,6.389,5.965,6.177,531724.616
2025-07-13,6.177,6.409,6.137,6.353,412776.256
2025-07-14,6.353,6.678,6.246,6.375,663110.46
2025-07-15,6.375,6.556,6.111,6.535,788669.191
2025-07-16,6.535,6.803,6.405,6.643,549208.162
2025-07-17,6.643,6.858,6.428,6.789,750849.625
2025-07-18,6.789,7.302,6.715,6.867,972886.736
2025-07-19,6.867,7.214,6.675,7.17,491242.997
2025-07-20,7.17,7.908,7.051,7.528,1146944.727
2025-07-21,7.528,7.658,7.314,7.43,557841.029
2025-07-22,7.43,7.494,7.015,7.391,544317.007
2025-07-23,7.391,7.395,6.451,6.677,680000.533
2025-07-24,6.677,6.817,6.264,6.535,572255.533
2025-07-25,6.535,6.589,6.278,6.564,488098.348
2025-07-26,6.564,6.742,6.51,6.618,286760.36
2025-07-27,6.618,6.876,6.584,6.818,380156.468
2025-07-28,6.818,6.958,6.341,6.385,584346.852
2025-07-29,6.385,6.837,6.271,6.504,805196.667
2025-07-30,6.504,6.544,5.975,6.307,423527.374
2025-07-31,6.307,6.538,5.987,6.025,354363.537
2025-08-01,6.025,6.036,5.588,5.766,542000.325
2025-08-02,5.766,5.86,5.55,5.656,265354.913
2025-08-03,5.656,5.885,5.578,5.843,187590.429
2025-08-04,5.843,6.129,5.832,6.098,309262.497
2025-08-05,6.098,6.229,5.811,5.947,550720.763
2025-08-06,5.947,6.054,5.767,5.989,304426.819
2025-08-07,5.989,6.327,5.945,6.324,326925.791
2025-08-08,6.324,6.481,6.233,6.432,338497.048
2025-08-09,6.432,6.688,6.424,6.584,270474.184
2025-08-10,6.584,6.705,6.335,6.541,275832.174
2025-08-11,6.541,6.696,6.155,6.214,267444.41
2025-08-12,6.214,6.676,6.112,6.596,374982.906
2025-08-13,6.596,6.858,6.508,6.794,440853.855
2025-08-14,6.794,6.878,6.092,6.215,578390.567
2025-08-15,6.215,6.36,5.97,6.169,445382.555
2025-08-16,6.169,6.376,6.163,6.338,230319.955
2025-08-17,6.338,6.514,6.284,6.306,226044.283
2025-08-18,6.306,6.317,5.991,6.088,408811.501
2025-08-19,6.088,6.179,5.836,5.852,428065.027
2025-08-20,5.852,6.612,5.83,6.335,1653554.056
2025-08-21,6.335,6.947,6.302,6.68,2026619.417
2025-08-22,6.68,7.21,6.4,7.028,1160620.818
2025-08-23,7.028,7.536,7.028,7.218,777711.119
2025-08-24,7.218,8.478,6.878,7.749,2329452.831
2025-08-25,7.749,8.556,7.114,7.281,2639843.964
2025-08-26,7.281,7.306,6.865,7.037,790595.027
2025-08-27,7.037,7.312,6.871,7.07,1039879.042
2025-08-28,7.07,7.174,6.883,7.117,639007.645
2025-08-29,7.117,7.245,6.549,6.656,781080.871
2025-08-30,6.656,7.194,6.626,6.926,1280324.419
2025-08-31,6.926,7.033,6.662,6.677,431114.28
2025-09-01,6.677,6.787,6.315,6.437,782034.252
2025-09-02,6.437,6.681,6.399,6.565,516126.862
2025-09-03,6.565,6.697,6.454,6.587,344532.092
2025-09-04,6.587,6.652,6.315,6.419,367634.271
2025-09-05,6.419,6.625,6.381,6.508,407355.245
2025-09-06,6.508,6.56,6.417,6.466,185977.947
2025-09-07,6.466,6.695,6.444,6.641,318686.975
2025-09-08,6.641,6.76,6.577,6.696,302442.221
2025-09-09,6.696,6.801,6.492,6.581,420423.781
2025-09-10,6.581,6.757,6.513,6.686,370356.399
2025-09-11,6.686,6.75,6.564,6.741,301079.032
2025-09-12,6.741,6.859,6.647,6.847,326915.813
2025-09-13,6.847,6.963,6.783,6.939,390272.782
2025-09-14,6.939,6.947,6.683,6.73,192090.343
2025-09-15,6.73,6.826,6.418,6.531,276487.476
2025-09-16,6.531,6.697,6.441,6.653,168483.618
2025-09-17,6.653,6.822,6.46,6.79,293293.353
2025-09-18,6.79,6.843,6.703,6.785,239117.479
2025-09-19,6.785,6.88,6.536,6.581,274652.239
2025-09-20,6.581,6.708,6.531,6.614,165381.313
2025-09-21,6.614,6.652,6.448,6.472,233160.269
2025-09-22,6.472,6.487,5.724,6.001,598664.95
2025-09-23,6.001,6.027,5.847,5.921,250043.371
2025-09-24,5.921,6.079,5.75,5.963,260826.886
2025-09-25,5.963,5.975,5.495,5.56,418768.864
2025-09-26,5.56,5.748,5.514,5.734,207745.883
2025-09-27,5.734,5.743,5.629,5.666,124797.616
2025-09-28,5.666,5.842,5.532,5.836,174986.788
2025-09-29,5.836,5.839,5.631,5.775,176323.949
2025-09-30,5.775,5.808,5.596,5.773,173703.298
2025-10-01,5.773,6.113,5.729,6.093,367954.444
2025-10-02,6.093,6.362,6.049,6.289,388864.907
2025-10-03,6.289,6.479,6.149,6.385,348493.893
2025-10-04,6.385,6.465,6.102,6.211,333568.188
2025-10-05,6.211,6.534,6.168,6.21,369258.222
2025-10-06,6.21,6.458,6.169,6.337,268976.765
2025-10-07,6.337,6.365,5.951,6.048,389411.21
2025-10-08,6.048,6.383,6.045,6.287,573587.893
2025-10-09,6.287,6.38,5.934,6.084,394791.952
2025-10-10,6.084,6.513,2.286,4.383,2502573.791
2025-10-11,4.383,4.802,4.274,4.484,1276350.988
2025-10-12,4.484,5.206,4.388,5.13,887293.329
2025-10-13,5.13,5.642,5.05,5.563,643423.749
2025-10-14,5.563,5.611,5.114,5.424,729855.949
2025-10-15,5.424,5.558,5.141,5.239,373161.804
2025-10-16,5.239,5.343,4.991,5.077,375992.467
2025-10-17,5.077,5.156,4.71,5.006,497180.637
2025-10-18,5.006,5.136,4.965,5.065,226414.343
2025-10-19,5.065,5.306,5.0,5.168,239869.346
2025-10-20,5.168,5.293,5.08,5.205,302688.025
2025-10-21,5.205,5.435,4.971,5.086,501711.495
2025-10-22,5.086,5.168,4.83,4.999,494896.225
2025-10-23,4.999,5.228,4.995,5.157,281564.684
2025-10-24,5.157,5.271,5.06,5.164,272051.517
2025-10-25,5.164,5.202,5.088,5.184,220868.237
2025-10-26,5.184,5.377,5.13,5.35,232691.408
2025-10-27,5.35,5.427,5.215,5.247,294142.778
2025-10-28,5.247,5.342,5.027,5.122,348468.454
2025-10-29,5.122,5.277,5.03,5.152,533593.919
2025-10-30,5.152,5.297,4.722,4.9,724378.508
2025-10-31,4.9,5.022,4.859,4.962,286014.847
2025-11-01,4.962,5.296,4.936,5.271,403552.316
2025-11-02,5.271,5.365,5.08,5.272,401259.766
2025-11-03,5.272,5.275,4.599,4.884,780198.04
2025-11-04,4.884,5.103,4.481,4.771,1037440.909
