timestamp,open,high,low,close,volume
2019-01-23,0.0255,0.036,0.0255,0.02634,46269872.83
2019-01-24,0.02634,0.02712,0.02594,0.02672,56074063.07
2019-01-25,0.02672,0.02693,0.02625,0.02652,88325980.73
2019-01-26,0.02652,0.02898,0.02638,0.02854,121502090.76
2019-01-27,0.02854,0.03056,0.02809,0.02901,132724480.41
2019-01-28,0.02901,0.02905,0.025,0.02674,126420800.94
2019-01-29,0.02674,0.0277,0.02583,0.02709,122513381.44
2019-01-30,0.02709,0.028,0.02663,0.02716,120719153.29
2019-01-31,0.02716,0.02744,0.02507,0.02507,114094894.15
2019-02-01,0.02507,0.02658,0.02401,0.02615,113112312.14
2019-02-02,0.02615,0.02628,0.02552,0.02604,110301023.03
2019-02-03,0.02604,0.02615,0.02512,0.02542,108526258.0
2019-02-04,0.02542,0.02888,0.02513,0.02701,115556949.04
2019-02-05,0.02701,0.02787,0.02609,0.02619,114495749.18
2019-02-06,0.02619,0.02672,0.0252,0.02555,113363123.06
2019-02-07,0.02555,0.02622,0.02541,0.0257,109835208.06
2019-02-08,0.0257,0.02732,0.02561,0.02681,114811372.22
2019-02-09,0.02681,0.02766,0.02606,0.02624,115486753.9
2019-02-10,0.02624,0.02633,0.02498,0.02578,115379260.47
2019-02-11,0.02578,0.02616,0.02414,0.02457,110087058.59
2019-02-12,0.02457,0.02483,0.02409,0.02442,99306739.13
2019-02-13,0.02442,0.02529,0.02392,0.02408,100017424.88
2019-02-14,0.02408,0.02419,0.02305,0.02329,102109200.68
2019-02-15,0.02329,0.02399,0.02312,0.0237,99723542.09
2019-02-16,0.0237,0.02399,0.0233,0.02358,97747489.77
2019-02-17,0.02358,0.02408,0.02335,0.02379,98894439.72
2019-02-18,0.02379,0.02515,0.02366,0.02489,101557581.56
2019-02-19,0.02489,0.02601,0.02459,0.0248,101985086.81
2019-02-20,0.0248,0.02544,0.02401,0.0249,101441917.19
2019-02-21,0.0249,0.0254,0.02436,0.02458,103908314.88
2019-02-22,0.02458,0.02511,0.02449,0.0249,98352149.43
2019-02-23,0.0249,0.02544,0.02458,0.0253,95360856.13
2019-02-24,0.0253,0.02747,0.02208,0.02329,103411603.16
2019-02-25,0.02329,0.02448,0.02324,0.02407,69701915.02
2019-02-26,0.02407,0.02448,0.02363,0.024,45114933.92
2019-02-27,0.024,0.02418,0.02329,0.02403,46585370.11
2019-02-28,0.02403,0.0241,0.0233,0.02366,62337620.48
2019-03-01,0.02366,0.02377,0.02342,0.02353,39451313.27
2019-03-02,0.02352,0.02357,0.02217,0.02279,78005159.7
2019-03-03,0.02279,0.02302,0.02228,0.02242,69597133.3
2019-03-04,0.02242,0.02305,0.02057,0.02274,84394819.37
2019-03-05,0.02274,0.02399,0.02202,0.02374,79140683.98
2019-03-06,0.02374,0.02388,0.02285,0.02319,75930698.46
2019-03-07,0.02319,0.02352,0.02286,0.02295,51983329.94
2019-03-08,0.02295,0.02305,0.02225,0.02234,28686664.75
2019-03-09,0.02233,0.02287,0.02206,0.02276,30349534.24
2019-03-10,0.02276,0.02313,0.02229,0.02287,29886362.75
2019-03-11,0.02286,0.02306,0.02184,0.02213,91452011.28
2019-03-12,0.02174,0.02257,0.02158,0.02227,100263987.35
2019-03-13,0.02227,0.02244,0.0218,0.02219,153265496.15
2019-03-14,0.02219,0.0228,0.02197,0.02243,151152111.54
2019-03-15,0.02243,0.02309,0.0223,0.02298,150040963.3
2019-03-16,0.02298,0.0235,0.02282,0.0232,142025775.22
2019-03-17,0.0232,0.0232,0.02266,0.02283,142925065.06
2019-03-18,0.02283,0.02325,0.02244,0.02276,123760802.46
2019-03-19,0.02276,0.02285,0.02242,0.02274,98534003.19
2019-03-20,0.02274,0.02285,0.02239,0.02281,50732740.37
2019-03-21,0.02281,0.02284,0.02188,0.02216,26085816.81
2019-03-22,0.02216,0.0227,0.02208,0.02251,97827691.36
2019-03-23,0.02251,0.02441,0.02244,0.02427,147146889.98
2019-03-24,0.02427,0.02436,0.02286,0.02325,157308724.2
2019-03-25,0.02325,0.02339,0.02212,0.02258,147633114.51
2019-03-26,0.02258,0.02271,0.0219,0.02239,144450235.67
2019-03-27,0.02239,0.02349,0.02227,0.02331,145509498.82
2019-03-28,0.02331,0.02332,0.02281,0.02315,144350957.33
2019-03-29,0.02315,0.0239,0.02291,0.02337,154242456.32
2019-03-30,0.02337,0.02359,0.0228,0.02327,149959099.66
2019-03-31,0.02327,0.02358,0.02306,0.02346,155254773.08
2019-04-01,0.02346,0.02502,0.02319,0.02429,124543587.09
2019-04-02,0.02429,0.02699,0.02429,0.02677,137378294.08
2019-04-03,0.02677,0.02919,0.02451,0.02591,159390835.0
2019-04-04,0.02591,0.02694,0.02445,0.02581,145460033.4
2019-04-05,0.02581,0.02757,0.02492,0.02699,144520475.25
2019-04-06,0.02699,0.02734,0.02489,0.02656,150543444.61
2019-04-07,0.02656,0.02971,0.02623,0.02886,145662337.83
2019-04-08,0.02886,0.03157,0.02722,0.03101,163225995.47
2019-04-09,0.03101,0.03158,0.02802,0.02956,166757819.89
2019-04-10,0.02956,0.0309,0.02841,0.03001,187972857.29
2019-04-11,0.03001,0.03002,0.02518,0.02643,181722355.0
2019-04-12,0.02643,0.02694,0.0252,0.02628,155710284.79
2019-04-13,0.02628,0.02676,0.02572,0.02605,146341494.04
2019-04-14,0.02605,0.02698,0.02582,0.02685,150063205.18
2019-04-15,0.02685,0.02737,0.02575,0.02627,180035302.44
2019-04-16,0.02627,0.02681,0.02587,0.02673,168590510.27
2019-04-17,0.02673,0.02683,0.0262,0.02649,173158426.86
2019-04-18,0.02649,0.02705,0.02644,0.02668,171407410.02
2019-04-19,0.02668,0.02672,0.02592,0.02618,169524993.49
2019-04-20,0.02618,0.02637,0.02552,0.02581,148107361.2
2019-04-21,0.02581,0.02598,0.024,0.02447,137045378.8
2019-04-22,0.02447,0.02528,0.02424,0.02499,170397034.06
2019-04-23,0.02499,0.02515,0.02405,0.02407,258128713.02
2019-04-24,0.02407,0.02409,0.02264,0.02326,319365710.28
2019-04-25,0.02326,0.02525,0.02265,0.02306,369611809.88
2019-04-26,0.02306,0.02426,0.02235,0.0238,383634881.46
2019-04-27,0.0238,0.02382,0.02316,0.02348,214772572.96
2019-04-28,0.02348,0.02363,0.0232,0.02335,205861981.8
2019-04-29,0.02335,0.02338,0.0219,0.02242,246449073.28
2019-04-30,0.02242,0.0238,0.02218,0.02347,218425430.53
2019-05-01,0.02347,0.02381,0.023,0.02349,171292054.84
2019-05-02,0.02349,0.0236,0.02309,0.02338,172658828.55
2019-05-03,0.02338,0.02397,0.02308,0.0238,214426051.27
2019-05-04,0.0238,0.02454,0.02257,0.02301,233552701.91
2019-05-05,0.02301,0.02335,0.02282,0.02287,182447019.4
2019-05-06,0.02287,0.02417,0.02282,0.02378,176362572.24
2019-05-07,0.02378,0.02441,0.02361,0.02386,460114566.11
2019-05-08,0.02386,0.02533,0.02342,0.02454,1165195135.88
2019-05-09,0.02454,0.02457,0.02308,0.02318,1818507304.89
2019-05-10,0.02318,0.02374,0.02224,0.02358,2846829370.91
2019-05-11,0.02358,0.02661,0.02331,0.02514,3878683396.83
2019-05-12,0.02514,0.02563,0.02321,0.02375,3405184140.67
2019-05-13,0.02375,0.02548,0.02366,0.02445,3230545066.16
2019-05-14,0.02445,0.02778,0.02431,0.02757,2363033014.32
2019-05-15,0.02757,0.03172,0.02723,0.03113,1209412780.4
2019-05-16,0.03113,0.03346,0.02712,0.02861,1498119347.8
2019-05-17,0.02861,0.02913,0.02473,0.02704,1659310075.5
2019-05-18,0.02704,0.02779,0.02612,0.02646,1740757456.83
2019-05-19,0.02646,0.02884,0.0264,0.02826,1634662233.05
2019-05-20,0.02826,0.02836,0.02633,0.02774,1673709903.4
2019-05-21,0.02774,0.02978,0.02691,0.02824,1620399430.27
2019-05-22,0.02824,0.02895,0.02606,0.02651,1652762985.54
2019-05-23,0.02651,0.02723,0.02569,0.0269,1756869462.58
2019-05-24,0.0269,0.02821,0.02661,0.0276,1803899952.14
2019-05-25,0.0276,0.02883,0.02735,0.02762,1695053954.58
2019-05-26,0.02762,0.03185,0.02701,0.03079,1603364533.62
2019-05-27,0.03079,0.03672,0.03065,0.03521,1614069238.21
2019-05-28,0.03521,0.03713,0.03276,0.03493,1559781890.02
2019-05-29,0.03493,0.03506,0.03211,0.03381,1542250235.62
2019-05-30,0.03381,0.03588,0.02979,0.03121,1613140199.15
2019-05-31,0.03121,0.03331,0.03051,0.03324,1260536555.93
2019-06-01,0.03324,0.03956,0.03271,0.0379,1113660203.01
2019-06-02,0.0379,0.04146,0.03717,0.03844,940326636.37
2019-06-03,0.03844,0.03962,0.03327,0.03394,1038919689.15
2019-06-04,0.03394,0.03637,0.03156,0.03502,569550623.87
2019-06-05,0.03502,0.03584,0.03269,0.03394,129168954.75
2019-06-06,0.03394,0.03421,0.03078,0.03264,564365901.34
2019-06-07,0.03264,0.0344,0.03223,0.0335,697230158.97
2019-06-08,0.0335,0.03371,0.03161,0.03212,728250314.74
2019-06-09,0.03212,0.03227,0.02909,0.02972,788393055.4
2019-06-10,0.02972,0.03171,0.02911,0.03155,844471306.63
2019-06-11,0.03155,0.03159,0.02992,0.03108,814011303.8
2019-06-12,0.03108,0.03347,0.03087,0.03347,741982786.9
2019-06-13,0.03347,0.03365,0.03224,0.03252,734477285.43
2019-06-14,0.03191,0.03214,0.03061,0.03187,539364720.29
2019-06-15,0.03187,0.03278,0.03174,0.03261,756163947.47
2019-06-16,0.03261,0.03354,0.03234,0.03277,781958518.31
2019-06-17,0.03277,0.03397,0.03262,0.03378,710110381.45
2019-06-18,0.03378,0.034,0.03216,0.0331,682823826.77
2019-06-19,0.0331,0.03367,0.03286,0.03327,680645731.47
2019-06-20,0.03263,0.03283,0.03225,0.03265,220936548.53
2019-06-21,0.03265,0.03381,0.03265,0.03314,703595334.15
2019-06-22,0.03314,0.0378,0.03309,0.03755,703934848.41
2019-06-23,0.03755,0.03894,0.03644,0.03774,652648250.41
2019-06-24,0.03774,0.0396,0.03665,0.03855,628697487.1
2019-06-25,0.03855,0.0408,0.03773,0.03874,650613037.46
2019-06-26,0.03874,0.03998,0.03475,0.03677,3377283828.15
2019-06-27,0.03677,0.03758,0.03061,0.03277,4857559209.49
2019-06-28,0.03277,0.03392,0.03233,0.03385,4786225100.78
2019-06-29,0.03385,0.03552,0.03241,0.03495,4609342568.39
2019-06-30,0.03495,0.03548,0.03192,0.03197,4204626097.32
2019-07-01,0.03197,0.03351,0.03088,0.03267,4161599608.62
2019-07-02,0.03267,0.033,0.03051,0.032,4391203604.38
2019-07-03,0.032,0.03291,0.03168,0.03279,4114574763.52
2019-07-04,0.03279,0.03279,0.03108,0.03138,4705431401.33
2019-07-05,0.03138,0.03233,0.03101,0.03195,4890788039.26
2019-07-06,0.03195,0.03283,0.03164,0.03214,3451466500.25
2019-07-07,0.03214,0.03557,0.03189,0.0348,1587784781.52
2019-07-08,0.0348,0.03564,0.03341,0.03393,3780732983.52
2019-07-09,0.03393,0.03495,0.03358,0.03418,5018133099.59
2019-07-10,0.03418,0.03444,0.03103,0.032,4812748889.69
2019-07-11,0.032,0.03202,0.02687,0.02787,4811520082.14
2019-07-12,0.02786,0.02965,0.0276,0.02942,5256747785.83
2019-07-13,0.0294,0.02956,0.02752,0.02838,5085828096.04
2019-07-14,0.02836,0.02934,0.02491,0.02515,4230936226.57
2019-07-15,0.02518,0.02572,0.02369,0.02516,4217000287.61
2019-07-16,0.02519,0.02559,0.02056,0.02093,3665279461.22
2019-07-17,0.02093,0.02384,0.02032,0.02273,4884395050.36
2019-07-18,0.02273,0.02609,0.02217,0.02557,6028048110.51
2019-07-19,0.02557,0.028,0.0247,0.02799,2997187337.61
2019-07-20,0.028,0.03064,0.02756,0.02903,2233023508.18
2019-07-21,0.02903,0.02983,0.02704,0.02919,2269303144.53
2019-07-22,0.02916,0.02997,0.02607,0.02662,1977260446.11
2019-07-23,0.02662,0.02699,0.02197,0.0242,2449670054.12
2019-07-24,0.0242,0.02473,0.0226,0.02375,2126467526.65
2019-07-25,0.02372,0.02444,0.02267,0.02296,2137836173.7
2019-07-26,0.02297,0.02347,0.02226,0.02312,1340386175.13
2019-07-27,0.02313,0.02373,0.02161,0.02198,1220638643.93
2019-07-28,0.02195,0.02272,0.02133,0.0223,1202694134.9
2019-07-29,0.02237,0.0227,0.02178,0.022,1887038135.61
2019-07-30,0.022,0.02233,0.02163,0.02208,1933749370.38
2019-07-31,0.02206,0.02265,0.02204,0.02241,1475726845.98
2019-08-01,0.02241,0.02248,0.02183,0.02211,995010770.95
2019-08-02,0.02211,0.02218,0.02143,0.02172,1437526111.0
2019-08-03,0.02172,0.02194,0.02153,0.02182,1481508261.57
2019-08-04,0.02182,0.02281,0.02134,0.02231,1298902443.27
2019-08-05,0.02231,0.02339,0.02205,0.02291,1359188265.34
2019-08-06,0.02291,0.02297,0.02153,0.02172,2010761716.58
2019-08-07,0.02172,0.02215,0.02148,0.02162,1921056803.46
2019-08-08,0.02162,0.02235,0.02158,0.02196,1933297450.51
2019-08-09,0.02196,0.02207,0.01934,0.01981,1726720352.39
2019-08-10,0.01981,0.02073,0.01943,0.02045,1983050340.85
2019-08-11,0.02045,0.02114,0.01995,0.02072,1810040984.9
2019-08-12,0.02072,0.02119,0.02038,0.0207,1903855664.65
2019-08-13,0.0207,0.02077,0.02005,0.02049,1647461169.37
2019-08-14,0.02049,0.02053,0.01751,0.01775,1734116513.88
2019-08-15,0.01775,0.02013,0.01592,0.01738,2224705402.53
2019-08-16,0.01738,0.01757,0.0161,0.01675,2030965811.86
2019-08-17,0.01675,0.01729,0.0161,0.0167,1470887966.04
2019-08-18,0.0167,0.01824,0.01654,0.01772,1537972547.96
2019-08-19,0.01772,0.01827,0.01755,0.01797,1307280332.5
2019-08-20,0.01797,0.01799,0.01727,0.01752,1375082215.19
2019-08-21,0.01752,0.01755,0.01634,0.01679,880591514.46
2019-08-22,0.01679,0.01798,0.01663,0.01732,243962764.51
2019-08-23,0.01732,0.018337,0.01731,0.018011,406318765.54
2019-08-24,0.018011,0.018178,0.017344,0.017706,427915837.1
2019-08-25,0.017706,0.018263,0.017451,0.017488,207945339.12
2019-08-26,0.017488,0.018005,0.017451,0.017689,260399478.26
2019-08-27,0.017689,0.017712,0.017322,0.017632,217535566.84
2019-08-28,0.017632,0.017657,0.01535,0.015984,498851231.93
2019-08-29,0.015984,0.015989,0.01504,0.015467,1007146437.38
2019-08-30,0.015467,0.015749,0.015149,0.01551,566288784.97
2019-08-31,0.01551,0.015622,0.015068,0.015455,621695629.69
2019-09-01,0.015455,0.015642,0.015302,0.015466,547486307.05
2019-09-02,0.015466,0.016233,0.015165,0.015935,854163747.29
2019-09-03,0.015935,0.016204,0.015701,0.015849,676878907.98
2019-09-04,0.015849,0.015886,0.015411,0.015524,710433246.88
2019-09-05,0.015524,0.015556,0.014236,0.014948,716797676.05
2019-09-06,0.014948,0.015091,0.013908,0.014156,1127091320.52
2019-09-07,0.014156,0.015677,0.014141,0.015354,955868092.45
2019-09-08,0.015354,0.016169,0.015181,0.01576,1067148295.6
2019-09-09,0.01576,0.01608,0.015135,0.01565,1056616984.67
2019-09-10,0.01565,0.016155,0.015376,0.015624,666991819.57
2019-09-11,0.015624,0.01571,0.014779,0.01494,790958861.17
2019-09-12,0.01494,0.014962,0.014426,0.014836,995058572.82
2019-09-13,0.014836,0.015559,0.014618,0.01545,843933057.99
2019-09-14,0.01545,0.015924,0.015165,0.015772,938655615.37
2019-09-15,0.015772,0.015932,0.015333,0.015503,972333383.08
2019-09-16,0.015503,0.015755,0.015272,0.015652,696445382.39
2019-09-17,0.015652,0.017455,0.015618,0.016675,738169738.68
2019-09-18,0.016675,0.0185,0.016651,0.017917,1296049667.96
2019-09-19,0.017917,0.017921,0.016431,0.017557,1466187519.22
2019-09-20,0.017557,0.0176,0.016958,0.01739,975603284.18
2019-09-21,0.01739,0.018641,0.017116,0.018134,871676241.77
2019-09-22,0.018134,0.018134,0.016448,0.016852,1123284339.06
2019-09-23,0.016852,0.017093,0.015877,0.015979,951929411.05
2019-09-24,0.015979,0.0163,0.011662,0.012622,981009456.84
2019-09-25,0.012622,0.013592,0.01227,0.013163,1796084308.61
2019-09-26,0.013163,0.013549,0.012083,0.012763,1044971367.58
2019-09-27,0.012763,0.013875,0.012596,0.013603,1208531638.66
2019-09-28,0.013603,0.013749,0.013237,0.01356,840356061.48
2019-09-29,0.01356,0.013637,0.012772,0.013266,776452486.11
2019-09-30,0.013266,0.015065,0.012819,0.014553,1162205600.09
2019-10-01,0.014553,0.014834,0.013714,0.013915,1005960766.49
2019-10-02,0.013915,0.014412,0.013657,0.014354,1042074957.14
2019-10-03,0.014354,0.014419,0.013884,0.014257,826010178.56
2019-10-04,0.014257,0.014739,0.013961,0.014502,947280028.79
2019-10-05,0.014502,0.015074,0.014306,0.015047,971702786.52
2019-10-06,0.015047,0.015364,0.014408,0.014506,991509487.1
2019-10-07,0.014506,0.016475,0.014335,0.016167,882685030.94
2019-10-08,0.016167,0.017142,0.015751,0.016989,1083891848.6
2019-10-09,0.016989,0.017426,0.016494,0.016895,889541444.03
2019-10-10,0.016895,0.016944,0.015951,0.016225,758087179.52
2019-10-11,0.016225,0.016677,0.015566,0.015819,803212232.14
2019-10-12,0.015819,0.016117,0.015615,0.015667,702509912.94
2019-10-13,0.015667,0.016319,0.015614,0.016033,693398945.9
2019-10-14,0.016033,0.016688,0.01595,0.016658,685638960.07
2019-10-15,0.016658,0.016776,0.015441,0.015658,861953503.61
2019-10-16,0.015658,0.015817,0.014614,0.015179,1088280067.55
2019-10-17,0.015179,0.015418,0.014511,0.015358,992563458.82
2019-10-18,0.015358,0.01555,0.014574,0.015366,1038824865.0
2019-10-19,0.015366,0.015739,0.015127,0.015481,782144699.57
2019-10-20,0.015481,0.015558,0.015016,0.01551,891357109.27
2019-10-21,0.01551,0.015713,0.015308,0.015527,703600696.53
2019-10-22,0.015527,0.015655,0.015045,0.015142,980464706.01
2019-10-23,0.015142,0.01516,0.013654,0.014333,1256868609.85
2019-10-24,0.014333,0.015347,0.014202,0.015146,1108363775.75
2019-10-25,0.015146,0.017694,0.014953,0.017639,1476201219.13
2019-10-26,0.017639,0.01831,0.015796,0.016594,1707358676.13
2019-10-27,0.016594,0.019887,0.016127,0.019089,1375480067.37
2019-10-28,0.019089,0.022179,0.019083,0.020063,1863091928.57
2019-10-29,0.020063,0.022507,0.020002,0.021949,1474483943.97
2019-10-30,0.021949,0.022875,0.019782,0.019934,1187521511.84
2019-10-31,0.019934,0.020491,0.019054,0.019726,1013739363.43
2019-11-01,0.019726,0.020031,0.019198,0.019616,896186836.97
2019-11-02,0.019616,0.020179,0.019615,0.019889,832682513.67
2019-11-03,0.019889,0.020075,0.019252,0.019629,849420251.42
2019-11-04,0.019629,0.020132,0.018552,0.019819,1059256182.75
2019-11-05,0.019819,0.020027,0.019323,0.019761,885731205.4
2019-11-06,0.019761,0.020652,0.019556,0.020174,902691360.05
2019-11-07,0.020174,0.020184,0.018926,0.019568,659891507.7
2019-11-08,0.019568,0.019781,0.018409,0.018766,838457420.86
2019-11-09,0.018766,0.019109,0.018687,0.018989,588705950.97
2019-11-10,0.018989,0.019743,0.018877,0.019343,702676934.18
2019-11-11,0.019343,0.019358,0.018671,0.019089,691091611.81
2019-11-12,0.019089,0.019759,0.018976,0.019663,817916654.11
2019-11-13,0.019663,0.020234,0.019273,0.020121,729344424.24
2019-11-14,0.020121,0.020229,0.018942,0.019423,680799743.46
2019-11-15,0.019423,0.0196,0.018235,0.018587,746059301.11
2019-11-16,0.018587,0.018797,0.018444,0.018691,713901244.89
2019-11-17,0.018691,0.018957,0.018244,0.018739,657195969.17
2019-11-18,0.018739,0.018777,0.016737,0.017165,801658430.32
2019-11-19,0.017165,0.017237,0.016364,0.01694,854663877.1
2019-11-20,0.01694,0.017093,0.016385,0.016548,711607630.34
2019-11-21,0.016548,0.016635,0.014548,0.01537,912979253.89
2019-11-22,0.01537,0.015569,0.013237,0.014414,1176430334.2
2019-11-23,0.014414,0.015038,0.013954,0.015013,787104671.39
2019-11-24,0.015013,0.015132,0.013616,0.013718,818407938.32
2019-11-25,0.013718,0.014715,0.012981,0.014225,886974102.59
2019-11-26,0.014225,0.015441,0.014011,0.015282,738373679.56
2019-11-27,0.015282,0.016376,0.014417,0.016075,956972160.43
2019-11-28,0.016075,0.016268,0.015618,0.015795,707253102.31
2019-11-29,0.015795,0.016342,0.015752,0.016121,729503601.77
2019-11-30,0.016121,0.016165,0.015321,0.015494,645213433.65
2019-12-01,0.015494,0.016102,0.015023,0.015913,851787066.48
2019-12-02,0.015913,0.016021,0.015097,0.015221,721396948.94
2019-12-03,0.015221,0.015529,0.01514,0.015173,736706950.87
2019-12-04,0.015173,0.01518,0.014039,0.014254,994313404.56
2019-12-05,0.014254,0.014677,0.014105,0.014491,799729333.11
2019-12-06,0.014491,0.014724,0.014324,0.014679,793900171.9
2019-12-07,0.014679,0.014849,0.01446,0.014472,715138448.83
2019-12-08,0.014472,0.01469,0.014309,0.01461,700719180.83
2019-12-09,0.01461,0.014672,0.014146,0.014374,769698387.28
2019-12-10,0.014374,0.014411,0.013963,0.014117,757426499.69
2019-12-11,0.014117,0.014278,0.013981,0.01416,705117506.94
2019-12-12,0.01416,0.014199,0.013272,0.013766,764695118.62
2019-12-13,0.013766,0.014227,0.013622,0.014079,758819876.45
2019-12-14,0.014079,0.014743,0.013769,0.013828,868802110.82
2019-12-15,0.013828,0.014182,0.013732,0.013951,737458483.03
2019-12-16,0.013951,0.013958,0.013002,0.013413,698438302.88
2019-12-17,0.013413,0.013415,0.012199,0.01244,916780333.18
2019-12-18,0.01244,0.013607,0.012028,0.013367,1197139698.07
2019-12-19,0.013367,0.013478,0.012651,0.012962,998094587.07
2019-12-20,0.012962,0.0135,0.012817,0.013349,867224487.15
2019-12-21,0.013349,0.013515,0.013222,0.013515,659031653.3
2019-12-22,0.013515,0.014976,0.013503,0.014905,1147571136.67
2019-12-23,0.014905,0.015225,0.013642,0.01378,918629479.78
2019-12-24,0.01378,0.013805,0.013198,0.013542,1028220936.17
2019-12-25,0.013542,0.013607,0.012973,0.013203,866624180.59
2019-12-26,0.013203,0.0138,0.013146,0.013354,898506808.73
2019-12-27,0.013354,0.013406,0.01303,0.013223,747424847.74
2019-12-28,0.013223,0.01375,0.013204,0.013477,904965838.91
2019-12-29,0.013477,0.0138,0.013343,0.013703,771863931.99
2019-12-30,0.013703,0.013936,0.013224,0.013298,850734066.52
2019-12-31,0.013298,0.013531,0.01314,0.013299,863108519.49
2020-01-01,0.013299,0.013418,0.013156,0.013224,770918901.42
2020-01-02,0.013224,0.013224,0.012796,0.012842,614972085.76
2020-01-03,0.012842,0.013536,0.012687,0.013435,953732488.39
2020-01-04,0.013435,0.013501,0.013236,0.013438,693195867.24
2020-01-05,0.013438,0.013868,0.013438,0.013532,668848330.35
2020-01-06,0.013532,0.014711,0.013488,0.014692,796982338.59
2020-01-07,0.014692,0.014802,0.014063,0.014362,853802136.44
2020-01-08,0.014362,0.014806,0.013803,0.014027,979084698.67
2020-01-09,0.014027,0.014123,0.013738,0.014003,786579367.06
2020-01-10,0.014003,0.014905,0.013657,0.014676,832619827.82
2020-01-11,0.014676,0.015056,0.014399,0.014618,1015122503.26
2020-01-12,0.014618,0.015036,0.014413,0.015036,904154893.08
2020-01-13,0.015036,0.015074,0.014551,0.014641,806459286.73
2020-01-14,0.014641,0.017286,0.01464,0.01678,1218862423.2
2020-01-15,0.01678,0.018141,0.016102,0.017308,1340223984.75
2020-01-16,0.017308,0.017407,0.016063,0.017289,1111514108.77
2020-01-17,0.017289,0.018126,0.01696,0.017584,1245588451.23
2020-01-18,0.017584,0.018167,0.017161,0.017662,1111642154.62
2020-01-19,0.017662,0.018109,0.01602,0.016664,1008375163.16
2020-01-20,0.016664,0.016791,0.016128,0.016605,799526402.89
2020-01-21,0.016605,0.017358,0.016522,0.017328,900156753.46
2020-01-22,0.017328,0.017535,0.01706,0.017413,788455869.79
2020-01-23,0.017413,0.017434,0.01593,0.016314,917976730.82
2020-01-24,0.016314,0.016568,0.015663,0.016377,856982093.02
2020-01-25,0.016377,0.016403,0.01594,0.016131,776233765.3
2020-01-26,0.016131,0.016861,0.016024,0.01685,810331791.21
2020-01-27,0.01685,0.017295,0.016748,0.017124,844088135.44
2020-01-28,0.017124,0.018958,0.017122,0.018651,1155152506.37
2020-01-29,0.018651,0.019808,0.018502,0.01865,1005198966.87
2020-01-30,0.01865,0.019809,0.017759,0.019498,981238957.2
2020-01-31,0.019498,0.019789,0.01801,0.018664,991397042.02
2020-02-01,0.018664,0.019105,0.018369,0.019073,801448197.09
2020-02-02,0.019073,0.019846,0.018537,0.0191,1077833020.07
2020-02-03,0.0191,0.019683,0.018877,0.019208,866472650.9
2020-02-04,0.019208,0.019661,0.018419,0.019259,897762155.25
2020-02-05,0.019259,0.020821,0.019231,0.020771,1000804706.29
2020-02-06,0.020771,0.023639,0.019871,0.022683,1051679703.51
2020-02-07,0.022683,0.023759,0.021364,0.022053,1117500938.99
2020-02-08,0.022053,0.022497,0.020346,0.021841,883784876.37
2020-02-09,0.021841,0.022672,0.021357,0.022072,804281807.87
2020-02-10,0.022072,0.022416,0.020981,0.02216,884093225.79
2020-02-11,0.02216,0.022903,0.021428,0.022728,854590769.9
2020-02-12,0.022728,0.024401,0.022728,0.024156,888350290.73
2020-02-13,0.024156,0.02592,0.022559,0.023936,1216810571.47
2020-02-14,0.023936,0.0268,0.023699,0.026269,901797837.52
2020-02-15,0.026269,0.026585,0.022928,0.023638,803870365.41
2020-02-16,0.023638,0.02474,0.020367,0.0224,1021935946.49
2020-02-17,0.0224,0.022419,0.02011,0.021748,937985560.34
2020-02-18,0.021748,0.022928,0.0202,0.022597,902416732.7
2020-02-19,0.022597,0.022873,0.02,0.020216,808833973.72
2020-02-20,0.020216,0.020547,0.018875,0.019814,850897856.92
2020-02-21,0.019814,0.020604,0.019611,0.020151,779933571.11
2020-02-22,0.020151,0.020281,0.019671,0.020028,1168644561.14
2020-02-23,0.020028,0.021398,0.020004,0.021388,1664116953.97
2020-02-24,0.021388,0.021388,0.019063,0.019678,1608121025.11
2020-02-25,0.019678,0.019917,0.018678,0.018922,1594880518.58
2020-02-26,0.018922,0.019193,0.015593,0.016383,2802178340.94
2020-02-27,0.016383,0.017558,0.015871,0.017002,1999569316.17
2020-02-28,0.017002,0.017389,0.016095,0.017103,2047112199.92
2020-02-29,0.017103,0.017397,0.016456,0.016476,1572961419.94
2020-03-01,0.016476,0.017074,0.016144,0.016439,1264471280.85
2020-03-02,0.016439,0.017845,0.016199,0.017588,1883965446.78
2020-03-03,0.017588,0.017591,0.016943,0.017153,1678615505.26
2020-03-04,0.017153,0.017739,0.016865,0.0177,1556710456.99
2020-03-05,0.0177,0.018333,0.0177,0.017896,1555958069.83
2020-03-06,0.017896,0.018364,0.01783,0.018323,1641123877.09
2020-03-07,0.018323,0.018342,0.016456,0.017,1544283086.48
2020-03-08,0.017,0.017,0.014452,0.014734,2483099783.71
2020-03-09,0.014734,0.015137,0.014073,0.015,3065460414.83
2020-03-10,0.015,0.015354,0.014607,0.015087,2310704044.06
2020-03-11,0.015087,0.015277,0.014133,0.01489,2077572330.14
2020-03-12,0.01489,0.014941,0.008115,0.008375,5367677220.85
2020-03-13,0.008375,0.010896,0.006893,0.010258,7513328149.49
2020-03-14,0.010258,0.010559,0.009546,0.009731,3620808809.65
2020-03-15,0.009731,0.01107,0.009599,0.010261,3855810094.06
2020-03-16,0.010261,0.01032,0.008549,0.009609,4759827251.52
2020-03-17,0.009609,0.010329,0.009469,0.010034,3127350325.49
2020-03-18,0.010034,0.010227,0.009624,0.010221,2100554288.49
2020-03-19,0.010221,0.012104,0.010076,0.011613,6135021011.81
2020-03-20,0.011613,0.012709,0.010266,0.011267,8557010118.74
2020-03-21,0.011267,0.011607,0.010681,0.011221,5015960198.97
2020-03-22,0.011221,0.011619,0.010177,0.010293,4665379155.42
2020-03-23,0.010293,0.011487,0.010106,0.011368,6283050424.78
2020-03-24,0.011368,0.011698,0.011132,0.011503,5402253836.09
2020-03-25,0.011503,0.011765,0.011046,0.011381,5442106184.07
2020-03-26,0.011381,0.012002,0.011251,0.011948,4275298122.82
2020-03-27,0.011948,0.012095,0.010965,0.011205,4076319837.84
2020-03-28,0.011205,0.011498,0.010738,0.011389,3897557243.07
2020-03-29,0.011389,0.011452,0.010656,0.010671,3805829707.55
2020-03-30,0.010671,0.011779,0.010642,0.01144,4802132351.25
2020-03-31,0.01144,0.011764,0.011349,0.011572,3982554075.43
2020-04-01,0.011572,0.011633,0.011126,0.011578,4203632875.27
2020-04-02,0.011578,0.012557,0.011492,0.011948,4243933538.93
2020-04-03,0.011948,0.0122,0.011741,0.011945,2947124084.73
2020-04-04,0.011945,0.012209,0.011719,0.011975,3919679826.68
2020-04-05,0.011975,0.012789,0.011851,0.012563,4616302760.35
2020-04-06,0.012563,0.013837,0.012561,0.013751,5489925371.71
2020-04-07,0.013751,0.014061,0.013113,0.013304,4985856179.61
2020-04-08,0.013304,0.013805,0.013202,0.013748,3595154847.87
2020-04-09,0.013748,0.013841,0.013202,0.013441,3048485629.49
2020-04-10,0.013441,0.013508,0.012013,0.012475,3984643659.77
2020-04-11,0.012475,0.012826,0.012301,0.012487,4448477353.33
2020-04-12,0.012487,0.013214,0.012311,0.012649,4026996788.47
2020-04-13,0.012649,0.012684,0.012006,0.012556,5137457645.61
2020-04-14,0.012556,0.012791,0.012373,0.012454,3660561885.8
2020-04-15,0.012454,0.0126,0.012123,0.012178,3946458895.13
2020-04-16,0.012178,0.013232,0.011788,0.013023,6264564295.56
2020-04-17,0.013023,0.013113,0.012727,0.012889,3663493642.93
2020-04-18,0.012889,0.013551,0.012843,0.013388,3699900106.67
2020-04-19,0.013388,0.013421,0.012768,0.012903,3423427006.93
2020-04-20,0.012903,0.01318,0.012235,0.012403,4250095205.43
2020-04-21,0.012403,0.012762,0.012296,0.012489,3960508161.71
2020-04-22,0.012489,0.013131,0.012429,0.012969,3978195878.61
2020-04-23,0.012969,0.01389,0.012787,0.01361,3493980901.37
2020-04-24,0.01361,0.01433,0.013581,0.013919,3329747109.09
2020-04-25,0.013919,0.014275,0.013468,0.01395,3463111970.15
2020-04-26,0.01395,0.014294,0.013835,0.014265,2794796752.53
2020-04-27,0.014265,0.014629,0.014152,0.014527,3141497247.64
2020-04-28,0.014527,0.015364,0.014299,0.015283,2844103501.13
2020-04-29,0.015283,0.016506,0.015069,0.016235,3800860301.3
2020-04-30,0.016235,0.016712,0.014975,0.015197,4628429153.65
2020-05-01,0.015197,0.016351,0.015184,0.015812,3128782958.91
2020-05-02,0.015812,0.0164,0.015694,0.01636,3187996118.68
2020-05-03,0.01636,0.016606,0.015557,0.01599,3235614567.98
2020-05-04,0.01599,0.016393,0.015114,0.016227,3598258928.02
2020-05-05,0.016227,0.016681,0.015646,0.015901,3594112288.07
2020-05-06,0.015901,0.016257,0.015503,0.01554,3188647055.24
2020-05-07,0.01554,0.016189,0.015392,0.016027,3507436753.2
2020-05-08,0.016027,0.016509,0.015892,0.016267,3486435886.27
2020-05-09,0.016267,0.016575,0.016037,0.0161,3164000813.47
2020-05-10,0.0161,0.016113,0.01298,0.014282,3180726712.69
2020-05-11,0.014282,0.014481,0.013249,0.013977,3859887364.04
2020-05-12,0.013977,0.015,0.013919,0.014556,3177889941.47
2020-05-13,0.014556,0.015324,0.014474,0.015003,3750434054.79
2020-05-14,0.015003,0.015373,0.014802,0.015273,2703545635.58
2020-05-15,0.015273,0.015329,0.014636,0.014866,1679363328.59
2020-05-16,0.014866,0.015135,0.014776,0.014983,1516370732.33
2020-05-17,0.014983,0.015192,0.014917,0.014994,1199881255.61
2020-05-18,0.014994,0.015597,0.014976,0.015382,924611997.06
2020-05-19,0.015382,0.015623,0.015085,0.015527,195612063.9
2020-05-20,0.015527,0.015527,0.014609,0.015008,193098265.12
2020-05-21,0.015008,0.015086,0.013863,0.014221,216813724.76
2020-05-22,0.014221,0.015078,0.014076,0.01483,346045547.1
2020-05-23,0.01483,0.015673,0.01483,0.014967,445064040.07
2020-05-24,0.014967,0.015313,0.014214,0.014218,440497381.99
2020-05-25,0.014218,0.014759,0.014079,0.014725,453902754.2
2020-05-26,0.014725,0.014746,0.014224,0.014579,388378056.81
2020-05-27,0.014579,0.014948,0.014492,0.014706,376942060.92
2020-05-28,0.014706,0.015178,0.014538,0.015135,352662078.13
2020-05-29,0.015135,0.015335,0.014899,0.014986,360329296.45
2020-05-30,0.014986,0.016423,0.01492,0.016374,448156682.91
2020-05-31,0.016374,0.017223,0.015423,0.015839,568653113.26
2020-06-01,0.015839,0.017056,0.015766,0.017041,509707060.37
2020-06-02,0.017041,0.017541,0.015521,0.016339,481453178.98
2020-06-03,0.016339,0.016948,0.01597,0.016884,436587371.03
2020-06-04,0.016884,0.017309,0.016224,0.016879,444684036.2
2020-06-05,0.016879,0.017266,0.016732,0.016828,438699557.73
2020-06-06,0.016828,0.017113,0.016486,0.017031,430881301.83
2020-06-07,0.017031,0.018226,0.016823,0.018197,513150322.27
2020-06-08,0.018197,0.018602,0.017712,0.017952,455379665.63
2020-06-09,0.017952,0.017997,0.017417,0.017532,396690059.69
2020-06-10,0.017532,0.017684,0.017214,0.01762,385460395.43
2020-06-11,0.01762,0.017695,0.01512,0.015737,445243198.73
2020-06-12,0.015737,0.016696,0.015618,0.016419,404335201.26
2020-06-13,0.016419,0.016736,0.01611,0.0167,326004522.37
2020-06-14,0.0167,0.0167,0.015984,0.016163,319519342.53
2020-06-15,0.016163,0.016207,0.015002,0.016089,516615871.1
2020-06-16,0.016089,0.016258,0.01595,0.016128,342245438.18
2020-06-17,0.016128,0.016482,0.015806,0.016203,367886200.61
2020-06-18,0.016203,0.016213,0.015809,0.016023,295069111.18
2020-06-19,0.016023,0.016165,0.015675,0.015859,306007294.52059203
2020-06-20,0.015859,0.016079,0.015609,0.01597,238232362.74212006
2020-06-21,0.01597,0.016027,0.015768,0.015828,226615668.90194076
2020-06-22,0.015828,0.016445,0.015803,0.016377,244298067.69004717
2020-06-23,0.016377,0.016776,0.01622,0.016515,284030025.0063047
2020-06-24,0.016515,0.016828,0.015686,0.015929,284700638.26713175
2020-06-25,0.015929,0.016105,0.015406,0.015891,260308083.84
2020-06-26,0.015891,0.016043,0.015654,0.015841,240416892.86
2020-06-27,0.015841,0.016,0.014873,0.015438,273470185.47
2020-06-28,0.015438,0.01597,0.015297,0.015772,248553891.85
2020-06-29,0.015772,0.016363,0.015755,0.016184,261694637.65
2020-06-30,0.016184,0.016596,0.016164,0.016365,254931844.85
2020-07-01,0.016365,0.017178,0.016226,0.01686,284905030.48
2020-07-02,0.01686,0.017253,0.016154,0.016568,356414807.96
2020-07-03,0.016568,0.01689,0.016519,0.016632,274559852.04
2020-07-04,0.016632,0.016901,0.01657,0.016839,263737352.94
2020-07-05,0.016839,0.016986,0.016326,0.016926,291301500.06
2020-07-06,0.016926,0.018183,0.016894,0.018019,377699889.76
2020-07-07,0.018019,0.018131,0.017108,0.0172,306595837.59
2020-07-08,0.0172,0.018139,0.016817,0.017904,344722365.24
2020-07-09,0.017904,0.019143,0.017527,0.018538,407825585.0
2020-07-10,0.018538,0.018676,0.017803,0.018114,218390091.55
2020-07-11,0.018114,0.018874,0.018109,0.018377,196741855.55
2020-07-12,0.018377,0.018525,0.017903,0.018167,160537171.05
2020-07-13,0.018167,0.018406,0.017053,0.01757,265777764.34
2020-07-14,0.01757,0.017773,0.017093,0.017657,85652199.26
2020-07-15,0.017657,0.017775,0.017452,0.017569,34192123.98
2020-07-16,0.017569,0.017611,0.016698,0.017156,42320808.33
2020-07-17,0.017156,0.017338,0.01701,0.017171,56545210.89
2020-07-18,0.017171,0.017453,0.016996,0.017407,50497288.51
2020-07-19,0.017407,0.017593,0.017155,0.017532,56483235.56
2020-07-20,0.017532,0.017569,0.016921,0.017175,53011888.49
2020-07-21,0.017175,0.017715,0.017134,0.017627,56808892.98
2020-07-22,0.017627,0.01798,0.017343,0.017938,54939247.87
2020-07-23,0.017938,0.018069,0.017732,0.017896,57462106.56
2020-07-24,0.017896,0.01825,0.017452,0.01794,56662616.67
2020-07-25,0.01794,0.018837,0.017903,0.018756,68510519.37
2020-07-26,0.018756,0.01935,0.018243,0.01853,77922896.18
2020-07-27,0.01853,0.019134,0.01766,0.018713,101812300.07
2020-07-28,0.018713,0.019508,0.018189,0.019105,96006876.31
2020-07-29,0.019105,0.01995,0.018916,0.019155,100508171.51
2020-07-30,0.019155,0.019389,0.018666,0.019153,71857832.17
2020-07-31,0.019153,0.019762,0.018948,0.019662,72985522.01
2020-08-01,0.019662,0.020784,0.019318,0.02044,87328239.7
2020-08-02,0.02044,0.021302,0.017705,0.019083,130543635.75
2020-08-03,0.019083,0.020122,0.018809,0.019867,78371118.4
2020-08-04,0.019867,0.020675,0.019859,0.020395,77580059.44
2020-08-05,0.020395,0.020713,0.02005,0.020315,70602024.74
2020-08-06,0.020315,0.020528,0.01992,0.02024,67400458.15
2020-08-07,0.02024,0.021091,0.018877,0.01988,82847596.11
2020-08-08,0.01988,0.020556,0.019672,0.020458,67580679.54
2020-08-09,0.020458,0.020614,0.020104,0.020437,68312551.3
2020-08-10,0.020437,0.022219,0.020432,0.021481,95668490.21
2020-08-11,0.021481,0.021528,0.019378,0.020104,93046316.64
2020-08-12,0.020104,0.020428,0.019009,0.020193,81447176.6
2020-08-13,0.020193,0.02301,0.019551,0.022366,117778571.02
2020-08-14,0.022366,0.026002,0.022356,0.024723,96141388.25
2020-08-15,0.024723,0.025711,0.023621,0.025238,44331006.56
2020-08-16,0.025238,0.028554,0.023759,0.028248,63636676.34
2020-08-17,0.028248,0.031347,0.026805,0.030368,56939759.91
2020-08-18,0.030368,0.032827,0.027388,0.028754,80846473.52
2020-08-19,0.028754,0.028903,0.025508,0.026496,68540601.16
2020-08-20,0.026496,0.027769,0.026457,0.027458,36144405.72
2020-08-21,0.027458,0.027664,0.02401,0.024233,33370164.46
2020-08-22,0.024233,0.025509,0.023311,0.02513,27622691.21
2020-08-23,0.02513,0.025247,0.023628,0.024358,22418106.78
2020-08-24,0.024358,0.025676,0.023904,0.025125,63371314.85
2020-08-25,0.025125,0.02545,0.022225,0.02296,114342209.25
2020-08-26,0.02296,0.023923,0.022767,0.023684,99812177.78
2020-08-27,0.023684,0.024485,0.022101,0.023075,94039518.99
2020-08-28,0.023075,0.024269,0.022668,0.023907,92368980.24
2020-08-29,0.023907,0.025231,0.023713,0.024908,95777359.16
2020-08-30,0.024908,0.028155,0.0249,0.026953,115381431.0
2020-08-31,0.026953,0.02977,0.025787,0.029171,135798846.11
2020-09-01,0.029171,0.036219,0.028143,0.03475,249587147.43
2020-09-02,0.03475,0.03844,0.031395,0.034491,326481777.45
2020-09-03,0.034491,0.049644,0.034151,0.040105,313141298.13
2020-09-04,0.040105,0.044625,0.031526,0.035663,284021074.55
2020-09-05,0.035663,0.036636,0.027327,0.029876,180778598.91
2020-09-06,0.029876,0.032519,0.028001,0.031411,148647037.01
2020-09-07,0.031411,0.032512,0.02843,0.032382,106262704.27
2020-09-08,0.032382,0.035498,0.031638,0.035092,129079679.4
2020-09-09,0.035092,0.035869,0.033625,0.033947,96895106.17
2020-09-10,0.033947,0.035146,0.032481,0.033057,82204473.49
2020-09-11,0.033057,0.034415,0.031458,0.033504,90655796.26
2020-09-12,0.033504,0.033526,0.032114,0.032724,74181360.49
2020-09-13,0.032724,0.032779,0.029404,0.030669,83535220.79
2020-09-14,0.030669,0.031408,0.030055,0.030418,118639166.57
2020-09-15,0.030418,0.030418,0.027563,0.027794,120736289.08
2020-09-16,0.027794,0.02985,0.026149,0.026393,184806716.18
2020-09-17,0.026393,0.028395,0.026327,0.028129,158872488.45
2020-09-18,0.028129,0.029823,0.027801,0.029066,152891980.22
2020-09-19,0.029066,0.029275,0.027578,0.027697,132669290.66
2020-09-20,0.027697,0.027724,0.026412,0.026921,125425560.53
2020-09-21,0.026921,0.02747,0.024601,0.024886,154340695.43
2020-09-22,0.024886,0.025488,0.024527,0.024999,109276843.26
2020-09-23,0.024999,0.026086,0.024685,0.02484,137580750.04
2020-09-24,0.02484,0.026347,0.024506,0.026283,121822842.43
2020-09-25,0.026283,0.027402,0.025511,0.027134,119135718.91
2020-09-26,0.027134,0.028918,0.026987,0.027194,140365050.53
2020-09-27,0.027194,0.027571,0.026,0.026568,127797840.57
2020-09-28,0.026568,0.027144,0.026141,0.026262,117477532.16
2020-09-29,0.026262,0.02642,0.025516,0.026292,108646886.87
2020-09-30,0.026292,0.026561,0.025747,0.026205,85908546.2
2020-10-01,0.026205,0.026756,0.025083,0.025825,53176556.23
2020-10-02,0.025825,0.026144,0.024,0.02589,53431652.97
2020-10-03,0.02589,0.028478,0.025746,0.027173,73172995.28
2020-10-04,0.027173,0.027383,0.025862,0.026449,49173716.39
2020-10-05,0.026449,0.026766,0.025949,0.026433,38469192.77
2020-10-06,0.026433,0.026587,0.02532,0.025548,48047916.87
2020-10-07,0.025548,0.025659,0.025023,0.025516,40048770.45
2020-10-08,0.025516,0.025989,0.025036,0.025706,40716372.54
2020-10-09,0.025706,0.026461,0.025618,0.026258,55122660.42
2020-10-10,0.026258,0.027441,0.02625,0.026441,68472693.34
2020-10-11,0.026441,0.026795,0.026074,0.026552,61598027.03
2020-10-12,0.026552,0.027861,0.025861,0.027072,59781661.36
2020-10-13,0.027072,0.02732,0.0262,0.026812,57964710.95
2020-10-14,0.026812,0.027173,0.026315,0.026755,52142309.36
2020-10-15,0.026755,0.026794,0.026308,0.02653,49377525.02
2020-10-16,0.02653,0.026605,0.025539,0.025709,51683914.41
2020-10-17,0.025709,0.026056,0.025509,0.025743,37981033.58
2020-10-18,0.025743,0.026053,0.025658,0.025925,33142344.23
2020-10-19,0.025925,0.02614,0.02566,0.025863,40433790.87
2020-10-20,0.025863,0.032033,0.025356,0.025914,133181988.92
2020-10-21,0.025914,0.027515,0.025872,0.02667,59893333.29
2020-10-22,0.02667,0.027469,0.026667,0.027086,54631932.73
2020-10-23,0.027086,0.02711,0.026239,0.026684,48782540.82
2020-10-24,0.026684,0.027285,0.026559,0.027045,30596890.79
2020-10-25,0.027045,0.02723,0.026651,0.026994,37760618.11
2020-10-26,0.026994,0.027477,0.026369,0.026755,66107058.99
2020-10-27,0.026755,0.027142,0.026723,0.027007,28520835.65
2020-10-28,0.027007,0.027346,0.026599,0.026894,66709563.1
2020-10-29,0.026894,0.02728,0.026379,0.026554,59894486.12
2020-10-30,0.026554,0.026681,0.025324,0.025618,100112294.06
2020-10-31,0.025618,0.026664,0.025449,0.025764,117685066.14
2020-11-01,0.025764,0.026016,0.025413,0.025733,70660630.17
2020-11-02,0.025733,0.025877,0.024376,0.024427,147626671.52
2020-11-03,0.024427,0.024447,0.023047,0.024403,365761538.07
2020-11-04,0.024403,0.02442,0.023715,0.024185,299107897.93
2020-11-05,0.024185,0.025046,0.024044,0.024913,221175338.48
2020-11-06,0.024913,0.026144,0.024889,0.026131,419214188.68
2020-11-07,0.026131,0.026731,0.024396,0.024832,655499731.35
2020-11-08,0.024832,0.025661,0.024595,0.025332,293923369.86
2020-11-09,0.025332,0.025599,0.024636,0.02477,415193246.76
2020-11-10,0.02477,0.025275,0.024602,0.02486,267425107.29
2020-11-11,0.02486,0.025301,0.024822,0.024956,236686391.01
2020-11-12,0.024956,0.025191,0.024752,0.024863,264032121.68
2020-11-13,0.024863,0.025481,0.024767,0.02538,240894286.58
2020-11-14,0.02538,0.025422,0.024972,0.025141,225690986.8
2020-11-15,0.025141,0.025773,0.024919,0.025291,308442050.44
2020-11-16,0.025291,0.02577,0.025091,0.025461,234428940.33
2020-11-17,0.025461,0.026617,0.025421,0.026477,355649558.92
2020-11-18,0.026477,0.027091,0.02493,0.026733,588751807.88
2020-11-19,0.026733,0.026873,0.025302,0.025772,447093486.12
2020-11-20,0.025772,0.026549,0.025717,0.026267,359029575.88
2020-11-21,0.026267,0.030698,0.026161,0.030536,940160982.88
2020-11-22,0.030536,0.030778,0.027286,0.028732,1200897377.87
2020-11-23,0.028732,0.031777,0.028292,0.031691,838444823.71
2020-11-24,0.031691,0.039046,0.031457,0.035208,2289285688.41
2020-11-25,0.035208,0.037435,0.031691,0.03307,1554091489.79
2020-11-26,0.03307,0.033848,0.027338,0.029392,2233291975.79
2020-11-27,0.029392,0.030138,0.028111,0.02935,890311391.02
2020-11-28,0.02935,0.031208,0.028652,0.030429,609216133.72
2020-11-29,0.030429,0.031191,0.029578,0.03069,377771620.65
2020-11-30,0.03069,0.03385,0.030242,0.032351,502242396.58
2020-12-01,0.032351,0.0345,0.0291,0.030197,885358400.51
2020-12-02,0.030197,0.031299,0.0298,0.031191,182908672.17
2020-12-03,0.031191,0.03192,0.03076,0.03164,101075117.91
2020-12-04,0.03164,0.0317,0.029089,0.029488,167692442.36
2020-12-05,0.029488,0.030593,0.029198,0.030545,72239066.1
2020-12-06,0.030545,0.031,0.030037,0.030916,73712531.36
2020-12-07,0.030916,0.030951,0.029925,0.030285,47818942.42
2020-12-08,0.030285,0.030293,0.027528,0.027875,195348505.26
2020-12-09,0.027875,0.028838,0.027027,0.028674,187208964.54
2020-12-10,0.028674,0.028776,0.027794,0.028067,81949809.0
2020-12-11,0.028067,0.028198,0.02741,0.027786,89543011.39
2020-12-12,0.027786,0.028788,0.027707,0.028518,58485174.3
2020-12-13,0.028518,0.029664,0.028448,0.029178,64871361.58
2020-12-14,0.029178,0.029238,0.028605,0.029091,50974500.52
2020-12-15,0.029091,0.029487,0.028696,0.029144,48686557.85
2020-12-16,0.029144,0.031372,0.02879,0.031372,88402498.71
2020-12-17,0.031372,0.032446,0.030209,0.030734,286003049.76
2020-12-18,0.030734,0.031429,0.030092,0.031077,109234476.71
2020-12-19,0.031077,0.031957,0.030825,0.031221,172364558.75
2020-12-20,0.031221,0.03284,0.030407,0.031204,526882130.28
2020-12-21,0.031204,0.031884,0.029073,0.029275,630365457.14
2020-12-22,0.029275,0.029588,0.027783,0.028872,228168146.69
2020-12-23,0.028872,0.029038,0.023771,0.024783,453985488.99
2020-12-24,0.024783,0.027765,0.024199,0.02774,362495215.93
2020-12-25,0.02774,0.029452,0.027101,0.028496,315308934.29
2020-12-26,0.028496,0.028613,0.027283,0.027791,186885958.85
2020-12-27,0.027791,0.031051,0.026683,0.028858,507453408.77
2020-12-28,0.028858,0.030386,0.028559,0.02957,375153082.64
2020-12-29,0.02957,0.030197,0.026474,0.027651,452607141.54
2020-12-30,0.027651,0.027866,0.026453,0.02693,241137841.73
2020-12-31,0.02693,0.027061,0.026,0.026786,146079648.25
2021-01-01,0.026786,0.027318,0.026502,0.026854,130375364.29
2021-01-02,0.026854,0.027925,0.026527,0.027205,192931586.46
2021-01-03,0.027205,0.029993,0.026541,0.029476,407704191.87
2021-01-04,0.029476,0.032135,0.026937,0.031049,882880574.77
2021-01-05,0.031049,0.031188,0.027,0.02851,671450448.18
2021-01-06,0.02851,0.030894,0.027852,0.030481,380929312.81
2021-01-07,0.030481,0.033276,0.030025,0.030882,718067515.78
2021-01-08,0.030882,0.031229,0.028744,0.030454,369403147.41
2021-01-09,0.030454,0.035489,0.029614,0.033819,588154504.38
2021-01-10,0.033819,0.036718,0.031133,0.03281,838756258.96
2021-01-11,0.03281,0.03281,0.027016,0.028955,717835439.04
2021-01-12,0.028955,0.030308,0.027954,0.028626,284684966.49
2021-01-13,0.028626,0.03076,0.027789,0.030734,197092972.22
2021-01-14,0.030734,0.031445,0.029278,0.030136,252608003.9
2021-01-15,0.030136,0.031365,0.028362,0.029784,349100024.93
2021-01-16,0.029784,0.0313,0.029484,0.030116,228638079.33
2021-01-17,0.030116,0.030726,0.029152,0.030198,177765604.67
2021-01-18,0.030198,0.03225,0.029658,0.031607,188004105.15
2021-01-19,0.031607,0.032343,0.030622,0.030629,189157196.44
2021-01-20,0.030629,0.031172,0.029193,0.030457,186311583.27
2021-01-21,0.030457,0.030531,0.027614,0.027642,241484552.98
2021-01-22,0.027642,0.028933,0.026405,0.028602,190430351.97
2021-01-23,0.028602,0.029442,0.028099,0.029221,103009625.36
2021-01-24,0.029221,0.030648,0.029007,0.029974,145403214.16
2021-01-25,0.029974,0.032618,0.02947,0.029495,256477592.03
2021-01-26,0.029495,0.029928,0.028456,0.029489,121566492.42
2021-01-27,0.029489,0.029489,0.027591,0.028266,165107281.99
2021-01-28,0.028266,0.029941,0.027984,0.029615,100217765.92
2021-01-29,0.029615,0.044121,0.029423,0.033335,1484002877.8
2021-01-30,0.033335,0.03357,0.030657,0.032136,671176713.75
2021-01-31,0.032136,0.034725,0.030935,0.031571,613449864.6
2021-02-01,0.031571,0.034843,0.031201,0.032964,775573393.2
2021-02-02,0.032964,0.033492,0.032298,0.03317,247539719.39
2021-02-03,0.03317,0.035209,0.03317,0.034518,297380251.68
2021-02-04,0.034518,0.03469,0.032213,0.033165,317523777.77
2021-02-05,0.033165,0.036579,0.033029,0.036272,450003556.55
2021-02-06,0.036272,0.036403,0.033542,0.035061,295815988.97
2021-02-07,0.035061,0.037288,0.034048,0.035929,454645803.29
2021-02-08,0.035929,0.041785,0.035267,0.040391,648252496.9
2021-02-09,0.040391,0.050697,0.040391,0.046001,1466486321.31
2021-02-10,0.046001,0.049686,0.041651,0.046371,954366013.01
2021-02-11,0.046371,0.058915,0.044537,0.056776,850061051.75
2021-02-12,0.056776,0.057729,0.051614,0.055597,873339421.01
2021-02-13,0.055597,0.061099,0.048012,0.059885,774897181.58
2021-02-14,0.059885,0.060124,0.05,0.055248,554757628.6
2021-02-15,0.055248,0.056191,0.046061,0.050813,856792815.29
2021-02-16,0.050813,0.055138,0.049357,0.052073,517054247.87
2021-02-17,0.052073,0.053842,0.048885,0.052586,336471771.95
2021-02-18,0.052586,0.05562,0.052123,0.054849,250097131.45
2021-02-19,0.054849,0.064227,0.054067,0.060701,506811803.41
2021-02-20,0.060701,0.063581,0.055112,0.057701,468184977.44
2021-02-21,0.057701,0.061243,0.056627,0.059377,293417171.31
2021-02-22,0.059377,0.059522,0.047556,0.054224,665520593.78
2021-02-23,0.054224,0.054535,0.037251,0.04492,1503104536.42
2021-02-24,0.04492,0.049791,0.043197,0.047987,710836608.99
2021-02-25,0.047987,0.05,0.044998,0.045303,490826995.33
2021-02-26,0.045303,0.046885,0.042356,0.045159,519167756.86
2021-02-27,0.045159,0.048338,0.045157,0.046491,254889902.18
2021-02-28,0.046491,0.046835,0.04317,0.045529,370897352.1
2021-03-01,0.045529,0.048137,0.045005,0.047817,182749275.8
2021-03-02,0.047817,0.0488,0.045473,0.046822,194269131.0
2021-03-03,0.046822,0.049648,0.046562,0.048937,144216281.65
2021-03-04,0.048937,0.053321,0.048465,0.051387,543563491.1
2021-03-05,0.051387,0.051399,0.048535,0.050161,247049221.96
2021-03-06,0.050161,0.050771,0.048625,0.050236,137246475.75
2021-03-07,0.050236,0.051791,0.050032,0.051752,100713621.23
2021-03-08,0.051752,0.0533,0.05025,0.052983,195300316.6
2021-03-09,0.052983,0.053557,0.052033,0.053204,141962346.72
2021-03-10,0.053204,0.053348,0.050447,0.051542,184268922.7
2021-03-11,0.051542,0.051795,0.04966,0.051434,156914698.19
2021-03-12,0.051434,0.051728,0.048595,0.049911,149761699.4
2021-03-13,0.049911,0.054176,0.048903,0.052818,177062506.63
2021-03-14,0.052818,0.05387,0.051,0.05115,207550081.48
2021-03-15,0.05115,0.052181,0.048305,0.050704,194418598.67
2021-03-16,0.050704,0.053179,0.049103,0.052286,176820670.64
2021-03-17,0.052286,0.055751,0.051959,0.054885,235594710.42
2021-03-18,0.054885,0.055136,0.05298,0.053236,108576680.01
2021-03-19,0.053236,0.059525,0.052195,0.058633,143499767.58
2021-03-20,0.058633,0.068286,0.058633,0.060681,279330881.58
2021-03-21,0.060681,0.064386,0.058713,0.063294,187026125.98
2021-03-22,0.063294,0.066265,0.05893,0.059388,219521919.43
2021-03-23,0.059388,0.061439,0.057481,0.058627,171674503.61
2021-03-24,0.058627,0.062214,0.053589,0.055788,190200850.1
2021-03-25,0.055788,0.056218,0.053327,0.055344,161724440.43
2021-03-26,0.055344,0.0661,0.055319,0.064677,218113381.21
2021-03-27,0.064677,0.067564,0.062745,0.063629,170396461.75
2021-03-28,0.063629,0.064711,0.062033,0.063626,72068946.96
2021-03-29,0.063626,0.0658,0.063256,0.064769,54394289.95
2021-03-30,0.064769,0.066638,0.064207,0.065968,79695430.16
2021-03-31,0.065968,0.097422,0.065516,0.092869,651730782.04
2021-04-01,0.092869,0.09472,0.08235,0.085421,406706686.48
2021-04-02,0.085421,0.092481,0.08428,0.092383,233287148.93
2021-04-03,0.092383,0.110988,0.08803,0.101421,679334970.58
2021-04-04,0.101421,0.128306,0.10001,0.12767,641662463.8
2021-04-05,0.12767,0.14914,0.125916,0.136811,772495428.9
2021-04-06,0.136811,0.138645,0.1113,0.124162,650725139.16
2021-04-07,0.124162,0.125598,0.103645,0.110242,724117433.35
2021-04-08,0.110242,0.126032,0.109981,0.123554,475212335.31
2021-04-09,0.123554,0.125064,0.114413,0.115797,225558337.46
2021-04-10,0.115797,0.127617,0.112554,0.126365,339115549.21
2021-04-11,0.126365,0.126822,0.118046,0.122071,247487657.94
2021-04-12,0.122071,0.137356,0.121553,0.128781,497333152.29
2021-04-13,0.128781,0.155063,0.128086,0.14634,642434309.64
2021-04-14,0.14634,0.156305,0.13194,0.140342,578239463.86
2021-04-15,0.140342,0.1687,0.13607,0.163924,503131303.39
2021-04-16,0.163924,0.176966,0.1266,0.161105,752519673.05
2021-04-17,0.161105,0.180003,0.153079,0.155484,540506879.74
2021-04-18,0.155484,0.156918,0.117287,0.143005,781222488.13
2021-04-19,0.143005,0.147807,0.129811,0.129932,351236711.01
2021-04-20,0.129932,0.134768,0.11744,0.132866,387733836.87
2021-04-21,0.132866,0.13561,0.12262,0.122726,207103358.6
2021-04-22,0.122726,0.129592,0.109386,0.110034,162271542.53
2021-04-23,0.110034,0.112573,0.091137,0.109068,408373745.13
2021-04-24,0.109068,0.114325,0.102131,0.102795,167566954.32
2021-04-25,0.102795,0.110008,0.096546,0.101685,103388289.87
2021-04-26,0.101685,0.117377,0.10014,0.117372,118556547.29
2021-04-27,0.117372,0.128802,0.115513,0.125977,98257943.74
2021-04-28,0.125977,0.129725,0.116273,0.122784,87171092.36
2021-04-29,0.122784,0.1252,0.117696,0.121243,56255030.52
2021-04-30,0.121243,0.132966,0.118865,0.132316,76267430.81
2021-05-01,0.132316,0.133491,0.127531,0.131095,54424210.94
2021-05-02,0.131095,0.132177,0.125216,0.127605,55218340.52
2021-05-03,0.127605,0.136501,0.127411,0.131612,58290701.65
2021-05-04,0.131612,0.131784,0.118,0.119189,130051211.65
2021-05-05,0.119189,0.14651,0.117788,0.146426,140348899.03
2021-05-06,0.146426,0.158121,0.137624,0.152177,240716862.26
2021-05-07,0.152177,0.169853,0.139655,0.147584,248749172.09
2021-05-08,0.147584,0.15279,0.141316,0.142956,134596159.48
2021-05-09,0.142956,0.145701,0.13178,0.142921,101934073.26
2021-05-10,0.142921,0.14817,0.120116,0.127082,203569354.77
2021-05-11,0.127082,0.139349,0.121458,0.138928,263009029.48
2021-05-12,0.138928,0.14716,0.11788,0.119101,211606109.98
2021-05-13,0.119101,0.126694,0.10697,0.121485,272497963.31
2021-05-14,0.121485,0.128358,0.119311,0.124827,99316123.66
2021-05-15,0.124827,0.129,0.118008,0.12074,113796032.87
2021-05-16,0.12074,0.131235,0.11481,0.119531,129173918.59
2021-05-17,0.119531,0.11977,0.108501,0.112771,128040586.87
2021-05-18,0.112771,0.119897,0.111856,0.116378,84222018.44
2021-05-19,0.116378,0.117804,0.063117,0.078882,468100507.5
2021-05-20,0.078882,0.09306,0.073601,0.0891,178949424.23
2021-05-21,0.0891,0.093181,0.071165,0.077829,106215809.83
2021-05-22,0.077829,0.079102,0.070866,0.075272,53931701.67
2021-05-23,0.075272,0.077052,0.055681,0.062882,51872303.85
2021-05-24,0.062882,0.076895,0.061801,0.07688,41530104.87
2021-05-25,0.07688,0.080984,0.071409,0.077132,38436190.21
2021-05-26,0.077132,0.084413,0.076001,0.083091,33149988.22
2021-05-27,0.083091,0.083151,0.076608,0.079285,21205765.01
2021-05-28,0.079285,0.08002,0.070226,0.072013,32918106.74
2021-05-29,0.072013,0.07445,0.067128,0.068752,27436025.19
2021-05-30,0.068752,0.073237,0.066503,0.071988,21098019.36
2021-05-31,0.071988,0.076949,0.06981,0.07676,18903947.29
2021-06-01,0.07676,0.077529,0.073657,0.07609,15243584.4
2021-06-02,0.07609,0.079604,0.074577,0.077959,11944695.61
2021-06-03,0.077959,0.08243,0.07715,0.082114,13048843.06
2021-06-04,0.082114,0.082863,0.073785,0.077104,20395242.74
2021-06-05,0.077104,0.079804,0.074207,0.075515,14068856.99
2021-06-06,0.075515,0.077479,0.075304,0.077394,7042113.18
2021-06-07,0.077394,0.078636,0.071202,0.071647,8852754.17
2021-06-08,0.071647,0.073222,0.067378,0.07248,12351592.19
2021-06-09,0.07248,0.075387,0.07,0.075365,8858731.37
2021-06-10,0.075365,0.077126,0.071442,0.072509,11797895.62
2021-06-11,0.072509,0.073312,0.068508,0.069122,7365653.1
2021-06-12,0.069122,0.069153,0.065742,0.068042,8448172.05
2021-06-13,0.068042,0.071951,0.066641,0.0716,6817093.75
2021-06-14,0.0716,0.072783,0.07,0.072068,5952545.44
2021-06-15,0.072068,0.0732,0.070926,0.071788,7218760.17
2021-06-16,0.071788,0.072772,0.068481,0.068911,13296044.8
2021-06-17,0.068911,0.073977,0.068765,0.073909,9491191.65
2021-06-18,0.073909,0.0748,0.068223,0.069502,17989572.09
2021-06-19,0.069502,0.070185,0.068251,0.068251,8202188.37
2021-06-20,0.068251,0.06864,0.063248,0.067612,8541713.76
2021-06-21,0.067612,0.068,0.053295,0.053552,23146868.37
2021-06-22,0.053552,0.05632,0.046368,0.050898,36291063.92
2021-06-23,0.050898,0.05795,0.049389,0.057939,24397564.9
2021-06-24,0.057939,0.067952,0.057787,0.066158,30707128.04
2021-06-25,0.066158,0.068587,0.060161,0.061458,21798217.65
2021-06-26,0.061458,0.062986,0.058907,0.062667,16413042.53
2021-06-27,0.062667,0.064912,0.061025,0.064781,11144352.64
2021-06-28,0.064781,0.066552,0.064221,0.065254,11051323.65
2021-06-29,0.065254,0.069833,0.065186,0.067819,12813349.05
2021-06-30,0.067819,0.068753,0.063846,0.06823,11458262.59
2021-07-01,0.06823,0.068299,0.063742,0.064829,12284507.75
2021-07-02,0.064829,0.066624,0.063275,0.06653,15730553.63
2021-07-03,0.06653,0.067358,0.065001,0.066826,15755799.69
2021-07-04,0.066826,0.068287,0.065001,0.067311,11569999.34
2021-07-05,0.067311,0.067422,0.063653,0.064529,13574143.81
2021-07-06,0.064529,0.066389,0.063921,0.064902,11600587.69
2021-07-07,0.064902,0.066,0.064194,0.064336,8385669.63
2021-07-08,0.064336,0.064471,0.060296,0.061044,10997037.85
2021-07-09,0.061044,0.062603,0.059141,0.06218,7529560.06
2021-07-10,0.06218,0.063004,0.060663,0.061362,6320177.88
2021-07-11,0.061362,0.062549,0.060595,0.061796,4556699.76
2021-07-12,0.061796,0.062866,0.059492,0.06012,5944635.12
2021-07-13,0.06012,0.060726,0.058732,0.059333,6910465.45
2021-07-14,0.059333,0.060248,0.056912,0.059852,12354011.22
2021-07-15,0.059852,0.060719,0.057057,0.05785,8403429.57
2021-07-16,0.05785,0.058806,0.055599,0.055624,7935860.59
2021-07-17,0.055624,0.056641,0.054792,0.05595,6535549.1
2021-07-18,0.05595,0.057467,0.055333,0.055908,6279398.32
2021-07-19,0.055908,0.056289,0.053278,0.053389,7987378.22
2021-07-20,0.053389,0.054222,0.049072,0.050489,11043904.5
2021-07-21,0.050489,0.055173,0.049743,0.053824,9314545.54
2021-07-22,0.053824,0.055394,0.052969,0.055287,7042042.02
2021-07-23,0.055287,0.05618,0.05374,0.055964,6254411.77
2021-07-24,0.055964,0.057938,0.055747,0.057304,7642222.87
2021-07-25,0.057304,0.058077,0.055837,0.057926,8564861.83
2021-07-26,0.057926,0.063443,0.057641,0.058463,17830879.45
2021-07-27,0.058463,0.060778,0.056966,0.060144,13288427.3
2021-07-28,0.060144,0.06191,0.059684,0.060647,12529707.26
2021-07-29,0.060647,0.062309,0.059702,0.061804,8891971.0
2021-07-30,0.061804,0.06333,0.059764,0.063284,11652437.97
2021-07-31,0.063284,0.064727,0.062384,0.063917,7307205.62
2021-08-01,0.063917,0.066816,0.062591,0.063214,12100800.86
2021-08-02,0.063214,0.065648,0.062232,0.064623,5608712.12
2021-08-03,0.064623,0.0654,0.062921,0.063902,6577288.86
2021-08-04,0.063902,0.067952,0.063555,0.067317,6751934.97
2021-08-05,0.067317,0.070915,0.066885,0.070109,10461864.09
2021-08-06,0.070109,0.072465,0.0698,0.071922,8276829.36
2021-08-07,0.071922,0.076452,0.071918,0.075252,8835340.97
2021-08-08,0.075252,0.076064,0.070726,0.071857,8588420.29
2021-08-09,0.071857,0.074782,0.06978,0.073917,8536376.03
2021-08-10,0.073917,0.075595,0.072268,0.074638,5773447.79
2021-08-11,0.074638,0.086283,0.074188,0.083441,12339224.82
2021-08-12,0.083441,0.091311,0.080572,0.084159,13963615.33
2021-08-13,0.084159,0.08957,0.083581,0.08957,7892108.09
2021-08-14,0.08957,0.093272,0.086799,0.092731,8306126.06
2021-08-15,0.092731,0.095138,0.089331,0.092995,7823238.71
2021-08-16,0.092995,0.09666,0.08835,0.089381,8556780.43
2021-08-17,0.089381,0.092174,0.084759,0.085093,8161802.69
2021-08-18,0.085093,0.087474,0.081237,0.084597,17493835.0
2021-08-19,0.084597,0.088327,0.0818,0.088259,52812805.79
2021-08-20,0.088259,0.090676,0.086452,0.090586,57775831.09
2021-08-21,0.090586,0.090619,0.08774,0.087989,53481132.0
2021-08-22,0.087989,0.09008,0.085887,0.087976,50653166.81
2021-08-23,0.087976,0.091469,0.08769,0.089917,93357536.8
2021-08-24,0.089917,0.090993,0.083798,0.084626,134648691.76
2021-08-25,0.084626,0.087696,0.082962,0.087567,96824578.32
2021-08-26,0.087567,0.088364,0.081937,0.083064,108797807.31
2021-08-27,0.083064,0.088291,0.081531,0.088279,81380318.98
2021-08-28,0.088279,0.088766,0.08636,0.088267,46021925.67
2021-08-29,0.088267,0.09038,0.086796,0.088483,85241032.64
2021-08-30,0.088483,0.088913,0.085665,0.086132,34992017.69
2021-08-31,0.086132,0.090727,0.085117,0.088776,38538621.89
2021-09-01,0.088776,0.095247,0.087262,0.095007,31773270.51
2021-09-02,0.095007,0.101928,0.094353,0.099553,51211184.01
2021-09-03,0.099553,0.10589,0.097624,0.101611,51663940.72
2021-09-04,0.101611,0.103406,0.099362,0.101513,28217286.93
2021-09-05,0.101513,0.105211,0.101013,0.105157,26177717.29
2021-09-06,0.105157,0.107247,0.101043,0.103807,26758731.97
2021-09-07,0.103807,0.10588,0.077607,0.085258,92348986.99
2021-09-08,0.085258,0.096651,0.083447,0.092751,76109182.47
2021-09-09,0.092751,0.094707,0.090186,0.092988,38672569.5
2021-09-10,0.092988,0.095792,0.08638,0.090759,41069395.16
2021-09-11,0.090759,0.096968,0.090424,0.095503,26990014.61
2021-09-12,0.095503,0.1195,0.093805,0.112463,125602501.73
2021-09-13,0.112463,0.117045,0.098793,0.104651,57281337.36
2021-09-14,0.104651,0.120133,0.104132,0.118218,55153057.5
2021-09-15,0.118218,0.122888,0.113353,0.120647,33916984.18
2021-09-16,0.120647,0.122271,0.112131,0.115961,37498682.79
2021-09-17,0.115961,0.121154,0.103614,0.105211,32094517.47
2021-09-18,0.105211,0.109072,0.103523,0.105915,15353076.83
2021-09-19,0.105915,0.107501,0.102387,0.103672,12002619.55
2021-09-20,0.103672,0.103723,0.089457,0.091406,35399676.68
2021-09-21,0.091406,0.095649,0.086662,0.088182,27545699.14
2021-09-22,0.088182,0.098762,0.08665,0.098762,18146044.56
2021-09-23,0.098762,0.100635,0.096093,0.099166,16495355.54
2021-09-24,0.099166,0.099365,0.086116,0.092263,24393541.4
2021-09-25,0.092263,0.09371,0.089268,0.090579,16824960.59
2021-09-26,0.090579,0.090807,0.083305,0.087742,22245680.33
2021-09-27,0.087742,0.090576,0.085914,0.085962,10979345.31
2021-09-28,0.085962,0.08719,0.082916,0.083075,12479220.32
2021-09-29,0.083075,0.087937,0.082609,0.08582,7948780.52
2021-09-30,0.08582,0.089591,0.085498,0.08942,8910586.41
2021-10-01,0.08942,0.094794,0.088508,0.094762,19411199.14
2021-10-02,0.094762,0.095819,0.092362,0.093464,12648941.91
2021-10-03,0.093464,0.096636,0.09266,0.094942,8285554.33
2021-10-04,0.094942,0.095137,0.089916,0.093524,10407920.12
2021-10-05,0.093524,0.098494,0.092932,0.096188,13704642.42
2021-10-06,0.096188,0.097028,0.09112,0.095446,13392090.63
2021-10-07,0.095446,0.098322,0.09336,0.095402,15656826.17
2021-10-08,0.095402,0.099411,0.095292,0.097647,11287930.36
2021-10-09,0.097647,0.105483,0.097104,0.103006,15679686.38
2021-10-10,0.103006,0.103083,0.097179,0.097507,10514575.26
2021-10-11,0.097507,0.100932,0.095257,0.097138,9905037.22
2021-10-12,0.097138,0.097138,0.091428,0.095484,42969479.82
2021-10-13,0.095484,0.097976,0.093404,0.097898,78830533.99
2021-10-14,0.097898,0.0995,0.096432,0.09727,98052212.24
2021-10-15,0.09727,0.103,0.095182,0.098629,261992376.25
2021-10-16,0.098629,0.100963,0.098176,0.098603,90634658.33
2021-10-17,0.098603,0.102128,0.096308,0.098682,141541388.61
2021-10-18,0.098682,0.099392,0.096968,0.098108,82688741.16
2021-10-19,0.098108,0.100899,0.097815,0.100567,79922740.38
2021-10-20,0.100567,0.106133,0.100093,0.103203,132798808.07
2021-10-21,0.103203,0.10587,0.099513,0.099569,155586227.48
2021-10-22,0.099569,0.102067,0.098568,0.099806,84273963.24
2021-10-23,0.099806,0.101206,0.098805,0.100648,50344808.72
2021-10-24,0.100648,0.10143,0.097241,0.099123,89116592.29
2021-10-25,0.099123,0.10143,0.098714,0.10075,44851715.26
2021-10-26,0.10075,0.10587,0.100176,0.101137,211950913.99
2021-10-27,0.101137,0.102663,0.082,0.090577,395380606.31
2021-10-28,0.090577,0.096204,0.090577,0.09527,270588619.81
2021-10-29,0.09527,0.099514,0.094677,0.099511,131366727.47
2021-10-30,0.099511,0.10465,0.097849,0.101174,257690830.94
2021-10-31,0.101174,0.10239,0.097509,0.101501,273611205.02
2021-11-01,0.101501,0.102036,0.097925,0.100508,89469270.02
2021-11-02,0.100508,0.110449,0.099814,0.107408,166278800.54
2021-11-03,0.107408,0.10921,0.102054,0.105842,190484135.6
2021-11-04,0.105842,0.107137,0.101649,0.10333,96976283.35
2021-11-05,0.10333,0.10613,0.102143,0.103477,59530693.22
2021-11-06,0.103477,0.104257,0.099473,0.102495,61865477.24
2021-11-07,0.102495,0.104865,0.101979,0.104462,40251513.55
2021-11-08,0.104462,0.11,0.104462,0.109934,71979378.94
2021-11-09,0.109934,0.115465,0.108551,0.114323,151128153.55
2021-11-10,0.114323,0.11748,0.102891,0.106696,271810820.09
2021-11-11,0.106696,0.110464,0.104868,0.10894,91857197.7
2021-11-12,0.10894,0.110716,0.104757,0.107978,101007726.36
2021-11-13,0.107978,0.114028,0.107537,0.112461,93961473.6
2021-11-14,0.112461,0.117333,0.110594,0.117001,146744986.26
2021-11-15,0.117001,0.129234,0.11571,0.12385,326048864.88
2021-11-16,0.12385,0.12385,0.105449,0.109366,397306542.55
2021-11-17,0.109366,0.113652,0.107,0.111172,147451774.96
2021-11-18,0.111172,0.112516,0.099591,0.100389,173551949.31
2021-11-19,0.100389,0.105622,0.097946,0.103909,109600396.6
2021-11-20,0.103909,0.105702,0.101572,0.105204,64816745.16
2021-11-21,0.105204,0.109656,0.104504,0.106577,80196629.56
2021-11-22,0.106577,0.107046,0.101178,0.101808,98741398.66
2021-11-23,0.101808,0.103399,0.101077,0.102846,55505883.48
2021-11-24,0.102846,0.103668,0.096223,0.097868,66128277.41
2021-11-25,0.097868,0.101131,0.097138,0.100098,53578011.65
2021-11-26,0.100098,0.101247,0.09027,0.09213,100188873.29
2021-11-27,0.09213,0.095373,0.091823,0.093404,59041292.51
2021-11-28,0.093404,0.095279,0.089413,0.095212,86339751.69
2021-11-29,0.095212,0.097164,0.094323,0.096557,56371302.65
2021-11-30,0.096557,0.099859,0.094917,0.096452,69268116.67
2021-12-01,0.096452,0.100611,0.095757,0.096872,113422784.98
2021-12-02,0.096872,0.098208,0.094998,0.097483,57740646.88
2021-12-03,0.097483,0.101913,0.093493,0.093959,87412727.35
2021-12-04,0.093959,0.093959,0.0733,0.08689,239187724.53
2021-12-05,0.08689,0.087774,0.080091,0.084313,114458455.16
2021-12-06,0.084313,0.087585,0.078944,0.087334,202756120.52
2021-12-07,0.087334,0.092613,0.086676,0.089953,139079769.54
2021-12-08,0.089953,0.09379,0.089647,0.092297,112990820.07
2021-12-09,0.092297,0.09335,0.088563,0.088608,97516027.36
2021-12-10,0.088608,0.0931,0.08743,0.087771,107680372.89
2021-12-11,0.087771,0.0918,0.086572,0.091466,68789718.23
2021-12-12,0.091466,0.092363,0.08977,0.091036,33671834.27
2021-12-13,0.091036,0.091501,0.084031,0.084958,76727450.79
2021-12-14,0.084958,0.087687,0.083795,0.087119,89695346.71
2021-12-15,0.087119,0.088829,0.08295,0.087542,87472989.32
2021-12-16,0.087542,0.088053,0.085218,0.085351,42715297.73
2021-12-17,0.085351,0.085954,0.078444,0.079566,101232071.14
2021-12-18,0.079566,0.082305,0.078674,0.08042,48499367.48
2021-12-19,0.08042,0.081761,0.079405,0.079457,43939229.04
2021-12-20,0.079457,0.080077,0.074877,0.077471,53187269.44
2021-12-21,0.077471,0.079325,0.076942,0.078848,34821517.7
2021-12-22,0.078848,0.08032,0.078385,0.079142,45594805.36
2021-12-23,0.079142,0.082732,0.078037,0.082718,47447841.91
2021-12-24,0.082718,0.083204,0.08034,0.080782,46257272.39
2021-12-25,0.080782,0.08218,0.080177,0.081484,33595822.61
2021-12-26,0.081484,0.081897,0.079705,0.081516,31587609.29
2021-12-27,0.081516,0.082749,0.080867,0.081117,31095099.94
2021-12-28,0.081117,0.08113,0.076842,0.077126,65687291.66
2021-12-29,0.077126,0.080007,0.076161,0.076468,91955611.21
2021-12-30,0.076468,0.078618,0.075,0.077802,53277752.31
2021-12-31,0.077802,0.079168,0.073571,0.075391,52298737.02
2022-01-01,0.075391,0.076809,0.075259,0.076594,26358742.83
2022-01-02,0.076594,0.078331,0.076013,0.077639,28660037.01
2022-01-03,0.077639,0.078176,0.076255,0.077047,29298283.93
2022-01-04,0.077047,0.078059,0.075767,0.075952,33368912.06
2022-01-05,0.075952,0.077462,0.069113,0.071089,68680669.15
2022-01-06,0.071089,0.071466,0.069279,0.071081,77731904.89
2022-01-07,0.071081,0.071176,0.066558,0.068136,93374904.02
2022-01-08,0.068136,0.06914,0.06402,0.065383,65325228.01
2022-01-09,0.065383,0.068,0.06492,0.066071,20204997.36
2022-01-10,0.066071,0.066921,0.060811,0.063448,108121914.31
2022-01-11,0.063448,0.065619,0.062937,0.064897,44259463.96
2022-01-12,0.064897,0.068301,0.064897,0.068058,41995771.65
2022-01-13,0.068058,0.068544,0.065945,0.066475,43710832.57
2022-01-14,0.066178,0.068477,0.064,0.067616,53627242.74
2022-01-15,0.067616,0.069343,0.06704,0.068439,31436607.42
2022-01-16,0.068439,0.070375,0.068323,0.069856,45001366.2
2022-01-17,0.069856,0.072449,0.0685,0.070852,85181367.44
2022-01-18,0.070852,0.071358,0.067444,0.068462,66328959.13
2022-01-19,0.068462,0.069654,0.066182,0.069101,69917051.81
2022-01-20,0.069101,0.072049,0.067498,0.067769,72439420.76
2022-01-21,0.067769,0.06863,0.059748,0.061099,192146261.67
2022-01-22,0.061099,0.061987,0.052698,0.056791,361114853.68
2022-01-23,0.056791,0.058528,0.05,0.057534,169548983.89
2022-01-24,0.057534,0.057534,0.051035,0.055059,284253591.12
2022-01-25,0.055059,0.056104,0.054305,0.05587,117975134.34
2022-01-26,0.05587,0.058888,0.055347,0.056211,124889816.28
2022-01-27,0.056211,0.057127,0.054472,0.056514,90222656.43
2022-01-28,0.056514,0.057656,0.055815,0.057589,64077295.98
2022-01-29,0.057589,0.060376,0.057093,0.060318,44714017.88
2022-01-30,0.060318,0.060524,0.058234,0.058643,53314046.66
2022-01-31,0.058643,0.05939,0.056674,0.059062,53772844.31
2022-02-01,0.059062,0.060268,0.058827,0.059782,39402352.11
2022-02-02,0.059782,0.0615,0.058447,0.058492,39879934.51
2022-02-03,0.058492,0.059823,0.05828,0.059759,43722000.09
2022-02-04,0.059759,0.064557,0.059634,0.064422,73385545.72
2022-02-05,0.064422,0.06621,0.063535,0.06468,47282425.1
2022-02-06,0.06468,0.066327,0.064361,0.066182,34940978.7
2022-02-07,0.066182,0.069336,0.065219,0.068502,59249256.85
2022-02-08,0.068502,0.070196,0.066791,0.068031,61808676.22
2022-02-09,0.068031,0.070028,0.067396,0.069892,47752003.28
2022-02-10,0.069892,0.071649,0.068441,0.068502,61351721.07
2022-02-11,0.068502,0.068502,0.063373,0.063968,83607401.71
2022-02-12,0.063968,0.065085,0.062159,0.063503,66279584.89
2022-02-13,0.063503,0.065009,0.063193,0.064249,34944438.36
2022-02-14,0.064249,0.0654,0.063292,0.064429,218910154.82
2022-02-15,0.064429,0.066974,0.064353,0.066822,339784330.87
2022-02-16,0.066822,0.066941,0.065449,0.066417,626517299.35
2022-02-17,0.066417,0.067161,0.061999,0.062517,116990525.73
2022-02-18,0.062517,0.06407,0.062121,0.063044,52041154.91
2022-02-19,0.063044,0.064424,0.062852,0.063515,39306098.66
2022-02-20,0.063515,0.063571,0.061064,0.061945,592934698.77
2022-02-21,0.061945,0.063716,0.059356,0.059552,1817374877.65
2022-02-22,0.059552,0.062787,0.059203,0.062698,729599674.64
2022-02-23,0.062698,0.06388,0.060702,0.060724,615019568.09
2022-02-24,0.060724,0.061816,0.056121,0.061062,1916616938.98
2022-02-25,0.061062,0.062913,0.055364,0.059413,1178558121.67
2022-02-26,0.059413,0.0617,0.058706,0.059595,556633173.37
2022-02-27,0.059595,0.060658,0.057369,0.058041,507620218.21
2022-02-28,0.058041,0.062543,0.057428,0.061767,488520608.59
2022-03-01,0.061767,0.062866,0.060984,0.062173,524084201.32
2022-03-02,0.062173,0.062866,0.060817,0.061525,580074426.28
2022-03-03,0.061525,0.061662,0.05912,0.060013,661593735.33
2022-03-04,0.060013,0.060226,0.057457,0.058218,1563707208.22
2022-03-05,0.058218,0.060927,0.057676,0.060336,1179588515.35
2022-03-06,0.060336,0.060918,0.058716,0.058868,1623817765.7
2022-03-07,0.058868,0.060627,0.057866,0.058566,1776762535.65
2022-03-08,0.058566,0.061098,0.058474,0.060507,2164597589.24
2022-03-09,0.060507,0.062616,0.060304,0.060723,1369998260.56
2022-03-10,0.060723,0.06083,0.057847,0.059874,1085347862.34
2022-03-11,0.059874,0.060874,0.058931,0.060268,955191594.74
2022-03-12,0.060268,0.060696,0.059554,0.059645,429473524.43
2022-03-13,0.059645,0.060307,0.058936,0.059289,737535379.51
2022-03-14,0.059289,0.06046,0.058936,0.060052,756401997.27
2022-03-15,0.060052,0.060674,0.059546,0.060461,700109062.75
2022-03-16,0.060461,0.0615,0.059462,0.061048,1344277002.92
2022-03-17,0.061048,0.061112,0.060543,0.060741,271508166.66
2022-03-18,0.060741,0.0618,0.060041,0.061664,391085841.94
2022-03-19,0.061664,0.062179,0.061241,0.061916,334839691.9
2022-03-20,0.061916,0.062494,0.060811,0.061502,502245842.49
2022-03-21,0.061502,0.061903,0.060731,0.061758,695131172.82
2022-03-22,0.061758,0.063894,0.061539,0.063435,741575197.76
2022-03-23,0.063435,0.064894,0.06314,0.064317,771764059.49
2022-03-24,0.064317,0.065899,0.063776,0.065611,866284009.63
2022-03-25,0.065611,0.066624,0.063839,0.064323,487372215.85
2022-03-26,0.064323,0.066363,0.063799,0.066349,548509201.94
2022-03-27,0.066349,0.069483,0.065808,0.069023,1093382724.27
2022-03-28,0.069023,0.071975,0.0685,0.068981,1922483677.39
2022-03-29,0.068981,0.072486,0.068376,0.069349,621649104.89
2022-03-30,0.069349,0.074454,0.067481,0.073302,1324461719.56
2022-03-31,0.073302,0.079498,0.073282,0.0739,2100249024.39
2022-04-01,0.0739,0.075151,0.071343,0.074941,841920957.83
2022-04-02,0.074941,0.07646,0.072849,0.073165,693885014.31
2022-04-03,0.073165,0.073709,0.072043,0.073093,359099432.88
2022-04-04,0.073093,0.073099,0.068806,0.070709,462655448.3
2022-04-05,0.070709,0.071778,0.069176,0.069318,432932726.86
2022-04-06,0.069318,0.069394,0.062979,0.063085,914608099.54
2022-04-07,0.063085,0.06481,0.062629,0.064363,485109473.36
2022-04-08,0.064363,0.065197,0.06212,0.062615,456163456.77
2022-04-09,0.062615,0.064,0.06222,0.063903,410250449.0
2022-04-10,0.063903,0.064327,0.062184,0.062314,252739230.81
2022-04-11,0.062314,0.06254,0.057771,0.058217,572048800.12
2022-04-12,0.058217,0.060437,0.057883,0.059847,348394724.85
2022-04-13,0.059847,0.061528,0.059351,0.061509,205275086.65
2022-04-14,0.061509,0.062086,0.059394,0.060096,117084086.92
2022-04-15,0.060096,0.062207,0.059849,0.061792,76008420.92
2022-04-16,0.061792,0.062247,0.060944,0.061869,68488247.85
2022-04-17,0.061869,0.062898,0.059775,0.060065,76265942.8
2022-04-18,0.060065,0.061672,0.058848,0.061492,133104799.12
2022-04-19,0.061492,0.063649,0.061092,0.063063,85397305.04
2022-04-20,0.063063,0.06347,0.061802,0.062595,83083623.55
2022-04-21,0.062595,0.074702,0.062462,0.071032,1401686222.29
2022-04-22,0.071032,0.072451,0.066319,0.066528,730674553.71
2022-04-23,0.066528,0.06931,0.066504,0.06754,201089471.14
2022-04-24,0.06754,0.067978,0.064597,0.065569,184158774.45
2022-04-25,0.065569,0.065836,0.061718,0.065274,246387108.09
2022-04-26,0.065274,0.065725,0.061568,0.061822,159315695.59
2022-04-27,0.061822,0.063763,0.06168,0.063199,118222369.62
2022-04-28,0.063199,0.064163,0.062394,0.063766,94154177.7
2022-04-29,0.063766,0.07,0.062739,0.063577,593691620.68
2022-04-30,0.063577,0.065306,0.06186,0.062592,396927667.78
2022-05-01,0.062592,0.071701,0.061655,0.070857,724139978.82
2022-05-02,0.070857,0.073582,0.064482,0.068941,640028573.93
2022-05-03,0.068941,0.075183,0.068211,0.072661,743135544.28
2022-05-04,0.072661,0.086996,0.069953,0.086131,1441257950.61
2022-05-05,0.086131,0.0897,0.071567,0.074562,1740674396.32
2022-05-06,0.074562,0.088243,0.072724,0.086374,1916054422.39
2022-05-07,0.086374,0.0888,0.0798,0.083377,1646265309.63
2022-05-08,0.083377,0.0925,0.080334,0.087891,1511399783.94
2022-05-09,0.087891,0.088051,0.071878,0.072534,1329928901.21
2022-05-10,0.072534,0.082621,0.071422,0.076789,1064658062.3
2022-05-11,0.076789,0.085,0.06161,0.074886,1623127456.96
2022-05-12,0.074886,0.081015,0.065672,0.067272,1078708109.12
2022-05-13,0.067272,0.076594,0.0665,0.074269,505148540.15
2022-05-14,0.074269,0.076268,0.070717,0.07231,244047571.13
2022-05-15,0.07231,0.072535,0.067488,0.072441,178770864.97
2022-05-16,0.072441,0.072441,0.067129,0.069097,96104705.56
2022-05-17,0.069097,0.073942,0.068925,0.072205,66734744.48
2022-05-18,0.072205,0.072867,0.069346,0.070948,69134970.66
2022-05-19,0.070948,0.074983,0.070053,0.073503,89412248.65
2022-05-20,0.073503,0.075034,0.069884,0.071223,98406390.52
2022-05-21,0.071223,0.075728,0.070453,0.074012,58280278.89
2022-05-22,0.074012,0.078653,0.07357,0.078128,49810386.14
2022-05-23,0.078128,0.082574,0.075789,0.076152,96979863.98
2022-05-24,0.076152,0.083,0.075939,0.080632,143512545.57
2022-05-25,0.080632,0.088019,0.079833,0.084789,106887796.64
2022-05-26,0.084789,0.086446,0.079,0.082191,172747377.09
2022-05-27,0.082191,0.083688,0.078263,0.080847,121354901.83
2022-05-28,0.080847,0.08269,0.078993,0.081233,70855343.59
2022-05-29,0.081233,0.082316,0.078156,0.080515,52011722.58
2022-05-30,0.080515,0.084494,0.080154,0.083258,64421783.17
2022-05-31,0.083258,0.084492,0.079305,0.084386,79231820.05
2022-06-01,0.084386,0.0925,0.082047,0.083449,190134284.82
2022-06-02,0.083449,0.085557,0.081093,0.084342,84602547.63
2022-06-03,0.084342,0.086273,0.080383,0.081062,69693086.12
2022-06-04,0.081062,0.08135,0.076238,0.080413,95423601.39
2022-06-05,0.080413,0.082637,0.079167,0.081515,53030904.41
2022-06-06,0.081515,0.08488,0.081065,0.081613,60009923.05
2022-06-07,0.081613,0.083141,0.078928,0.081815,78038833.88
2022-06-08,0.081815,0.082628,0.07958,0.08065,57157188.23
2022-06-09,0.08065,0.081953,0.080028,0.080982,42855940.36
2022-06-10,0.080982,0.081601,0.078851,0.078894,60300478.02
2022-06-11,0.078894,0.080402,0.074713,0.07616,88600185.39
2022-06-12,0.07616,0.07869,0.074145,0.076181,153161839.73
2022-06-13,0.076181,0.076711,0.060536,0.063878,830981619.84
2022-06-14,0.063878,0.064791,0.052063,0.055544,765663729.37
2022-06-15,0.055544,0.063988,0.04639,0.063216,1167059698.2
2022-06-16,0.063216,0.065805,0.05807,0.059071,555447807.41
2022-06-17,0.059071,0.063256,0.058589,0.059812,274863744.74
2022-06-18,0.059812,0.063673,0.057002,0.060865,504970991.44
2022-06-19,0.060865,0.062969,0.058387,0.06122,318743440.63
2022-06-20,0.06122,0.062035,0.059333,0.061204,182608270.32
2022-06-21,0.061204,0.066947,0.06083,0.064963,280698375.63
2022-06-22,0.064963,0.065789,0.062883,0.063103,244195767.89
2022-06-23,0.063103,0.064725,0.061826,0.063778,121845465.61
2022-06-24,0.063778,0.066707,0.063475,0.065853,106643669.41
2022-06-25,0.065853,0.066391,0.063568,0.064825,68383616.67
2022-06-26,0.064825,0.066,0.064025,0.065145,59553906.59
2022-06-27,0.065145,0.070454,0.064971,0.066991,168419218.56
2022-06-28,0.066991,0.06831,0.065083,0.065874,123373672.08
2022-06-29,0.065874,0.066624,0.064,0.064892,123661095.8
2022-06-30,0.064892,0.065987,0.06174,0.064688,192657727.04
2022-07-01,0.064688,0.066661,0.064064,0.065154,175321355.85
2022-07-02,0.065154,0.065479,0.064306,0.064749,49304155.27
2022-07-03,0.064749,0.066435,0.062445,0.066267,50061773.75
2022-07-04,0.066267,0.06765,0.06545,0.06727,141437150.23
2022-07-05,0.06727,0.069527,0.066496,0.068143,117572206.38
2022-07-06,0.068143,0.068578,0.066765,0.06752,166693266.78
2022-07-07,0.06752,0.068927,0.066098,0.068607,76202818.47
2022-07-08,0.068607,0.069789,0.0676,0.068995,44956747.12
2022-07-09,0.068995,0.071468,0.068952,0.069804,43722863.26
2022-07-10,0.069804,0.070088,0.067159,0.067624,484584323.79
2022-07-11,0.067624,0.067788,0.064494,0.064689,176007299.98
2022-07-12,0.064689,0.06577,0.064392,0.064605,109302257.36
2022-07-13,0.064605,0.066348,0.063672,0.066239,189161803.69
2022-07-14,0.066239,0.067499,0.064988,0.066793,67562061.19
2022-07-15,0.066793,0.067948,0.066518,0.067036,73514271.41
2022-07-16,0.067036,0.069392,0.066089,0.068933,134442981.08
2022-07-17,0.068933,0.069349,0.067302,0.06744,256391393.25
2022-07-18,0.06744,0.070774,0.067277,0.068818,280126900.64
2022-07-19,0.068818,0.069808,0.067641,0.069093,292585905.91
2022-07-20,0.069093,0.070313,0.067166,0.067538,214176820.85
2022-07-21,0.067538,0.068261,0.066415,0.06802,87274658.43
2022-07-22,0.06802,0.069075,0.0666,0.066996,203070364.55
2022-07-23,0.066996,0.0679,0.066011,0.066972,157997333.89
2022-07-24,0.066972,0.0678,0.06664,0.066833,89859242.78
2022-07-25,0.066833,0.066999,0.063648,0.063671,156835156.22
2022-07-26,0.063671,0.065401,0.063001,0.065371,68759795.59
2022-07-27,0.065371,0.068726,0.065031,0.068654,94155052.69
2022-07-28,0.068654,0.070466,0.0675,0.069697,553348821.85
2022-07-29,0.069697,0.072028,0.06821,0.069215,277932294.97
2022-07-30,0.069215,0.0713,0.068945,0.069054,545264711.72
2022-07-31,0.069054,0.070777,0.068603,0.068915,525726009.08
2022-08-01,0.068915,0.071444,0.068288,0.069932,484045609.68
2022-08-02,0.069932,0.070489,0.067789,0.068283,53199868.09
2022-08-03,0.068283,0.069245,0.067278,0.067762,35979266.14
2022-08-04,0.067762,0.069572,0.067603,0.068932,55737760.07
2022-08-05,0.068932,0.070134,0.068189,0.069876,41459799.08
2022-08-06,0.069876,0.070573,0.069287,0.069416,32799048.4
2022-08-07,0.069416,0.070347,0.069094,0.069567,106399957.47
2022-08-08,0.069567,0.07106,0.06954,0.070079,119337946.56
2022-08-09,0.070079,0.070976,0.068229,0.068432,160564600.75
2022-08-10,0.068432,0.070419,0.067821,0.070337,169276635.05
2022-08-11,0.070337,0.071128,0.07,0.070355,183713418.84
2022-08-12,0.070355,0.070757,0.069287,0.070463,197535706.96
2022-08-13,0.070463,0.071243,0.069538,0.069944,163082078.28
2022-08-14,0.069944,0.072395,0.069468,0.070338,337476789.8
2022-08-15,0.070338,0.071112,0.068228,0.068867,213318435.22
2022-08-16,0.068867,0.070559,0.068347,0.069736,176459079.12
2022-08-17,0.069736,0.070912,0.067948,0.06829,280986848.85
2022-08-18,0.06829,0.068735,0.067401,0.067411,328560655.76
2022-08-19,0.067411,0.067422,0.063917,0.064041,348315085.98
2022-08-20,0.064041,0.065839,0.063876,0.065786,216714782.22
2022-08-21,0.065786,0.066374,0.064538,0.065926,249752567.56
2022-08-22,0.065926,0.066304,0.064537,0.065624,231568483.16
2022-08-23,0.065624,0.066802,0.064855,0.066309,408677410.64
2022-08-24,0.066309,0.066453,0.064707,0.064822,262449034.79
2022-08-25,0.064822,0.06575,0.064698,0.065491,196960096.46
2022-08-26,0.065491,0.06564,0.061437,0.06155,306091755.64
2022-08-27,0.06155,0.062998,0.061079,0.062899,228361725.06
2022-08-28,0.062899,0.063171,0.061334,0.061347,181953340.02
2022-08-29,0.061347,0.063408,0.060898,0.063367,252323181.92
2022-08-30,0.063367,0.066997,0.062878,0.06467,631924157.51
2022-08-31,0.06467,0.065679,0.0632,0.063335,259834064.53
2022-09-01,0.063335,0.063711,0.06211,0.063247,180839017.1
2022-09-02,0.063247,0.063604,0.062288,0.062583,148855061.5
2022-09-03,0.062583,0.06313,0.062348,0.063075,113725136.33
2022-09-04,0.063075,0.063648,0.062473,0.06347,138898416.86
2022-09-05,0.06347,0.063619,0.062443,0.062988,140940917.18
2022-09-06,0.062988,0.064,0.060464,0.060679,186059559.21
2022-09-07,0.060679,0.061918,0.060046,0.061798,169094748.8
2022-09-08,0.061798,0.06192,0.060078,0.061191,256637869.31
2022-09-09,0.061191,0.063691,0.061131,0.063418,154768136.39
2022-09-10,0.063418,0.064773,0.062967,0.064752,198963352.76
2022-09-11,0.064752,0.064994,0.063485,0.064183,153793670.26
2022-09-12,0.064183,0.064758,0.063086,0.063828,181448057.39
2022-09-13,0.063828,0.063969,0.060607,0.060654,185893907.67
2022-09-14,0.060654,0.061722,0.0606,0.061589,142372583.36
2022-09-15,0.061589,0.061991,0.0606,0.061248,159111865.87
2022-09-16,0.061248,0.061611,0.0606,0.061293,143330913.21
2022-09-17,0.061293,0.062331,0.061283,0.062286,112344060.49
2022-09-18,0.062286,0.062631,0.060748,0.060794,157879774.77
2022-09-19,0.060794,0.061226,0.059286,0.060268,185411270.6
2022-09-20,0.060268,0.060634,0.059406,0.059781,170284597.08
2022-09-21,0.059781,0.061232,0.058695,0.059077,290541992.09
2022-09-22,0.059077,0.06042,0.058713,0.060217,209806838.51
2022-09-23,0.060217,0.061202,0.059245,0.060412,240596770.74
2022-09-24,0.060412,0.060935,0.059557,0.059828,322989160.21
2022-09-25,0.059828,0.060274,0.059448,0.05972,294797499.24
2022-09-26,0.05972,0.059889,0.058967,0.059591,428207186.8
2022-09-27,0.059591,0.060884,0.058949,0.059394,302483620.71
2022-09-28,0.059394,0.05994,0.058347,0.059527,362449646.5
2022-09-29,0.059527,0.061984,0.05931,0.060992,449921645.05
2022-09-30,0.060992,0.062313,0.060221,0.060937,437688452.6
2022-10-01,0.060937,0.061489,0.060069,0.060491,197823290.02
2022-10-02,0.060491,0.061972,0.060324,0.060876,272493415.68
2022-10-03,0.060876,0.0615,0.060685,0.061365,221424512.52
2022-10-04,0.061365,0.062482,0.061057,0.062324,181295884.03
2022-10-05,0.062324,0.062723,0.061878,0.062421,189174217.41
2022-10-06,0.062421,0.063225,0.061901,0.062767,214435438.79
2022-10-07,0.062767,0.063294,0.062026,0.062501,230862015.26
2022-10-08,0.062501,0.062738,0.061783,0.062058,202213554.09
2022-10-09,0.062058,0.0628,0.061898,0.062378,227259338.55
2022-10-10,0.062378,0.065227,0.06229,0.062731,481657237.31
2022-10-11,0.062731,0.062735,0.061174,0.06166,209684513.3
2022-10-12,0.06166,0.064495,0.061088,0.061729,441699885.35
2022-10-13,0.061729,0.062282,0.059384,0.060989,417263453.65
2022-10-14,0.060989,0.065458,0.060761,0.063935,762861812.24
2022-10-15,0.063935,0.065119,0.061727,0.061748,392349695.22
2022-10-16,0.061748,0.062113,0.061138,0.061827,50435396.42
2022-10-17,0.061827,0.063134,0.061646,0.062636,58525267.82
2022-10-18,0.062636,0.062995,0.061658,0.062177,77641210.86
2022-10-19,0.062177,0.063188,0.061643,0.061736,76033755.23
2022-10-20,0.061736,0.062671,0.061501,0.06216,65610750.87
2022-10-21,0.06216,0.062937,0.060694,0.061663,87439458.38
2022-10-22,0.061663,0.061988,0.061171,0.061527,54350500.03
2022-10-23,0.061527,0.061999,0.061073,0.061879,61487016.37
2022-10-24,0.061879,0.062,0.061241,0.061318,59960337.85
2022-10-25,0.061318,0.062878,0.061172,0.062296,59447587.55
2022-10-26,0.062296,0.063774,0.062276,0.063407,79098737.39
2022-10-27,0.063407,0.064153,0.062704,0.06296,86667158.31
2022-10-28,0.06296,0.063753,0.062547,0.063548,70811296.67
2022-10-29,0.063548,0.064499,0.063382,0.064297,90394170.0
2022-10-30,0.064297,0.064798,0.06292,0.063091,88441736.62
2022-10-31,0.063091,0.063397,0.062277,0.063261,73917140.66
2022-11-01,0.063261,0.063439,0.062561,0.062801,78505892.39
2022-11-02,0.062801,0.063032,0.061402,0.061574,122954614.89
2022-11-03,0.061574,0.062524,0.061473,0.061701,104540345.81
2022-11-04,0.061701,0.063824,0.061529,0.063819,154508554.23
2022-11-05,0.063819,0.064815,0.063153,0.063623,223544371.05
2022-11-06,0.063623,0.065317,0.062544,0.062731,257521171.65
2022-11-07,0.062731,0.063004,0.061802,0.062262,157987927.33
2022-11-08,0.062262,0.063084,0.05622,0.05868,1163751466.01
2022-11-09,0.05868,0.065443,0.052823,0.053444,5942892121.06
2022-11-10,0.053444,0.062,0.052376,0.057772,4634886420.6
2022-11-11,0.057772,0.058188,0.054048,0.055968,504023443.52
2022-11-12,0.055968,0.05605,0.052726,0.055019,403885663.51
2022-11-13,0.055019,0.056487,0.050354,0.050819,587502135.42
2022-11-14,0.050819,0.052694,0.045165,0.050104,915126153.13
2022-11-15,0.050104,0.051793,0.049284,0.050704,151680287.23
2022-11-16,0.050704,0.051681,0.049475,0.050192,129883939.94
2022-11-17,0.050192,0.05043,0.048872,0.050057,69650323.52
2022-11-18,0.050057,0.051054,0.050057,0.050684,62400085.14
2022-11-19,0.050684,0.052651,0.050494,0.052155,81481064.27
2022-11-20,0.052155,0.052451,0.049669,0.050046,82157213.4
2022-11-21,0.050046,0.051623,0.049187,0.051548,171030325.41
2022-11-22,0.051548,0.052593,0.048854,0.050774,213779859.82
2022-11-23,0.050774,0.051868,0.050113,0.051764,82532457.43
2022-11-24,0.051764,0.053799,0.051386,0.052825,80178232.59
2022-11-25,0.052825,0.053348,0.051994,0.052928,143522430.32
2022-11-26,0.052928,0.053674,0.052429,0.052791,101721239.71
2022-11-27,0.052791,0.054232,0.052757,0.053262,139126054.05
2022-11-28,0.053262,0.054063,0.051893,0.052992,196947071.22
2022-11-29,0.052992,0.054527,0.052759,0.053235,125539272.64
2022-11-30,0.053235,0.054785,0.053233,0.054583,120042201.43
2022-12-01,0.054583,0.055089,0.054001,0.054127,174272029.52
2022-12-02,0.054127,0.05451,0.053821,0.054389,163895105.5
2022-12-03,0.054389,0.054615,0.053534,0.053586,98057503.74
2022-12-04,0.053586,0.0541,0.052978,0.053099,151683794.1
2022-12-05,0.053099,0.053725,0.052912,0.053404,213830548.22
2022-12-06,0.053404,0.053716,0.052537,0.053696,178059511.78
2022-12-07,0.053696,0.053696,0.052352,0.053116,128974698.48
2022-12-08,0.053116,0.054598,0.052948,0.054489,95922642.64
2022-12-09,0.054489,0.055088,0.054226,0.054628,73104230.56
2022-12-10,0.054628,0.055863,0.054627,0.05482,107486359.83
2022-12-11,0.05482,0.054957,0.053718,0.053966,55985906.35
2022-12-12,0.053966,0.053973,0.051927,0.053518,161737551.5
2022-12-13,0.053518,0.054502,0.052444,0.054476,105627907.59
2022-12-14,0.054476,0.057576,0.054424,0.05559,168072713.98
2022-12-15,0.05559,0.056099,0.055151,0.055764,101744427.81
2022-12-16,0.055764,0.056163,0.052575,0.052927,293408085.45
2022-12-17,0.052927,0.05499,0.051898,0.054853,269560915.59
2022-12-18,0.054853,0.0551,0.053231,0.053769,206256476.63
2022-12-19,0.053769,0.054307,0.053071,0.053577,227653459.45
2022-12-20,0.053577,0.055273,0.053512,0.054963,136081104.15
2022-12-21,0.054963,0.055476,0.054547,0.054901,35069827.12
2022-12-22,0.054901,0.055838,0.054611,0.055528,45395622.27
2022-12-23,0.055528,0.055746,0.054128,0.054197,35811452.53
2022-12-24,0.054197,0.05482,0.054045,0.054731,19413031.69
2022-12-25,0.054731,0.054926,0.054085,0.054797,35509521.29
2022-12-26,0.054797,0.055016,0.054235,0.054589,40605005.48
2022-12-27,0.054589,0.054769,0.053653,0.054142,60851691.0
2022-12-28,0.054142,0.054662,0.053259,0.054148,86737074.48
2022-12-29,0.054148,0.054459,0.053218,0.05403,79778600.71
2022-12-30,0.05403,0.054576,0.053581,0.054388,77866269.57
2022-12-31,0.054388,0.055178,0.054345,0.054479,47535650.56
2023-01-01,0.054479,0.05498,0.054423,0.054799,31112192.06
2023-01-02,0.054799,0.055499,0.054435,0.055162,47100750.04
2023-01-03,0.055162,0.055538,0.0547,0.054827,37279853.83
2023-01-04,0.054827,0.055669,0.054384,0.054777,70923757.18
2023-01-05,0.054777,0.054983,0.053366,0.053723,52173064.37
2023-01-06,0.053723,0.05393,0.049588,0.052465,558014783.29
2023-01-07,0.052465,0.052904,0.051335,0.051999,102345130.07
2023-01-08,0.051999,0.054402,0.051239,0.054385,104347901.8
2023-01-09,0.054385,0.056683,0.053662,0.054597,127220011.97
2023-01-10,0.054597,0.054931,0.053884,0.054854,33408773.4
2023-01-11,0.054854,0.056591,0.054573,0.056505,42746997.63
2023-01-12,0.056505,0.057353,0.055757,0.057109,55140715.3
2023-01-13,0.057109,0.060719,0.056829,0.060097,60528645.18
2023-01-14,0.060097,0.065696,0.059961,0.061796,112375559.29
2023-01-15,0.061796,0.062868,0.060619,0.062304,57918961.26
2023-01-16,0.062304,0.063196,0.061252,0.06239,47869666.55
2023-01-17,0.06239,0.062612,0.061309,0.061671,37648546.07
2023-01-18,0.061671,0.062396,0.058856,0.058913,81127563.58
2023-01-19,0.058913,0.060316,0.058801,0.060081,76879266.73
2023-01-20,0.060081,0.06289,0.059912,0.062731,61145156.77
2023-01-21,0.062731,0.063684,0.061647,0.061712,109964690.42
2023-01-22,0.061712,0.062676,0.060628,0.061651,97741250.98
2023-01-23,0.061651,0.063226,0.061128,0.062733,87405383.37
2023-01-24,0.062733,0.063583,0.059823,0.060166,94254095.87
2023-01-25,0.060166,0.062859,0.059151,0.061806,98622840.31
2023-01-26,0.061806,0.062162,0.061187,0.061713,55415430.35
2023-01-27,0.061713,0.064296,0.060934,0.063585,135755881.66
2023-01-28,0.063585,0.063906,0.061991,0.063032,95945173.78
2023-01-29,0.063032,0.0645,0.062887,0.063787,89097307.63
2023-01-30,0.063787,0.0645,0.061437,0.062257,119728928.62
2023-01-31,0.062257,0.06307,0.061669,0.062192,61240648.21
2023-02-01,0.062192,0.063319,0.061368,0.063122,88545773.11
2023-02-02,0.063122,0.065399,0.062986,0.06383,98569647.25
2023-02-03,0.06383,0.064736,0.063416,0.06414,71990030.67
2023-02-04,0.06414,0.064451,0.06301,0.063797,48365865.0
2023-02-05,0.063797,0.065738,0.0632,0.064098,90206835.99
2023-02-06,0.064098,0.064502,0.062618,0.06315,64845149.88
2023-02-07,0.06315,0.0659,0.063095,0.065746,91056677.69
2023-02-08,0.065746,0.071201,0.065465,0.066928,188732629.07
2023-02-09,0.066928,0.067098,0.061905,0.062642,174931951.06
2023-02-10,0.062642,0.063954,0.062348,0.063293,93173198.02
2023-02-11,0.063293,0.064,0.063078,0.063702,46958593.58
2023-02-12,0.063702,0.0651,0.063496,0.06387,82833804.89
2023-02-13,0.06387,0.0657,0.062908,0.065566,125037368.02
2023-02-14,0.065566,0.066879,0.065023,0.066723,110353398.06
2023-02-15,0.066723,0.070898,0.06668,0.070839,113365496.0
2023-02-16,0.070839,0.071488,0.066737,0.066812,141129662.21
2023-02-17,0.066812,0.071656,0.066516,0.070346,112517485.18
2023-02-18,0.070346,0.071121,0.069678,0.070126,38479865.86
2023-02-19,0.070126,0.071601,0.069727,0.07042,35601645.1
2023-02-20,0.07042,0.073046,0.069559,0.071949,77548625.54
2023-02-21,0.071949,0.072156,0.068967,0.069459,22418779.97
2023-02-22,0.069459,0.069652,0.068056,0.069453,23218828.24
2023-02-23,0.069453,0.070427,0.069021,0.069544,25017012.1
2023-02-24,0.069544,0.069984,0.067335,0.067849,22554483.56
2023-02-25,0.067849,0.068839,0.066801,0.067848,19494222.8
2023-02-26,0.067848,0.069716,0.067808,0.069521,15935781.28
2023-02-27,0.06952,0.06969,0.06842,0.06943,22936839.98
2023-02-28,0.06943,0.06982,0.06855,0.06904,22754919.22
2023-03-01,0.06904,0.07026,0.06873,0.06985,23729800.81
2023-03-02,0.06985,0.07032,0.06895,0.06971,23188848.2
2023-03-03,0.06971,0.06981,0.06636,0.06714,30926224.33
2023-03-04,0.06714,0.06757,0.06606,0.0667,17116807.03
2023-03-05,0.0667,0.06783,0.06655,0.06724,14640946.99
2023-03-06,0.06724,0.06768,0.06664,0.06738,17906357.54
2023-03-07,0.06738,0.06774,0.06577,0.06626,29436563.08
2023-03-08,0.06626,0.06653,0.06472,0.06531,25488505.1
2023-03-09,0.06531,0.06635,0.05694,0.05864,77440224.53
2023-03-10,0.05864,0.05876,0.05553,0.05737,58185379.4
2023-03-11,0.05737,0.05892,0.05486,0.05878,41580876.89
2023-03-12,0.05878,0.06457,0.05841,0.06457,40663015.68
2023-03-13,0.06457,0.06854,0.06432,0.06694,73109786.19
2023-03-14,0.06694,0.06898,0.0657,0.06691,56433279.86
2023-03-15,0.06691,0.06785,0.06417,0.06516,31575848.96
2023-03-16,0.06516,0.067,0.06478,0.06513,22847763.03
2023-03-17,0.06513,0.06785,0.06477,0.06766,41180990.64
2023-03-18,0.06766,0.06808,0.0652,0.06575,33191797.64
2023-03-19,0.06575,0.06746,0.06563,0.06649,29572538.28
2023-03-20,0.06649,0.06694,0.0648,0.06502,30422057.88
2023-03-21,0.06502,0.0673,0.06492,0.06698,23789828.37
2023-03-22,0.06698,0.06828,0.05689,0.05977,154719930.71
2023-03-23,0.05977,0.06657,0.05939,0.06516,45774785.41
2023-03-24,0.06516,0.06551,0.06272,0.06337,40292938.82
2023-03-25,0.06337,0.06435,0.06272,0.06368,17170962.27
2023-03-26,0.06368,0.06491,0.06334,0.06412,13615162.58
2023-03-27,0.06412,0.0644,0.06188,0.06355,24767413.51
2023-03-28,0.06355,0.06448,0.06333,0.06419,16710036.36
2023-03-29,0.06419,0.06545,0.06395,0.06435,19986019.53
2023-03-30,0.06435,0.06544,0.06362,0.06478,20697637.55
2023-03-31,0.06478,0.06615,0.06439,0.06553,19985122.52
2023-04-01,0.06553,0.06716,0.06535,0.06641,14186426.25
2023-04-02,0.06641,0.06691,0.06487,0.06523,14765945.81
2023-04-03,0.06523,0.06623,0.0643,0.06574,16827563.07
2023-04-04,0.06574,0.0668,0.06559,0.06572,20372894.09
2023-04-05,0.06572,0.06669,0.06537,0.06616,23078624.73
2023-04-06,0.06616,0.0667,0.06554,0.06608,22954779.96
2023-04-07,0.06608,0.0665,0.06558,0.06605,14544645.34
2023-04-08,0.06605,0.06655,0.06572,0.06613,19691712.73
2023-04-09,0.06613,0.06687,0.06591,0.06662,14294135.0
2023-04-10,0.06662,0.06745,0.06619,0.0673,18300583.28
2023-04-11,0.0673,0.06777,0.06535,0.0664,37588103.31
2023-04-12,0.0664,0.06645,0.06212,0.06513,36515181.36
2023-04-13,0.06513,0.06547,0.06447,0.06524,17320413.14
2023-04-14,0.06524,0.06699,0.06514,0.06619,21025926.24
2023-04-15,0.06619,0.06625,0.06552,0.06587,13894827.57
2023-04-16,0.06587,0.06668,0.06563,0.06654,12940417.09
2023-04-17,0.06654,0.06665,0.06535,0.06575,18507005.53
2023-04-18,0.06575,0.06681,0.06552,0.06677,19985281.41
2023-04-19,0.06677,0.06715,0.06495,0.06564,29375660.15
2023-04-20,0.06564,0.06666,0.06462,0.06541,26423338.1
2023-04-21,0.06541,0.06602,0.0643,0.06497,22382346.23
2023-04-22,0.06497,0.06622,0.06485,0.0661,16257459.53
2023-04-23,0.0661,0.06698,0.06554,0.06671,13634250.26
2023-04-24,0.06671,0.06698,0.06585,0.06609,17896412.48
2023-04-25,0.06609,0.0662,0.06525,0.06585,20390004.39
2023-04-26,0.06585,0.06712,0.06392,0.06508,27792927.8
2023-04-27,0.06508,0.06608,0.065,0.06577,17682633.02
2023-04-28,0.06577,0.06668,0.0656,0.06667,16219298.32
2023-04-29,0.06667,0.06822,0.06663,0.06799,13535718.42
2023-04-30,0.06799,0.06806,0.06719,0.06719,21282955.35
2023-05-01,0.06719,0.06935,0.06677,0.06852,23738308.2
2023-05-02,0.06852,0.06991,0.06717,0.06923,21986730.93
2023-05-03,0.06923,0.06958,0.06814,0.06927,23474928.2
2023-05-04,0.06927,0.06967,0.06894,0.0694,25609084.18
2023-05-05,0.0694,0.07136,0.06938,0.07091,31763235.8
2023-05-06,0.07091,0.07108,0.0696,0.07025,21300304.28
2023-05-07,0.07025,0.07048,0.06905,0.06921,17079561.72
2023-05-08,0.06921,0.06938,0.06713,0.06851,23491168.21
2023-05-09,0.06851,0.06932,0.06792,0.06905,17081519.98
2023-05-10,0.06905,0.0704,0.0681,0.06934,36753370.07
2023-05-11,0.06934,0.06959,0.06684,0.06773,23781047.08
2023-05-12,0.06773,0.0693,0.06718,0.06908,23165728.6
2023-05-13,0.06908,0.0696,0.06845,0.06933,19935609.93
2023-05-14,0.06933,0.06976,0.06883,0.0694,15046404.52
2023-05-15,0.0694,0.07051,0.06905,0.07025,19236609.64
2023-05-16,0.07025,0.07077,0.06993,0.07054,23908226.86
2023-05-17,0.07054,0.07139,0.07021,0.0712,18514267.39
2023-05-18,0.0712,0.07137,0.06984,0.07018,20117699.21
2023-05-19,0.07018,0.07083,0.07007,0.07067,14834400.61
2023-05-20,0.07067,0.07295,0.07053,0.07257,16289272.07
2023-05-21,0.07257,0.07686,0.07199,0.07504,20106030.07
2023-05-22,0.07504,0.07931,0.07427,0.07797,25357209.9
2023-05-23,0.07797,0.0797,0.07762,0.07849,18540545.36
2023-05-24,0.07849,0.07855,0.07642,0.07686,19072099.72
2023-05-25,0.07686,0.07835,0.07663,0.07677,16958881.01
2023-05-26,0.07677,0.07745,0.07531,0.07535,19816311.77
2023-05-27,0.07535,0.07723,0.07519,0.07715,22792128.36
2023-05-28,0.07715,0.07805,0.07673,0.07743,23947832.73
2023-05-29,0.07743,0.07807,0.07606,0.07609,20392084.04
2023-05-30,0.07609,0.077,0.07572,0.07637,21544008.14
2023-05-31,0.07637,0.07665,0.07508,0.07522,22256616.72
2023-06-01,0.07522,0.07544,0.07406,0.07477,17416548.48
2023-06-02,0.07477,0.084,0.07465,0.08271,28760898.73
2023-06-03,0.08271,0.08579,0.08094,0.08177,24367227.41
2023-06-04,0.08177,0.08289,0.08016,0.08142,16842949.47
2023-06-05,0.08142,0.08187,0.07745,0.07832,22304702.26
2023-06-06,0.07832,0.07918,0.07739,0.07816,24327832.9
2023-06-07,0.07816,0.0789,0.07627,0.07677,31505489.58
2023-06-08,0.07677,0.07805,0.07614,0.07742,23980927.88
2023-06-09,0.07742,0.0784,0.0711,0.07199,18518392.2
2023-06-10,0.07199,0.07202,0.0645,0.06961,29925534.77
2023-06-11,0.06961,0.07057,0.06821,0.07023,9882955.77
2023-06-12,0.07023,0.07126,0.06928,0.07115,10148266.49
2023-06-13,0.07115,0.07273,0.07107,0.07192,16528971.77
2023-06-14,0.07192,0.07286,0.07011,0.071,13864077.33
2023-06-15,0.071,0.07217,0.06943,0.07098,16476476.93
2023-06-16,0.07098,0.07126,0.06892,0.07052,14113352.29
2023-06-17,0.07052,0.07174,0.07029,0.07164,12573422.06
2023-06-18,0.07164,0.07205,0.06956,0.07016,13418351.27
2023-06-19,0.07016,0.07038,0.06948,0.06999,13296463.88
2023-06-20,0.06999,0.07063,0.068,0.07057,13791053.96
2023-06-21,0.07057,0.07267,0.07027,0.07233,20608816.45
2023-06-22,0.07233,0.07417,0.07141,0.07229,18705937.82
2023-06-23,0.07229,0.0737,0.07152,0.07314,13856018.86
2023-06-24,0.07314,0.07346,0.07145,0.07219,12281171.68
2023-06-25,0.07219,0.07375,0.07204,0.07314,12745046.03
2023-06-26,0.07314,0.07473,0.07235,0.07383,18847158.29
2023-06-27,0.07383,0.07536,0.07376,0.07433,18967592.79
2023-06-28,0.07433,0.07451,0.07262,0.07375,14756430.17
2023-06-29,0.07375,0.07481,0.0734,0.07445,15778162.61
2023-06-30,0.07445,0.07682,0.07421,0.07622,19463927.32
2023-07-01,0.07622,0.0777,0.07605,0.07725,24714273.46
2023-07-02,0.07725,0.07739,0.07518,0.07602,10552902.84
2023-07-03,0.07602,0.07783,0.0758,0.07729,21421363.41
2023-07-04,0.07729,0.07847,0.07696,0.07702,14005082.84
2023-07-05,0.07702,0.07791,0.07662,0.07707,15612743.89
2023-07-06,0.07707,0.07858,0.07692,0.07709,17771496.75
2023-07-07,0.07709,0.07963,0.07682,0.07882,14667773.3
2023-07-08,0.07882,0.08008,0.07867,0.08006,8592251.8
2023-07-09,0.08006,0.08044,0.07735,0.07748,10841976.15
2023-07-10,0.07748,0.07804,0.0762,0.07755,11699420.43
2023-07-11,0.07755,0.07756,0.07678,0.07734,11201686.09
2023-07-12,0.07734,0.07815,0.07713,0.07787,12827895.6
2023-07-13,0.07787,0.08235,0.07767,0.08168,23965993.12
2023-07-14,0.08168,0.08248,0.07874,0.07986,24543802.62
2023-07-15,0.07986,0.08156,0.07986,0.08081,22486004.44
2023-07-16,0.08081,0.08093,0.07891,0.07979,12293282.22
2023-07-17,0.07979,0.08053,0.07899,0.07996,17488826.2
2023-07-18,0.07996,0.08093,0.0789,0.0798,15101012.57
2023-07-19,0.0798,0.08049,0.07932,0.08027,29349465.35
2023-07-20,0.08027,0.08115,0.07995,0.08071,20735428.23
2023-07-21,0.08071,0.08153,0.08044,0.08044,18007829.61
2023-07-22,0.08044,0.09429,0.08025,0.08392,25056798.25
2023-07-23,0.08392,0.08507,0.08271,0.08338,56893571.29
2023-07-24,0.08338,0.08338,0.08042,0.08149,45827014.59
2023-07-25,0.08149,0.08228,0.08014,0.08189,21958475.86
2023-07-26,0.08189,0.08252,0.08041,0.08241,73201821.18
2023-07-27,0.08241,0.08302,0.08205,0.08265,129959631.0
2023-07-28,0.08265,0.08544,0.08264,0.08508,38238944.79
2023-07-29,0.08508,0.08531,0.08309,0.0832,18134456.99
2023-07-30,0.0832,0.08374,0.0792,0.07999,12375239.83
2023-07-31,0.07999,0.08035,0.07741,0.07791,33893543.57
2023-08-01,0.07791,0.07866,0.07647,0.07863,17968702.99
2023-08-02,0.07863,0.0787,0.07625,0.07632,20773643.52
2023-08-03,0.07632,0.07752,0.07617,0.07714,18379360.5
2023-08-04,0.07714,0.07786,0.07629,0.07678,22543909.47
2023-08-05,0.07678,0.07768,0.07576,0.07754,22610398.87
2023-08-06,0.07754,0.07756,0.07667,0.077,14058773.14
2023-08-07,0.077,0.07725,0.076,0.07686,27157708.14
2023-08-08,0.07686,0.0773,0.07625,0.07679,24481557.92
2023-08-09,0.07679,0.07708,0.07616,0.07674,22421425.2
2023-08-10,0.07674,0.07753,0.07664,0.07734,17029936.82
2023-08-11,0.07734,0.0775,0.07679,0.07723,15820218.44
2023-08-12,0.07723,0.07753,0.07719,0.0775,10522156.72
2023-08-13,0.0775,0.07761,0.07698,0.07711,17199680.85
2023-08-14,0.07711,0.07763,0.07702,0.07748,16498371.5
2023-08-15,0.07748,0.07753,0.07623,0.07633,15008569.83
2023-08-16,0.07633,0.07677,0.07407,0.07465,14809508.43
2023-08-17,0.07465,0.07561,0.07189,0.07265,25459441.67
2023-08-18,0.07265,0.07348,0.072,0.07297,17768536.29
2023-08-19,0.07297,0.07418,0.07294,0.07408,23153395.15
2023-08-20,0.07408,0.0764,0.07402,0.07592,10931465.63
2023-08-21,0.07592,0.07624,0.07414,0.0751,12081073.89
2023-08-22,0.0751,0.0756,0.07413,0.07548,14861699.87
2023-08-23,0.07548,0.0779,0.07546,0.07761,14387062.55
2023-08-24,0.07761,0.07794,0.07618,0.07662,15092539.47
2023-08-25,0.07662,0.07736,0.07623,0.07722,22830534.06
2023-08-26,0.07722,0.07763,0.07715,0.07745,8101269.99
2023-08-27,0.07745,0.0776,0.07712,0.07754,14143721.99
2023-08-28,0.07754,0.07758,0.07624,0.07634,12565122.05
2023-08-29,0.07634,0.07797,0.0759,0.07732,13954169.79
2023-08-30,0.07732,0.07732,0.07544,0.07562,12243946.16
2023-08-31,0.07562,0.07696,0.07517,0.07672,11484452.28
2023-09-01,0.07672,0.0775,0.07578,0.07607,15013501.43
2023-09-02,0.07607,0.07715,0.07598,0.07701,19722552.16
2023-09-03,0.07701,0.07714,0.07665,0.07704,7674805.31
2023-09-04,0.07704,0.07754,0.0767,0.07751,15775735.2
2023-09-05,0.07751,0.0778,0.077,0.07746,16066706.19
2023-09-06,0.07746,0.07896,0.07725,0.07894,14433065.73
2023-09-07,0.07894,0.07943,0.07869,0.07912,11154981.92
2023-09-08,0.07912,0.07948,0.07828,0.07917,10030945.37
2023-09-09,0.07917,0.0792,0.07869,0.07918,8733362.72
2023-09-10,0.07918,0.07921,0.0778,0.0783,7153064.25
2023-09-11,0.0783,0.07885,0.077,0.07755,13602144.53
2023-09-12,0.07755,0.08282,0.07746,0.08074,13093164.09
2023-09-13,0.08074,0.082,0.08025,0.08122,14763831.87
2023-09-14,0.08122,0.08395,0.08091,0.08376,13215391.85
2023-09-15,0.08376,0.0842,0.08288,0.08404,12746974.78
2023-09-16,0.08404,0.08452,0.08329,0.08351,11421025.29
2023-09-17,0.08351,0.08387,0.08305,0.08335,14711047.6
2023-09-18,0.08335,0.08479,0.083,0.08389,20678952.74
2023-09-19,0.08389,0.08489,0.08372,0.08456,9873864.7
2023-09-20,0.08456,0.08503,0.08414,0.08444,15941905.44
2023-09-21,0.08444,0.08476,0.08275,0.08301,11869548.96
2023-09-22,0.08301,0.08436,0.08284,0.08333,14319349.15
2023-09-23,0.08333,0.08391,0.08318,0.08362,7435237.17
2023-09-24,0.08362,0.08448,0.08343,0.08359,6858742.71
2023-09-25,0.08359,0.08489,0.08325,0.08466,9993151.65
2023-09-26,0.08466,0.08497,0.08414,0.08472,12659446.0
2023-09-27,0.08472,0.086,0.0847,0.08548,11944770.42
2023-09-28,0.08548,0.08677,0.08442,0.08674,12672090.48
2023-09-29,0.08674,0.08983,0.08674,0.08912,11017340.32
2023-09-30,0.08912,0.0894,0.08839,0.0886,8546823.38
2023-10-01,0.0886,0.09042,0.08793,0.0901,8409070.61
2023-10-02,0.0901,0.09038,0.08732,0.08743,10794160.48
2023-10-03,0.08743,0.09107,0.08732,0.09093,11768363.07
2023-10-04,0.09093,0.09093,0.0882,0.0889,9498853.07
2023-10-05,0.0889,0.08952,0.08815,0.08823,11929273.2
2023-10-06,0.08823,0.08892,0.08531,0.08722,14133024.71
2023-10-07,0.08722,0.08839,0.08712,0.08807,8105139.64
2023-10-08,0.08807,0.08836,0.08744,0.08795,7069731.83
2023-10-09,0.08795,0.08831,0.0854,0.08613,38150828.01
2023-10-10,0.08613,0.08667,0.08601,0.08622,30391936.07
2023-10-11,0.08622,0.08663,0.0856,0.08603,51838325.32
2023-10-12,0.08603,0.08653,0.08472,0.08481,73426376.16
2023-10-13,0.08481,0.08583,0.08476,0.08549,59815092.46
2023-10-14,0.08549,0.08577,0.085,0.085,52078189.45
2023-10-15,0.085,0.0868,0.0848,0.08667,54653276.8
2023-10-16,0.08667,0.09068,0.0866,0.08886,143173733.1
2023-10-17,0.08886,0.08891,0.08733,0.08855,104319975.2
2023-10-18,0.08855,0.08949,0.08844,0.08915,116903534.15
2023-10-19,0.08915,0.08999,0.08836,0.08999,114683967.1
2023-10-20,0.08999,0.09208,0.08984,0.09074,147593139.8
2023-10-21,0.09074,0.09184,0.09049,0.09158,110963123.88
2023-10-22,0.09158,0.0919,0.08968,0.09032,117871691.16
2023-10-23,0.09032,0.09402,0.08998,0.0922,183474361.4
2023-10-24,0.0922,0.09394,0.09182,0.09235,198559379.85
2023-10-25,0.09235,0.09412,0.09224,0.0935,136261546.44
2023-10-26,0.0935,0.09377,0.09201,0.09285,153032219.36
2023-10-27,0.09285,0.09409,0.0926,0.09353,122711875.02
2023-10-28,0.09353,0.09469,0.09324,0.09433,102122597.16
2023-10-29,0.09433,0.09515,0.09411,0.0949,82334424.45
2023-10-30,0.0949,0.09564,0.09402,0.09558,115472539.75
2023-10-31,0.09558,0.09716,0.09551,0.09714,154187530.66
2023-11-01,0.09714,0.10065,0.09686,0.10015,224152445.77
2023-11-02,0.10015,0.10119,0.09862,0.09919,141023345.49
2023-11-03,0.09919,0.0992,0.09706,0.09723,130632752.8
2023-11-04,0.09723,0.09822,0.09687,0.09764,97989426.33
2023-11-05,0.09764,0.09892,0.09733,0.09807,91223728.47
2023-11-06,0.09807,0.09898,0.09641,0.09765,131072700.29
2023-11-07,0.09765,0.09783,0.09593,0.09658,106237069.81
2023-11-08,0.09658,0.09867,0.0963,0.09832,104372138.72
2023-11-09,0.09832,0.10088,0.09737,0.0989,205569630.58
2023-11-10,0.0989,0.11301,0.0989,0.10625,388443271.83
2023-11-11,0.10625,0.10891,0.10489,0.10797,146285427.12
2023-11-12,0.10797,0.10887,0.10617,0.10851,107241352.82
2023-11-13,0.10851,0.1106,0.10686,0.10687,170372834.22
2023-11-14,0.10687,0.10709,0.10191,0.10224,205847336.98
2023-11-15,0.10224,0.10465,0.10213,0.10405,178993548.15
2023-11-16,0.10405,0.1047,0.10154,0.10235,144909922.02
2023-11-17,0.10235,0.10387,0.10182,0.10372,115164932.69
2023-11-18,0.10372,0.10376,0.10117,0.10292,100148573.3
2023-11-19,0.10292,0.1038,0.1017,0.10348,86735186.22
2023-11-20,0.10348,0.105,0.10086,0.10099,141587870.18
2023-11-21,0.10099,0.10194,0.09571,0.09611,232268514.43
2023-11-22,0.09611,0.10217,0.096,0.10114,236018974.28
2023-11-23,0.10114,0.1022,0.10081,0.10206,88995933.99
2023-11-24,0.10206,0.10525,0.10203,0.10457,171051833.13
2023-11-25,0.10457,0.109,0.10445,0.10895,171796510.07
2023-11-26,0.10895,0.10997,0.10708,0.10779,119603044.85
2023-11-27,0.10779,0.108,0.1018,0.10191,185184778.8
2023-11-28,0.10191,0.1037,0.0999,0.10294,201840471.24
2023-11-29,0.10294,0.10407,0.10276,0.10342,131225281.69
2023-11-30,0.10342,0.10428,0.10291,0.10346,118969526.46
2023-12-01,0.10346,0.10414,0.10264,0.10307,112938528.9
2023-12-02,0.10307,0.10367,0.10226,0.10317,93228762.35
2023-12-03,0.10317,0.104,0.10255,0.10308,101931119.33
2023-12-04,0.10308,0.10583,0.1021,0.10385,197192134.44
2023-12-05,0.10385,0.10417,0.10249,0.10357,131293887.03
2023-12-06,0.10357,0.1062,0.10227,0.10476,217569504.48
2023-12-07,0.10476,0.10557,0.103,0.10417,131977388.28
2023-12-08,0.10417,0.1072,0.10417,0.10664,189044063.88
2023-12-09,0.10664,0.10866,0.10631,0.10665,166751979.32
2023-12-10,0.10665,0.10847,0.10647,0.10783,116840066.5
2023-12-11,0.10783,0.10794,0.10111,0.10382,205286947.32
2023-12-12,0.10382,0.10512,0.103,0.1036,129173436.92
2023-12-13,0.1036,0.10452,0.10187,0.10429,134936090.38
2023-12-14,0.10429,0.10606,0.1036,0.106,124500678.65
2023-12-15,0.106,0.10628,0.10141,0.10157,145014832.59
2023-12-16,0.10157,0.10317,0.10112,0.10283,114132743.45
2023-12-17,0.10283,0.10343,0.102,0.10203,94277944.3
2023-12-18,0.10203,0.10207,0.09773,0.10089,202156774.53
2023-12-19,0.10089,0.10163,0.10003,0.1006,112959430.48
2023-12-20,0.1006,0.10329,0.10057,0.10272,112035198.87
2023-12-21,0.10272,0.10491,0.10259,0.10464,108905322.47
2023-12-22,0.10464,0.10508,0.10379,0.10508,106442484.76
2023-12-23,0.10508,0.10694,0.10398,0.10675,114650475.56
2023-12-24,0.10675,0.1075,0.10538,0.10618,136046209.29
2023-12-25,0.10618,0.10838,0.1055,0.10586,165596458.15
2023-12-26,0.10586,0.10651,0.10205,0.10304,197932794.45
2023-12-27,0.10304,0.1054,0.10245,0.10535,120125722.25
2023-12-28,0.10535,0.10641,0.10449,0.10545,155047238.43
2023-12-29,0.10545,0.10672,0.10461,0.10561,142987819.78
2023-12-30,0.10561,0.10721,0.10514,0.10595,105759064.41
2023-12-31,0.10595,0.10899,0.10562,0.10764,131257757.62
2024-01-01,0.10764,0.10832,0.1061,0.10772,105068697.42
2024-01-02,0.10772,0.11052,0.10753,0.10836,175310100.11
2024-01-03,0.10836,0.10997,0.1035,0.10676,318134886.17
2024-01-04,0.10676,0.10867,0.1063,0.10697,169670578.9
2024-01-05,0.10697,0.10711,0.10329,0.10438,158953318.95
2024-01-06,0.10438,0.10439,0.10177,0.10386,118909368.98
2024-01-07,0.10386,0.1041,0.10255,0.10277,86955449.88
2024-01-08,0.10277,0.10424,0.10115,0.10419,171859924.56
2024-01-09,0.10419,0.10451,0.10162,0.10276,163274792.37
2024-01-10,0.10276,0.10577,0.10274,0.10526,167984364.76
2024-01-11,0.10526,0.1076,0.10476,0.10619,201807605.37
2024-01-12,0.10619,0.10799,0.10581,0.10684,202826138.4
2024-01-13,0.10684,0.11629,0.10624,0.11423,447895826.53
2024-01-14,0.11423,0.11767,0.11105,0.11122,229197238.06
2024-01-15,0.11122,0.1144,0.10782,0.10866,209798516.4
2024-01-16,0.10866,0.11052,0.10744,0.10806,183414041.11
2024-01-17,0.10806,0.10932,0.10746,0.10838,119228584.13
2024-01-18,0.10838,0.10986,0.10688,0.10812,167904756.64
2024-01-19,0.10812,0.1105,0.10687,0.1105,183283863.86
2024-01-20,0.1105,0.11088,0.10971,0.11004,90411032.49
2024-01-21,0.11004,0.11161,0.1089,0.10896,98049906.51
2024-01-22,0.10896,0.10986,0.108,0.1093,164856316.55
2024-01-23,0.1093,0.10995,0.10615,0.10721,203476776.26
2024-01-24,0.10721,0.10883,0.10691,0.10881,123866273.01
2024-01-25,0.10881,0.11245,0.10855,0.11212,167239668.23
2024-01-26,0.11212,0.11522,0.11208,0.11448,165571958.85
2024-01-27,0.11448,0.11656,0.11211,0.11245,131479869.24
2024-01-28,0.11245,0.1135,0.11158,0.11224,113185968.25
2024-01-29,0.11224,0.11432,0.11205,0.11304,160706882.88
2024-01-30,0.11304,0.11311,0.11175,0.11206,110428920.16
2024-01-31,0.11206,0.11372,0.11145,0.11225,199529500.09
2024-02-01,0.11225,0.11579,0.11178,0.11564,164642457.62
2024-02-02,0.11564,0.11796,0.11552,0.1163,146760731.39
2024-02-03,0.1163,0.11742,0.11603,0.11723,69327375.31
2024-02-04,0.11723,0.11898,0.117,0.11842,102599167.35
2024-02-05,0.11842,0.11987,0.1179,0.11897,70283128.8
2024-02-06,0.11897,0.12745,0.11892,0.12102,20917634.3
2024-02-07,0.12102,0.12634,0.12095,0.1236,20997296.14
2024-02-08,0.1236,0.12682,0.1211,0.1219,33059580.78
2024-02-09,0.1219,0.12383,0.12176,0.12369,29389241.48
2024-02-10,0.12369,0.12453,0.123,0.12435,12723776.31
2024-02-11,0.12435,0.12489,0.12406,0.12421,10048255.89
2024-02-12,0.12421,0.12575,0.12358,0.125,27307545.87
2024-02-13,0.125,0.12699,0.12453,0.12686,22550053.0
2024-02-14,0.12686,0.12989,0.1265,0.12957,26589319.88
2024-02-15,0.12957,0.13177,0.12365,0.13104,39631835.69
2024-02-16,0.13104,0.13288,0.13081,0.13282,28304603.5
2024-02-17,0.13282,0.1394,0.13257,0.13589,49796660.73
2024-02-18,0.13589,0.13606,0.13471,0.13518,21150901.64
2024-02-19,0.13518,0.13676,0.13506,0.13636,44591781.65
2024-02-20,0.13636,0.13995,0.1358,0.1392,53259887.38
2024-02-21,0.1392,0.14048,0.13838,0.13975,49174307.71
2024-02-22,0.13975,0.14017,0.13864,0.13901,50533951.42
2024-02-23,0.13901,0.1393,0.13763,0.13816,40577069.83
2024-02-24,0.13816,0.13832,0.137,0.13743,20272969.47
2024-02-25,0.13743,0.13802,0.13725,0.13764,25535640.59
2024-02-26,0.13764,0.13996,0.13733,0.13983,59457244.44
2024-02-27,0.13983,0.14406,0.13971,0.14286,68991133.17
2024-02-28,0.14286,0.1441,0.13929,0.14213,82371608.34
2024-02-29,0.14213,0.14371,0.14032,0.1405,62263578.69
2024-03-01,0.1405,0.1415,0.13557,0.14147,40912411.51
2024-03-02,0.14147,0.14172,0.14012,0.14118,29707729.74
2024-03-03,0.14118,0.14128,0.13937,0.14064,37571966.21
2024-03-04,0.14064,0.14177,0.13919,0.14016,49879871.51
2024-03-05,0.14016,0.1404,0.1349,0.13585,96149393.96
2024-03-06,0.13585,0.13827,0.13547,0.13774,69959211.05
2024-03-07,0.13774,0.138,0.13637,0.1371,49667495.78
2024-03-08,0.1371,0.1381,0.13604,0.13663,42164485.0
2024-03-09,0.13663,0.13711,0.13557,0.13579,31440432.74
2024-03-10,0.13579,0.13609,0.13348,0.13376,40887381.79
2024-03-11,0.13376,0.13426,0.13193,0.13372,65162098.91
2024-03-12,0.13372,0.13406,0.13066,0.13142,94292127.04
2024-03-13,0.13142,0.1323,0.13107,0.13195,67268455.1
2024-03-14,0.13195,0.13201,0.1278,0.12913,86396722.34
2024-03-15,0.12913,0.12936,0.12535,0.12632,105775910.84
2024-03-16,0.12632,0.12735,0.1248,0.12526,57274093.99
2024-03-17,0.12526,0.12651,0.12431,0.12624,47475597.87
2024-03-18,0.12624,0.12671,0.12304,0.12407,51521944.0
2024-03-19,0.12407,0.12435,0.11047,0.11242,71284751.78
2024-03-20,0.11242,0.12116,0.11039,0.12072,32585703.65
2024-03-21,0.12072,0.12193,0.1204,0.12114,49684212.5
2024-03-22,0.12114,0.12151,0.11496,0.11737,57514692.77
2024-03-23,0.11737,0.11974,0.11601,0.11823,17452088.88
2024-03-24,0.11823,0.12051,0.11645,0.12015,23369859.93
2024-03-25,0.12015,0.12102,0.11713,0.12042,42258049.25
2024-03-26,0.12042,0.12238,0.12034,0.12079,42475675.15
2024-03-27,0.12079,0.12148,0.119,0.1193,42077686.88
2024-03-28,0.1193,0.12062,0.11907,0.12044,25572593.23
2024-03-29,0.12044,0.1212,0.11947,0.11988,32512386.01
2024-03-30,0.11988,0.1229,0.11988,0.12256,43875953.49
2024-03-31,0.12256,0.12326,0.1221,0.12296,47889135.44
2024-04-01,0.12296,0.12319,0.1199,0.1205,99962934.38
2024-04-02,0.1205,0.12053,0.11591,0.11662,177899462.28
2024-04-03,0.11662,0.11843,0.11573,0.11711,136583900.79
2024-04-04,0.11711,0.11945,0.11689,0.11914,51122684.48
2024-04-05,0.11914,0.1194,0.11731,0.1179,41998785.74
2024-04-06,0.1179,0.11989,0.11773,0.1196,23375440.41
2024-04-07,0.1196,0.12095,0.11958,0.12055,25553062.94
2024-04-08,0.12055,0.12349,0.12052,0.12305,45107239.51
2024-04-09,0.12305,0.12306,0.12035,0.12109,52720894.15
2024-04-10,0.12109,0.1239,0.1179,0.11911,62311928.64
2024-04-11,0.11911,0.12046,0.1189,0.1203,26083898.46
2024-04-12,0.1203,0.12231,0.11342,0.1148,79897597.92
2024-04-13,0.1148,0.11535,0.10776,0.11006,81752555.57
2024-04-14,0.11006,0.1126,0.1089,0.11242,89438059.14
2024-04-15,0.11242,0.11532,0.11007,0.11147,115952736.09
2024-04-16,0.11147,0.11206,0.10898,0.11179,72115287.16
2024-04-17,0.11179,0.113,0.10861,0.1097,54170011.21
2024-04-18,0.1097,0.11014,0.10749,0.10927,67143916.44
2024-04-19,0.10927,0.11057,0.105,0.10988,158413028.32
2024-04-20,0.10988,0.11115,0.10896,0.11105,71927088.53
2024-04-21,0.11105,0.11147,0.11025,0.11132,58196079.72
2024-04-22,0.11132,0.11245,0.11043,0.11222,96166215.22
2024-04-23,0.11222,0.11365,0.11128,0.11322,88262127.37
2024-04-24,0.11322,0.11413,0.11247,0.11329,129703922.02
2024-04-25,0.11329,0.11743,0.11315,0.11725,124018441.7
2024-04-26,0.11725,0.12057,0.11653,0.12014,138712566.75
2024-04-27,0.12014,0.12066,0.11858,0.11975,81968621.68
2024-04-28,0.11975,0.12245,0.11975,0.12125,62814078.5
2024-04-29,0.12125,0.12142,0.11775,0.11901,100659711.87
2024-04-30,0.11901,0.12084,0.1177,0.11962,161041890.16
2024-05-01,0.11962,0.12106,0.11719,0.12045,122232367.82
2024-05-02,0.12045,0.12335,0.12011,0.12226,66550989.99
2024-05-03,0.12226,0.12385,0.12185,0.12265,57362136.97
2024-05-04,0.12265,0.12356,0.12226,0.12227,31219740.25
2024-05-05,0.12227,0.12232,0.12073,0.12107,36650976.73
2024-05-06,0.12107,0.12201,0.11838,0.11865,93537375.84
2024-05-07,0.11865,0.12137,0.11818,0.12052,99967054.69
2024-05-08,0.12052,0.12373,0.12031,0.12293,134796309.75
2024-05-09,0.12293,0.12708,0.1229,0.12621,111302493.82
2024-05-10,0.12621,0.12747,0.12417,0.12742,72250879.51
2024-05-11,0.12742,0.12765,0.1259,0.12638,38248803.31
2024-05-12,0.12638,0.1274,0.12636,0.12739,25156108.6
2024-05-13,0.12739,0.12753,0.12561,0.12561,49720133.35
2024-05-14,0.12561,0.12586,0.12475,0.12547,33656522.6
2024-05-15,0.12547,0.12674,0.1253,0.12633,28650740.64
2024-05-16,0.12633,0.12665,0.1242,0.12501,53146869.76
2024-05-17,0.12501,0.12508,0.12397,0.12436,36621768.25
2024-05-18,0.12436,0.12454,0.12296,0.12302,25251178.1
2024-05-19,0.12302,0.12316,0.12054,0.12116,37128726.03
2024-05-20,0.12116,0.12442,0.12092,0.12442,49718431.69
2024-05-21,0.12442,0.12459,0.12278,0.12361,49107270.82
2024-05-22,0.12361,0.12384,0.12003,0.12007,46944736.45
2024-05-23,0.12007,0.12007,0.11382,0.11533,86623910.09
2024-05-24,0.11533,0.1157,0.1133,0.11547,51023003.9
2024-05-25,0.11547,0.11605,0.11316,0.11378,42308321.01
2024-05-26,0.11378,0.11411,0.11273,0.11312,23878082.98
2024-05-27,0.11312,0.11325,0.11088,0.11253,46733233.52
2024-05-28,0.11253,0.11258,0.11035,0.11118,32621402.53
2024-05-29,0.11118,0.11245,0.11096,0.11211,34396786.25
2024-05-30,0.11211,0.11225,0.11078,0.11198,25462018.71
2024-05-31,0.11198,0.11262,0.111,0.11213,42349308.57
2024-06-01,0.11213,0.11292,0.11097,0.11261,26584519.21
2024-06-02,0.11261,0.11526,0.11252,0.11478,44439071.02
2024-06-03,0.11478,0.11519,0.11291,0.11337,42275801.45
2024-06-04,0.11337,0.115,0.11314,0.11445,39756168.03
2024-06-05,0.11445,0.1148,0.11364,0.1146,40339935.57
2024-06-06,0.1146,0.11521,0.11398,0.11477,44434211.93
2024-06-07,0.11477,0.11516,0.11114,0.11272,60693640.25
2024-06-08,0.11272,0.11513,0.11221,0.11479,73104669.2
2024-06-09,0.11479,0.11696,0.11373,0.11687,62465008.6
2024-06-10,0.11687,0.11779,0.11601,0.11763,93409783.0
2024-06-11,0.11763,0.11797,0.11607,0.11659,102287322.69
2024-06-12,0.11659,0.11785,0.11578,0.11649,105027124.55
2024-06-13,0.11649,0.11714,0.11579,0.11696,128837149.9
2024-06-14,0.11696,0.11707,0.11556,0.1165,127257323.68
2024-06-15,0.1165,0.11663,0.11489,0.11529,46970991.12
2024-06-16,0.11529,0.11734,0.11503,0.11731,50117237.25
2024-06-17,0.11731,0.1181,0.11647,0.11679,116339599.94
2024-06-18,0.11679,0.11682,0.11292,0.11544,83715044.64
2024-06-19,0.11544,0.11715,0.11521,0.11583,65428908.05
2024-06-20,0.11583,0.11707,0.11569,0.11679,41356173.38
2024-06-21,0.11679,0.11873,0.11622,0.11834,65823827.94
2024-06-22,0.11834,0.12,0.11794,0.11967,44177339.47
2024-06-23,0.11967,0.1205,0.11915,0.11924,37917536.63
2024-06-24,0.11924,0.11982,0.11778,0.11908,98762626.61
2024-06-25,0.11908,0.12217,0.11908,0.12189,58531659.41
2024-06-26,0.12189,0.1249,0.12182,0.12267,75673466.45
2024-06-27,0.12267,0.12364,0.12197,0.12202,52620863.33
2024-06-28,0.12202,0.12382,0.12181,0.12322,55987489.51
2024-06-29,0.12322,0.12623,0.12302,0.12552,46087025.77
2024-06-30,0.12552,0.12583,0.12467,0.12471,29195108.05
2024-07-01,0.12471,0.12897,0.12465,0.12782,50746546.42
2024-07-02,0.12782,0.12933,0.12766,0.12923,49630961.18
2024-07-03,0.12923,0.12998,0.12841,0.12866,64771728.83
2024-07-04,0.12866,0.129,0.12572,0.12719,88610235.1
2024-07-05,0.12719,0.12776,0.12117,0.12685,154145387.42
2024-07-06,0.12685,0.13027,0.12645,0.12991,45840292.27
2024-07-07,0.12991,0.13089,0.12454,0.12465,57088509.16
2024-07-08,0.12465,0.1264,0.12291,0.12614,115976809.2
2024-07-09,0.12614,0.12996,0.12614,0.12996,56236779.14
2024-07-10,0.12996,0.1318,0.12917,0.13147,43096512.49
2024-07-11,0.13147,0.13525,0.13144,0.13437,71890046.09
2024-07-12,0.13437,0.13727,0.13396,0.13726,62734951.13
2024-07-13,0.13726,0.14153,0.13726,0.13945,81732887.28
2024-07-14,0.13945,0.14008,0.13734,0.13764,71911998.19
2024-07-15,0.13764,0.13887,0.1366,0.13723,46806097.77
2024-07-16,0.13723,0.13741,0.13284,0.13398,59131099.5
2024-07-17,0.13398,0.13502,0.13354,0.13357,50426253.71
2024-07-18,0.13357,0.13466,0.13327,0.13449,54209048.06
2024-07-19,0.13449,0.1358,0.1341,0.13468,56163108.06
2024-07-20,0.13468,0.13477,0.13371,0.13467,36849067.55
2024-07-21,0.13467,0.13496,0.13371,0.13431,34702857.23
2024-07-22,0.13431,0.1377,0.1319,0.13231,92115270.65
2024-07-23,0.13231,0.1341,0.13114,0.134,50877586.6
2024-07-24,0.134,0.13471,0.13354,0.13435,34962164.46
2024-07-25,0.13435,0.13635,0.13355,0.13555,49896879.82
2024-07-26,0.13555,0.13762,0.13555,0.13745,43225526.95
2024-07-27,0.13745,0.13762,0.13645,0.13719,33257439.94
2024-07-28,0.13719,0.1391,0.13684,0.13875,31780032.47
2024-07-29,0.1387,0.1393,0.135,0.1375,86452808.08
2024-07-30,0.1375,0.1384,0.1324,0.133,45608009.07
2024-07-31,0.133,0.133,0.1285,0.1288,62115268.81
2024-08-01,0.1288,0.1298,0.127,0.1283,73613833.1
2024-08-02,0.1283,0.1284,0.1229,0.1236,67136802.4
2024-08-03,0.1236,0.1255,0.1229,0.1255,57527211.7
2024-08-04,0.1255,0.1286,0.125,0.1264,103441454.68
2024-08-05,0.1264,0.1266,0.1171,0.1215,186775887.74
2024-08-06,0.1215,0.1238,0.1214,0.1235,65147551.39
2024-08-07,0.1235,0.1252,0.1233,0.1246,64701800.18
2024-08-08,0.1246,0.1271,0.1242,0.127,58946612.15
2024-08-09,0.127,0.1283,0.1263,0.1283,58973422.5
2024-08-10,0.1283,0.1297,0.1276,0.129,43240528.18
2024-08-11,0.129,0.1294,0.1274,0.1278,35009099.76
2024-08-12,0.1278,0.1282,0.1261,0.1266,49554450.03
2024-08-13,0.1266,0.129,0.1256,0.1286,55183160.38
2024-08-14,0.1286,0.1309,0.1285,0.1305,56505601.32
2024-08-15,0.1305,0.1321,0.1297,0.1301,69932555.79
2024-08-16,0.1301,0.1342,0.1293,0.1341,100271277.45
2024-08-17,0.1341,0.1362,0.1332,0.1349,82044245.82
2024-08-18,0.1349,0.1356,0.1332,0.1351,59966520.24
2024-08-19,0.1351,0.1436,0.134,0.1432,194681656.6
2024-08-20,0.1432,0.1618,0.1423,0.1614,240906569.34
2024-08-21,0.1614,0.166,0.1532,0.1538,156735950.12
2024-08-22,0.1538,0.1603,0.1481,0.1554,107060289.13
2024-08-23,0.1554,0.1591,0.1536,0.1583,72947235.31
2024-08-24,0.1583,0.1629,0.1577,0.1588,62485676.32
2024-08-25,0.1588,0.1687,0.1567,0.1664,86404979.91
2024-08-26,0.1664,0.1686,0.1615,0.1616,87846996.63
2024-08-27,0.1616,0.1632,0.1565,0.158,86893107.39
2024-08-28,0.158,0.1598,0.1572,0.1583,87035954.44
2024-08-29,0.1583,0.1614,0.1581,0.1599,59447117.27
2024-08-30,0.1599,0.1617,0.1591,0.1599,59556138.71
2024-08-31,0.1599,0.1603,0.1566,0.1577,30835793.03
2024-09-01,0.1577,0.1578,0.1549,0.1556,24893566.97
2024-09-02,0.1556,0.1569,0.1538,0.1542,37466814.64
2024-09-03,0.1542,0.1546,0.1503,0.1503,35717914.9
2024-09-04,0.1503,0.1521,0.1489,0.15,33732332.59
2024-09-05,0.15,0.1512,0.1491,0.1499,25628864.3
2024-09-06,0.1499,0.1503,0.1466,0.1478,24830492.84
2024-09-07,0.1478,0.1521,0.1478,0.1516,36453457.72
2024-09-08,0.1516,0.1534,0.1511,0.1531,33625262.04
2024-09-09,0.1531,0.155,0.1531,0.1546,25550662.81
2024-09-10,0.1546,0.1546,0.1521,0.1531,27870125.96
2024-09-11,0.1531,0.1534,0.1518,0.1534,17669261.34
2024-09-12,0.1534,0.1543,0.1519,0.152,20357485.41
2024-09-13,0.152,0.152,0.1486,0.1489,17646208.53
2024-09-14,0.1489,0.149,0.1471,0.1474,15347544.16
2024-09-15,0.1474,0.1495,0.147,0.149,18757988.8
2024-09-16,0.149,0.1496,0.1478,0.1488,25014904.02
2024-09-17,0.1488,0.1513,0.1488,0.15,24228828.07
2024-09-18,0.15,0.1503,0.149,0.1495,20354910.09
2024-09-19,0.1495,0.1517,0.1495,0.1516,28316826.62
2024-09-20,0.1516,0.1528,0.1514,0.152,24879986.15
2024-09-21,0.152,0.1525,0.1514,0.152,16207933.91
2024-09-22,0.152,0.1522,0.1505,0.1517,19326428.91
2024-09-23,0.1517,0.1529,0.1513,0.1524,36235266.65
2024-09-24,0.1524,0.1526,0.1508,0.1512,29357431.18
2024-09-25,0.1512,0.1513,0.1499,0.1501,22386294.7
2024-09-26,0.1501,0.1535,0.1494,0.1531,19049413.68
2024-09-27,0.1531,0.1555,0.1531,0.1552,31679545.59
2024-09-28,0.1552,0.1554,0.1538,0.1551,28999471.86
2024-09-29,0.1551,0.1575,0.1546,0.1564,30217324.03
2024-09-30,0.1564,0.1569,0.1548,0.156,29708782.83
2024-10-01,0.156,0.157,0.1532,0.1536,56803541.84
2024-10-02,0.1536,0.1553,0.153,0.1545,33119645.31
2024-10-03,0.1545,0.1577,0.1536,0.1576,21121373.1
2024-10-04,0.1576,0.1578,0.1564,0.1565,19246372.02
2024-10-05,0.1565,0.1566,0.1535,0.1536,8400422.41
2024-10-06,0.1536,0.1548,0.1531,0.1543,10047024.51
2024-10-07,0.1543,0.1567,0.1538,0.1559,18607321.17
2024-10-08,0.1559,0.1604,0.1556,0.1599,33979120.37
2024-10-09,0.1599,0.162,0.1594,0.1605,24566116.16
2024-10-10,0.1605,0.1607,0.1586,0.1588,24000859.31
2024-10-11,0.1588,0.1615,0.1581,0.1597,22825430.17
2024-10-12,0.1597,0.164,0.159,0.1625,38548924.99
2024-10-13,0.1625,0.1635,0.1619,0.1625,15403261.72
2024-10-14,0.1625,0.1632,0.1596,0.1605,28622544.62
2024-10-15,0.1605,0.1606,0.1578,0.1587,36156554.28
2024-10-16,0.1587,0.1603,0.1584,0.16,17407068.89
2024-10-17,0.16,0.1605,0.1591,0.1594,10916653.53
2024-10-18,0.1594,0.1595,0.1583,0.1584,14879757.42
2024-10-19,0.1584,0.1587,0.1566,0.1567,9512976.8
2024-10-20,0.1567,0.1569,0.1561,0.1567,10546157.0
2024-10-21,0.1567,0.1587,0.1558,0.1583,16188221.41
2024-10-22,0.1583,0.1607,0.1575,0.1603,16775622.29
2024-10-23,0.1603,0.1607,0.1593,0.1603,26178140.88
2024-10-24,0.1603,0.165,0.1603,0.1646,30390243.5
2024-10-25,0.1646,0.1668,0.1622,0.1625,60837921.61
2024-10-26,0.1625,0.1654,0.1624,0.1652,22966711.94
2024-10-27,0.1652,0.1662,0.164,0.1641,22718406.95
2024-10-28,0.1641,0.1644,0.1631,0.1641,16175378.15
2024-10-29,0.1641,0.167,0.164,0.1663,27730876.03
2024-10-30,0.1663,0.1697,0.1659,0.1693,31343707.41
2024-10-31,0.1693,0.1705,0.1677,0.1684,37896499.33
2024-11-01,0.1684,0.1687,0.1664,0.1673,33458257.57
2024-11-02,0.1673,0.1677,0.1659,0.166,28379202.24
2024-11-03,0.166,0.1663,0.1631,0.165,25474754.13
2024-11-04,0.165,0.1657,0.1627,0.163,41232144.12
2024-11-05,0.163,0.1632,0.1598,0.1601,43008090.66
2024-11-06,0.1601,0.1641,0.16,0.1625,47837041.49
2024-11-07,0.1625,0.1629,0.1596,0.1601,63186319.68
2024-11-08,0.1601,0.1619,0.16,0.1609,44894495.05
2024-11-09,0.1609,0.1622,0.1599,0.162,37605777.8
2024-11-10,0.162,0.1669,0.1612,0.1639,99252205.95
2024-11-11,0.1639,0.1678,0.1636,0.1678,92238904.06
2024-11-12,0.1678,0.1902,0.1644,0.1873,137445839.16
2024-11-13,0.1873,0.1921,0.1735,0.1768,85149832.87
2024-11-14,0.1768,0.1847,0.176,0.1765,33528914.36
2024-11-15,0.1765,0.1916,0.1761,0.1914,28108522.41
2024-11-16,0.1914,0.2049,0.1884,0.1999,31366670.87
2024-11-17,0.1999,0.2015,0.1926,0.1996,16085393.17
2024-11-18,0.1996,0.2069,0.1994,0.2021,15535341.72
2024-11-19,0.2021,0.2067,0.1985,0.1991,24314786.77
2024-11-20,0.1991,0.1999,0.1931,0.1948,25382260.7
2024-11-21,0.1948,0.2015,0.1929,0.1986,33249965.98
2024-11-22,0.1986,0.2048,0.1967,0.2046,30499060.41
2024-11-23,0.2046,0.2249,0.2044,0.2122,71176076.49
2024-11-24,0.2122,0.2173,0.2011,0.2085,54217150.69
2024-11-25,0.2085,0.2122,0.1941,0.1959,48467565.7
2024-11-26,0.1959,0.2008,0.1862,0.1945,56814494.99
2024-11-27,0.1945,0.2023,0.1935,0.201,23324734.81
2024-11-28,0.201,0.2036,0.1976,0.2032,20966524.82
2024-11-29,0.2032,0.2072,0.2009,0.2044,34999972.84
2024-11-30,0.2044,0.2072,0.2026,0.205,25369310.16
2024-12-01,0.205,0.2096,0.2022,0.2074,36701387.82
2024-12-02,0.2074,0.2209,0.2033,0.2209,104962409.88
2024-12-03,0.2209,0.4489,0.2208,0.4336,700339706.63
2024-12-04,0.4336,0.4498,0.3218,0.3306,797725279.92
2024-12-05,0.3306,0.3457,0.3132,0.3224,439224094.94
2024-12-06,0.3224,0.3295,0.3088,0.3256,172768423.26
2024-12-07,0.3256,0.3356,0.3173,0.3188,161001559.93
2024-12-08,0.3188,0.3232,0.3082,0.3183,126884469.81
2024-12-09,0.3183,0.3209,0.2411,0.2631,228148348.06
2024-12-10,0.2631,0.2798,0.2439,0.2696,358065071.47
2024-12-11,0.2696,0.2875,0.2614,0.2822,171605891.0
2024-12-12,0.2822,0.3097,0.2802,0.2969,250862949.23
2024-12-13,0.2969,0.3023,0.2842,0.2905,129267063.97
2024-12-14,0.2905,0.2976,0.2778,0.2822,86491026.13
2024-12-15,0.2822,0.2868,0.2754,0.2853,54643716.65
2024-12-16,0.2853,0.3047,0.2764,0.2968,236722336.07
2024-12-17,0.2968,0.2977,0.2778,0.2795,142950101.13
2024-12-18,0.2795,0.2815,0.2576,0.2581,200770105.22
2024-12-19,0.2581,0.2663,0.2441,0.2513,153695121.44
2024-12-20,0.2513,0.2545,0.2243,0.2487,201674125.92
2024-12-21,0.2487,0.2561,0.2422,0.2448,80160361.6
2024-12-22,0.2448,0.2507,0.2417,0.2443,85043082.15
2024-12-23,0.2443,0.2537,0.2415,0.2525,94146500.04
2024-12-24,0.2525,0.2593,0.2504,0.2563,70678737.52
2024-12-25,0.2563,0.2589,0.2555,0.2579,56082141.61
2024-12-26,0.2579,0.2589,0.2497,0.2537,67292821.47
2024-12-27,0.2537,0.2654,0.253,0.2594,92997238.03
2024-12-28,0.2594,0.2633,0.2566,0.2583,49800835.72
2024-12-29,0.2583,0.2634,0.2566,0.2577,72845140.46
2024-12-30,0.2577,0.2598,0.2506,0.2535,75309526.66
2024-12-31,0.2535,0.2576,0.2514,0.2548,52501694.88
2025-01-01,0.2548,0.2564,0.2529,0.2559,35389643.64
2025-01-02,0.2559,0.2668,0.2558,0.2652,101145253.29
2025-01-03,0.2652,0.2713,0.2609,0.2701,82010508.71
2025-01-04,0.2701,0.2741,0.2664,0.2697,67431137.72
2025-01-05,0.2697,0.2697,0.2612,0.2626,65353956.52
2025-01-06,0.2626,0.2697,0.2596,0.2683,76647762.47
2025-01-07,0.2683,0.2716,0.2523,0.2527,88641116.74
2025-01-08,0.2527,0.2549,0.2444,0.2505,167721582.18
2025-01-09,0.2505,0.2514,0.2368,0.2401,209708164.62
2025-01-10,0.2401,0.2448,0.2376,0.2444,64528968.86
2025-01-11,0.2444,0.2446,0.2405,0.2411,35089535.7
2025-01-12,0.2411,0.2413,0.2316,0.2335,49175586.98
2025-01-13,0.2335,0.2373,0.2169,0.2229,107146369.27
2025-01-14,0.2229,0.2269,0.2204,0.2208,56867791.16
2025-01-15,0.2208,0.2383,0.2205,0.238,75178354.36
2025-01-16,0.238,0.241,0.2329,0.2372,88973546.87
2025-01-17,0.2372,0.2494,0.2371,0.2488,76676812.96
2025-01-18,0.2488,0.2674,0.2384,0.2423,143206576.82
2025-01-19,0.2423,0.2466,0.2263,0.2286,168576508.77
2025-01-20,0.2286,0.26,0.2241,0.2383,259189417.53
2025-01-21,0.2383,0.2465,0.2351,0.2447,111766419.19
2025-01-22,0.2447,0.2583,0.2447,0.2536,114137478.27
2025-01-23,0.2536,0.2547,0.244,0.2527,106767085.33
2025-01-24,0.2527,0.2614,0.2503,0.2544,86304423.07
2025-01-25,0.2544,0.2578,0.253,0.2534,49311970.64
2025-01-26,0.2534,0.2541,0.2462,0.2464,74316694.49
2025-01-27,0.2464,0.2468,0.2324,0.2464,148825405.89
2025-01-28,0.2464,0.2483,0.2382,0.24,45565218.8
2025-01-29,0.24,0.2437,0.236,0.2401,49560339.39
2025-01-30,0.2401,0.2527,0.2391,0.252,56103823.21
2025-01-31,0.252,0.258,0.2511,0.2537,61607830.43
2025-02-01,0.2537,0.2565,0.2439,0.2442,56663019.17
2025-02-02,0.2442,0.2463,0.2223,0.2255,98210866.33
2025-02-03,0.2255,0.2301,0.2014,0.2287,185181628.5
2025-02-04,0.2287,0.2295,0.2159,0.2244,133397858.45
2025-02-05,0.2244,0.2272,0.2216,0.2223,74120744.45
2025-02-06,0.2223,0.2328,0.2215,0.2316,162312390.65
2025-02-07,0.2316,0.2348,0.2274,0.2299,62446038.76
2025-02-08,0.2299,0.2344,0.2286,0.2314,83573400.58
2025-02-09,0.2314,0.2377,0.2308,0.2321,50142589.23
2025-02-10,0.2321,0.2469,0.2279,0.2462,136473007.52
2025-02-11,0.2462,0.249,0.2402,0.2411,70259401.68
2025-02-12,0.2411,0.2455,0.2357,0.2432,101862055.77
2025-02-13,0.2432,0.2442,0.2338,0.2341,95248832.78
2025-02-14,0.2341,0.2367,0.2301,0.2314,79054323.25
2025-02-15,0.2314,0.238,0.2303,0.2374,42396489.28
2025-02-16,0.2374,0.244,0.2354,0.2423,54153439.13
2025-02-17,0.2423,0.2476,0.2383,0.2387,216210966.06
2025-02-18,0.2387,0.2412,0.2325,0.2391,101171699.85
2025-02-19,0.2391,0.244,0.2391,0.2423,51091806.5
2025-02-20,0.2423,0.2478,0.2377,0.2464,52892518.94
2025-02-21,0.2464,0.2505,0.2355,0.238,66675559.48
2025-02-22,0.238,0.2397,0.2346,0.2392,47765222.49
2025-02-23,0.2392,0.2461,0.2378,0.2459,39080383.01
2025-02-24,0.2459,0.249,0.2395,0.24,113731014.91
2025-02-25,0.24,0.2438,0.2254,0.2308,154017511.76
2025-02-26,0.2308,0.2319,0.2229,0.2272,93187415.08
2025-02-27,0.2272,0.2299,0.2256,0.2286,45597387.45
2025-02-28,0.2286,0.2333,0.217,0.2333,112730310.88
2025-03-01,0.2333,0.2373,0.2299,0.2341,52470856.39
2025-03-02,0.2341,0.2473,0.2321,0.244,72495384.27
2025-03-03,0.244,0.2455,0.2274,0.2311,75989849.14
2025-03-04,0.2311,0.243,0.2267,0.2425,85783510.15
2025-03-05,0.2425,0.2451,0.2407,0.2435,57714922.18
2025-03-06,0.2435,0.2468,0.2391,0.24,54919184.8
2025-03-07,0.24,0.2468,0.235,0.2436,87473670.36
2025-03-08,0.2436,0.2509,0.2435,0.2439,69677909.16
2025-03-09,0.2439,0.2442,0.2318,0.2321,47552253.89
2025-03-10,0.2321,0.238,0.2272,0.2292,77402313.7
2025-03-11,0.2292,0.2323,0.2226,0.2244,217846397.78
2025-03-12,0.2244,0.2263,0.22,0.2229,203167589.63
2025-03-13,0.2229,0.2265,0.2221,0.2251,176143163.14
2025-03-14,0.2251,0.2262,0.2207,0.2225,131579331.31
2025-03-15,0.2225,0.2252,0.2202,0.2216,152306000.54
2025-03-16,0.2216,0.2217,0.2109,0.212,167481694.75
2025-03-17,0.212,0.222,0.211,0.2206,108418547.87
2025-03-18,0.2206,0.2393,0.2199,0.237,136887117.65
2025-03-19,0.237,0.2436,0.2288,0.2308,243091718.98
2025-03-20,0.2308,0.2368,0.2285,0.2338,184073837.06
2025-03-21,0.2338,0.2377,0.2304,0.2335,142043653.29
2025-03-22,0.2335,0.2385,0.2328,0.2372,106673969.63
2025-03-23,0.2372,0.2409,0.2297,0.23,77550884.09
2025-03-24,0.23,0.2301,0.225,0.2281,102705783.53
2025-03-25,0.2281,0.2291,0.2259,0.2274,49313397.85
2025-03-26,0.2274,0.2318,0.2268,0.2314,62656261.51
2025-03-27,0.2314,0.2353,0.2307,0.235,65728204.42
2025-03-28,0.235,0.2351,0.229,0.2323,102724165.99
2025-03-29,0.2323,0.2357,0.2316,0.2318,136022253.72
2025-03-30,0.2318,0.233,0.2296,0.2319,92235133.0
2025-03-31,0.2319,0.2402,0.2311,0.2387,124157398.62
2025-04-01,0.2387,0.2392,0.2331,0.2378,106253626.54
2025-04-02,0.2378,0.2402,0.2321,0.2339,178273863.93
2025-04-03,0.2339,0.2385,0.2304,0.2381,119831758.9
2025-04-04,0.2381,0.2418,0.2365,0.2391,122029877.18
2025-04-05,0.2391,0.2393,0.2357,0.2375,58977041.37
2025-04-06,0.2375,0.24,0.2283,0.23,132840612.44
2025-04-07,0.23,0.2322,0.2209,0.2287,329553710.36
2025-04-08,0.2287,0.2367,0.2286,0.2306,194951700.8
2025-04-09,0.2306,0.2391,0.2264,0.2384,250507384.55
2025-04-10,0.2384,0.2438,0.2346,0.2363,230519792.0
2025-04-11,0.2363,0.2438,0.2345,0.2429,144181490.36
2025-04-12,0.2429,0.2507,0.2404,0.2461,164745389.34
2025-04-13,0.2461,0.2548,0.2456,0.2548,174367964.34
2025-04-14,0.2548,0.2595,0.2515,0.2521,221261367.58
2025-04-15,0.2521,0.2538,0.2469,0.2505,175082434.91
2025-04-16,0.2505,0.2552,0.2474,0.2476,197763837.03
2025-04-17,0.2476,0.2505,0.2439,0.2477,198209730.81
2025-04-18,0.2477,0.248,0.2397,0.2398,91191652.93
2025-04-19,0.2398,0.2445,0.2396,0.2439,48674924.93
2025-04-20,0.2439,0.2469,0.2413,0.2438,60570046.56
2025-04-21,0.2438,0.2471,0.2409,0.2463,193712120.74
2025-04-22,0.2463,0.2493,0.2437,0.2482,270397029.51
2025-04-23,0.2482,0.2495,0.2435,0.2463,243423047.78
2025-04-24,0.2463,0.2475,0.2419,0.2454,182479313.02
2025-04-25,0.2454,0.2459,0.2407,0.2418,138065287.65
2025-04-26,0.2418,0.2532,0.2417,0.2518,183580290.2
2025-04-27,0.2518,0.2544,0.2452,0.2453,148383936.98
2025-04-28,0.2453,0.2484,0.2434,0.2483,139798139.57
2025-04-29,0.2483,0.2499,0.243,0.2439,124081723.68
2025-04-30,0.2439,0.247,0.2423,0.2463,109534453.51
2025-05-01,0.2463,0.2496,0.244,0.2447,101110791.86
2025-05-02,0.2447,0.2484,0.2432,0.2477,92825785.01
2025-05-03,0.2477,0.2498,0.2445,0.2455,98123034.32
2025-05-04,0.2455,0.249,0.245,0.2472,88547948.6
2025-05-05,0.2472,0.2505,0.246,0.2483,130163779.68
2025-05-06,0.2483,0.2485,0.2437,0.2459,100794378.19
2025-05-07,0.2459,0.2492,0.2436,0.2486,104676300.63
2025-05-08,0.2486,0.2578,0.2484,0.257,169654832.17
2025-05-09,0.257,0.266,0.2541,0.2602,331564449.63
2025-05-10,0.2602,0.2668,0.2586,0.2662,232685910.52
2025-05-11,0.2662,0.2687,0.2596,0.265,242148883.6
2025-05-12,0.265,0.28,0.2631,0.2717,538180251.94
2025-05-13,0.2717,0.273,0.2608,0.2708,250440303.61
2025-05-14,0.2708,0.2789,0.269,0.2746,247689914.38
2025-05-15,0.2746,0.2764,0.2673,0.2732,264713309.89
2025-05-16,0.2732,0.2782,0.2707,0.2715,177442672.73
2025-05-17,0.2715,0.2723,0.2669,0.2695,145381094.12
2025-05-18,0.2695,0.2745,0.2637,0.2679,175588622.3
2025-05-19,0.2679,0.2681,0.2605,0.2667,162345844.7
2025-05-20,0.2667,0.2756,0.266,0.2692,204890436.78
2025-05-21,0.2692,0.2742,0.2658,0.2684,217265067.24
2025-05-22,0.2684,0.2821,0.2673,0.2758,270383294.29
2025-05-23,0.2758,0.2763,0.264,0.2686,256078741.52
2025-05-24,0.2686,0.2739,0.2685,0.2702,98323304.13
2025-05-25,0.2702,0.2737,0.2687,0.2723,114043307.41
2025-05-26,0.2723,0.2748,0.2704,0.2739,97341842.92
2025-05-27,0.2739,0.2789,0.2719,0.2777,126961244.96
2025-05-28,0.2777,0.2796,0.2731,0.2737,97249074.89
2025-05-29,0.2737,0.2782,0.2725,0.2746,124082240.41
2025-05-30,0.2746,0.2763,0.2666,0.2671,191946971.84
2025-05-31,0.2671,0.2694,0.2631,0.2656,132119079.91
2025-06-01,0.2656,0.2713,0.2649,0.2708,73993008.29
2025-06-02,0.2708,0.2717,0.2658,0.2687,83877024.17
2025-06-03,0.2687,0.272,0.2683,0.2702,73051857.78
2025-06-04,0.2702,0.2748,0.2678,0.2742,97172939.79
2025-06-05,0.2742,0.2851,0.2662,0.282,210939073.5
2025-06-06,0.282,0.2827,0.2756,0.2779,121666799.07
2025-06-07,0.2779,0.2871,0.2773,0.287,90862565.52
2025-06-08,0.287,0.2877,0.2815,0.2816,95285353.63
2025-06-09,0.2816,0.2901,0.2809,0.2869,122883710.21
2025-06-10,0.2869,0.2946,0.2856,0.2927,152301945.55
2025-06-11,0.2927,0.2927,0.2769,0.2795,203221925.27
2025-06-12,0.2795,0.2797,0.2704,0.2718,195217047.67
2025-06-13,0.2718,0.2741,0.2669,0.2698,287095033.46
2025-06-14,0.2698,0.272,0.2686,0.271,97046230.57
2025-06-15,0.271,0.2742,0.2702,0.2739,92638196.19
2025-06-16,0.2739,0.2953,0.27,0.274,382168309.8
2025-06-17,0.274,0.2798,0.2713,0.2714,218389851.78
2025-06-18,0.2714,0.275,0.2675,0.273,147709890.95
2025-06-19,0.273,0.2763,0.2722,0.2748,116313209.24
2025-06-20,0.2748,0.2758,0.2702,0.2723,175257774.22
2025-06-21,0.2723,0.275,0.2689,0.271,145516872.18
2025-06-22,0.271,0.2738,0.2588,0.2635,421548880.77
2025-06-23,0.2635,0.2735,0.2633,0.2727,294546668.67
2025-06-24,0.2727,0.2748,0.2703,0.2738,146011377.87
2025-06-25,0.2738,0.275,0.2703,0.2731,140385853.1
2025-06-26,0.2731,0.2747,0.2704,0.271,161424797.05
2025-06-27,0.271,0.2735,0.2706,0.2731,95540549.73
2025-06-28,0.2731,0.2766,0.2728,0.2746,97404084.77
2025-06-29,0.2746,0.2769,0.2745,0.2768,72053356.47
2025-06-30,0.2768,0.2807,0.2759,0.2797,106182007.36
2025-07-01,0.2797,0.2803,0.2778,0.2788,89432811.41
2025-07-02,0.2788,0.2852,0.2783,0.2845,108105018.86
2025-07-03,0.2845,0.2874,0.2816,0.2868,132380809.96
2025-07-04,0.2868,0.288,0.2811,0.2828,110766282.34
2025-07-05,0.2828,0.2851,0.2817,0.2831,66555491.4
2025-07-06,0.2831,0.2875,0.2826,0.2869,59893191.75
2025-07-07,0.2869,0.2888,0.2855,0.2867,72041826.9
2025-07-08,0.2867,0.2882,0.2859,0.2872,65547710.65
2025-07-09,0.2872,0.2901,0.2866,0.2898,88345816.84
2025-07-10,0.2898,0.294,0.2895,0.294,127658542.46
2025-07-11,0.294,0.3034,0.2932,0.301,287949524.62
2025-07-12,0.301,0.3069,0.2975,0.3022,340871058.39
2025-07-13,0.3022,0.305,0.2999,0.3029,140169346.26
2025-07-14,0.3029,0.3049,0.2995,0.3025,265068179.66
2025-07-15,0.3025,0.3029,0.2953,0.3005,236813456.81
2025-07-16,0.3005,0.3098,0.3,0.3095,176793400.58
2025-07-17,0.3095,0.3189,0.3076,0.3155,402554837.74
2025-07-18,0.3155,0.3344,0.3154,0.326,674277751.77
2025-07-19,0.326,0.3277,0.317,0.3179,210160124.11
2025-07-20,0.3179,0.3207,0.3124,0.3141,131554549.57
2025-07-21,0.3141,0.3182,0.3111,0.3143,186353407.13
2025-07-22,0.3143,0.3162,0.3071,0.3158,251584686.09
2025-07-23,0.3158,0.3186,0.3051,0.3094,324261791.29
2025-07-24,0.3094,0.3158,0.3005,0.3138,339645298.87
2025-07-25,0.3138,0.3178,0.3107,0.3169,357109047.34
2025-07-26,0.3169,0.3207,0.3162,0.32,122518055.11
2025-07-27,0.32,0.3229,0.3189,0.3199,156862855.19
2025-07-28,0.3199,0.328,0.3192,0.3224,251057094.28
2025-07-29,0.3224,0.351,0.3213,0.3385,580633390.12
2025-07-30,0.3385,0.3403,0.3207,0.3275,309452416.71
2025-07-31,0.3275,0.3298,0.3241,0.325,164327779.9
2025-08-01,0.325,0.3286,0.3213,0.3234,343319881.97
2025-08-02,0.3234,0.3289,0.3186,0.3221,261721054.01
2025-08-03,0.3221,0.3281,0.3204,0.3274,131735341.12
2025-08-04,0.3274,0.3333,0.327,0.3327,106424872.62
2025-08-05,0.3327,0.3351,0.3298,0.3338,165585275.36
2025-08-06,0.3338,0.338,0.3313,0.3373,98833106.09
2025-08-07,0.3373,0.3417,0.3365,0.3386,117649153.94
2025-08-08,0.3386,0.3399,0.3349,0.3378,188385397.31
2025-08-09,0.3378,0.3389,0.3349,0.3351,61949463.93
2025-08-10,0.3351,0.3423,0.3349,0.3383,109214091.94
2025-08-11,0.3383,0.3457,0.3381,0.3449,125581702.92
2025-08-12,0.3449,0.354,0.3443,0.3523,140440610.13
2025-08-13,0.3523,0.3626,0.3518,0.3621,150620693.67
2025-08-14,0.3621,0.37,0.3535,0.3577,321618659.2
2025-08-15,0.3577,0.3619,0.3482,0.3527,203672383.07
2025-08-16,0.3527,0.3548,0.3452,0.3478,102663653.55
2025-08-17,0.3478,0.3552,0.3471,0.3533,104895694.66
2025-08-18,0.3533,0.3542,0.3445,0.3502,139912695.57
2025-08-19,0.3502,0.3526,0.3457,0.3475,170618722.99
2025-08-20,0.3475,0.3554,0.3461,0.3544,161212830.94
2025-08-21,0.3544,0.3574,0.3506,0.3537,141313763.07
2025-08-22,0.3537,0.3674,0.3534,0.3666,176500271.63
2025-08-23,0.3666,0.367,0.36,0.3624,99879933.1
2025-08-24,0.3624,0.3688,0.361,0.3616,140379412.21
2025-08-25,0.3616,0.3617,0.3416,0.3418,234523706.65
2025-08-26,0.3418,0.353,0.3387,0.3519,176284817.93
2025-08-27,0.3519,0.3519,0.3448,0.3452,125896169.35
2025-08-28,0.3452,0.3497,0.3424,0.3451,88793266.46
2025-08-29,0.3451,0.346,0.3334,0.3387,155556035.84
2025-08-30,0.3387,0.3408,0.336,0.339,61855949.51
2025-08-31,0.339,0.3438,0.339,0.341,51920558.34
2025-09-01,0.341,0.3414,0.3339,0.3372,120385698.98
2025-09-02,0.3372,0.3406,0.3353,0.338,113941521.75
2025-09-03,0.338,0.342,0.3366,0.3406,70149837.95
2025-09-04,0.3406,0.3416,0.3336,0.3346,142171960.29
2025-09-05,0.3346,0.3392,0.3304,0.3313,221646404.46
2025-09-06,0.3313,0.3323,0.2984,0.3145,268685430.56
2025-09-07,0.3145,0.3315,0.3113,0.3312,359828026.94
2025-09-08,0.3312,0.3357,0.3294,0.3312,186809334.67
2025-09-09,0.3312,0.3385,0.3298,0.335,179055671.21
2025-09-10,0.335,0.3402,0.3346,0.3383,69876526.38
2025-09-11,0.3383,0.348,0.338,0.3463,105291245.58
2025-09-12,0.3463,0.3526,0.3462,0.3526,77468523.56
2025-09-13,0.3526,0.3547,0.3473,0.3497,66169747.12
2025-09-14,0.3497,0.3519,0.3465,0.3484,57291909.56
2025-09-15,0.3484,0.3516,0.3423,0.3448,91234092.2
2025-09-16,0.3448,0.3472,0.3396,0.3424,77860248.96
2025-09-17,0.3424,0.3447,0.3387,0.3433,92517144.47
2025-09-18,0.3433,0.3521,0.3426,0.3504,84986404.37
2025-09-19,0.3504,0.3526,0.3431,0.3438,80495983.63
2025-09-20,0.3438,0.3482,0.3428,0.3467,53914912.28
2025-09-21,0.3467,0.3468,0.3417,0.3426,52945303.92
2025-09-22,0.3426,0.3431,0.334,0.3399,135002394.89
2025-09-23,0.3399,0.3424,0.3342,0.3359,79372104.16
2025-09-24,0.3359,0.3394,0.3346,0.3381,59019687.06
2025-09-25,0.3381,0.3385,0.3301,0.3319,113866788.32
2025-09-26,0.3319,0.3385,0.3318,0.3384,82622563.48
2025-09-27,0.3384,0.3399,0.3355,0.3365,37919477.75
2025-09-28,0.3365,0.3373,0.3341,0.3356,30632816.0
2025-09-29,0.3356,0.3376,0.3324,0.3368,42542053.94
2025-09-30,0.3368,0.3377,0.3315,0.3335,48672807.51
2025-10-01,0.3335,0.3423,0.3331,0.3415,69134767.62
2025-10-02,0.3415,0.3441,0.3408,0.3426,54376959.89
2025-10-03,0.3426,0.3459,0.3411,0.3419,70973827.4
2025-10-04,0.3419,0.3424,0.3393,0.3404,31048690.01
2025-10-05,0.3404,0.3442,0.3397,0.3414,51648633.37
2025-10-06,0.3414,0.3473,0.3405,0.3461,67516494.68
2025-10-07,0.3461,0.3471,0.3373,0.3378,71412548.26
2025-10-08,0.3378,0.3426,0.3363,0.342,63585785.64
2025-10-09,0.342,0.3423,0.3342,0.337,75309454.52
2025-10-10,0.337,0.3372,0.3067,0.3206,174360226.07
2025-10-11,0.3206,0.3211,0.3116,0.3144,102079758.2
2025-10-12,0.3144,0.324,0.3108,0.3228,101365104.59
2025-10-13,0.3228,0.3243,0.3199,0.3227,81323877.21
2025-10-14,0.3227,0.3231,0.3076,0.3168,144945065.94
2025-10-15,0.3168,0.3212,0.3115,0.3192,103956194.48
2025-10-16,0.3192,0.3235,0.3134,0.3161,112664258.62
2025-10-17,0.3161,0.3179,0.3046,0.3089,129583629.32
2025-10-18,0.3089,0.3147,0.3087,0.313,41835647.86
2025-10-19,0.313,0.3211,0.3124,0.3204,43428889.45
2025-10-20,0.3204,0.3242,0.3179,0.3224,60391955.04
2025-10-21,0.3224,0.3253,0.3174,0.3216,87471595.49
2025-10-22,0.3216,0.325,0.3175,0.3225,143165608.97
2025-10-23,0.3225,0.3236,0.313,0.3139,93457148.03
2025-10-24,0.3139,0.315,0.3031,0.3037,81379124.1
2025-10-25,0.3037,0.304,0.294,0.2971,94453280.35
2025-10-26,0.2971,0.3017,0.2942,0.3002,67848374.24
2025-10-27,0.3002,0.3024,0.2976,0.2982,56030404.25
2025-10-28,0.2982,0.2998,0.2932,0.2955,64506780.51
2025-10-29,0.2955,0.2984,0.2908,0.296,82446433.44
2025-10-30,0.296,0.2984,0.2883,0.2924,115867160.76
2025-10-31,0.2924,0.2967,0.2922,0.2962,46168125.9
2025-11-01,0.2962,0.298,0.2949,0.2974,29053836.13
2025-11-02,0.2974,0.2985,0.2951,0.298,29313526.39
2025-11-03,0.298,0.2985,0.2802,0.2812,157636572.26
2025-11-04,0.2812,0.2859,0.2764,0.2855,182496643.82
