timestamp,open,high,low,close,volume
2019-06-21,0.00416,0.01,0.00416,0.0067578,270850653.69
2019-06-22,0.0067578,0.0075902,0.00641,0.0070318,355090567.12
2019-06-23,0.0070318,0.0075777,0.0068971,0.0071679,356497068.72
2019-06-24,0.0071679,0.0073175,0.0069509,0.0070967,359281483.12
2019-06-25,0.0070967,0.0109996,0.0070527,0.0093341,318993196.17
2019-06-26,0.0093341,0.0097162,0.007983,0.0080962,316720055.9
2019-06-27,0.0080962,0.0086803,0.0074358,0.0077842,335437361.21
2019-06-28,0.0077842,0.0085821,0.0076406,0.0083402,542992709.19
2019-06-29,0.0083402,0.0094668,0.0077259,0.0090998,745058443.2
2019-06-30,0.0090998,0.0096223,0.0080753,0.0081603,744867963.14
2019-07-01,0.0081603,0.0086168,0.0076528,0.0080849,747307129.06
2019-07-02,0.0080849,0.0081368,0.0073266,0.0076084,741097819.29
2019-07-03,0.0076084,0.0080358,0.0075111,0.0077959,721836490.81
2019-07-04,0.0077959,0.007926,0.0071311,0.0072828,697735797.12
2019-07-05,0.0072828,0.0078302,0.0071121,0.0073402,725269999.5
2019-07-06,0.0073402,0.0077053,0.00734,0.0073872,617446197.05
2019-07-07,0.0073872,0.0075805,0.0073258,0.0074477,561211835.87
2019-07-08,0.0074477,0.0074974,0.00709,0.0072198,568983725.47
2019-07-09,0.0072198,0.0074902,0.0071569,0.0072955,604204210.5
2019-07-10,0.0072955,0.0073232,0.0067611,0.0069248,591034737.26
2019-07-11,0.0069248,0.0069492,0.0058109,0.0060151,666514240.1
2019-07-12,0.0060151,0.0071468,0.0058531,0.0068569,690211565.7
2019-07-13,0.0068565,0.0070607,0.0061778,0.0064799,651023311.04
2019-07-14,0.0064797,0.0065319,0.0056189,0.0056521,651000502.37
2019-07-15,0.0056524,0.0058295,0.0052933,0.0056706,683024267.31
2019-07-16,0.0056704,0.0057764,0.0050271,0.0051734,677980501.19
2019-07-17,0.005173,0.0057452,0.0050194,0.0054055,684472810.47
2019-07-18,0.0054049,0.0057482,0.0052334,0.0057198,676762531.89
2019-07-19,0.0057059,0.0059039,0.0054374,0.0058201,639598342.48
2019-07-20,0.0058195,0.0062197,0.0058053,0.0060686,597195189.56
2019-07-21,0.006061,0.0061103,0.0058114,0.0060956,592221466.78
2019-07-22,0.0060961,0.0064432,0.0060269,0.006182,643742385.06
2019-07-23,0.0061833,0.0062386,0.0057296,0.005835,747184206.48
2019-07-24,0.0058346,0.0059358,0.0056048,0.0058968,750816265.66
2019-07-25,0.00594,0.0060998,0.0058218,0.0058637,722065440.71
2019-07-26,0.0058731,0.0060183,0.0057041,0.0059317,708483800.05
2019-07-27,0.0059316,0.0060877,0.0056001,0.0056949,720600282.82
2019-07-28,0.0056713,0.0057129,0.0054176,0.0056614,744349702.12
2019-07-29,0.0056615,0.005736,0.0055334,0.0055847,719132833.73
2019-07-30,0.0055848,0.005635,0.0054627,0.0055208,727299835.17
2019-07-31,0.0055205,0.005663,0.0054956,0.0055941,764762973.84
2019-08-01,0.0055941,0.0056192,0.0052506,0.0053984,768033928.6
2019-08-02,0.0053984,0.0055477,0.0053301,0.0054752,770145747.96
2019-08-03,0.0054752,0.0055666,0.0054184,0.0054871,775351349.7
2019-08-04,0.0054871,0.0054907,0.0052869,0.0053246,712580125.63
2019-08-05,0.0053246,0.005383,0.0052183,0.0052297,635635860.68
2019-08-06,0.0052297,0.0052429,0.0047994,0.0048611,734407274.06
2019-08-07,0.0048611,0.005798,0.00482,0.0050093,712991258.26
2019-08-08,0.0050093,0.0050842,0.0048176,0.004994,696191164.28
2019-08-09,0.004994,0.0050853,0.0048423,0.0049311,711412679.34
2019-08-10,0.0049311,0.005098,0.0047778,0.0049057,699367319.06
2019-08-11,0.0049057,0.0053852,0.0048682,0.0051114,688295399.97
2019-08-12,0.0051114,0.0052724,0.0050223,0.0050977,676077542.47
2019-08-13,0.0050977,0.0051147,0.004868,0.004922,684050389.91
2019-08-14,0.004922,0.0049384,0.0044512,0.0045932,705832812.42
2019-08-15,0.0045932,0.00586,0.0044466,0.0045706,797980100.22
2019-08-16,0.0045706,0.0046326,0.0044037,0.0044997,783951521.22
2019-08-17,0.0044997,0.0045832,0.0043811,0.004446,784403892.95
2019-08-18,0.004446,0.0045716,0.0044209,0.0045018,756658425.54
2019-08-19,0.0045018,0.0046805,0.004475,0.0046487,770574358.61
2019-08-20,0.0046487,0.0046706,0.0044969,0.0045578,828796730.18
2019-08-21,0.0045578,0.0045664,0.0041397,0.0043486,1010875126.26
2019-08-22,0.0043486,0.0046337,0.0041871,0.0044711,679236950.42
2019-08-23,0.0044711,0.0046665,0.0044242,0.0046017,666025730.8
2019-08-24,0.0046017,0.004997,0.004496,0.0048901,800673585.34
2019-08-25,0.0048901,0.0050031,0.0043831,0.0044609,618643763.03
2019-08-26,0.0044609,0.0046196,0.0044609,0.0045581,708706546.01
2019-08-27,0.0045581,0.004588,0.0044678,0.0045278,576344511.78
2019-08-28,0.0045278,0.0047,0.0041841,0.0042692,654939193.14
2019-08-29,0.0042692,0.0042692,0.0040045,0.004075,881760596.06
2019-08-30,0.004075,0.0041565,0.0039434,0.004089,587874144.9
2019-08-31,0.004089,0.0041923,0.0039702,0.004105,634266014.76
2019-09-01,0.004105,0.0041248,0.0040262,0.004109,668495660.34
2019-09-02,0.004109,0.0044607,0.0040685,0.0043472,759537008.53
2019-09-03,0.0043472,0.0043761,0.0041981,0.0042447,792221226.98
2019-09-04,0.0042447,0.0043021,0.0040809,0.0041339,730981067.53
2019-09-05,0.0041339,0.00416,0.0037969,0.0039251,662288276.94
2019-09-06,0.0039251,0.0039875,0.0036969,0.0037562,961681245.98
2019-09-07,0.0037562,0.003903,0.0037072,0.0038467,926850925.61
2019-09-08,0.0038467,0.0040215,0.0038208,0.0039861,822588540.18
2019-09-09,0.0039861,0.0040489,0.0038299,0.003986,876466434.85
2019-09-10,0.003986,0.0040192,0.0038514,0.0038906,510074724.87
2019-09-11,0.0038906,0.0039523,0.0037056,0.0037389,640465751.48
2019-09-12,0.0037389,0.0037663,0.0036083,0.0037325,848438698.11
2019-09-13,0.0037325,0.0037474,0.0036103,0.0037212,649086990.26
2019-09-14,0.0037212,0.0037424,0.0035561,0.0036776,686168092.69
2019-09-15,0.0036776,0.003734,0.0036506,0.0037179,810581656.09
2019-09-16,0.0037179,0.0043388,0.0037102,0.0040224,729909807.46
2019-09-17,0.0040224,0.0042872,0.0040066,0.0042077,554131525.09
2019-09-18,0.0042077,0.0044181,0.0041766,0.0042963,977917291.99
2019-09-19,0.0042963,0.0043012,0.0040243,0.0042108,941805024.07
2019-09-20,0.0042108,0.0042809,0.0041112,0.0041793,724320785.3
2019-09-21,0.0041793,0.0042736,0.0041126,0.0041447,466064019.96
2019-09-22,0.0041447,0.0041507,0.0040023,0.0040528,420043509.6
2019-09-23,0.0040528,0.0040692,0.0039068,0.0039246,486803114.54
2019-09-24,0.0039246,0.0040246,0.0030749,0.0033411,660984258.59
2019-09-25,0.0033411,0.0034758,0.0032748,0.0033943,1142845909.16
2019-09-26,0.0033943,0.0034087,0.003116,0.0033028,628315636.38
2019-09-27,0.0033028,0.0034162,0.0032106,0.0033734,701656538.69
2019-09-28,0.0033734,0.0034752,0.0033648,0.0034238,616493729.03
2019-09-29,0.0034238,0.00344,0.0032745,0.0033407,442654111.35
2019-09-30,0.0033407,0.0034876,0.00321,0.0034676,697358932.21
2019-10-01,0.0034676,0.0035642,0.0034,0.0034329,738200444.55
2019-10-02,0.0034329,0.003482,0.0033637,0.0034717,654350703.68
2019-10-03,0.0034717,0.0034891,0.0033658,0.0034149,661398781.63
2019-10-04,0.0034149,0.0034809,0.0033551,0.0034398,582942547.41
2019-10-05,0.0034398,0.0034422,0.003356,0.0034121,569900718.03
2019-10-06,0.0034121,0.0034211,0.0032745,0.0033437,630005730.3
2019-10-07,0.0033437,0.0035027,0.0032812,0.003488,616999985.48
2019-10-08,0.003488,0.0036089,0.0034618,0.0035907,738058420.06
2019-10-09,0.0035907,0.0038131,0.0035398,0.0038051,971018607.77
2019-10-10,0.0038051,0.0038979,0.0036818,0.0037269,835528517.92
2019-10-11,0.0037269,0.0037756,0.0035681,0.0036384,750893448.33
2019-10-12,0.0036384,0.003761,0.0036199,0.0036788,769012719.2
2019-10-13,0.0036788,0.0037007,0.0035647,0.0035827,608516521.87
2019-10-14,0.0035827,0.0036302,0.003525,0.0036261,551916650.69
2019-10-15,0.0036261,0.0036489,0.0034079,0.0034428,717893692.72
2019-10-16,0.0034428,0.0034452,0.0032864,0.0033191,976281909.9
2019-10-17,0.0033191,0.0034507,0.0032896,0.0034334,715998550.01
2019-10-18,0.0034334,0.0034527,0.0032943,0.0033728,741892559.09
2019-10-19,0.0033728,0.0033871,0.0033064,0.0033319,629150280.68
2019-10-20,0.0033319,0.0033698,0.0032828,0.0033555,744780525.39
2019-10-21,0.0033555,0.0033706,0.0032899,0.0033159,684747988.55
2019-10-22,0.0033159,0.003348,0.0032328,0.0032578,722803943.86
2019-10-23,0.0032578,0.0032743,0.0028996,0.0029909,1003929797.16
2019-10-24,0.0029909,0.0030005,0.0029075,0.0029983,789504067.94
2019-10-25,0.0029983,0.0034029,0.0029668,0.0033707,1192537948.4
2019-10-26,0.0033707,0.00372,0.0032555,0.0033645,1372828432.87
2019-10-27,0.0033645,0.0043522,0.0032995,0.0041201,1325957361.22
2019-10-28,0.0041201,0.0047912,0.0038158,0.0038162,1405188561.3
2019-10-29,0.0038162,0.0043085,0.0038029,0.0042219,1280004598.12
2019-10-30,0.0042219,0.0043824,0.0038633,0.0041316,1201281297.02
2019-10-31,0.0041316,0.0041758,0.0038938,0.004093,916446767.22
2019-11-01,0.004093,0.0041177,0.0039315,0.0039732,734206344.51
2019-11-02,0.0039732,0.0042891,0.0039653,0.0042007,817995126.99
2019-11-03,0.0042007,0.0043611,0.0041421,0.0042331,927747483.43
2019-11-04,0.0042331,0.0044341,0.0041655,0.0043857,1041570583.34
2019-11-05,0.0043857,0.005032,0.0043519,0.0048923,1302864690.45
2019-11-06,0.0048923,0.0053189,0.004891,0.0052379,1253527801.63
2019-11-07,0.0052379,0.0058867,0.0050287,0.0055965,1371348526.63
2019-11-08,0.0055965,0.0059199,0.0052381,0.0053106,1202362456.28
2019-11-09,0.0053106,0.0053114,0.0050596,0.0051241,798257387.7
2019-11-10,0.0051241,0.0058307,0.0050943,0.0057344,1126268780.91
2019-11-11,0.0057344,0.0061619,0.0054374,0.0060445,1247313111.83
2019-11-12,0.0060445,0.0067347,0.0059626,0.0065372,1280027300.97
2019-11-13,0.0065372,0.006558,0.0061262,0.0062814,1054018917.47
2019-11-14,0.0062814,0.0075526,0.0061625,0.0073006,1327062354.94
2019-11-15,0.0073006,0.008088,0.0067193,0.0078157,1592773468.59
2019-11-16,0.0078157,0.0078204,0.0072007,0.0072618,1522475346.88
2019-11-17,0.0072618,0.0076713,0.0071241,0.0076564,1299590992.2
2019-11-18,0.0076564,0.007663,0.0070778,0.0073926,1216424345.72
2019-11-19,0.0073926,0.007393,0.0066017,0.0068797,1239810942.47
2019-11-20,0.0068797,0.0068799,0.006027,0.0061297,1317853689.7
2019-11-21,0.0061297,0.0062152,0.0055659,0.0057295,1180568301.59
2019-11-22,0.0057295,0.0058488,0.0046274,0.005175,1423508288.83
2019-11-23,0.005175,0.0057971,0.0049112,0.0057504,1046011988.29
2019-11-24,0.0057504,0.0060988,0.0051393,0.005214,1316012505.61
2019-11-25,0.005214,0.005996,0.004977,0.0058188,1366339099.14
2019-11-26,0.0058188,0.006377,0.0057002,0.0063311,1171158615.39
2019-11-27,0.0063311,0.0066398,0.0058613,0.0065086,1342703685.52
2019-11-28,0.0065086,0.0066553,0.0062817,0.0063486,979225259.27
2019-11-29,0.0063486,0.0065148,0.0061997,0.0064716,1012029129.83
2019-11-30,0.0064716,0.0064727,0.0059582,0.0060818,1058113090.83
2019-12-01,0.0060818,0.007216,0.0057409,0.0071274,1498331084.3
2019-12-02,0.0071274,0.0079807,0.0071002,0.007415,1583220740.62
2019-12-03,0.007415,0.0076116,0.0067687,0.006967,1376608968.14
2019-12-04,0.006967,0.0077521,0.0067693,0.0069014,1538986746.84
2019-12-05,0.0069014,0.0071044,0.0066397,0.0068725,1218363211.63
2019-12-06,0.0068725,0.006978,0.0065052,0.0069428,1016038748.11
2019-12-07,0.0069428,0.0072702,0.0067965,0.006802,1135400956.99
2019-12-08,0.006802,0.0072963,0.0066428,0.0071078,1139200403.27
2019-12-09,0.0071078,0.0073632,0.0067682,0.0068309,1239611271.62
2019-12-10,0.0068309,0.0068521,0.0059323,0.0062119,1666174836.61
2019-12-11,0.0062119,0.0063768,0.0060249,0.0060757,1136065783.76
2019-12-12,0.0060757,0.0063095,0.0057968,0.0062096,1262788215.71
2019-12-13,0.0062096,0.0066885,0.0056964,0.0058994,1512293310.09
2019-12-14,0.0058994,0.0059542,0.0053293,0.0054504,1161406488.16
2019-12-15,0.0054504,0.0056792,0.0052236,0.0055713,1315268924.99
2019-12-16,0.0055713,0.0055941,0.0049845,0.0050448,1237002382.91
2019-12-17,0.0050448,0.0050847,0.0045509,0.0046358,1544000976.13
2019-12-18,0.0046358,0.0054127,0.0044442,0.0053189,1609143274.91
2019-12-19,0.0053189,0.0053684,0.0048851,0.0050449,1222144704.84
2019-12-20,0.0050449,0.005554,0.0049571,0.0053971,1309269165.04
2019-12-21,0.0053971,0.0055463,0.0052705,0.0053156,1060703690.85
2019-12-22,0.0053156,0.005619,0.0052848,0.0055155,1360518791.69
2019-12-23,0.0055155,0.0061454,0.0054584,0.0059186,1256624325.14
2019-12-24,0.0059186,0.0062753,0.0057822,0.0059763,1358590238.21
2019-12-25,0.0059763,0.0060743,0.0057737,0.0058474,1005919997.13
2019-12-26,0.0058474,0.0058474,0.0054246,0.0054822,1128567031.3
2019-12-27,0.0054822,0.0057708,0.0053179,0.0056636,1115286723.78
2019-12-28,0.0056636,0.0057718,0.0055469,0.0056666,1101653251.66
2019-12-29,0.0056666,0.0058403,0.0055614,0.0055781,1080768149.63
2019-12-30,0.0055781,0.0056376,0.0054171,0.0054252,987637900.83
2019-12-31,0.0054252,0.0054413,0.0051552,0.0052444,1019518197.16
2020-01-01,0.0052444,0.0055172,0.0052283,0.0053611,1007468595.74
2020-01-02,0.0053611,0.0054041,0.0050673,0.0050964,985553105.68
2020-01-03,0.0050964,0.0054456,0.0050201,0.005325,1127482186.5
2020-01-04,0.005325,0.0056696,0.0052874,0.0056209,874510210.04
2020-01-05,0.0056209,0.0056954,0.0054213,0.0054651,842261774.42
2020-01-06,0.0054651,0.005735,0.005432,0.0057294,886940436.14
2020-01-07,0.0057294,0.0057817,0.0054561,0.0055804,893962086.22
2020-01-08,0.0055804,0.0056,0.0052002,0.005491,1065589001.01
2020-01-09,0.005491,0.0054941,0.0053048,0.0053215,832709681.66
2020-01-10,0.0053215,0.0055774,0.0052965,0.0054551,864152818.62
2020-01-11,0.0054551,0.0055441,0.0053524,0.0055354,866210301.82
2020-01-12,0.0055354,0.0055903,0.0054244,0.0055226,801706162.42
2020-01-13,0.0055226,0.0055259,0.0053496,0.0054048,758302811.03
2020-01-14,0.0054048,0.0060548,0.0054019,0.0059924,1082238960.11
2020-01-15,0.0059924,0.0062423,0.0057502,0.0060043,1074508820.44
2020-01-16,0.0060043,0.0060402,0.0057082,0.0058887,862633788.26
2020-01-17,0.0058887,0.0065749,0.0058307,0.0063909,1141346377.43
2020-01-18,0.0063909,0.0063945,0.0060952,0.0062376,920894819.18
2020-01-19,0.0062376,0.0062821,0.0057882,0.0058641,913917640.54
2020-01-20,0.0058641,0.0059688,0.0057113,0.0058153,838036576.41
2020-01-21,0.0058153,0.0060008,0.0057523,0.0059709,750126867.05
2020-01-22,0.0059709,0.0059968,0.005811,0.0058635,706574505.43
2020-01-23,0.0058635,0.0058666,0.0054558,0.0056065,939591511.13
2020-01-24,0.0056065,0.0056496,0.0054845,0.0055783,785329991.07
2020-01-25,0.0055783,0.0056624,0.0054812,0.005622,635973852.11
2020-01-26,0.005622,0.0057352,0.0055352,0.0057273,731427756.76
2020-01-27,0.0057273,0.0058847,0.0056435,0.0057441,791058470.7
2020-01-28,0.0057441,0.005888,0.0057431,0.0058086,800333384.43
2020-01-29,0.0058086,0.0058772,0.0056706,0.0057316,787146694.48
2020-01-30,0.0057316,0.0058102,0.0056508,0.0056909,796033350.81
2020-01-31,0.0056909,0.0058261,0.0054943,0.0057655,840333234.29
2020-02-01,0.0057655,0.0061622,0.005765,0.0059961,940766142.86
2020-02-02,0.0059961,0.0064413,0.0058312,0.0062302,1002948742.42
2020-02-03,0.0062302,0.006392,0.0060996,0.0063049,999159718.64
2020-02-04,0.0063049,0.0066309,0.0062234,0.0065296,1045541347.65
2020-02-05,0.0065296,0.0066626,0.0063525,0.0064706,998584520.53
2020-02-06,0.0064706,0.0069409,0.0063876,0.0067982,961934918.03
2020-02-07,0.0067982,0.0069685,0.0066515,0.0068194,1023639327.76
2020-02-08,0.0068194,0.0068215,0.0065,0.0066709,874171463.95
2020-02-09,0.0066709,0.0068769,0.0066544,0.0068217,898864270.37
2020-02-10,0.0068217,0.0068806,0.0063674,0.0065121,931574408.29
2020-02-11,0.0065121,0.0074971,0.0063876,0.0074711,1033300866.73
2020-02-12,0.0074711,0.0079185,0.0073787,0.0074726,1109546251.76
2020-02-13,0.0074726,0.0081866,0.0074447,0.0080745,1170460848.68
2020-02-14,0.0080745,0.0083929,0.007604,0.0083038,1009811495.43
2020-02-15,0.0083038,0.0084278,0.0072627,0.0074671,1088270229.73
2020-02-16,0.0074671,0.0076741,0.0065574,0.0070889,1143472532.12
2020-02-17,0.0070889,0.0071354,0.0062722,0.0067497,1119239229.54
2020-02-18,0.0067497,0.0072444,0.0066146,0.0070554,993368363.2
2020-02-19,0.0070554,0.007173,0.0061942,0.0064884,726899083.96
2020-02-20,0.0064884,0.0065732,0.0063645,0.006483,912665335.44
2020-02-21,0.006483,0.0068242,0.0064357,0.0066311,788661891.44
2020-02-22,0.0066311,0.0066716,0.006447,0.0065938,1300605482.88
2020-02-23,0.0065938,0.0069774,0.0065902,0.0069751,1244828533.17
2020-02-24,0.0069751,0.0072908,0.0066476,0.0067179,2175305850.29
2020-02-25,0.0067179,0.0067242,0.0061391,0.0062148,1686189776.53
2020-02-26,0.0062148,0.0062706,0.005349,0.0055579,2676051501.36
2020-02-27,0.0055579,0.0059447,0.0052053,0.0058034,2352144160.87
2020-02-28,0.0058034,0.0059135,0.0053444,0.0057566,2042258418.25
2020-02-29,0.0057566,0.0058854,0.0056147,0.0056203,1676321882.99
2020-03-01,0.0056203,0.0057789,0.0053388,0.0054273,1400387373.07
2020-03-02,0.0054273,0.0058632,0.0053932,0.0058351,1645778781.55
2020-03-03,0.0058351,0.0058571,0.0056175,0.0057758,1772240196.49
2020-03-04,0.0057758,0.006141,0.005729,0.006038,2014371891.79
2020-03-05,0.006038,0.0063202,0.006038,0.0061249,1317574911.0
2020-03-06,0.0061249,0.0061932,0.0059779,0.0061386,1439711248.79
2020-03-07,0.0061386,0.0061721,0.0056626,0.0057913,1695582776.34
2020-03-08,0.0057913,0.0057913,0.0046536,0.0046925,2201853232.81
2020-03-09,0.0046925,0.0048787,0.0043814,0.004678,3554723701.15
2020-03-10,0.004678,0.0049335,0.004572,0.0046866,2273464789.37
2020-03-11,0.0046866,0.0047488,0.0041067,0.0044601,2168697161.81
2020-03-12,0.0044601,0.0044932,0.0021831,0.0022888,5158863260.74
2020-03-13,0.0022888,0.0030897,0.0015645,0.0028142,7258542804.99
2020-03-14,0.0028142,0.0028334,0.0024833,0.0025409,3301670953.06
2020-03-15,0.0025409,0.0027981,0.0024322,0.0025212,2916224548.05
2020-03-16,0.0025212,0.0025313,0.001956,0.0022643,4548291025.08
2020-03-17,0.0022643,0.0025686,0.0022084,0.0024794,3325132156.62
2020-03-18,0.0024794,0.0025416,0.0022845,0.0025384,3208024803.72
2020-03-19,0.0025384,0.0030514,0.0025371,0.0029148,3930152268.41
2020-03-20,0.0029148,0.0031239,0.0026295,0.0028409,3851354365.99
2020-03-21,0.0028409,0.0029872,0.0026769,0.0028913,2365156101.02
2020-03-22,0.0028913,0.0030388,0.002582,0.0026101,1730550023.69
2020-03-23,0.0026101,0.0029219,0.0025553,0.0028561,2922883862.74
2020-03-24,0.0028561,0.0030836,0.0028224,0.003058,3061346709.85
2020-03-25,0.003058,0.0032134,0.0029582,0.0030611,3484720651.72
2020-03-26,0.0030611,0.003107,0.0029974,0.003082,2018621850.05
2020-03-27,0.003082,0.0035312,0.0029876,0.0029957,2191371822.8
2020-03-28,0.0029957,0.0030329,0.0028605,0.0029707,1506799676.06
2020-03-29,0.0029707,0.0029792,0.0027108,0.0027271,1159026849.71
2020-03-30,0.0027271,0.0030371,0.0027009,0.0029324,3077466268.47
2020-03-31,0.0029324,0.0032787,0.0029171,0.0031075,5081359972.51
2020-04-01,0.0031075,0.0031717,0.0029528,0.0031531,4450200318.1
2020-04-02,0.0031531,0.0034329,0.0031027,0.0032292,2758249795.53
2020-04-03,0.0032292,0.0032923,0.0031652,0.0032606,3563670208.11
2020-04-04,0.0032606,0.0032913,0.0031745,0.0032432,3736144202.59
2020-04-05,0.0032432,0.0032777,0.0031682,0.0032336,2989557919.37
2020-04-06,0.0032336,0.0036716,0.00323,0.0036463,5187190423.09
2020-04-07,0.0036463,0.0046052,0.0035606,0.0038707,5033101875.22
2020-04-08,0.0038707,0.0040372,0.003806,0.0039789,3879273091.65
2020-04-09,0.0039789,0.0040051,0.0037626,0.0038662,3344554563.15
2020-04-10,0.0038662,0.0038668,0.0034612,0.0036076,3899225609.52
2020-04-11,0.0036076,0.0037507,0.0035549,0.0036769,4239221506.2
2020-04-12,0.0036769,0.0038405,0.003566,0.0036826,3216341982.3
2020-04-13,0.0036826,0.003684,0.0034408,0.0036092,4145774138.7
2020-04-14,0.0036092,0.0037623,0.0035367,0.0036664,3037689933.83
2020-04-15,0.0036664,0.0038918,0.003582,0.0036605,4051549605.95
2020-04-16,0.0036605,0.003886,0.0035097,0.0038261,4494018357.95
2020-04-17,0.0038261,0.0038769,0.0037438,0.0037828,2842896074.11
2020-04-18,0.0037828,0.0040278,0.0037828,0.0039697,3011843621.52
2020-04-19,0.0039697,0.0040205,0.003814,0.0039052,3523735872.51
2020-04-20,0.0039052,0.0040274,0.0035787,0.0036459,3959859078.11
2020-04-21,0.0036459,0.003774,0.0036178,0.0036756,2063421500.14
2020-04-22,0.0036756,0.0039444,0.0036625,0.0038943,3013023237.96
2020-04-23,0.0038943,0.0040993,0.0037668,0.0039532,2988148151.01
2020-04-24,0.0039532,0.0041482,0.0039121,0.0040822,2602977502.49
2020-04-25,0.0040822,0.0043019,0.0040245,0.0042175,2730523379.99
2020-04-26,0.0042175,0.004525,0.0041613,0.0044735,2782825647.49
2020-04-27,0.0044735,0.0045297,0.004234,0.0043543,3076113774.32
2020-04-28,0.0043543,0.0044537,0.0042806,0.0042862,2606553744.96
2020-04-29,0.0042862,0.0048681,0.0042713,0.0047703,3411055815.58
2020-04-30,0.0047703,0.0048508,0.0042139,0.0043571,4399062290.56
2020-05-01,0.0043571,0.0046421,0.0043512,0.0044331,3084717503.74
2020-05-02,0.0044331,0.004537,0.0043991,0.0045139,2745163003.64
2020-05-03,0.0045139,0.0045982,0.0042506,0.0043292,3062352592.72
2020-05-04,0.0043292,0.0046172,0.0040469,0.004448,3665285330.16
2020-05-05,0.004448,0.0044784,0.0042154,0.0044227,3198581533.55
2020-05-06,0.0044227,0.0045142,0.0042255,0.0042473,3274918959.28
2020-05-07,0.0042473,0.0045734,0.0042042,0.0045115,3498946994.79
2020-05-08,0.0045115,0.0048579,0.0045052,0.0047826,3419058215.94
2020-05-09,0.0047826,0.0049477,0.0045049,0.0045508,3421069714.27
2020-05-10,0.0045508,0.0045598,0.0037791,0.0041794,3984703655.04
2020-05-11,0.0041794,0.0042537,0.0038776,0.0041086,4454034985.15
2020-05-12,0.0041086,0.0042879,0.0040116,0.0042411,3268166339.66
2020-05-13,0.0042411,0.0045407,0.0041776,0.0044565,3391467183.86
2020-05-14,0.0044565,0.0045561,0.0043806,0.0044906,2758252333.88
2020-05-15,0.0044906,0.0045559,0.0043543,0.0043796,1521481919.97
2020-05-16,0.0043796,0.0044882,0.0043566,0.0044524,1339267467.88
2020-05-17,0.0044524,0.0045811,0.0043872,0.004428,1194681581.68
2020-05-18,0.004428,0.0046264,0.0044159,0.0044865,875423348.24
2020-05-19,0.0044865,0.0045417,0.0043757,0.0045384,136046858.99
2020-05-20,0.0045384,0.0046458,0.0043717,0.0045222,133783934.13
2020-05-21,0.0045222,0.0045642,0.0040917,0.0042336,158056584.21
2020-05-22,0.0042336,0.0047486,0.0041759,0.0046388,268812563.47
2020-05-23,0.0046388,0.0047854,0.0045275,0.0046065,307660618.51
2020-05-24,0.0046065,0.004799,0.0044662,0.0044662,326083145.03
2020-05-25,0.0044662,0.0051207,0.0044057,0.0050641,392214038.14
2020-05-26,0.0050641,0.0050876,0.0046961,0.0048707,325977854.47
2020-05-27,0.0048707,0.0049948,0.0047795,0.0048983,288233349.21
2020-05-28,0.0048983,0.0055455,0.0048759,0.0055146,339543433.01
2020-05-29,0.0055146,0.005638,0.0052881,0.0055501,332659097.91
2020-05-30,0.0055501,0.0062524,0.0055057,0.0062339,347696739.34
2020-05-31,0.0062339,0.0069378,0.0060085,0.0062473,458781619.84
2020-06-01,0.0062473,0.006869,0.0061833,0.006658,430998459.56
2020-06-02,0.006658,0.0077344,0.0065494,0.0072585,447354973.16
2020-06-03,0.0072585,0.0074966,0.0068497,0.0070979,356110762.95
2020-06-04,0.0070979,0.0072375,0.0065885,0.0067313,336996419.5
2020-06-05,0.0067313,0.00705,0.0066513,0.0066944,318171650.15
2020-06-06,0.0066944,0.0073619,0.0066054,0.0073069,313403982.53
2020-06-07,0.0073069,0.0074443,0.0069075,0.0072387,326323763.84
2020-06-08,0.0072387,0.0078078,0.0071653,0.0077833,315336279.76
2020-06-09,0.0077833,0.0082873,0.0075694,0.0081779,297815714.85
2020-06-10,0.0081779,0.0091416,0.0079141,0.0090026,379073686.35
2020-06-11,0.0090026,0.0105786,0.0086613,0.008769,574282163.51
2020-06-12,0.008769,0.0098996,0.0086393,0.0097073,497834538.77
2020-06-13,0.0097073,0.0098503,0.0092465,0.0095901,351763537.13
2020-06-14,0.0095901,0.0096074,0.0084281,0.0086456,406639154.16
2020-06-15,0.0086456,0.0092364,0.0076969,0.0090094,480283250.61
2020-06-16,0.0090094,0.0094133,0.0087848,0.0090594,379722040.14
2020-06-17,0.0090594,0.0092257,0.0086143,0.0090027,359241764.85
2020-06-18,0.0090027,0.0090358,0.0083783,0.00866,348426826.25
2020-06-19,0.00866,0.0087008,0.0083197,0.0083786,315684142.4
2020-06-20,0.0083786,0.0084552,0.0080832,0.0082978,291668320.23
2020-06-21,0.0082978,0.0088495,0.0082885,0.0086232,302837676.6
2020-06-22,0.0086232,0.0094324,0.008579,0.0092826,319643378.02
2020-06-23,0.0092826,0.0093605,0.0088556,0.0089075,248456253.60990033
2020-06-24,0.0089075,0.0092568,0.0086736,0.0089893,280312151.4832339
2020-06-25,0.0089893,0.0091832,0.0085979,0.0088755,261930025.28
2020-06-26,0.0088755,0.0090216,0.0087647,0.0089412,222695298.56
2020-06-27,0.0089412,0.0091609,0.0082216,0.008617,249909157.57
2020-06-28,0.008617,0.0087993,0.0084353,0.0086901,224032078.43
2020-06-29,0.0086901,0.0088456,0.0084601,0.008683,276714954.52
2020-06-30,0.008683,0.0088639,0.0085817,0.008832,189401897.37
2020-07-01,0.008832,0.0094999,0.0086694,0.009434,259691766.31
2020-07-02,0.009434,0.0097572,0.0091185,0.009554,319825222.14
2020-07-03,0.009554,0.0104686,0.0095531,0.010233,328242236.08
2020-07-04,0.010233,0.0129907,0.0101605,0.0125272,426400410.42
2020-07-05,0.0125272,0.016954,0.0119507,0.0143312,825852552.36
2020-07-06,0.0143312,0.0159827,0.0140616,0.0144339,573842877.47
2020-07-07,0.0144339,0.0177697,0.014389,0.017322,483548223.84
2020-07-08,0.017322,0.0219338,0.0167507,0.0199223,937920037.91
2020-07-09,0.0199223,0.0199539,0.0169911,0.018244,674730977.49
2020-07-10,0.018244,0.0194019,0.0149329,0.0171056,537574391.86
2020-07-11,0.0171056,0.0187021,0.0166241,0.0185215,328762860.33
2020-07-12,0.0185215,0.0186906,0.0173326,0.0181179,240334519.75
2020-07-13,0.0181179,0.0197934,0.0179476,0.0184678,612522181.69
2020-07-14,0.0184678,0.0188093,0.0173021,0.0184208,120560968.87
2020-07-15,0.0184208,0.0198637,0.0184208,0.0189795,65045090.45
2020-07-16,0.0189795,0.0193841,0.0171601,0.0180313,64383728.24
2020-07-17,0.0180313,0.0191165,0.0178081,0.0182083,80760790.19
2020-07-18,0.0182083,0.018651,0.0178984,0.018163,58226494.58
2020-07-19,0.018163,0.0183595,0.017318,0.018019,62345861.6
2020-07-20,0.018019,0.0180682,0.0159291,0.016074,82646279.34
2020-07-21,0.016074,0.0182746,0.0158936,0.0174919,89035585.48
2020-07-22,0.0174919,0.0177725,0.0170199,0.0174593,68125071.99
2020-07-23,0.0174593,0.0178858,0.0171851,0.0173794,58812632.21
2020-07-24,0.0173794,0.0173989,0.016698,0.0169919,55835711.98
2020-07-25,0.0169919,0.0183843,0.016901,0.0182087,68243681.96
2020-07-26,0.0182087,0.0184207,0.0172491,0.0175608,62628216.4
2020-07-27,0.0175608,0.0176386,0.0149445,0.0156357,114097672.0
2020-07-28,0.0156357,0.0166346,0.0154579,0.0159825,79815788.72
2020-07-29,0.0159825,0.0163837,0.0153757,0.0155795,65233605.59
2020-07-30,0.0155795,0.0177938,0.0153247,0.017313,75368779.87
2020-07-31,0.017313,0.0183992,0.0167283,0.017203,93022611.1
2020-08-01,0.017203,0.0174981,0.0167952,0.0173099,68105707.1
2020-08-02,0.0173099,0.0173865,0.0149843,0.0161985,100099056.13
2020-08-03,0.0161985,0.0167929,0.0159652,0.0166899,59927343.07
2020-08-04,0.0166899,0.0188936,0.0165902,0.0187336,93010563.96
2020-08-05,0.0187336,0.019378,0.0178691,0.0187947,99510028.38
2020-08-06,0.0187947,0.0202685,0.0185232,0.0197129,93805533.4
2020-08-07,0.0197129,0.0202563,0.0180002,0.0186668,85288672.45
2020-08-08,0.0186668,0.0211005,0.0184225,0.0208105,82457808.45
2020-08-09,0.0208105,0.0229649,0.0202782,0.0219204,109298675.43
2020-08-10,0.0219204,0.0220967,0.02,0.0214196,106380723.93
2020-08-11,0.0214196,0.0217859,0.0189979,0.0199709,108201172.58
2020-08-12,0.0199709,0.0208589,0.0184595,0.0204178,176864521.53
2020-08-13,0.0204178,0.0207862,0.0188259,0.0195965,171538484.77
2020-08-14,0.0195965,0.0209611,0.01948,0.0204999,108562624.78
2020-08-15,0.0204999,0.020589,0.0191042,0.0195591,105862987.1
2020-08-16,0.0195591,0.0201143,0.0190025,0.0198393,118585928.58
2020-08-17,0.0198393,0.0213234,0.0194445,0.020011,170494094.97
2020-08-18,0.020011,0.0203077,0.0186149,0.0191055,161038794.82
2020-08-19,0.0191055,0.0194677,0.0170006,0.0178428,244365014.67
2020-08-20,0.0178428,0.0194122,0.0177981,0.0193951,145989788.95
2020-08-21,0.0193951,0.0199348,0.01785,0.0179472,166207162.37
2020-08-22,0.0179472,0.0184148,0.0172257,0.0181797,170593774.41
2020-08-23,0.0181797,0.0183051,0.0177388,0.0178869,49270432.3
2020-08-24,0.0178869,0.0187287,0.0176338,0.0181606,60196884.54
2020-08-25,0.0181606,0.01819,0.016232,0.0168713,143120012.93
2020-08-26,0.0168713,0.0175151,0.0165526,0.0171053,109310808.06
2020-08-27,0.0171053,0.0172553,0.0152815,0.0159135,116939153.51
2020-08-28,0.0159135,0.0168075,0.0156723,0.0163215,82228022.95
2020-08-29,0.0163215,0.017196,0.0159998,0.0167355,83876432.63
2020-08-30,0.0167355,0.0174181,0.0166701,0.0171045,107097720.64
2020-08-31,0.0171045,0.0186478,0.0170033,0.0173612,236293963.34
2020-09-01,0.0173612,0.017639,0.0167995,0.0169969,116544864.41
2020-09-02,0.0169969,0.0172517,0.0151827,0.0159883,113471651.29
2020-09-03,0.0159883,0.0168836,0.0113691,0.012353,313558033.41
2020-09-04,0.012353,0.014733,0.0117471,0.0142747,486631411.54
2020-09-05,0.0142747,0.0146706,0.0109745,0.0121307,391759300.29
2020-09-06,0.0121307,0.0129826,0.0110139,0.0123475,215566661.88
2020-09-07,0.0123475,0.0125945,0.0110058,0.0122019,255597398.9
2020-09-08,0.0122019,0.0134374,0.0117632,0.0121193,277695690.78
2020-09-09,0.0121193,0.0132369,0.0116364,0.0128408,204786462.96
2020-09-10,0.0128408,0.0136635,0.0128231,0.0129853,159169174.78
2020-09-11,0.0129853,0.0133676,0.0124487,0.0132407,151662519.75
2020-09-12,0.0132407,0.013421,0.0128667,0.0134182,107668976.55
2020-09-13,0.0134182,0.013824,0.0122702,0.0128062,202785069.49
2020-09-14,0.0128062,0.013236,0.0124434,0.0128556,113728117.23
2020-09-15,0.0128556,0.0134264,0.0125439,0.0125618,144562125.0
2020-09-16,0.0125618,0.0126565,0.0121094,0.0124513,83753844.54
2020-09-17,0.0124513,0.0137746,0.0123842,0.0135091,59541795.43
2020-09-18,0.0135091,0.0153061,0.0133949,0.0144255,71572398.17
2020-09-19,0.0144255,0.0154476,0.0138289,0.0152613,66528647.55
2020-09-20,0.0152613,0.0158723,0.0138422,0.0144675,65441985.92
2020-09-21,0.0144675,0.0147664,0.0122289,0.0125993,84419111.38
2020-09-22,0.0125993,0.0129971,0.0120437,0.0123441,71844764.19
2020-09-23,0.0123441,0.0123819,0.0111515,0.0113663,106801218.75
2020-09-24,0.0113663,0.012636,0.0112168,0.0123865,92372368.86
2020-09-25,0.0123865,0.0132603,0.0118387,0.0129051,99091739.34
2020-09-26,0.0129051,0.0133347,0.0124506,0.0128462,89897501.66
2020-09-27,0.0128462,0.0130495,0.0122859,0.0127352,79399292.51
2020-09-28,0.0127352,0.0135939,0.012735,0.0127617,91852240.25
2020-09-29,0.0127617,0.013192,0.0123297,0.013164,91544653.67
2020-09-30,0.013164,0.0135699,0.0126573,0.0135355,74538712.7
2020-10-01,0.0135355,0.0136405,0.0125036,0.012734,47961277.38
2020-10-02,0.012734,0.0128793,0.0115292,0.011855,64171032.06
2020-10-03,0.011855,0.0121591,0.0117193,0.0117344,42053435.04
2020-10-04,0.0117344,0.0118699,0.0113393,0.0116515,45477140.58
2020-10-05,0.0116515,0.0118781,0.0112564,0.0113781,46971836.06
2020-10-06,0.0113781,0.011462,0.0100379,0.0101035,64419397.79
2020-10-07,0.0101035,0.0112699,0.009684,0.0112208,75168352.21
2020-10-08,0.0112208,0.0114521,0.0104576,0.0110043,70310261.35
2020-10-09,0.0110043,0.0117891,0.0107848,0.0114603,55666208.14
2020-10-10,0.0114603,0.0120201,0.011326,0.0113962,50305851.2
2020-10-11,0.0113962,0.0119248,0.011246,0.0114254,50412776.55
2020-10-12,0.0114254,0.0118201,0.0109117,0.0113803,53581098.85
2020-10-13,0.0113803,0.0117581,0.011322,0.0114796,50742721.45
2020-10-14,0.0114796,0.0115749,0.0108003,0.0111305,48604316.79
2020-10-15,0.0111305,0.0112694,0.0107007,0.0109549,47142668.67
2020-10-16,0.0109549,0.0110562,0.0103352,0.0105901,47690351.1
2020-10-17,0.0105901,0.0110478,0.010496,0.0109867,45328247.52
2020-10-18,0.0109867,0.0118867,0.0109558,0.0116239,48395731.69
2020-10-19,0.0116239,0.0117797,0.0113042,0.0113945,44996194.86
2020-10-20,0.0113945,0.0113978,0.0107046,0.0107802,48777669.89
2020-10-21,0.0107802,0.0114895,0.0107473,0.011334,53424864.3
2020-10-22,0.011334,0.0124256,0.0111622,0.0121472,56405967.4
2020-10-23,0.0121472,0.0125519,0.0116959,0.0122162,54143220.04
2020-10-24,0.0122162,0.0124254,0.0120069,0.0122786,44289835.31
2020-10-25,0.0122786,0.0125693,0.011752,0.0117755,40838061.58
2020-10-26,0.0117755,0.0119707,0.0111522,0.0113779,50650701.69
2020-10-27,0.0113779,0.0116461,0.0110688,0.0113668,73846028.8
2020-10-28,0.0113668,0.0114472,0.0104224,0.0106374,89214198.03
2020-10-29,0.0106374,0.0108413,0.0099294,0.010189,93286786.23
2020-10-30,0.010189,0.0103389,0.0095201,0.010076,131605495.19
2020-10-31,0.010076,0.0103536,0.0098263,0.0098789,57154508.91
2020-11-01,0.0098789,0.0105885,0.0098289,0.0104974,81061609.58
2020-11-02,0.0104974,0.0106911,0.0099588,0.010049,76158346.07
2020-11-03,0.010049,0.0101066,0.0091958,0.0092394,98492001.08
2020-11-04,0.0092394,0.009659,0.0089044,0.0093966,158655627.3
2020-11-05,0.0093966,0.0098612,0.0091912,0.0097159,127120120.58
2020-11-06,0.0097159,0.0112399,0.0096735,0.0111889,203119063.63
2020-11-07,0.0111889,0.0120726,0.0101751,0.0103702,345346708.28
2020-11-08,0.0103702,0.0114066,0.0101883,0.0111197,162899466.9
2020-11-09,0.0111197,0.0112671,0.0104235,0.011026,177733464.17
2020-11-10,0.011026,0.0118777,0.0109159,0.0115867,149477505.53
2020-11-11,0.0115867,0.0118424,0.0113306,0.0113312,90028499.32
2020-11-12,0.0113312,0.0115417,0.0104913,0.0106439,89836517.91
2020-11-13,0.0106439,0.0119737,0.0105274,0.0118052,129239998.35
2020-11-14,0.0118052,0.0118307,0.0109223,0.0112427,97137115.51
2020-11-15,0.0112427,0.0115416,0.0107667,0.0110274,72352258.82
2020-11-16,0.0110274,0.0114716,0.0108646,0.0113217,58799634.88
2020-11-17,0.0113217,0.0126119,0.0113031,0.012341,137692394.67
2020-11-18,0.012341,0.0124465,0.0113511,0.0117698,151254969.15
2020-11-19,0.0117698,0.0118264,0.0111501,0.0115012,94702095.97
2020-11-20,0.0115012,0.0120687,0.011408,0.0120494,88360120.98
2020-11-21,0.0120494,0.0146763,0.0117519,0.0144183,301179931.34
2020-11-22,0.0144183,0.0146409,0.0127109,0.0138994,339064531.04
2020-11-23,0.0138994,0.0164227,0.0136802,0.0160026,340822929.54
2020-11-24,0.0160026,0.0173569,0.0149967,0.0161248,485158850.1
2020-11-25,0.0161248,0.0186145,0.0155662,0.0165468,524556488.79
2020-11-26,0.0165468,0.017015,0.0123523,0.0146097,1075302860.37
2020-11-27,0.0146097,0.0153626,0.0136142,0.0144731,429457300.23
2020-11-28,0.0144731,0.0160367,0.0140429,0.0153277,246028195.12
2020-11-29,0.0153277,0.0159343,0.0147076,0.015123,156324703.5
2020-11-30,0.015123,0.0164052,0.0148477,0.0159598,226167838.72
2020-12-01,0.0159598,0.0164557,0.0142373,0.0146863,329045604.97
2020-12-02,0.0146863,0.0169081,0.0143832,0.0163803,243776175.94
2020-12-03,0.0163803,0.0179365,0.016035,0.0173647,169444511.98
2020-12-04,0.0173647,0.0177469,0.0154245,0.0156779,171849868.69
2020-12-05,0.0156779,0.0176487,0.0154399,0.0174644,155239147.86
2020-12-06,0.0174644,0.017549,0.0165254,0.0171148,99763529.89
2020-12-07,0.0171148,0.0184726,0.0164441,0.0180979,148925050.77
2020-12-08,0.0180979,0.0182757,0.0159023,0.0163657,183784402.42
2020-12-09,0.0163657,0.0170915,0.0150765,0.0167427,249449624.13
2020-12-10,0.0167427,0.0168613,0.0156388,0.0158877,84473697.78
2020-12-11,0.0158877,0.016035,0.0149532,0.0155504,60051866.37
2020-12-12,0.0155504,0.0166915,0.0155504,0.0164712,18783440.86
2020-12-13,0.0164712,0.016971,0.0162133,0.0164439,14080133.46
2020-12-14,0.0164439,0.0165977,0.0161132,0.0163402,13239236.57
2020-12-15,0.0163402,0.0169006,0.0160383,0.0165072,12476938.7
2020-12-16,0.0165072,0.017439,0.0161987,0.0172814,25858696.08
2020-12-17,0.0172814,0.0181611,0.0164441,0.0170471,48028646.77
2020-12-18,0.0170471,0.017626,0.0166108,0.0174075,27677808.0
2020-12-19,0.0174075,0.0180736,0.0171546,0.0173478,21394965.0
2020-12-20,0.0173478,0.0174734,0.0156257,0.0163114,43786308.44
2020-12-21,0.0163114,0.016505,0.0149,0.0155331,87418090.93
2020-12-22,0.0155331,0.0161997,0.015,0.0158817,39568199.43
2020-12-23,0.0158817,0.0160178,0.0115634,0.0132159,110490407.25
2020-12-24,0.0132159,0.0150931,0.0126328,0.0149075,119788343.89
2020-12-25,0.0149075,0.0152305,0.0141908,0.0145859,78596416.17
2020-12-26,0.0145859,0.0175121,0.0136363,0.0164535,103994337.03
2020-12-27,0.0164535,0.0179736,0.0157915,0.0165075,177433452.46
2020-12-28,0.0165075,0.02044,0.0162859,0.0201653,157428258.32
2020-12-29,0.0201653,0.021304,0.0186414,0.0210629,210404986.41
2020-12-30,0.0210629,0.0212452,0.0191283,0.0202809,115044160.67
2020-12-31,0.0202809,0.0202809,0.0183388,0.0187747,91784556.98
2021-01-01,0.0187747,0.0202083,0.0184577,0.0190248,111507461.83
2021-01-02,0.0190248,0.0211559,0.0184884,0.0199859,122886419.6
2021-01-03,0.0199859,0.0269406,0.0197774,0.0262813,225973844.41
2021-01-04,0.0262813,0.0270575,0.0212843,0.0246679,259238809.91
2021-01-05,0.0246679,0.0289322,0.0232368,0.0279214,221500298.83
2021-01-06,0.0279214,0.0321881,0.0272314,0.0307805,178208155.46
2021-01-07,0.0307805,0.0318042,0.0272094,0.0286261,160937503.36
2021-01-08,0.0286261,0.0288855,0.0245592,0.0272823,206132764.95
2021-01-09,0.0272823,0.0299022,0.0263263,0.0288115,82066782.23
2021-01-10,0.0288115,0.0308409,0.0244336,0.027101,157140299.61
2021-01-11,0.027101,0.0271294,0.0194336,0.0243812,358878047.8
2021-01-12,0.0243812,0.0257008,0.0217877,0.0229528,206236984.01
2021-01-13,0.0229528,0.0265107,0.0220253,0.0260549,138810363.33
2021-01-14,0.0260549,0.0269271,0.0245501,0.0256901,137615792.66
2021-01-15,0.0256901,0.0270335,0.0230762,0.0253055,200991415.32
2021-01-16,0.0253055,0.0289277,0.0252842,0.0268578,196023013.2
2021-01-17,0.0268578,0.0282215,0.025054,0.0271738,173382618.61
2021-01-18,0.0271738,0.0307618,0.0263342,0.0307502,152119727.77
2021-01-19,0.0307502,0.0316104,0.0280356,0.029093,126329036.06
2021-01-20,0.029093,0.0349106,0.0286306,0.0346066,274702701.58
2021-01-21,0.0346066,0.0352414,0.0273589,0.0278999,305347668.19
2021-01-22,0.0278999,0.0325351,0.0251583,0.0313649,249560104.52
2021-01-23,0.0313649,0.0319701,0.0292466,0.0300234,147704337.0
2021-01-24,0.0300234,0.0318489,0.0294807,0.0306327,133895691.51
2021-01-25,0.0306327,0.0323859,0.0293936,0.0298174,159373336.35
2021-01-26,0.0298174,0.0304244,0.0280746,0.0294266,144047501.99
2021-01-27,0.0294266,0.0294574,0.0257307,0.0263585,176038270.26
2021-01-28,0.0263585,0.0287962,0.0259675,0.0274048,127127788.88
2021-01-29,0.0274048,0.0294429,0.0265503,0.0278689,190234318.85
2021-01-30,0.0278689,0.0281547,0.0263927,0.0268164,116315858.85
2021-01-31,0.0268164,0.0271774,0.0246521,0.0254246,89393532.01
2021-02-01,0.0254246,0.029746,0.0244097,0.0293519,178949733.54
2021-02-02,0.0293519,0.02962,0.0277656,0.0281044,142882897.58
2021-02-03,0.0281044,0.0302313,0.0280437,0.0291548,82847179.83
2021-02-04,0.0291548,0.0294576,0.0270096,0.027673,52972332.63
2021-02-05,0.027673,0.0322377,0.027657,0.0321043,35657591.02
2021-02-06,0.0321043,0.0329851,0.0284138,0.0299484,50354339.99
2021-02-07,0.0299484,0.0307166,0.0268211,0.0290638,47473266.61
2021-02-08,0.0290638,0.0322481,0.028429,0.0313533,39640505.66
2021-02-09,0.0313533,0.0368199,0.0306317,0.0353875,67732167.15
2021-02-10,0.0353875,0.0383763,0.0317807,0.035877,113313942.37
2021-02-11,0.035877,0.0432042,0.0345973,0.0425053,83777755.89
2021-02-12,0.0425053,0.0605,0.0424088,0.0544598,157247366.93
2021-02-13,0.0544598,0.0603154,0.0490685,0.0547084,120185284.02
2021-02-14,0.0547084,0.0589984,0.0493166,0.0523243,77667531.38
2021-02-15,0.0523243,0.0572241,0.0425632,0.0509685,154066960.54
2021-02-16,0.0509685,0.0536988,0.0476093,0.0493641,61413642.89
2021-02-17,0.0493641,0.0537594,0.0461366,0.0511147,50886148.53
2021-02-18,0.0511147,0.0572107,0.0511147,0.0544123,34650371.93
2021-02-19,0.0544123,0.0560806,0.0511438,0.0535617,32236119.01
2021-02-20,0.0535617,0.0598848,0.0499729,0.0534984,56587945.73
2021-02-21,0.0534984,0.0579717,0.0521597,0.0545309,34397356.77
2021-02-22,0.0545309,0.0545309,0.0389695,0.0493698,12743427.71
2021-02-23,0.0493698,0.0499781,0.0351636,0.0421527,184064747.94
2021-02-24,0.0421527,0.0465063,0.0398362,0.0428906,56062959.06
2021-02-25,0.0428906,0.0446406,0.0389901,0.0392052,36702360.66
2021-02-26,0.0392052,0.0421658,0.0365643,0.039484,41414657.3
2021-02-27,0.039484,0.0425512,0.039484,0.0408877,23039919.52
2021-02-28,0.0408877,0.0410461,0.0364674,0.0396373,23387604.7
2021-03-01,0.0396373,0.0456431,0.0394877,0.0456431,12631276.44
2021-03-02,0.0456431,0.0465096,0.0415801,0.043689,13508752.25
2021-03-03,0.043689,0.0544134,0.0432458,0.052945,17554530.39
2021-03-04,0.052945,0.0548926,0.0473053,0.0502555,24062441.12
2021-03-05,0.0502555,0.0534282,0.0461138,0.0520216,19746100.0
2021-03-06,0.0520216,0.0545948,0.049584,0.0532279,13550342.78
2021-03-07,0.0532279,0.0598431,0.0532279,0.0567419,19589761.6
2021-03-08,0.0567419,0.0661886,0.0556528,0.0652341,25136362.66
2021-03-09,0.0652341,0.06776,0.0587083,0.0644942,20816460.32
2021-03-10,0.0644942,0.0652853,0.0603303,0.0613972,13934867.93
2021-03-11,0.0613972,0.0696442,0.0582244,0.0672806,22410142.27
2021-03-12,0.0672806,0.0724558,0.0638101,0.0656303,25266580.5
2021-03-13,0.0656303,0.070092,0.0619766,0.0675905,17065013.82
2021-03-14,0.0675905,0.0687495,0.0646439,0.0662111,15137942.07
2021-03-15,0.0662111,0.0834344,0.0658452,0.0789778,45353317.92
2021-03-16,0.0789778,0.0829857,0.0701474,0.0743162,29940056.38
2021-03-17,0.0743162,0.0775147,0.0713617,0.0765846,16733867.32
2021-03-18,0.0765846,0.0825777,0.0764391,0.0773993,13400170.06
2021-03-19,0.0773993,0.085698,0.0755891,0.0809531,8934912.33
2021-03-20,0.0809531,0.094045,0.080703,0.0894822,12181248.46
2021-03-21,0.0894822,0.0949393,0.087459,0.0933899,12997260.93
2021-03-22,0.0933899,0.0989469,0.0844155,0.0882343,18201025.19
2021-03-23,0.0882343,0.0908395,0.0799802,0.0831675,14716983.41
2021-03-24,0.0831675,0.0953876,0.0811714,0.0849578,19731049.28
2021-03-25,0.0849578,0.0860522,0.0763797,0.0809312,20268701.82
2021-03-26,0.0809312,0.0907596,0.0807794,0.0898582,6204360.61
2021-03-27,0.0898582,0.096528,0.0885895,0.0885895,7638726.83
2021-03-28,0.0885895,0.0937662,0.0881458,0.0907827,5724636.76
2021-03-29,0.0907827,0.0932807,0.088548,0.0919818,3900137.59
2021-03-30,0.0919818,0.0920648,0.0882421,0.0892961,3467396.64
2021-03-31,0.0892961,0.0898633,0.0829533,0.0876842,5625097.52
2021-04-01,0.0876842,0.09131,0.0867401,0.0879837,5299714.3
2021-04-02,0.0879837,0.0951686,0.0863399,0.0940205,5458662.11
2021-04-03,0.0940205,0.0971307,0.0874301,0.0874618,7722360.07
2021-04-04,0.0874618,0.092913,0.0867745,0.0925066,4336953.17
2021-04-05,0.0925066,0.1063741,0.0904073,0.1022785,10754338.81
2021-04-06,0.1022785,0.1148069,0.1000914,0.1118541,12745320.69
2021-04-07,0.1118541,0.1208573,0.0989219,0.1059247,14077795.75
2021-04-08,0.1059247,0.1181003,0.1050475,0.1166557,6901934.65
2021-04-09,0.1166557,0.1340105,0.1160751,0.1260732,10156296.06
2021-04-10,0.1260732,0.1475419,0.1249437,0.1421589,13810617.53
2021-04-11,0.1421589,0.1452375,0.1307473,0.1393301,9439478.81
2021-04-12,0.1393301,0.1402063,0.1274107,0.1288707,5737455.91
2021-04-13,0.1288707,0.1588145,0.1288707,0.1532775,11626103.34
2021-04-14,0.1532775,0.1760147,0.1516236,0.168263,13553532.09
2021-04-15,0.168263,0.1891013,0.168263,0.1756679,6398974.35
2021-04-16,0.1756679,0.2452501,0.1589678,0.2349456,14832575.83
2021-04-17,0.2349456,0.279457,0.2147424,0.2266939,19796841.83
2021-04-18,0.2266939,0.2545846,0.1691048,0.2535598,21599262.53
2021-04-19,0.2535598,0.2685892,0.2226659,0.2287491,13143033.06
2021-04-20,0.2287491,0.2657116,0.2059982,0.2515645,8073783.21
2021-04-21,0.2515645,0.2548792,0.2227198,0.2263088,5254333.67
2021-04-22,0.2263088,0.2353689,0.1768369,0.190508,5764094.39
2021-04-23,0.190508,0.2060101,0.1309343,0.2015158,26052339.62
2021-04-24,0.2015158,0.205747,0.1758105,0.1785482,4304722.61
2021-04-25,0.1785482,0.18773,0.1557066,0.1677268,3592711.66
2021-04-26,0.1677268,0.1988282,0.1653986,0.1886342,4314631.24
2021-04-27,0.1886342,0.2232201,0.1853449,0.2082048,4310167.44
2021-04-28,0.2082048,0.2145031,0.1880623,0.1982726,3298561.92
2021-04-29,0.1982726,0.2004075,0.1816478,0.1914631,1951498.9
2021-04-30,0.1914631,0.203248,0.1866393,0.2011207,2509283.93
2021-05-01,0.2011207,0.2077147,0.1927905,0.20411,1373052.21
2021-05-02,0.20411,0.2246617,0.1975135,0.215425,3718539.22
2021-05-03,0.215425,0.2224882,0.2065111,0.2105349,2342639.01
2021-05-04,0.2105349,0.2109652,0.1851634,0.1874959,3987810.24
2021-05-05,0.1874959,0.2083112,0.1863386,0.2074137,2397399.47
2021-05-06,0.2074137,0.2227812,0.201139,0.215031,3487425.05
2021-05-07,0.215031,0.25,0.2138495,0.2302285,6610544.83
2021-05-08,0.2302285,0.2362054,0.219053,0.2234184,5301420.73
2021-05-09,0.2234184,0.2367267,0.21,0.2332715,3371519.14
2021-05-10,0.2332715,0.2389658,0.1885375,0.2025087,3756234.53
2021-05-11,0.2025087,0.213477,0.194388,0.2126957,10820820.85
2021-05-12,0.2126957,0.2150457,0.1625525,0.1657034,4336952.23
2021-05-13,0.1657034,0.1904221,0.1578877,0.1819295,9204312.27
2021-05-14,0.1819295,0.1926749,0.1777165,0.1865081,2964892.1
2021-05-15,0.1865081,0.1879669,0.17,0.172466,3112112.27
2021-05-16,0.172466,0.1923609,0.1605567,0.1765661,3941120.17
2021-05-17,0.1765661,0.1773237,0.1488401,0.1576746,5705083.54
2021-05-18,0.1576746,0.1712735,0.1563445,0.1620873,1884427.89
2021-05-19,0.1620873,0.164274,0.0655915,0.1053029,18665465.86
2021-05-20,0.1053029,0.1455922,0.0900055,0.1306354,19450344.62
2021-05-21,0.1306354,0.1389297,0.0900729,0.1082856,11935379.73
2021-05-22,0.1082856,0.1116917,0.0930159,0.0994498,5574507.28
2021-05-23,0.0994498,0.1054959,0.065759,0.0863318,6614871.11
2021-05-24,0.0863318,0.117549,0.0851796,0.1121728,5810991.08
2021-05-25,0.1121728,0.1202828,0.1046739,0.1125219,3031563.77
2021-05-26,0.1125219,0.1409051,0.1098766,0.1328114,4042052.71
2021-05-27,0.1328114,0.1356788,0.1190333,0.1232255,3084230.13
2021-05-28,0.1232255,0.12524,0.1025723,0.1082081,2791138.33
2021-05-29,0.1082081,0.1136788,0.0927459,0.0989905,2738364.79
2021-05-30,0.0989905,0.1146194,0.0925486,0.1074849,2296696.37
2021-05-31,0.1074849,0.1260673,0.1023018,0.1260342,1726766.09
2021-06-01,0.1260342,0.129718,0.1178911,0.1207351,1341865.36
2021-06-02,0.1207351,0.1318996,0.1172254,0.1258858,1778488.66
2021-06-03,0.1258858,0.1449289,0.1232542,0.1427532,1552390.9
2021-06-04,0.1427532,0.1525428,0.1199283,0.1290586,9443303.04
2021-06-05,0.1290586,0.1414728,0.1202823,0.1253245,1652502.97
2021-06-06,0.1253245,0.1336421,0.1245568,0.1277959,1167896.74
2021-06-07,0.1277959,0.1361478,0.1133388,0.114451,2214346.06
2021-06-08,0.114451,0.1181886,0.0994894,0.1132074,2275074.12
2021-06-09,0.1132074,0.1198679,0.1058147,0.1198679,1684370.17
2021-06-10,0.1198679,0.1219263,0.1094021,0.1118121,1133884.75
2021-06-11,0.1118121,0.1144105,0.1036417,0.1045868,1611431.2
2021-06-12,0.1045868,0.1077449,0.0967084,0.105926,1552226.94
2021-06-13,0.105926,0.1152606,0.0999956,0.1125486,1380553.08
2021-06-14,0.1125486,0.1163303,0.1084855,0.1132902,1040860.61
2021-06-15,0.1132902,0.1153995,0.1101103,0.1114547,878962.81
2021-06-16,0.1114547,0.1142342,0.105829,0.107337,959663.6
2021-06-17,0.107337,0.1112447,0.1052226,0.1070952,745596.01
2021-06-18,0.1070952,0.107394,0.096391,0.0992548,1154238.03
2021-06-19,0.0992548,0.1018223,0.0965686,0.0965686,1000923.84
2021-06-20,0.0965686,0.1003396,0.0882205,0.0985174,1613631.37
2021-06-21,0.0985174,0.0986374,0.0731465,0.07348,2127217.99
2021-06-22,0.07348,0.08085,0.0597909,0.071552,6582503.35
2021-06-23,0.071552,0.0842963,0.0681419,0.0761221,2555010.99
2021-06-24,0.0761221,0.083,0.0724479,0.0806685,2121116.64
2021-06-25,0.0806685,0.0831019,0.0713714,0.072373,2053315.8
2021-06-26,0.072373,0.0757606,0.0690857,0.0738342,1790315.3
2021-06-27,0.0738342,0.0782074,0.0713984,0.0778686,1722566.53
2021-06-28,0.0778686,0.0817248,0.0758354,0.0792612,1647647.04
2021-06-29,0.0792612,0.0948653,0.0791211,0.0896242,1549069.19
2021-06-30,0.0896242,0.0942537,0.08186,0.0909551,2102059.26
2021-07-01,0.0909551,0.0910832,0.0826339,0.0844674,1252560.02
2021-07-02,0.0844674,0.0875455,0.0821492,0.0867585,1568639.79
2021-07-03,0.0867585,0.0900435,0.0843116,0.0873681,907684.62
2021-07-04,0.0873681,0.09,0.0850373,0.0878134,1048022.99
2021-07-05,0.0878134,0.0878391,0.0816314,0.0833599,1136252.51
2021-07-06,0.0833599,0.0869332,0.0830393,0.0845621,1211318.47
2021-07-07,0.0845621,0.0860799,0.0833138,0.0834227,1064822.56
2021-07-08,0.0834227,0.0835678,0.0752332,0.076231,1588345.44
2021-07-09,0.076231,0.0781762,0.072536,0.0769678,1236763.97
2021-07-10,0.0769678,0.0786719,0.0746185,0.0759788,1380767.85
2021-07-11,0.0759788,0.0790134,0.0750343,0.0776482,1224876.1
2021-07-12,0.0776482,0.0788977,0.0739551,0.0751108,1295564.97
2021-07-13,0.0751108,0.0756339,0.0717072,0.0728821,1168854.82
2021-07-14,0.0728821,0.0736204,0.0685017,0.0725251,1321544.0
2021-07-15,0.0725251,0.0737141,0.0677449,0.0689644,1407056.64
2021-07-16,0.0689644,0.0703945,0.0651215,0.0652083,1186367.6
2021-07-17,0.0652083,0.0665051,0.0636032,0.0654686,1383495.13
2021-07-18,0.0654686,0.0687984,0.06507,0.0675237,2058980.33
2021-07-19,0.0675237,0.0676186,0.0615754,0.0616047,2254100.46
2021-07-20,0.0616047,0.0627577,0.0561864,0.0576796,2966995.09
2021-07-21,0.0576796,0.0682557,0.0561014,0.0659281,3470780.07
2021-07-22,0.0659281,0.068902,0.0641904,0.0677709,2098037.89
2021-07-23,0.0677709,0.0709585,0.0643018,0.0708121,4282591.98
2021-07-24,0.0708121,0.0733253,0.0697291,0.0722297,3326981.53
2021-07-25,0.0722297,0.0742856,0.0693933,0.0742856,2796057.19
2021-07-26,0.0742856,0.0895496,0.0737775,0.0777384,8498994.09
2021-07-27,0.0777384,0.0873293,0.0747799,0.0839149,6129077.45
2021-07-28,0.0839149,0.0862251,0.0804843,0.0826967,4621611.25
2021-07-29,0.0826967,0.0836339,0.080824,0.0825964,2848465.79
2021-07-30,0.0825964,0.08591,0.0801739,0.0858501,3090485.05
2021-07-31,0.0858501,0.0902324,0.0846742,0.0893312,3092835.31
2021-08-01,0.0893312,0.0928744,0.0852998,0.0858904,5028450.89
2021-08-02,0.0858904,0.0887185,0.0842832,0.0861053,3176105.68
2021-08-03,0.0861053,0.0871014,0.0823778,0.0851965,2720432.72
2021-08-04,0.0851965,0.0902764,0.084063,0.0883567,2521640.96
2021-08-05,0.0883567,0.091858,0.0854204,0.0908717,2335825.28
2021-08-06,0.0908717,0.0973609,0.0895429,0.0964354,2230191.73
2021-08-07,0.0964354,0.108871,0.0951446,0.1037221,5101275.29
2021-08-08,0.1037221,0.1104172,0.0986186,0.1011953,5322852.98
2021-08-09,0.1011953,0.1076606,0.0970161,0.105917,4427560.3
2021-08-10,0.105917,0.1085159,0.1026198,0.1063321,2689848.04
2021-08-11,0.1063321,0.1175212,0.1061388,0.1109912,3988383.52
2021-08-12,0.1109912,0.1170379,0.1031505,0.1071573,4725269.66
2021-08-13,0.1071573,0.1208627,0.106163,0.1207602,4408424.29
2021-08-14,0.1207602,0.1329744,0.1195047,0.1301037,5910825.92
2021-08-15,0.1301037,0.1414603,0.1246196,0.1392266,5539918.97
2021-08-16,0.1392266,0.1440502,0.1271659,0.1288746,5130356.47
2021-08-17,0.1288746,0.1356412,0.1161262,0.1181562,8081602.1
2021-08-18,0.1181562,0.1279015,0.1126216,0.1196432,17438768.55
2021-08-19,0.1196432,0.1301559,0.1141509,0.130146,30534059.56
2021-08-20,0.130146,0.1378254,0.1282265,0.1331562,25226348.61
2021-08-21,0.1331562,0.1347981,0.127485,0.1281609,18590886.01
2021-08-22,0.1281609,0.1327364,0.1233388,0.1282063,15957925.11
2021-08-23,0.1282063,0.1347431,0.127192,0.1316833,59979391.09
2021-08-24,0.1316833,0.1371166,0.1200257,0.1215083,136075479.82
2021-08-25,0.1215083,0.1298761,0.117758,0.1274974,115190832.94
2021-08-26,0.1274974,0.1292894,0.1151474,0.1158602,116532884.93
2021-08-27,0.1158602,0.1282823,0.1137453,0.1280332,81132389.25
2021-08-28,0.1280332,0.128229,0.1212356,0.1231865,56321583.8
2021-08-29,0.1231865,0.1257298,0.1192681,0.1234836,67603398.52
2021-08-30,0.1234836,0.1239393,0.1167263,0.1170795,50829269.54
2021-08-31,0.1170795,0.1272933,0.1163139,0.1227201,37009425.71
2021-09-01,0.1227201,0.1396369,0.119252,0.1374418,10353773.97
2021-09-02,0.1374418,0.1480156,0.1344101,0.1431637,8406719.57
2021-09-03,0.1431637,0.1476032,0.1390435,0.1429063,5388736.61
2021-09-04,0.1429063,0.1527479,0.1421443,0.1447913,4815598.09
2021-09-05,0.1447913,0.1540222,0.1438276,0.1538272,4270030.51
2021-09-06,0.1538272,0.1570725,0.1462678,0.1498637,4754341.68
2021-09-07,0.1498637,0.1529131,0.09931,0.1224649,19533820.39
2021-09-08,0.1224649,0.126359,0.1063313,0.1183789,13753898.47
2021-09-09,0.1183789,0.1275494,0.1172977,0.1215142,9096686.83
2021-09-10,0.1215142,0.1268945,0.1104475,0.1124429,7730771.31
2021-09-11,0.1124429,0.1192801,0.1113169,0.1154427,4678939.66
2021-09-12,0.1154427,0.1243968,0.1129728,0.1201504,4016659.22
2021-09-13,0.1201504,0.1219231,0.1088068,0.1126142,6361553.74
2021-09-14,0.1126142,0.1181244,0.111728,0.1174783,3267839.37
2021-09-15,0.1174783,0.1232758,0.1152602,0.1219706,4124107.86
2021-09-16,0.1219706,0.1230854,0.1143041,0.1166438,5591671.24
2021-09-17,0.1166438,0.1178058,0.1105644,0.1113568,3946985.34
2021-09-18,0.1113568,0.1160599,0.1102252,0.1128884,2550409.4
2021-09-19,0.1128884,0.1139977,0.1066621,0.1081293,3882617.37
2021-09-20,0.1081293,0.1083596,0.0884934,0.0917055,19050138.89
2021-09-21,0.0917055,0.0974665,0.0844893,0.0858012,19805486.58
2021-09-22,0.0858012,0.0994988,0.0849254,0.0994988,13551503.69
2021-09-23,0.0994988,0.1031904,0.0972906,0.1021084,10466433.23
2021-09-24,0.1021084,0.1030085,0.0879098,0.0923543,16373625.58
2021-09-25,0.0923543,0.0939588,0.0887421,0.0899736,8787899.62
2021-09-26,0.0899736,0.0931763,0.0841184,0.0915867,11647352.79
2021-09-27,0.0915867,0.0941902,0.0864054,0.0864065,9872031.83
2021-09-28,0.0864065,0.088657,0.081629,0.0817743,10805086.91
2021-09-29,0.0817743,0.087516,0.0816247,0.0846568,9131125.11
2021-09-30,0.0846568,0.0959015,0.0843414,0.0959015,12448830.25
2021-10-01,0.0959015,0.111363,0.0952197,0.1081279,14631770.73
2021-10-02,0.1081279,0.1165489,0.1060733,0.1113324,9723494.42
2021-10-03,0.1113324,0.1144792,0.1086986,0.1105215,9693056.1
2021-10-04,0.1105215,0.1127787,0.1041528,0.1094584,12987414.5
2021-10-05,0.1094584,0.1159782,0.108591,0.1134064,10045771.42
2021-10-06,0.1134064,0.1148155,0.1052641,0.1123061,10807371.72
2021-10-07,0.1123061,0.1177703,0.1091754,0.111617,11007566.2
2021-10-08,0.111617,0.1153583,0.1106381,0.1113615,6610045.23
2021-10-09,0.1113615,0.1229583,0.109683,0.1189092,9485534.35
2021-10-10,0.1189092,0.119145,0.109984,0.1104191,6831442.84
2021-10-11,0.1104191,0.1152988,0.1064754,0.1092629,6853692.88
2021-10-12,0.1092629,0.1092629,0.1007562,0.1066419,13194856.1
2021-10-13,0.1066419,0.1163777,0.1046311,0.1153525,12621948.35
2021-10-14,0.1153525,0.1228618,0.1153525,0.1190774,10002304.8
2021-10-15,0.1190774,0.1250946,0.112833,0.1198063,11105670.22
2021-10-16,0.1198063,0.1244188,0.118464,0.1197919,6463262.4
2021-10-17,0.1197919,0.1277631,0.1165266,0.1221806,10849073.63
2021-10-18,0.1221806,0.1237047,0.1169237,0.1184875,6548655.52
2021-10-19,0.1184875,0.1193415,0.1147455,0.1161795,3708778.92
2021-10-20,0.1161795,0.1230166,0.1151753,0.1221916,3809033.05
2021-10-21,0.1221916,0.1359733,0.1219882,0.1295617,16450488.99
2021-10-22,0.1295617,0.1369471,0.1265681,0.1300873,9490885.53
2021-10-23,0.1300873,0.138536,0.1287417,0.1358566,5722222.49
2021-10-24,0.1358566,0.1392967,0.1285043,0.132461,5727262.28
2021-10-25,0.132461,0.1432955,0.1313063,0.142517,6171626.32
2021-10-26,0.142517,0.1477056,0.1390544,0.1402815,11432069.9
2021-10-27,0.1402815,0.1431594,0.1174602,0.1240348,37083249.4
2021-10-28,0.1240348,0.1337263,0.1233547,0.1300313,36624169.91
2021-10-29,0.1300313,0.138684,0.1295,0.137185,9205992.64
2021-10-30,0.137185,0.1385807,0.1272218,0.1305328,5340614.38
2021-10-31,0.1305328,0.1354832,0.1262083,0.1330432,11304105.21
2021-11-01,0.1330432,0.1378104,0.1277988,0.1367694,12567740.48
2021-11-02,0.1367694,0.1429302,0.1333949,0.1400562,10454230.5
2021-11-03,0.1400562,0.1409406,0.1321958,0.1371562,22461267.09
2021-11-04,0.1371562,0.1534738,0.1355088,0.1526235,17526960.44
2021-11-05,0.1526235,0.1642655,0.1454343,0.1582508,20518135.45
2021-11-06,0.1582508,0.1638952,0.1493152,0.1605599,12865968.29
2021-11-07,0.1605599,0.1619937,0.1541639,0.1549729,5135524.84
2021-11-08,0.1549729,0.1758767,0.1513215,0.1757994,12693653.79
2021-11-09,0.1757994,0.187435,0.1703405,0.1709211,14313864.9
2021-11-10,0.1709211,0.1825398,0.1491592,0.1628034,18115513.0
2021-11-11,0.1628034,0.1688103,0.1586131,0.1653022,11244300.2
2021-11-12,0.1653022,0.1656452,0.1514753,0.1586578,9227293.29
2021-11-13,0.1586578,0.1631834,0.1549839,0.1604439,5649289.49
2021-11-14,0.1604439,0.1633307,0.153896,0.1617156,5408112.07
2021-11-15,0.1617156,0.1773051,0.1616864,0.1628132,11349046.25
2021-11-16,0.1628132,0.1628647,0.1353568,0.1443865,22722243.73
2021-11-17,0.1443865,0.1476218,0.1369591,0.1450706,17596583.12
2021-11-18,0.1450706,0.1469713,0.1233098,0.1288562,16865689.7
2021-11-19,0.1288562,0.1416845,0.1255162,0.1392634,11130864.79
2021-11-20,0.1392634,0.1416203,0.132696,0.1395696,7571215.06
2021-11-21,0.1395696,0.1396786,0.1317468,0.1325499,7753049.91
2021-11-22,0.1325499,0.1330179,0.1245894,0.1266443,15266114.99
2021-11-23,0.1266443,0.1320811,0.1243144,0.1308544,9466641.65
2021-11-24,0.1308544,0.1319442,0.1196697,0.1222656,11421644.36
2021-11-25,0.1222656,0.1322356,0.1210845,0.1275477,9334871.83
2021-11-26,0.1275477,0.1284088,0.1105744,0.1133475,15089349.28
2021-11-27,0.1133475,0.1183693,0.1127973,0.1141944,6955535.88
2021-11-28,0.1141944,0.1164838,0.1041065,0.1164689,17467434.77
2021-11-29,0.1164689,0.1222175,0.1141638,0.1212385,8169800.14
2021-11-30,0.1212385,0.1254184,0.1156298,0.1189611,11516361.5
2021-12-01,0.1189611,0.1254169,0.1168739,0.1181903,8920836.65
2021-12-02,0.1181903,0.1190253,0.1138314,0.1158379,6715861.44
2021-12-03,0.1158379,0.119387,0.1048291,0.108734,11885349.36
2021-12-04,0.108734,0.1088078,0.0672165,0.0966587,41786708.87
2021-12-05,0.0966587,0.0979668,0.0862809,0.0897082,18673554.13
2021-12-06,0.0897082,0.0937672,0.0794071,0.0934841,23637268.05
2021-12-07,0.0934841,0.0979904,0.0899231,0.0915178,21394281.71
2021-12-08,0.0915178,0.0959321,0.0881511,0.0943954,13084683.59
2021-12-09,0.0943954,0.0958752,0.0854214,0.0854579,15119778.16
2021-12-10,0.0854579,0.0888792,0.0804089,0.0805047,12392139.63
2021-12-11,0.0805047,0.0864324,0.0793901,0.0859322,8363039.23
2021-12-12,0.0859322,0.0880981,0.0828933,0.0870279,4879304.73
2021-12-13,0.0870279,0.0884015,0.0755042,0.0771873,11181366.36
2021-12-14,0.0771873,0.0809203,0.0749938,0.0797405,10547402.78
2021-12-15,0.0797405,0.0843966,0.0746148,0.0831964,10114143.39
2021-12-16,0.0831964,0.087819,0.0812298,0.0815263,4378805.41
2021-12-17,0.0815263,0.0842386,0.0777434,0.0801379,4983321.45
2021-12-18,0.0801379,0.084399,0.078927,0.0841693,3608829.89
2021-12-19,0.0841693,0.0848964,0.0800773,0.0803146,2857842.87
2021-12-20,0.0803146,0.0812576,0.0762176,0.0794434,3810797.68
2021-12-21,0.0794434,0.0836958,0.0784848,0.0833334,2636046.53
2021-12-22,0.0833334,0.0888914,0.0827242,0.0868178,3625706.0
2021-12-23,0.0868178,0.0941535,0.084731,0.0929572,4312770.68
2021-12-24,0.0929572,0.0962,0.0909517,0.0917271,6120454.32
2021-12-25,0.0917271,0.095347,0.0912091,0.0948223,1860993.25
2021-12-26,0.0948223,0.0950175,0.0914642,0.0944704,2507108.08
2021-12-27,0.0944704,0.1028788,0.0944582,0.0975868,4344036.14
2021-12-28,0.0975868,0.0976636,0.0873981,0.0875828,6694702.47
2021-12-29,0.0875828,0.0900681,0.082,0.0825106,4718755.5
2021-12-30,0.0825106,0.0864746,0.0807366,0.0846759,3783271.47
2021-12-31,0.0846759,0.0873371,0.0809753,0.0827913,2924305.15
2022-01-01,0.0827913,0.0867861,0.0826702,0.0867189,1854941.94
2022-01-02,0.0867189,0.0887032,0.0846591,0.0871013,1691983.95
2022-01-03,0.0871013,0.0886568,0.0843685,0.0858092,2784508.43
2022-01-04,0.0858092,0.0896928,0.083745,0.0859832,3559167.05
2022-01-05,0.0859832,0.0959305,0.078631,0.0844863,8381668.85
2022-01-06,0.0844863,0.0848744,0.0805128,0.082597,6560149.63
2022-01-07,0.082597,0.082827,0.0763759,0.0785337,6639901.26
2022-01-08,0.0785337,0.0806937,0.072067,0.0754473,5153971.12
2022-01-09,0.0754473,0.078798,0.0744644,0.0765923,1708083.17
2022-01-10,0.0765923,0.0787654,0.0690437,0.0731057,6095028.66
2022-01-11,0.0731057,0.0768269,0.0721382,0.0766799,2584761.47
2022-01-12,0.0766799,0.0824554,0.0766799,0.0823623,2652591.2
2022-01-13,0.0823623,0.0831702,0.076889,0.0782682,3277021.66
2022-01-14,0.0782526,0.0797488,0.0754578,0.0789644,2986804.27
2022-01-15,0.0789644,0.0800509,0.0775257,0.0785942,1475722.66
2022-01-16,0.0785942,0.0798046,0.0772006,0.0784238,1253538.02
2022-01-17,0.0784238,0.0785487,0.07375,0.0752548,2289410.13
2022-01-18,0.0752548,0.0760953,0.0721876,0.074227,3106294.0
2022-01-19,0.074227,0.0746768,0.0701964,0.0708247,2894464.5
2022-01-20,0.0708247,0.0747429,0.0671013,0.0676053,2772003.93
2022-01-21,0.0676053,0.0688447,0.0557421,0.0575126,11760935.08
2022-01-22,0.0575126,0.0589974,0.044978,0.0515703,22656438.02
2022-01-23,0.0515703,0.0545957,0.0500709,0.0531102,9792109.42
2022-01-24,0.0531102,0.0531102,0.0439317,0.0513777,17802983.79
2022-01-25,0.0513777,0.0542147,0.0495819,0.0535718,8114548.81
2022-01-26,0.0535718,0.0587599,0.0515921,0.0532914,10113346.54
2022-01-27,0.0532914,0.0545209,0.0500817,0.0523682,7988461.51
2022-01-28,0.0523682,0.0540851,0.0508157,0.0538789,6559651.01
2022-01-29,0.0538789,0.0554591,0.0533305,0.0544593,3755116.31
2022-01-30,0.0544593,0.0554716,0.0516735,0.0526473,3581571.85
2022-01-31,0.0526473,0.0539794,0.0504845,0.0538215,4232096.38
2022-02-01,0.0538215,0.0553907,0.0534528,0.0545281,3345531.5
2022-02-02,0.0545281,0.0563439,0.0516309,0.052013,4372479.7
2022-02-03,0.052013,0.0525536,0.0506393,0.0523744,4323319.73
2022-02-04,0.0523744,0.0585273,0.0520666,0.0585273,4836813.24
2022-02-05,0.0585273,0.0610952,0.0576837,0.059191,3823463.59
2022-02-06,0.059191,0.0613174,0.05801,0.0612873,3341175.98
2022-02-07,0.0612873,0.0678661,0.059985,0.0676458,5703681.98
2022-02-08,0.0676458,0.0694132,0.0620769,0.0641916,7873982.73
2022-02-09,0.0641916,0.0680457,0.0631614,0.0669585,5235974.56
2022-02-10,0.0669585,0.0684004,0.0627235,0.0629233,7214853.09
2022-02-11,0.0629233,0.06452,0.0567087,0.0580037,8672658.63
2022-02-12,0.0580037,0.0591035,0.0556727,0.0573991,7443755.98
2022-02-13,0.0573991,0.0584758,0.0551767,0.0562978,4265292.31
2022-02-14,0.0562978,0.0573548,0.0543054,0.0562114,6508635.56
2022-02-15,0.0562114,0.0610799,0.0510909,0.0610799,8952263.47
2022-02-16,0.0610799,0.0619177,0.0582699,0.0603336,10915219.36
2022-02-17,0.0603336,0.0614765,0.0543482,0.0545884,13974145.81
2022-02-18,0.0545884,0.0560546,0.0528144,0.0532143,13563952.69
2022-02-19,0.0532143,0.0545592,0.0514905,0.0526064,8191377.46
2022-02-20,0.0526064,0.0526625,0.0483041,0.0491758,11840597.01
2022-02-21,0.0491758,0.0515682,0.0449407,0.0452086,19874651.43
2022-02-22,0.0452086,0.0472688,0.0438579,0.0471928,19339942.18
2022-02-23,0.0471928,0.0499872,0.0453837,0.045462,14727732.9
2022-02-24,0.045462,0.0459474,0.0391205,0.0445866,45036707.57
2022-02-25,0.0445866,0.048106,0.0435944,0.0474383,19217435.72
2022-02-26,0.0474383,0.0492168,0.0472112,0.0482551,10849627.39
2022-02-27,0.0482551,0.0491688,0.0445212,0.0455638,12928248.3
2022-02-28,0.0455638,0.0520938,0.0443377,0.0520938,12449622.17
2022-03-01,0.0520938,0.0545015,0.0512397,0.0529067,14031684.17
2022-03-02,0.0529067,0.0539733,0.051275,0.052916,13071015.2
2022-03-03,0.052916,0.0572052,0.0516876,0.0545312,20920790.6
2022-03-04,0.0545312,0.0551539,0.0482186,0.0490906,15987117.22
2022-03-05,0.0490906,0.050821,0.0475931,0.0504216,9318373.75
2022-03-06,0.0504216,0.0508219,0.0472453,0.0476472,9376357.13
2022-03-07,0.0476472,0.0489117,0.0447849,0.0460727,12263064.7
2022-03-08,0.0460727,0.0475537,0.0454695,0.0465965,10851645.95
2022-03-09,0.0465965,0.0498583,0.0465415,0.0485139,8575724.45
2022-03-10,0.0485139,0.0487465,0.0452974,0.0469657,11540635.87
2022-03-11,0.0469657,0.0485093,0.0454254,0.0462283,11251849.16
2022-03-12,0.0462283,0.0474383,0.046146,0.0461992,6494025.45
2022-03-13,0.0461992,0.0471029,0.0441269,0.0445749,12526246.64
2022-03-14,0.0445749,0.0461916,0.0443194,0.0458546,16801878.89
2022-03-15,0.0458546,0.0465988,0.0442607,0.0458689,14036846.63
2022-03-16,0.0458689,0.0486055,0.0454898,0.0483705,29101771.12
2022-03-17,0.0483705,0.0497046,0.04768,0.0483871,6166191.73
2022-03-18,0.0483871,0.0498667,0.0471139,0.0495215,8132965.28
2022-03-19,0.0495215,0.0516722,0.0494721,0.0513069,7655506.15
2022-03-20,0.0513069,0.0527404,0.0489081,0.0499379,9251698.12
2022-03-21,0.0499379,0.0518913,0.0487703,0.0507112,10832666.83
2022-03-22,0.0507112,0.0538384,0.0504358,0.0532283,9792791.24
2022-03-23,0.0532283,0.056142,0.0526898,0.0559926,11793396.69
2022-03-24,0.0559926,0.0583942,0.0550109,0.057563,12898426.4
2022-03-25,0.057563,0.0590113,0.0550344,0.0556233,10497237.35
2022-03-26,0.0556233,0.0655511,0.0554946,0.0644164,19850398.46
2022-03-27,0.0644164,0.0797,0.0634897,0.074828,76227325.96
2022-03-28,0.074828,0.0814302,0.0700715,0.0709685,47286729.12
2022-03-29,0.0709685,0.0751783,0.0704062,0.0724311,19161812.91
2022-03-30,0.0724311,0.0872446,0.0687406,0.0851143,43606414.79
2022-03-31,0.0851143,0.0892295,0.0761856,0.0780733,27317709.83
2022-04-01,0.0780733,0.0829672,0.0747905,0.0809765,24806657.78
2022-04-02,0.0809765,0.0836365,0.0767441,0.0771071,21679612.44
2022-04-03,0.0771071,0.082909,0.0750675,0.0825799,13825415.19
2022-04-04,0.0825799,0.0827774,0.0744406,0.0789579,14857041.75
2022-04-05,0.0789579,0.080619,0.0757209,0.0758743,10912328.53
2022-04-06,0.0758743,0.0762168,0.0653149,0.0657704,23040101.42
2022-04-07,0.0657704,0.0707653,0.0649214,0.0702899,10773721.53
2022-04-08,0.0702899,0.0719009,0.0641635,0.0647632,5480581.95
2022-04-09,0.0647632,0.0673575,0.0643751,0.0671483,2831104.98
2022-04-10,0.0671483,0.0685063,0.0646611,0.0647672,3368655.13
2022-04-11,0.0647672,0.0656207,0.0568826,0.0577195,8148814.18
2022-04-12,0.0577195,0.0618989,0.0572528,0.0601997,5902037.06
2022-04-13,0.0601997,0.0621681,0.0586902,0.0615506,4919290.63
2022-04-14,0.0615506,0.0638674,0.0595028,0.0613202,5271522.99
2022-04-15,0.0613202,0.0621988,0.060423,0.0615796,10184676.54
2022-04-16,0.0615796,0.0626173,0.0601492,0.0613414,3473325.82
2022-04-17,0.0613414,0.0614471,0.0577305,0.0579567,2828963.83
2022-04-18,0.0579567,0.0596042,0.055114,0.0595544,5322368.63
2022-04-19,0.0595544,0.0618451,0.0590557,0.0615693,4113976.57
2022-04-20,0.0615693,0.0633558,0.0590036,0.0607345,4926355.42
2022-04-21,0.0607345,0.0638108,0.0574457,0.0587632,6192925.86
2022-04-22,0.0587632,0.0601645,0.0571337,0.0578085,5854764.04
2022-04-23,0.0578085,0.0589277,0.0568527,0.0573887,2476164.09
2022-04-24,0.0573887,0.0580428,0.0554294,0.0558826,2487662.95
2022-04-25,0.0558826,0.0569515,0.051821,0.0563579,6802507.17
2022-04-26,0.0563579,0.0568746,0.0504001,0.0511845,10913720.63
2022-04-27,0.0511845,0.0528986,0.0504924,0.0519817,4686494.01
2022-04-28,0.0519817,0.0532537,0.0504329,0.0515667,4666572.62
2022-04-29,0.0515667,0.0519572,0.0475118,0.0484503,4709383.43
2022-04-30,0.0484503,0.0496122,0.0444916,0.0453204,8086397.27
2022-05-01,0.0453204,0.0494388,0.0442167,0.0484624,11210452.11
2022-05-02,0.0484624,0.0498053,0.0457622,0.0474949,7169510.36
2022-05-03,0.0474949,0.0486905,0.0458027,0.0468098,4323916.57
2022-05-04,0.0468098,0.0540872,0.0465918,0.0539011,16523392.59
2022-05-05,0.0539011,0.054675,0.0459376,0.0475825,18173655.9
2022-05-06,0.0475825,0.0479729,0.0453802,0.0469898,14040332.9
2022-05-07,0.0469898,0.0472362,0.0444172,0.04554,7782022.17
2022-05-08,0.04554,0.0460328,0.0437236,0.0445141,12270748.68
2022-05-09,0.0445141,0.045243,0.0377148,0.0378354,29068078.19
2022-05-10,0.0378354,0.0435532,0.0359888,0.0387951,54097957.38
2022-05-11,0.0387951,0.0401905,0.0284433,0.0303781,72319455.31
2022-05-12,0.0303781,0.0322401,0.024066,0.0276448,74524864.12
2022-05-13,0.0276448,0.0343157,0.027237,0.0305395,29767899.92
2022-05-14,0.0305395,0.0326413,0.0286205,0.0318227,19518887.36
2022-05-15,0.0318227,0.0336494,0.0304133,0.0335854,10298982.69
2022-05-16,0.0335854,0.0335854,0.03,0.0309766,15705279.75
2022-05-17,0.0309766,0.0332687,0.030828,0.0329111,7303468.98
2022-05-18,0.0329111,0.0331447,0.0289987,0.029156,10189712.21
2022-05-19,0.029156,0.0316069,0.028303,0.0313826,14996080.9
2022-05-20,0.0313826,0.0319486,0.0293682,0.0300872,10422787.84
2022-05-21,0.0300872,0.0311641,0.0296299,0.0308379,5435900.67
2022-05-22,0.0308379,0.0327471,0.030626,0.0320023,9897206.67
2022-05-23,0.0320023,0.034859,0.0306558,0.0311617,16273032.82
2022-05-24,0.0311617,0.0321479,0.0296531,0.0316956,7871061.85
2022-05-25,0.0316956,0.0324859,0.0303822,0.0313438,16399622.93
2022-05-26,0.0313438,0.0321433,0.0281632,0.0294832,26409989.19
2022-05-27,0.0294832,0.0305254,0.0284212,0.0290251,17583122.02
2022-05-28,0.0290251,0.0300673,0.0286265,0.0297046,6756905.72
2022-05-29,0.0297046,0.0301826,0.0289569,0.0301651,4618936.09
2022-05-30,0.0301651,0.033063,0.0300249,0.0329608,10168033.01
2022-05-31,0.0329608,0.0337943,0.0318476,0.0327962,16070905.23
2022-06-01,0.0327962,0.0341421,0.030006,0.0304689,16821189.73
2022-06-02,0.0304689,0.0317085,0.0300326,0.0314452,10855913.98
2022-06-03,0.0314452,0.0317574,0.0297961,0.0301924,8038629.53
2022-06-04,0.0301924,0.0307367,0.0295734,0.030559,6318134.02
2022-06-05,0.030559,0.0309114,0.0300152,0.0304363,4459271.41
2022-06-06,0.0304363,0.0327191,0.0303222,0.0317398,8645359.29
2022-06-07,0.0317398,0.0318361,0.0295627,0.030684,13154521.63
2022-06-08,0.030684,0.0312409,0.0300351,0.0302907,9617647.29
2022-06-09,0.0302907,0.0331129,0.0299114,0.0318522,23096059.45
2022-06-10,0.0318522,0.032353,0.0292248,0.0294747,17711625.91
2022-06-11,0.0294747,0.0302155,0.0271027,0.0275916,14167034.65
2022-06-12,0.0275916,0.0279993,0.0256604,0.0256756,22674846.07
2022-06-13,0.0256756,0.0262372,0.0222373,0.0238595,62584218.35
2022-06-14,0.0238595,0.0248342,0.0219418,0.0239292,40176687.43
2022-06-15,0.0239292,0.0256048,0.0214497,0.0255681,66176283.83
2022-06-16,0.0255681,0.025896,0.0222762,0.0227055,30981981.78
2022-06-17,0.0227055,0.0239463,0.0224763,0.0232452,30957554.47
2022-06-18,0.0232452,0.023722,0.0200695,0.0216652,34107668.67
2022-06-19,0.0216652,0.0233068,0.020724,0.0230617,29994246.85
2022-06-20,0.0230617,0.0238577,0.0219386,0.023533,25284129.95
2022-06-21,0.023533,0.0252111,0.0230313,0.0236875,14382868.65
2022-06-22,0.0236875,0.0237544,0.0225585,0.0227424,15716627.9
2022-06-23,0.0227424,0.0242842,0.0226826,0.0241838,10652591.85
2022-06-24,0.0241838,0.0259402,0.0239247,0.0253795,16874063.95
2022-06-25,0.0253795,0.0264789,0.0245055,0.0262022,16743148.38
2022-06-26,0.0262022,0.0267207,0.0242604,0.0242907,18041703.65
2022-06-27,0.0242907,0.0255112,0.0241566,0.0245192,15418071.61
2022-06-28,0.0245192,0.0253925,0.0233065,0.0234421,16445131.31
2022-06-29,0.0234421,0.0238003,0.0223986,0.0227592,13237274.86
2022-06-30,0.0227592,0.0229227,0.0212051,0.0227775,12061257.87
2022-07-01,0.0227775,0.023206,0.0217824,0.0222927,10284655.65
2022-07-02,0.0222927,0.0226444,0.0218179,0.0223485,7628671.07
2022-07-03,0.0223485,0.0228326,0.0218068,0.022578,5798222.3
2022-07-04,0.022578,0.0234075,0.021902,0.023311,6934367.11
2022-07-05,0.023311,0.0235205,0.0219846,0.0227219,10564679.78
2022-07-06,0.0227219,0.0239291,0.0222607,0.0235541,10124610.15
2022-07-07,0.0235541,0.0243647,0.0230975,0.0240961,7205800.02
2022-07-08,0.0240961,0.024775,0.02355,0.0237512,8038102.44
2022-07-09,0.0237512,0.0245014,0.0237481,0.0240873,6519371.88
2022-07-10,0.0240873,0.0242149,0.0232407,0.023409,6807722.29
2022-07-11,0.023409,0.023409,0.0219368,0.0220113,9167801.18
2022-07-12,0.0220113,0.022278,0.0213949,0.0214726,8996677.27
2022-07-13,0.0214726,0.0223463,0.0207283,0.0222806,12338717.98
2022-07-14,0.0222806,0.0230221,0.0215101,0.022812,8228095.31
2022-07-15,0.022812,0.0234372,0.0225589,0.0229722,13721238.52
2022-07-16,0.0229722,0.0238417,0.0225369,0.0236919,10287065.95
2022-07-17,0.0236919,0.0241524,0.0231381,0.0231744,10966640.95
2022-07-18,0.0231744,0.0249552,0.0231176,0.0247211,10728569.07
2022-07-19,0.0247211,0.026399,0.0240112,0.0260998,13129530.87
2022-07-20,0.0260998,0.0273762,0.0253042,0.0253217,14790683.02
2022-07-21,0.0253217,0.0256899,0.0243343,0.0253388,9549295.14
2022-07-22,0.0253388,0.0268228,0.0251291,0.025246,10971519.42
2022-07-23,0.025246,0.0258498,0.0244127,0.0250179,12077742.92
2022-07-24,0.0250179,0.0257426,0.0248025,0.0250469,7638786.51
2022-07-25,0.0250469,0.0251677,0.0232928,0.0232928,10204313.97
2022-07-26,0.0232928,0.0233824,0.0225154,0.0233165,10421416.07
2022-07-27,0.0233165,0.0251821,0.0228689,0.0251815,11831085.38
2022-07-28,0.0251815,0.0267421,0.0247852,0.0263475,11508490.55
2022-07-29,0.0263475,0.0275347,0.0259219,0.0266499,12547903.33
2022-07-30,0.0266499,0.0285217,0.0263674,0.0273684,17673059.44
2022-07-31,0.0273684,0.0286062,0.0269471,0.0271076,13158985.47
2022-08-01,0.0271076,0.0281365,0.0268362,0.0275785,8810502.38
2022-08-02,0.0275785,0.0292878,0.0262308,0.0278024,22107868.67
2022-08-03,0.0278024,0.0308114,0.0271184,0.0292977,21054113.2
2022-08-04,0.0292977,0.030327,0.0288318,0.0295382,10410174.32
2022-08-05,0.0295382,0.0314878,0.0292482,0.0314173,15792608.79
2022-08-06,0.0314173,0.0319183,0.0307714,0.0308511,7299184.23
2022-08-07,0.0308511,0.0317994,0.0305195,0.0312711,6062528.9
2022-08-08,0.0312711,0.0327844,0.0312135,0.0315073,5698613.87
2022-08-09,0.0315073,0.0318728,0.0296334,0.0302008,4685718.83
2022-08-10,0.0302008,0.0330331,0.0293074,0.0327115,8308591.42
2022-08-11,0.0327115,0.0335732,0.0324078,0.0327063,8298943.36
2022-08-12,0.0327063,0.0337444,0.0323395,0.0333579,4983963.96
2022-08-13,0.0333579,0.0336921,0.0326972,0.0329716,3207484.86
2022-08-14,0.0329716,0.0338577,0.0320446,0.0322229,4203649.42
2022-08-15,0.0322229,0.0332038,0.0308879,0.03137,5998867.82
2022-08-16,0.03137,0.0315691,0.0305336,0.0306803,5492374.3
2022-08-17,0.0306803,0.0320044,0.0289351,0.0292739,8659981.49
2022-08-18,0.0292739,0.0298634,0.0281448,0.028146,9656604.92
2022-08-19,0.028146,0.0281772,0.0254079,0.0256936,15899666.46
2022-08-20,0.0256936,0.0265315,0.0251895,0.0257673,7780980.97
2022-08-21,0.0257673,0.0269956,0.0256052,0.0265417,5894130.63
2022-08-22,0.0265417,0.0265534,0.025,0.0261582,6190475.71
2022-08-23,0.0261582,0.0266854,0.0252773,0.0264272,6391302.07
2022-08-24,0.0264272,0.0269429,0.0256567,0.0262212,4924758.38
2022-08-25,0.0262212,0.0271819,0.0262174,0.0267465,3768347.39
2022-08-26,0.0267465,0.0272546,0.0241246,0.0244436,12330090.67
2022-08-27,0.0244436,0.0248351,0.0240055,0.0244183,6027288.54
2022-08-28,0.0244183,0.0248072,0.0235792,0.023668,4057915.25
2022-08-29,0.023668,0.0249442,0.0234133,0.0248718,5560018.12
2022-08-30,0.0248718,0.0253647,0.0237254,0.0243307,5200647.81
2022-08-31,0.0243307,0.0251271,0.0240061,0.0242234,7519714.86
2022-09-01,0.0242234,0.0244107,0.0233437,0.0242986,7376381.09
2022-09-02,0.0242986,0.0248993,0.0237564,0.0241107,5526244.96
2022-09-03,0.0241107,0.0243023,0.0237353,0.0242407,6014031.67
2022-09-04,0.0242407,0.0251976,0.0240683,0.0250025,7764382.86
2022-09-05,0.0250025,0.0251347,0.023976,0.0244608,3900360.41
2022-09-06,0.0244608,0.0252817,0.0227314,0.0229377,13179874.82
2022-09-07,0.0229377,0.0239937,0.0225694,0.0237973,10888816.12
2022-09-08,0.0237973,0.0243931,0.0234339,0.0242577,12213109.26
2022-09-09,0.0242577,0.0259325,0.0242156,0.0256572,11744182.08
2022-09-10,0.0256572,0.0260417,0.0253241,0.0256886,7744562.24
2022-09-11,0.0256886,0.0260523,0.0252072,0.0257117,4408200.19
2022-09-12,0.0257117,0.0265508,0.025255,0.0257022,8459369.45
2022-09-13,0.0257022,0.0257745,0.0234052,0.0235244,13941096.48
2022-09-14,0.0235244,0.0242325,0.0233967,0.0240136,8874383.68
2022-09-15,0.0240136,0.0241524,0.0229257,0.0232134,8621424.12
2022-09-16,0.0232134,0.02356,0.0229355,0.0233819,5191878.78
2022-09-17,0.0233819,0.0243662,0.0233536,0.0243446,2775655.39
2022-09-18,0.0243446,0.0243528,0.0223387,0.0224157,6424185.23
2022-09-19,0.0224157,0.0230025,0.0218321,0.0228212,8421601.47
2022-09-20,0.0228212,0.0231618,0.0222945,0.0226777,6163225.61
2022-09-21,0.0226777,0.0234126,0.0215478,0.0219083,13990954.91
2022-09-22,0.0219083,0.0230929,0.0218245,0.0228777,5285694.72
2022-09-23,0.0228777,0.0236845,0.0222476,0.0232407,7688585.23
2022-09-24,0.0232407,0.0237505,0.0228151,0.0228677,4600636.27
2022-09-25,0.0228677,0.0231911,0.0220889,0.0223911,4575405.32
2022-09-26,0.0223911,0.0228421,0.0218983,0.0227132,7815432.48
2022-09-27,0.0227132,0.0239873,0.0224375,0.0226285,13745272.02
2022-09-28,0.0226285,0.0230724,0.0218153,0.0228771,17366308.22
2022-09-29,0.0228771,0.0234904,0.0226751,0.0234663,16664379.83
2022-09-30,0.0234663,0.0238803,0.0227574,0.0230642,13045788.29
2022-10-01,0.0230642,0.0234152,0.0229196,0.0233205,5028734.19
2022-10-02,0.0233205,0.0235009,0.0225308,0.0225643,7786638.56
2022-10-03,0.0225643,0.0236239,0.0223281,0.0235266,5617255.64
2022-10-04,0.0235266,0.0242872,0.0234041,0.0239285,7410001.86
2022-10-05,0.0239285,0.0239539,0.0232266,0.0238817,5781002.12
2022-10-06,0.0238817,0.0241534,0.0232948,0.0234115,8365200.29
2022-10-07,0.0234115,0.0235539,0.0228487,0.0231679,5477815.93
2022-10-08,0.0231679,0.0233738,0.0227764,0.0229382,3523222.19
2022-10-09,0.0229382,0.0232731,0.022907,0.0230983,2783240.22
2022-10-10,0.0230983,0.0236119,0.0227254,0.0227658,9832132.55
2022-10-11,0.0227658,0.0228657,0.0221026,0.0227418,13156954.79
2022-10-12,0.0227418,0.0230524,0.0225072,0.0227681,5889841.0
2022-10-13,0.0227681,0.0234227,0.0212186,0.0230374,24562922.16
2022-10-14,0.0230374,0.0235515,0.0226437,0.0228173,6109822.93
2022-10-15,0.0228173,0.0230336,0.0225588,0.0227626,5144771.42
2022-10-16,0.0227626,0.0231534,0.0227564,0.0229293,4278799.24
2022-10-17,0.0229293,0.0234454,0.0227017,0.0233125,8355729.47
2022-10-18,0.0233125,0.0235986,0.0226084,0.023026,9956704.46
2022-10-19,0.023026,0.0231108,0.0221824,0.0223352,9453893.7
2022-10-20,0.0223352,0.0226222,0.0217409,0.0218368,7930035.07
2022-10-21,0.0218368,0.0225664,0.021443,0.0224522,8064421.93
2022-10-22,0.0224522,0.0226761,0.0221982,0.0226036,3300712.89
2022-10-23,0.0226036,0.0229904,0.0221169,0.0228015,6382364.37
2022-10-24,0.0228015,0.0228719,0.0222147,0.0224519,8462569.97
2022-10-25,0.0224519,0.0233991,0.0221722,0.0228673,12787176.23
2022-10-26,0.0228673,0.0235642,0.0228485,0.0233572,13206843.97
2022-10-27,0.0233572,0.02401,0.0228181,0.0229039,18987131.44
2022-10-28,0.0229039,0.0237526,0.02265,0.0234894,12839863.56
2022-10-29,0.0234894,0.0243515,0.0234894,0.0240466,20518167.66
2022-10-30,0.0240466,0.024457,0.0232577,0.0235591,10759815.64
2022-10-31,0.0235591,0.0241154,0.0233378,0.0239452,14571177.72
2022-11-01,0.0239452,0.0242636,0.0234276,0.023525,10198726.56
2022-11-02,0.023525,0.0240255,0.0228732,0.0231569,20518889.44
2022-11-03,0.0231569,0.0239445,0.023106,0.0236873,7844241.8
2022-11-04,0.0236873,0.0254999,0.0236061,0.0254081,18378283.05
2022-11-05,0.0254081,0.02597,0.0252383,0.0259622,15907525.76
2022-11-06,0.0259622,0.026625,0.0246228,0.0246977,30887330.1
2022-11-07,0.0246977,0.0276925,0.0244905,0.0267771,61340986.63
2022-11-08,0.0267771,0.0284741,0.0210753,0.0234253,216482473.35
2022-11-09,0.0234253,0.0237857,0.018918,0.019519,277518950.25
2022-11-10,0.019519,0.0226989,0.0191433,0.0221546,172275413.05
2022-11-11,0.0221546,0.0225284,0.0204791,0.0214166,77588861.07
2022-11-12,0.0214166,0.0214355,0.01989,0.0200552,31039641.17
2022-11-13,0.0200552,0.0204769,0.0190039,0.0192215,47356791.15
2022-11-14,0.0192215,0.0197813,0.0179582,0.0191646,84795059.53
2022-11-15,0.0191646,0.0202613,0.0189137,0.0197069,43709650.54
2022-11-16,0.0197069,0.0208684,0.0193816,0.0198928,36240800.6
2022-11-17,0.0198928,0.0201835,0.0188794,0.0193173,22701361.05
2022-11-18,0.0193173,0.0197037,0.018959,0.0192272,12956102.15
2022-11-19,0.0192272,0.0194958,0.0186998,0.0191854,10531701.52
2022-11-20,0.0191854,0.0193474,0.0178362,0.0179809,18382440.26
2022-11-21,0.0179809,0.0184,0.0174274,0.0177457,36256977.59
2022-11-22,0.0177457,0.0182244,0.0172642,0.0181677,20743534.14
2022-11-23,0.0181677,0.0190884,0.0179874,0.0190851,15602428.66
2022-11-24,0.0190851,0.0193239,0.018655,0.0191005,11383243.74
2022-11-25,0.0191005,0.0192634,0.0185467,0.018934,9821768.34
2022-11-26,0.018934,0.019367,0.0187645,0.018932,11136360.35
2022-11-27,0.018932,0.0193917,0.0187074,0.0187946,10536509.79
2022-11-28,0.0187946,0.0189274,0.0179881,0.0182282,18766009.65
2022-11-29,0.0182282,0.0187373,0.0180774,0.0185273,10047860.08
2022-11-30,0.0185273,0.0193529,0.0185098,0.019228,14296662.11
2022-12-01,0.019228,0.0193531,0.0189868,0.0190527,13315350.9
2022-12-02,0.0190527,0.0194644,0.0187846,0.0194038,8929703.81
2022-12-03,0.0194038,0.01964,0.0189579,0.0190257,8702287.39
2022-12-04,0.0190257,0.0193796,0.0190232,0.019328,5516531.86
2022-12-05,0.019328,0.0196476,0.0190817,0.0191677,6576152.23
2022-12-06,0.0191677,0.0193947,0.0190074,0.0192073,5226379.2
2022-12-07,0.0192073,0.019324,0.0183935,0.0186617,8760070.57
2022-12-08,0.0186617,0.0191822,0.0184867,0.0191152,7468044.95
2022-12-09,0.0191152,0.0193267,0.0189305,0.0190297,5595976.53
2022-12-10,0.0190297,0.0196275,0.0189878,0.019201,6891706.27
2022-12-11,0.019201,0.0195124,0.0190275,0.0190518,7999447.74
2022-12-12,0.0190518,0.0190518,0.0185216,0.0189176,7844209.39
2022-12-13,0.0189176,0.0193683,0.0181392,0.0190875,12989996.96
2022-12-14,0.0190875,0.0191722,0.0185447,0.0187327,10908059.15
2022-12-15,0.0187327,0.018822,0.0180775,0.0181858,7224361.45
2022-12-16,0.0181858,0.0186282,0.016659,0.0168863,24307595.22
2022-12-17,0.0168863,0.0170171,0.016272,0.0169069,16214110.39
2022-12-18,0.0169069,0.016927,0.0165012,0.0166322,12725069.12
2022-12-19,0.0166322,0.0168169,0.0156505,0.0157849,21840008.61
2022-12-20,0.0157849,0.0165524,0.0157404,0.0162765,12844008.78
2022-12-21,0.0162765,0.0164902,0.0159883,0.0163853,9527709.87
2022-12-22,0.0163853,0.0164194,0.01585,0.016383,10078677.68
2022-12-23,0.016383,0.0165268,0.0161902,0.0162739,6753282.18
2022-12-24,0.0162739,0.016392,0.0161353,0.016263,4822607.78
2022-12-25,0.016263,0.0162864,0.0159414,0.0161564,5502812.18
2022-12-26,0.0161564,0.0161835,0.0158821,0.0161756,4571003.25
2022-12-27,0.0161756,0.0162492,0.0156982,0.0159938,9840951.93
2022-12-28,0.0159938,0.0160252,0.0154064,0.0156324,20569517.99
2022-12-29,0.0156324,0.0158333,0.0154073,0.0157167,14266269.64
2022-12-30,0.0157167,0.0157977,0.0153432,0.0156826,9929657.8
2022-12-31,0.0156826,0.0158381,0.0155376,0.015773,7580711.13
2023-01-01,0.015773,0.0160517,0.015691,0.0160465,8436531.81
2023-01-02,0.0160465,0.0163422,0.0157869,0.0161584,13899914.78
2023-01-03,0.0161584,0.0162594,0.0158216,0.0160869,23106516.36
2023-01-04,0.0160869,0.0166205,0.0160035,0.0165909,44246130.42
2023-01-05,0.0165909,0.0166944,0.0161196,0.0162192,26578556.06
2023-01-06,0.0162192,0.0164525,0.0157813,0.016409,34637603.03
2023-01-07,0.016409,0.0165457,0.0162566,0.0163639,18020242.92
2023-01-08,0.0163639,0.0171728,0.0161567,0.0170957,45792452.39
2023-01-09,0.0170957,0.0182156,0.0169843,0.0174636,181521090.44
2023-01-10,0.0174636,0.0183242,0.0171299,0.0181642,112423436.57
2023-01-11,0.0181642,0.0183963,0.0174044,0.0183639,83229245.2
2023-01-12,0.0183639,0.0189123,0.0181059,0.0188303,212287227.08
2023-01-13,0.0188303,0.0201727,0.0186745,0.0201195,94988152.83
2023-01-14,0.0201195,0.0216723,0.0198515,0.0207428,161382189.29
2023-01-15,0.0207428,0.0213513,0.0201394,0.0211143,94567817.49
2023-01-16,0.0211143,0.021814,0.0203715,0.0213427,79020971.35
2023-01-17,0.0213427,0.0217473,0.0209502,0.0212831,54014190.97
2023-01-18,0.0212831,0.0216444,0.0195641,0.0196995,99890163.9
2023-01-19,0.0196995,0.0204422,0.0196691,0.0203288,37644858.21
2023-01-20,0.0203288,0.022474,0.0200355,0.0223969,52757643.18
2023-01-21,0.0223969,0.0225261,0.021598,0.0217973,74705539.11
2023-01-22,0.0217973,0.0229081,0.0217203,0.0221962,72732138.68
2023-01-23,0.0221962,0.0230907,0.0219635,0.0228902,59321219.28
2023-01-24,0.0228902,0.0234733,0.0215733,0.0218435,91759217.28
2023-01-25,0.0218435,0.0233087,0.0212492,0.0229923,137576170.71
2023-01-26,0.0229923,0.0240464,0.0228744,0.0238442,133593013.63
2023-01-27,0.0238442,0.0251226,0.0231489,0.0248753,124127322.51
2023-01-28,0.0248753,0.0250319,0.0237988,0.0241375,48427138.58
2023-01-29,0.0241375,0.0247943,0.0239446,0.0245789,105325874.68
2023-01-30,0.0245789,0.0246539,0.022565,0.023046,230962825.11
2023-01-31,0.023046,0.0234891,0.0228676,0.023137,121497756.34
2023-02-01,0.023137,0.0252316,0.0221401,0.0247781,374711738.28
2023-02-02,0.0247781,0.0251915,0.0237271,0.0241102,225949361.71
2023-02-03,0.0241102,0.0249407,0.0240093,0.0248276,156506596.63
2023-02-04,0.0248276,0.0252622,0.0244043,0.0249115,10544960.73
2023-02-05,0.0249115,0.025002,0.0237893,0.0242074,17127341.58
2023-02-06,0.0242074,0.0246616,0.0235854,0.0239066,11910107.26
2023-02-07,0.0239066,0.0260699,0.0238483,0.0259559,14420905.35
2023-02-08,0.0259559,0.0267114,0.0250679,0.0257453,26420420.92
2023-02-09,0.0257453,0.0265343,0.0228501,0.0232973,41446039.33
2023-02-10,0.0232973,0.0244109,0.0231018,0.0235785,19813245.59
2023-02-11,0.0235785,0.0239807,0.0232774,0.0238758,7823959.15
2023-02-12,0.0238758,0.0245525,0.0233099,0.0235801,8696366.62
2023-02-13,0.0235801,0.0236629,0.0221387,0.0229678,12179842.83
2023-02-14,0.0229678,0.0240512,0.022597,0.0238319,12253406.8
2023-02-15,0.0238319,0.0256824,0.0234579,0.0256492,8949132.72
2023-02-16,0.0256492,0.0260779,0.0242878,0.0243477,14909188.33
2023-02-17,0.0243477,0.0285285,0.024165,0.0275825,42711964.87
2023-02-18,0.0275825,0.0284117,0.0268311,0.0271439,30947203.14
2023-02-19,0.0271439,0.030965,0.02701,0.0287284,46247987.43
2023-02-20,0.0287284,0.0325622,0.028298,0.0318492,26942431.1
2023-02-21,0.0318492,0.0323217,0.029489,0.0301805,6347619.1
2023-02-22,0.0301805,0.030362,0.0281888,0.029562,6117913.26
2023-02-23,0.029562,0.0312704,0.0291871,0.029756,3173647.0
2023-02-24,0.029756,0.0298483,0.0273417,0.0277209,4681313.6
2023-02-25,0.0277209,0.0279673,0.0261743,0.026937,2434170.52
2023-02-26,0.026937,0.0285557,0.0266644,0.0282284,3295967.12
2023-02-27,0.0282284,0.0292398,0.0276,0.0281201,4391699.26
2023-02-28,0.0281201,0.0281459,0.02672,0.0269308,2405922.64
2023-03-01,0.0269308,0.028629,0.0268047,0.0281221,3421176.05
2023-03-02,0.0281221,0.02826,0.0263618,0.0272383,4142223.83
2023-03-03,0.0272383,0.0273431,0.0246094,0.0253898,4581835.77
2023-03-04,0.0253898,0.0257831,0.0240604,0.0244439,3239706.02
2023-03-05,0.0244439,0.024942,0.0241535,0.0243257,2963711.75
2023-03-06,0.0243257,0.0247524,0.0235995,0.0246203,3141068.04
2023-03-07,0.0246203,0.02492,0.0229118,0.023594,3005758.66
2023-03-08,0.023594,0.023672,0.022,0.0220915,3114887.3
2023-03-09,0.0220915,0.0226028,0.0199996,0.020305,6019286.59
2023-03-10,0.020305,0.0211,0.0195888,0.0206201,6275970.56
2023-03-11,0.0206201,0.0210987,0.0194354,0.0203452,4825421.88
2023-03-12,0.0203452,0.0220116,0.0196056,0.0219125,5541551.18
2023-03-13,0.0219125,0.023606,0.0213614,0.0234253,10737018.88
2023-03-14,0.0234253,0.0251491,0.0227389,0.0239,8563698.34
2023-03-15,0.0239,0.0242118,0.021604,0.0217868,7288081.51
2023-03-16,0.0217868,0.022885,0.0217039,0.0223392,6464683.42
2023-03-17,0.0223392,0.0242614,0.022053,0.024252,5626239.13
2023-03-18,0.024252,0.0244861,0.0228095,0.0230098,5642930.12
2023-03-19,0.0230098,0.0247346,0.0229152,0.0243767,5743294.1
2023-03-20,0.0243767,0.0248481,0.0228334,0.0229261,6541237.24
2023-03-21,0.0229261,0.0239363,0.02208,0.0237452,6939667.92
2023-03-22,0.0237452,0.0238138,0.0218416,0.0224528,5118813.76
2023-03-23,0.0224528,0.0238378,0.0224312,0.0235888,4155246.25
2023-03-24,0.0235888,0.024116,0.0223731,0.022804,4477730.07
2023-03-25,0.022804,0.0232998,0.0223945,0.0227174,4080449.58
2023-03-26,0.0227174,0.0231994,0.0225432,0.0228573,4444180.89
2023-03-27,0.0228573,0.0229361,0.02148,0.0219921,4566118.09
2023-03-28,0.0219921,0.0224672,0.0215999,0.0224179,3881174.67
2023-03-29,0.0224179,0.0233481,0.0224116,0.0232042,9001456.75
2023-03-30,0.0232042,0.0235701,0.0223966,0.0228738,5611796.82
2023-03-31,0.0228738,0.0236319,0.0225499,0.0234539,8226254.02
2023-04-01,0.0234539,0.0236093,0.0230481,0.0235534,4283575.83
2023-04-02,0.0235534,0.0238745,0.0228195,0.0233152,6031153.59
2023-04-03,0.0233152,0.0235878,0.0224648,0.0230922,5080389.9
2023-04-04,0.0230922,0.0242647,0.0229609,0.0241503,5496047.56
2023-04-05,0.0241503,0.0245758,0.0238176,0.0243505,6717038.72
2023-04-06,0.0243505,0.0250707,0.0236824,0.0246017,10354252.67
2023-04-07,0.0246017,0.0246528,0.0237881,0.0241271,12280986.15
2023-04-08,0.0241271,0.0245565,0.0238815,0.0239726,4776285.65
2023-04-09,0.0239726,0.0245433,0.023674,0.0243211,8303828.78
2023-04-10,0.0243211,0.0250144,0.0241422,0.0249851,9649712.66
2023-04-11,0.0249851,0.0253123,0.0247267,0.0249039,9639531.79
2023-04-12,0.0249039,0.024924,0.0239147,0.0244292,5355150.48
2023-04-13,0.0244292,0.0253786,0.0243128,0.0253095,11032049.89
2023-04-14,0.0253095,0.0263829,0.0252011,0.0258363,13494966.66
2023-04-15,0.0258363,0.0258584,0.0254124,0.0256945,8864627.55
2023-04-16,0.0256945,0.0265418,0.0253259,0.026168,10806440.14
2023-04-17,0.026168,0.0262149,0.025252,0.0254504,9845153.59
2023-04-18,0.0254504,0.0265711,0.0252775,0.0265711,16795088.82
2023-04-19,0.0265711,0.0265711,0.023528,0.0238548,10296963.16
2023-04-20,0.0238548,0.0242668,0.0228599,0.0231263,7302411.07
2023-04-21,0.0231263,0.023293,0.021925,0.022169,7803784.96
2023-04-22,0.022169,0.0227129,0.0220212,0.0227129,3775617.46
2023-04-23,0.0227129,0.0227206,0.0217096,0.0221257,6696370.1
2023-04-24,0.0221257,0.0224976,0.0217069,0.0220879,6115540.34
2023-04-25,0.0220879,0.0227229,0.0215593,0.0226571,6029859.21
2023-04-26,0.0226571,0.0233676,0.0211542,0.0220156,6413191.71
2023-04-27,0.0220156,0.0228001,0.0219826,0.0225618,8279351.33
2023-04-28,0.0225618,0.022663,0.0221,0.0224097,7793330.17
2023-04-29,0.0224097,0.0227914,0.0223268,0.0227067,4365235.44
2023-04-30,0.0227067,0.0228876,0.0220868,0.0221872,5031166.79
2023-05-01,0.0221872,0.0223105,0.0211996,0.0214839,3763089.91
2023-05-02,0.0214839,0.0215428,0.0207412,0.0211705,8944357.52
2023-05-03,0.0211705,0.0211719,0.0200358,0.0209648,10646386.53
2023-05-04,0.0209648,0.0211128,0.0205639,0.0207391,7293930.05
2023-05-05,0.0207391,0.0213483,0.0206459,0.0211412,6669860.23
2023-05-06,0.0211412,0.0212872,0.0200465,0.0202529,5545233.82
2023-05-07,0.0202529,0.0205151,0.0200606,0.020078,6263217.38
2023-05-08,0.020078,0.0202644,0.0186883,0.0193013,7252036.68
2023-05-09,0.0193013,0.0196026,0.0190716,0.0194019,3160203.98
2023-05-10,0.0194019,0.019769,0.019014,0.0196058,4529255.12
2023-05-11,0.0196058,0.0196124,0.0186396,0.0189986,2570237.93
2023-05-12,0.0189986,0.0192315,0.018536,0.019195,2434507.26
2023-05-13,0.019195,0.0192442,0.0189914,0.019134,3039268.09
2023-05-14,0.019134,0.0193464,0.0190226,0.0192242,2319423.55
2023-05-15,0.0192242,0.0196737,0.0190187,0.0194389,1797421.35
2023-05-16,0.0194389,0.019782,0.0192769,0.0194646,1708108.39
2023-05-17,0.0194646,0.0199944,0.0193359,0.0199684,2113934.56
2023-05-18,0.0199684,0.020036,0.0192167,0.0195202,1634443.44
2023-05-19,0.0195202,0.0197871,0.0194077,0.0195738,2045645.59
2023-05-20,0.0195738,0.0196106,0.0193188,0.0194096,1195461.16
2023-05-21,0.0194096,0.019458,0.0188641,0.0189586,2069799.41
2023-05-22,0.0189586,0.019458,0.0187409,0.0192857,2758868.84
2023-05-23,0.0192857,0.0196912,0.0192617,0.0193963,2749653.91
2023-05-24,0.0193963,0.0195012,0.0188478,0.0194376,5120947.85
2023-05-25,0.0194376,0.0195045,0.0190305,0.0192864,2811319.69
2023-05-26,0.0192864,0.0193277,0.019,0.0192579,4056070.23
2023-05-27,0.0192579,0.0201627,0.01925,0.0201342,3665941.01
2023-05-28,0.0201342,0.020529,0.0200416,0.0204336,2783027.36
2023-05-29,0.0204336,0.0205745,0.0201469,0.0204762,4297337.82
2023-05-30,0.0204762,0.021007,0.0203841,0.0208483,2974700.52
2023-05-31,0.0208483,0.0209558,0.0202195,0.0203298,2538213.65
2023-06-01,0.0203298,0.0204311,0.0196919,0.0197469,2611672.55
2023-06-02,0.0197469,0.0200342,0.0195569,0.0197677,1503587.26
2023-06-03,0.0197677,0.0201162,0.0196505,0.0199552,3343835.75
2023-06-04,0.0199552,0.0200941,0.0197,0.0197489,2272143.77
2023-06-05,0.0197489,0.0197849,0.0180996,0.0185378,3735476.19
2023-06-06,0.0185378,0.0190992,0.0181644,0.0188903,1771288.62
2023-06-07,0.0188903,0.0188903,0.01725,0.0176124,6465277.05
2023-06-08,0.0176124,0.0180189,0.0174069,0.0178045,5516448.3
2023-06-09,0.0178045,0.0178045,0.0169363,0.0170742,11731679.52
2023-06-10,0.0170742,0.0170742,0.0132092,0.0155764,11477275.83
2023-06-11,0.0155764,0.015961,0.0153928,0.0157992,2648299.87
2023-06-12,0.0157992,0.0159794,0.0153862,0.0159083,3067127.44
2023-06-13,0.0159083,0.0163858,0.0157594,0.0160396,6359833.09
2023-06-14,0.0160396,0.0162694,0.0152179,0.0153961,2874367.75
2023-06-15,0.0153961,0.0157227,0.0147005,0.0149776,4244897.68
2023-06-16,0.0149776,0.0149776,0.014429,0.0147073,7475901.61
2023-06-17,0.0147073,0.0152796,0.0146245,0.0150118,2956053.44
2023-06-18,0.0150118,0.0151389,0.0147768,0.0148508,3687215.89
2023-06-19,0.01485,0.01525,0.01466,0.01517,2442561.59
2023-06-20,0.01517,0.01561,0.01468,0.01558,3637697.17
2023-06-21,0.01558,0.0165,0.0155,0.01642,3225393.27
2023-06-22,0.01642,0.0172,0.01627,0.0169,5525400.83
2023-06-23,0.0169,0.0198,0.01679,0.01874,13745331.83
2023-06-24,0.01874,0.01891,0.01789,0.01814,4902910.69
2023-06-25,0.01814,0.01876,0.01797,0.01836,3293789.32
2023-06-26,0.01836,0.01928,0.0177,0.01834,5221564.12
2023-06-27,0.01834,0.01901,0.01805,0.01898,5651430.27
2023-06-28,0.01898,0.01984,0.01761,0.01797,9980805.69
2023-06-29,0.01797,0.01938,0.01791,0.01877,4865603.29
2023-06-30,0.01877,0.0202,0.0184,0.0197,9970018.68
2023-07-01,0.0197,0.02125,0.0197,0.0205,31281214.0
2023-07-02,0.0205,0.02069,0.02,0.02041,18732714.92
2023-07-03,0.02041,0.0209,0.02022,0.02043,17007714.16
2023-07-04,0.02043,0.0206,0.01972,0.01986,3752755.33
2023-07-05,0.01986,0.02014,0.01889,0.01921,6539635.26
2023-07-06,0.01921,0.01976,0.01832,0.01835,10733308.73
2023-07-07,0.01835,0.01877,0.01815,0.01867,3292687.79
2023-07-08,0.01867,0.01895,0.01848,0.01882,2510373.39
2023-07-09,0.01882,0.01891,0.01847,0.01859,5642471.22
2023-07-10,0.01859,0.01885,0.01793,0.01867,4552721.48
2023-07-11,0.01867,0.01883,0.01842,0.0188,4194093.51
2023-07-12,0.0188,0.01926,0.01861,0.01898,3764866.7
2023-07-13,0.01898,0.02026,0.01872,0.02023,7768263.45
2023-07-14,0.02023,0.0204,0.01894,0.01951,4002961.52
2023-07-15,0.01951,0.02013,0.01941,0.01966,4943054.83
2023-07-16,0.01966,0.01991,0.01928,0.0194,3526216.0
2023-07-17,0.0194,0.01969,0.01893,0.01942,4638809.0
2023-07-18,0.01942,0.01972,0.01876,0.0191,3274881.19
2023-07-19,0.0191,0.0195,0.01895,0.01909,4887191.42
2023-07-20,0.01909,0.0197,0.0189,0.0191,5098673.17
2023-07-21,0.0191,0.01951,0.01896,0.01925,3484206.03
2023-07-22,0.01925,0.01992,0.01906,0.01928,6969445.26
2023-07-23,0.01928,0.01986,0.0192,0.01962,6795225.6
2023-07-24,0.01962,0.01967,0.01828,0.01868,3743420.99
2023-07-25,0.01868,0.01871,0.0183,0.01855,7989600.7
2023-07-26,0.01855,0.01873,0.01829,0.01865,4096833.68
2023-07-27,0.01865,0.0188,0.01834,0.01856,3253534.81
2023-07-28,0.01856,0.01875,0.01833,0.01867,3204974.99
2023-07-29,0.01867,0.01891,0.01863,0.01888,4188483.2
2023-07-30,0.01888,0.01901,0.01838,0.01872,6086148.74
2023-07-31,0.01872,0.01891,0.01847,0.01861,3202039.16
2023-08-01,0.01861,0.0189,0.01809,0.01889,3482151.03
2023-08-02,0.01889,0.01899,0.01822,0.01827,1885326.4
2023-08-03,0.01827,0.01844,0.01785,0.01797,3269302.89
2023-08-04,0.01797,0.01808,0.0177,0.01789,2652295.95
2023-08-05,0.01789,0.01795,0.01774,0.01788,8930019.88
2023-08-06,0.01788,0.01805,0.01767,0.01771,7963512.48
2023-08-07,0.01771,0.01797,0.0173,0.01772,3215567.45
2023-08-08,0.01772,0.01815,0.01742,0.01792,13726994.28
2023-08-09,0.01792,0.01809,0.01771,0.01779,2965694.74
2023-08-10,0.01779,0.01819,0.01772,0.01807,2717155.98
2023-08-11,0.01807,0.01823,0.01801,0.01811,3127297.03
2023-08-12,0.01811,0.01814,0.01782,0.01791,8057187.32
2023-08-13,0.01791,0.01836,0.01791,0.01809,10711918.04
2023-08-14,0.01809,0.01883,0.01804,0.01861,4245996.11
2023-08-15,0.01861,0.01866,0.01735,0.01764,5789608.5
2023-08-16,0.01764,0.01766,0.01666,0.01689,4034214.99
2023-08-17,0.01689,0.01714,0.01485,0.01569,9148691.27
2023-08-18,0.01569,0.01613,0.01554,0.01602,7247287.11
2023-08-19,0.01602,0.01616,0.01575,0.01604,3718192.03
2023-08-20,0.01604,0.01645,0.016,0.01635,4828629.77
2023-08-21,0.01635,0.01646,0.0158,0.01613,6044935.78
2023-08-22,0.01613,0.01615,0.0155,0.01599,4833475.29
2023-08-23,0.01599,0.01655,0.01583,0.01634,4801602.88
2023-08-24,0.01634,0.01643,0.0156,0.01588,5536537.8
2023-08-25,0.01588,0.01607,0.0157,0.01604,6765312.06
2023-08-26,0.01604,0.01616,0.01585,0.01585,2507377.38
2023-08-27,0.01585,0.01605,0.01578,0.01599,2978829.78
2023-08-28,0.01599,0.01619,0.01555,0.01597,3463267.14
2023-08-29,0.01597,0.01679,0.01557,0.01664,7510547.42
2023-08-30,0.01664,0.0167,0.0161,0.01625,5103706.07
2023-08-31,0.01625,0.01651,0.01559,0.01577,2585934.66
2023-09-01,0.01577,0.01586,0.01519,0.01553,2861618.62
2023-09-02,0.01553,0.01564,0.0154,0.01549,2219829.3
2023-09-03,0.01549,0.01575,0.01532,0.01553,2110209.31
2023-09-04,0.01553,0.01574,0.01528,0.0155,2899199.84
2023-09-05,0.0155,0.01568,0.01538,0.01565,3092245.72
2023-09-06,0.01565,0.01582,0.01528,0.01564,2471370.43
2023-09-07,0.01564,0.01583,0.01538,0.01578,2790692.6
2023-09-08,0.01578,0.01589,0.01545,0.01568,2108549.85
2023-09-09,0.01568,0.01575,0.01552,0.01557,2091869.7
2023-09-10,0.01557,0.01559,0.01504,0.01524,5104029.26
2023-09-11,0.01524,0.01526,0.01465,0.01476,7146662.75
2023-09-12,0.01476,0.01662,0.01468,0.01647,14812730.01
2023-09-13,0.01647,0.01696,0.01585,0.01656,10930973.78
2023-09-14,0.01656,0.01717,0.01619,0.01704,6983929.92
2023-09-15,0.01704,0.01793,0.01696,0.01787,7285350.91
2023-09-16,0.01787,0.01848,0.01758,0.01768,6695122.98
2023-09-17,0.01768,0.01774,0.01697,0.01712,5616054.38
2023-09-18,0.01712,0.01785,0.017,0.01735,18257253.5
2023-09-19,0.01735,0.01786,0.01727,0.01769,11050305.34
2023-09-20,0.01769,0.0178,0.01732,0.01772,6118963.16
2023-09-21,0.01772,0.01798,0.01701,0.01712,8007924.27
2023-09-22,0.01712,0.01721,0.01696,0.01702,6200036.89
2023-09-23,0.01702,0.01712,0.01689,0.01701,7462437.4
2023-09-24,0.01701,0.01702,0.01647,0.01652,18723031.45
2023-09-25,0.01652,0.01685,0.01642,0.01675,14784583.27
2023-09-26,0.01675,0.01678,0.01641,0.01655,17438923.97
2023-09-27,0.01655,0.01685,0.01629,0.01638,10866192.74
2023-09-28,0.01638,0.01695,0.01637,0.01692,5195464.02
2023-09-29,0.01692,0.01708,0.01668,0.01704,3454450.0
2023-09-30,0.01704,0.01759,0.01695,0.01742,4892667.09
2023-10-01,0.01742,0.01757,0.01704,0.01748,6355759.45
2023-10-02,0.01748,0.01773,0.01677,0.01691,4286724.63
2023-10-03,0.01691,0.01729,0.01683,0.01686,2662383.63
2023-10-04,0.01686,0.01687,0.01635,0.01675,2698056.14
2023-10-05,0.01675,0.01683,0.01655,0.01664,4202236.25
2023-10-06,0.01664,0.017,0.01655,0.01684,4614905.57
2023-10-07,0.01684,0.01705,0.01668,0.01702,4525039.14
2023-10-08,0.01702,0.01717,0.01686,0.01717,5507732.64
2023-10-09,0.01717,0.01717,0.01622,0.01651,17588713.61
2023-10-10,0.01651,0.01696,0.01649,0.01662,10708263.69
2023-10-11,0.01662,0.0167,0.01605,0.01621,14854335.49
2023-10-12,0.01621,0.01647,0.01605,0.01638,37610301.16
2023-10-13,0.01638,0.01653,0.01623,0.01638,14777077.58
2023-10-14,0.01638,0.01654,0.01633,0.01638,61453646.51
2023-10-15,0.01638,0.01666,0.01632,0.01647,78476498.85
2023-10-16,0.01647,0.01738,0.01643,0.01671,4118317.17
2023-10-17,0.01671,0.01673,0.01635,0.01657,11863119.23
2023-10-18,0.01657,0.01671,0.01613,0.01622,39852257.87
2023-10-19,0.01622,0.01629,0.01598,0.01628,48775777.02
2023-10-20,0.01628,0.01677,0.0161,0.01655,24055864.79
2023-10-21,0.01655,0.01726,0.01644,0.01705,4901755.75
2023-10-22,0.01705,0.0176,0.01681,0.01758,5766904.94
2023-10-23,0.01758,0.01875,0.01752,0.01859,6902120.35
2023-10-24,0.01859,0.01935,0.01823,0.01846,21545632.06
2023-10-25,0.01846,0.01927,0.01833,0.01913,8598255.56
2023-10-26,0.01913,0.01964,0.01836,0.01876,6154115.14
2023-10-27,0.01876,0.01899,0.01817,0.01854,3801971.48
2023-10-28,0.01854,0.01931,0.01853,0.01893,7758347.9
2023-10-29,0.01893,0.01932,0.01878,0.01908,3970179.77
2023-10-30,0.01908,0.01929,0.01869,0.01905,5226809.83
2023-10-31,0.01905,0.01927,0.0182,0.01888,4936340.5
2023-11-01,0.01888,0.01953,0.01834,0.01949,9230023.31
2023-11-02,0.01949,0.01973,0.01867,0.01922,7825542.92
2023-11-03,0.01922,0.01929,0.01864,0.01925,8930023.45
2023-11-04,0.01925,0.02034,0.01914,0.02031,9363740.45
2023-11-05,0.02031,0.02089,0.01999,0.02053,7539000.92
2023-11-06,0.02053,0.02195,0.0203,0.02178,9639502.84
2023-11-07,0.02178,0.0218,0.02043,0.02166,13127629.06
2023-11-08,0.02166,0.02298,0.0214,0.02255,20122338.55
2023-11-09,0.02255,0.02305,0.02052,0.02203,21199332.77
2023-11-10,0.02203,0.0229,0.02181,0.02281,13189520.12
2023-11-11,0.02281,0.02295,0.02184,0.02233,12765402.18
2023-11-12,0.02233,0.02254,0.02151,0.0223,7338103.84
2023-11-13,0.0223,0.02277,0.02125,0.02128,12290365.39
2023-11-14,0.02128,0.02167,0.0198,0.02071,13231970.03
2023-11-15,0.02071,0.02194,0.02068,0.02191,13911899.98
2023-11-16,0.02191,0.02207,0.0206,0.0209,13764354.58
2023-11-17,0.0209,0.02145,0.02013,0.02108,10201065.36
2023-11-18,0.02108,0.02115,0.02022,0.021,5821647.82
2023-11-19,0.021,0.02157,0.02052,0.02144,11564370.37
2023-11-20,0.02144,0.02193,0.02112,0.02134,16174675.81
2023-11-21,0.02134,0.02155,0.0193,0.0193,15345599.26
2023-11-22,0.0193,0.02126,0.01924,0.021,13962107.38
2023-11-23,0.021,0.02127,0.02071,0.02125,8075003.19
2023-11-24,0.02125,0.02163,0.0211,0.02127,26684979.03
2023-11-25,0.02127,0.02236,0.02116,0.02233,19599580.07
2023-11-26,0.02233,0.02373,0.0202,0.02241,61245164.11
2023-11-27,0.02241,0.02248,0.02102,0.02152,12247559.03
2023-11-28,0.02152,0.0219,0.02078,0.02162,18643493.0
2023-11-29,0.02162,0.02185,0.0213,0.02177,13264256.27
2023-11-30,0.02177,0.02177,0.02126,0.02136,8074780.53
2023-12-01,0.02136,0.02256,0.02116,0.02254,9755804.71
2023-12-02,0.02254,0.02318,0.02245,0.0229,8662532.37
2023-12-03,0.0229,0.02324,0.02231,0.02264,11593154.44
2023-12-04,0.02264,0.02425,0.02259,0.02407,18867034.57
2023-12-05,0.02407,0.025,0.02321,0.02481,14743361.28
2023-12-06,0.02481,0.0258,0.0241,0.02533,13818253.23
2023-12-07,0.02533,0.02567,0.0242,0.02525,11452740.87
2023-12-08,0.02525,0.02723,0.02498,0.02692,17624374.75
2023-12-09,0.02692,0.02822,0.02685,0.02715,20233702.45
2023-12-10,0.02715,0.02812,0.0262,0.02779,16294804.1
2023-12-11,0.02779,0.0286,0.02512,0.02717,35417232.63
2023-12-12,0.02717,0.03061,0.02698,0.02926,32429181.25
2023-12-13,0.02926,0.03165,0.02846,0.03105,18629441.22
2023-12-14,0.03105,0.03168,0.02949,0.03082,19469441.14
2023-12-15,0.03082,0.03083,0.02876,0.02884,15215748.57
2023-12-16,0.02884,0.0314,0.02854,0.02982,26331518.31
2023-12-17,0.02982,0.0302,0.02897,0.02902,14787806.93
2023-12-18,0.02902,0.032,0.02639,0.03193,20546529.63
2023-12-19,0.03193,0.03356,0.03158,0.03292,30354125.62
2023-12-20,0.03292,0.0369,0.03226,0.03473,50078264.52
2023-12-21,0.03473,0.03594,0.03436,0.03487,20615426.92
2023-12-22,0.03487,0.0363,0.03383,0.036,22413880.49
2023-12-23,0.036,0.03611,0.03459,0.03553,13085497.51
2023-12-24,0.03553,0.03651,0.03383,0.03446,13090176.58
2023-12-25,0.03446,0.03857,0.0342,0.03805,20806470.57
2023-12-26,0.03805,0.03876,0.03415,0.0374,20086251.56
2023-12-27,0.0374,0.0377,0.03584,0.03683,9921143.58
2023-12-28,0.03683,0.03744,0.03506,0.0355,8747091.67
2023-12-29,0.0355,0.03648,0.03428,0.03505,11760180.92
2023-12-30,0.03505,0.03809,0.03387,0.0356,19647364.08
2023-12-31,0.0356,0.03581,0.03337,0.03432,24659619.4
2024-01-01,0.03432,0.03663,0.03387,0.03653,10339105.39
2024-01-02,0.03653,0.037,0.03475,0.035,10798763.79
2024-01-03,0.035,0.03566,0.02989,0.03209,14220855.65
2024-01-04,0.03209,0.03305,0.03138,0.03277,10760403.7
2024-01-05,0.03277,0.03283,0.02989,0.03114,14200942.54
2024-01-06,0.03114,0.03114,0.02882,0.02976,8058038.16
2024-01-07,0.02976,0.03057,0.02821,0.02867,13746204.31
2024-01-08,0.02867,0.03202,0.02701,0.03113,18240828.77
2024-01-09,0.03113,0.03123,0.02865,0.03002,9516933.8
2024-01-10,0.03002,0.03362,0.02878,0.03265,7875926.39
2024-01-11,0.03265,0.0343,0.03161,0.03285,10079758.71
2024-01-12,0.03285,0.03344,0.02993,0.03073,8102503.1
2024-01-13,0.03073,0.03149,0.03002,0.03085,5233379.34
2024-01-14,0.03085,0.03094,0.02929,0.02929,4669823.64
2024-01-15,0.02929,0.03074,0.02929,0.03013,6429341.68
2024-01-16,0.03013,0.0307,0.02974,0.0304,4362012.6
2024-01-17,0.0304,0.03069,0.0293,0.03005,3857347.03
2024-01-18,0.03005,0.03013,0.02797,0.02851,5377425.47
2024-01-19,0.02851,0.02881,0.02682,0.02859,6007258.89
2024-01-20,0.02859,0.02863,0.0279,0.02842,2272578.18
2024-01-21,0.02842,0.02865,0.02785,0.02785,4892091.35
2024-01-22,0.02785,0.02809,0.026,0.02611,4419096.57
2024-01-23,0.02611,0.02662,0.02495,0.02652,6084530.9
2024-01-24,0.02652,0.02734,0.02634,0.02713,4796077.55
2024-01-25,0.02713,0.02727,0.02626,0.02699,4255089.86
2024-01-26,0.02699,0.02809,0.02668,0.02794,3842682.44
2024-01-27,0.02794,0.02837,0.02751,0.02827,2969454.49
2024-01-28,0.02827,0.02886,0.02783,0.0279,3241815.13
2024-01-29,0.0279,0.02911,0.02766,0.02892,6158015.87
2024-01-30,0.02892,0.0298,0.02834,0.02858,6327471.31
2024-01-31,0.02858,0.02867,0.0276,0.02815,4311142.03
2024-02-01,0.02815,0.02849,0.02741,0.02842,6269964.26
2024-02-02,0.02842,0.02933,0.02824,0.02927,2938806.65
2024-02-03,0.02927,0.0295,0.02838,0.02852,2406584.95
2024-02-04,0.02852,0.02872,0.02753,0.02763,4005209.15
2024-02-05,0.02763,0.02829,0.02712,0.02775,4804452.62
2024-02-06,0.02775,0.02831,0.02764,0.0279,2310639.74
2024-02-07,0.0279,0.02883,0.02759,0.02875,3062373.87
2024-02-08,0.02875,0.0292,0.0286,0.02884,3900724.52
2024-02-09,0.02884,0.02992,0.02874,0.02968,3375367.64
2024-02-10,0.02968,0.0301,0.029,0.02964,3716808.24
2024-02-11,0.02964,0.03099,0.02945,0.03019,4428878.0
2024-02-12,0.03019,0.03175,0.02952,0.03141,11649268.11
2024-02-13,0.03141,0.03273,0.03083,0.03255,7387921.99
2024-02-14,0.03255,0.036,0.03192,0.03583,15865168.99
2024-02-15,0.03583,0.04851,0.03532,0.04564,49548191.51
2024-02-16,0.04564,0.05143,0.04395,0.04622,29525082.74
2024-02-17,0.04622,0.04745,0.04305,0.04524,15053959.12
2024-02-18,0.04524,0.04599,0.04353,0.04539,11603611.68
2024-02-19,0.04539,0.04801,0.04443,0.04458,7958505.9
2024-02-20,0.04458,0.04509,0.0412,0.04421,12650463.62
2024-02-21,0.04421,0.04483,0.04111,0.04342,9443502.27
2024-02-22,0.04342,0.04685,0.04155,0.04484,12671765.02
2024-02-23,0.04484,0.04657,0.04313,0.04355,8124310.8
2024-02-24,0.04355,0.04491,0.04231,0.04446,6912412.94
2024-02-25,0.04446,0.046,0.04408,0.045,8553789.08
2024-02-26,0.045,0.05148,0.04498,0.05063,26985680.87
2024-02-27,0.05063,0.05185,0.04756,0.04885,17786139.78
2024-02-28,0.04885,0.05499,0.04344,0.04857,32944497.81
2024-02-29,0.04857,0.05024,0.0463,0.04763,28944671.5
2024-03-01,0.04763,0.04895,0.04754,0.04878,14463867.98
2024-03-02,0.04878,0.0514,0.0485,0.05131,20324040.08
2024-03-03,0.05131,0.05136,0.0456,0.04908,16281259.17
2024-03-04,0.04908,0.0531,0.048,0.04943,16690461.27
2024-03-05,0.04943,0.04984,0.03967,0.04427,20372151.5
2024-03-06,0.04427,0.04743,0.04279,0.04694,14058783.85
2024-03-07,0.04694,0.04857,0.04611,0.04836,15457866.75
2024-03-08,0.04836,0.0487,0.04549,0.04732,9572933.24
2024-03-09,0.04732,0.05057,0.04707,0.04934,12529812.78
2024-03-10,0.04934,0.04962,0.04681,0.04796,7558439.01
2024-03-11,0.04796,0.05052,0.04572,0.05031,17081590.04
2024-03-12,0.05031,0.05133,0.04613,0.04872,13124950.95
2024-03-13,0.04872,0.05011,0.04785,0.04911,10351180.2
2024-03-14,0.04911,0.04937,0.0448,0.0473,16046067.43
2024-03-15,0.0473,0.04768,0.0413,0.04463,14157424.33
2024-03-16,0.04463,0.04524,0.03949,0.04045,13968591.63
2024-03-17,0.04045,0.04293,0.03819,0.0421,10532650.25
2024-03-18,0.0421,0.04237,0.039,0.04074,11142082.17
2024-03-19,0.04074,0.0411,0.03666,0.03804,8969332.69
2024-03-20,0.03804,0.04252,0.0367,0.04241,8855206.57
2024-03-21,0.04241,0.0428,0.04049,0.04159,7821735.08
2024-03-22,0.04159,0.04242,0.03922,0.04041,4607159.07
2024-03-23,0.04041,0.04204,0.03979,0.04107,4614779.94
2024-03-24,0.04107,0.04278,0.04085,0.04255,6037455.41
2024-03-25,0.04255,0.04518,0.04229,0.04473,6435635.26
2024-03-26,0.04473,0.04623,0.0436,0.04499,11111539.04
2024-03-27,0.04499,0.04651,0.04308,0.0443,8391800.12
2024-03-28,0.0443,0.0479,0.0429,0.04673,11321828.57
2024-03-29,0.04673,0.04746,0.04503,0.04706,9960582.72
2024-03-30,0.04706,0.0471,0.04457,0.04488,8645579.12
2024-03-31,0.04488,0.04687,0.0445,0.04612,8541714.08
2024-04-01,0.04612,0.0475,0.04301,0.04434,12300476.81
2024-04-02,0.04434,0.04434,0.04015,0.04103,9339618.06
2024-04-03,0.04103,0.04305,0.03991,0.04081,15091467.15
2024-04-04,0.04081,0.04297,0.0398,0.04177,10484630.19
2024-04-05,0.04177,0.04208,0.0389,0.04036,9747158.91
2024-04-06,0.04036,0.04198,0.04009,0.04152,11013735.8
2024-04-07,0.04152,0.04338,0.0415,0.04252,7079030.58
2024-04-08,0.04252,0.04778,0.0414,0.04681,13369881.55
2024-04-09,0.04681,0.047,0.04334,0.04357,8480950.65
2024-04-10,0.04357,0.04662,0.04225,0.04645,9167791.25
2024-04-11,0.04645,0.04926,0.04551,0.0481,14265693.53
2024-04-12,0.0481,0.0515,0.04041,0.04298,21580992.25
2024-04-13,0.04298,0.04712,0.03508,0.04011,17843216.55
2024-04-14,0.04011,0.04363,0.03762,0.04305,13984604.16
2024-04-15,0.04305,0.04746,0.04002,0.04135,13092131.62
2024-04-16,0.04135,0.04142,0.03798,0.03986,9535067.69
2024-04-17,0.03986,0.04089,0.03694,0.03799,5264484.15
2024-04-18,0.03799,0.04017,0.037,0.03966,11558546.16
2024-04-19,0.03966,0.04138,0.0366,0.04046,11575410.04
2024-04-20,0.04046,0.0426,0.03988,0.04238,8181697.29
2024-04-21,0.04238,0.04287,0.04096,0.04125,9929427.29
2024-04-22,0.04125,0.04307,0.04112,0.04262,9041322.75
2024-04-23,0.04262,0.04334,0.04143,0.04156,6219857.02
2024-04-24,0.04156,0.0433,0.03924,0.03975,7434676.65
2024-04-25,0.03975,0.04052,0.03856,0.03978,5927757.85
2024-04-26,0.03978,0.03998,0.03867,0.03926,7415187.44
2024-04-27,0.03926,0.0397,0.03776,0.03929,2952890.0
2024-04-28,0.03929,0.04059,0.0392,0.0394,6789796.13
2024-04-29,0.0394,0.04037,0.03797,0.03948,6591990.77
2024-04-30,0.03948,0.04036,0.03512,0.03606,7061222.75
2024-05-01,0.03606,0.03615,0.03304,0.03523,8276626.04
2024-05-02,0.03523,0.03557,0.03392,0.03512,4904502.55
2024-05-03,0.03512,0.03762,0.03469,0.03722,6834009.0
2024-05-04,0.03722,0.03788,0.03669,0.03712,2542091.15
2024-05-05,0.03712,0.03766,0.03638,0.03733,2975577.57
2024-05-06,0.03733,0.03867,0.03592,0.03593,5167077.93
2024-05-07,0.03593,0.03691,0.03543,0.03552,4548367.6
2024-05-08,0.03552,0.03616,0.03478,0.0351,4543522.88
2024-05-09,0.0351,0.03586,0.03428,0.03565,3214642.66
2024-05-10,0.03565,0.0364,0.03425,0.03463,3745363.49
2024-05-11,0.03463,0.03532,0.03426,0.03439,2361141.11
2024-05-12,0.03439,0.03515,0.03411,0.03434,3444093.56
2024-05-13,0.03434,0.03458,0.03263,0.03368,3817370.85
2024-05-14,0.03368,0.03423,0.03296,0.03335,3505734.17
2024-05-15,0.03335,0.03557,0.03319,0.03541,5510100.84
2024-05-16,0.03541,0.03641,0.03484,0.03524,5439872.37
2024-05-17,0.03524,0.03668,0.03479,0.03596,4232110.43
2024-05-18,0.03596,0.03629,0.03521,0.03526,2959463.4
2024-05-19,0.03526,0.03554,0.0339,0.03427,5327355.65
2024-05-20,0.03427,0.03689,0.03363,0.03684,12392873.46
2024-05-21,0.03684,0.0375,0.03603,0.03652,14520690.96
2024-05-22,0.03652,0.03677,0.03535,0.03587,7068053.77
2024-05-23,0.03587,0.03669,0.0335,0.03512,11457688.56
2024-05-24,0.03512,0.03543,0.0341,0.03534,5574572.8
2024-05-25,0.03534,0.03577,0.03513,0.03558,2431875.71
2024-05-26,0.03558,0.03618,0.0349,0.0356,5247877.4
2024-05-27,0.0356,0.03728,0.03506,0.03662,7013965.1
2024-05-28,0.03662,0.03666,0.03517,0.0358,6585290.36
2024-05-29,0.0358,0.03635,0.03508,0.03516,6825506.6
2024-05-30,0.03516,0.0355,0.03407,0.03432,7081396.76
2024-05-31,0.03432,0.03458,0.03338,0.03394,7528295.62
2024-06-01,0.03394,0.03398,0.03354,0.0337,5113488.26
2024-06-02,0.0337,0.034,0.03318,0.03331,4692570.15
2024-06-03,0.03331,0.03449,0.03311,0.03368,7079916.17
2024-06-04,0.03368,0.03451,0.03329,0.03429,9040273.71
2024-06-05,0.03429,0.0359,0.03425,0.03555,14775354.58
2024-06-06,0.03555,0.0366,0.03503,0.03579,11170275.58
2024-06-07,0.03579,0.03634,0.03009,0.03288,13991779.49
2024-06-08,0.03288,0.03292,0.03116,0.0316,5956306.07
2024-06-09,0.0316,0.03223,0.03115,0.0319,5587330.78
2024-06-10,0.0319,0.03193,0.03077,0.03109,7484574.18
2024-06-11,0.03109,0.03109,0.029,0.02984,9634060.07
2024-06-12,0.02984,0.03209,0.02913,0.03131,6026780.37
2024-06-13,0.03131,0.03132,0.02938,0.02958,4135059.43
2024-06-14,0.02958,0.02994,0.02781,0.02854,7834610.87
2024-06-15,0.02854,0.0291,0.0282,0.02862,3558091.71
2024-06-16,0.02862,0.02975,0.02827,0.0295,2699138.06
2024-06-17,0.0295,0.02973,0.02664,0.02737,9227458.36
2024-06-18,0.02737,0.02747,0.0241,0.02554,13074454.79
2024-06-19,0.02554,0.02677,0.02528,0.02605,3577480.67
2024-06-20,0.02605,0.02759,0.02589,0.02672,5997190.19
2024-06-21,0.02672,0.02706,0.02603,0.02614,3873226.35
2024-06-22,0.02614,0.02628,0.02564,0.02566,5495378.16
2024-06-23,0.02566,0.02608,0.02488,0.02499,4995680.44
2024-06-24,0.02499,0.02537,0.02392,0.02533,5701706.62
2024-06-25,0.02533,0.0268,0.02526,0.02643,4537173.94
2024-06-26,0.02643,0.02665,0.02576,0.02596,4284999.99
2024-06-27,0.02596,0.02675,0.02561,0.0267,3558509.23
2024-06-28,0.0267,0.02711,0.02581,0.02666,2810650.75
2024-06-29,0.02666,0.0273,0.02591,0.02594,2873163.44
2024-06-30,0.02594,0.02685,0.02558,0.02679,2924968.59
2024-07-01,0.02679,0.02729,0.02614,0.02681,3337415.92
2024-07-02,0.02681,0.02687,0.02615,0.02649,2161312.8
2024-07-03,0.02649,0.0267,0.0248,0.02489,3918198.24
2024-07-04,0.02489,0.02503,0.02254,0.02269,7791511.73
2024-07-05,0.02269,0.0239,0.02032,0.02351,8114433.85
2024-07-06,0.02351,0.02491,0.02311,0.02432,3810593.81
2024-07-07,0.02432,0.02437,0.02249,0.02265,2494374.23
2024-07-08,0.02265,0.02481,0.02164,0.02465,4107405.72
2024-07-09,0.02465,0.02605,0.02453,0.02558,4093600.2
2024-07-10,0.02558,0.02628,0.02523,0.02617,2456457.24
2024-07-11,0.02617,0.02776,0.02585,0.02654,4480817.88
2024-07-12,0.02654,0.02717,0.02575,0.02716,2786283.32
2024-07-13,0.02716,0.02949,0.0269,0.02934,4939833.42
2024-07-14,0.02934,0.03198,0.0285,0.03116,9296774.68
2024-07-15,0.03116,0.0334,0.03093,0.03229,8532873.22
2024-07-16,0.03229,0.03273,0.03108,0.03164,8885835.73
2024-07-17,0.03164,0.03282,0.031,0.03111,6588132.01
2024-07-18,0.03111,0.0319,0.02989,0.03033,3814248.51
2024-07-19,0.03033,0.03174,0.02962,0.03134,5725572.92
2024-07-20,0.03134,0.03145,0.03043,0.03058,5472878.6
2024-07-21,0.03058,0.03105,0.02913,0.03079,4918512.77
2024-07-22,0.03079,0.03093,0.02925,0.02938,3183804.55
2024-07-23,0.02938,0.02979,0.0284,0.0288,4901438.27
2024-07-24,0.0288,0.02947,0.02758,0.02768,4670413.48
2024-07-25,0.02768,0.02779,0.02645,0.02733,4628250.3
2024-07-26,0.02733,0.02854,0.02733,0.02852,3374847.24
2024-07-27,0.02852,0.02887,0.02746,0.02814,3219137.95
2024-07-28,0.02814,0.02817,0.02714,0.02738,4180450.87
2024-07-29,0.02738,0.02877,0.02708,0.02719,5788683.84
2024-07-30,0.02719,0.0275,0.0262,0.02657,4035417.35
2024-07-31,0.02657,0.02752,0.02612,0.02625,4091110.82
2024-08-01,0.02625,0.02657,0.02487,0.02638,4471283.34
2024-08-02,0.02638,0.02648,0.02435,0.02449,4747447.55
2024-08-03,0.02449,0.02509,0.02298,0.02369,6515106.8
2024-08-04,0.02369,0.02397,0.02184,0.02238,4583798.81
2024-08-05,0.02238,0.02254,0.01897,0.02157,11382699.11
2024-08-06,0.02157,0.02315,0.02154,0.02269,3085859.53
2024-08-07,0.02269,0.0233,0.02174,0.02199,2851605.02
2024-08-08,0.02199,0.02419,0.02168,0.02408,6615172.09
2024-08-09,0.02408,0.0242,0.0231,0.02349,3018034.08
2024-08-10,0.02349,0.02391,0.02317,0.02375,5254689.19
2024-08-11,0.02375,0.02434,0.02237,0.02241,5048983.6
2024-08-12,0.02241,0.0236,0.02223,0.02324,2686572.79
2024-08-13,0.02324,0.02368,0.02268,0.02362,2454475.74
2024-08-14,0.02362,0.02366,0.02267,0.02282,4194007.56
2024-08-15,0.02282,0.02317,0.02176,0.0219,5308539.51
2024-08-16,0.0219,0.02234,0.02139,0.02198,3773273.69
2024-08-17,0.02198,0.02245,0.02176,0.02244,2511054.61
2024-08-18,0.02244,0.02282,0.02216,0.02222,1860981.81
2024-08-19,0.02222,0.02295,0.02216,0.0229,3119406.17
2024-08-20,0.0229,0.024,0.0228,0.02325,4465959.14
2024-08-21,0.02325,0.02433,0.02295,0.02411,3268433.11
2024-08-22,0.02411,0.02444,0.02372,0.02414,3613698.28
2024-08-23,0.02414,0.02605,0.02411,0.02583,3368186.71
2024-08-24,0.02583,0.02639,0.02541,0.02595,4283006.73
2024-08-25,0.02595,0.0261,0.02488,0.02505,4817310.96
2024-08-26,0.02505,0.02532,0.02376,0.0239,5486671.74
2024-08-27,0.0239,0.02455,0.02235,0.02288,2744608.92
2024-08-28,0.02288,0.02356,0.02217,0.02267,3974603.89
2024-08-29,0.02267,0.02332,0.02202,0.02235,2610801.36
2024-08-30,0.02235,0.02259,0.02146,0.02234,3389192.68
2024-08-31,0.02234,0.02243,0.02165,0.02182,2182025.49
2024-09-01,0.02182,0.02189,0.02069,0.02088,2739727.4
2024-09-02,0.02088,0.02183,0.0206,0.02177,3521643.13
2024-09-03,0.02177,0.02226,0.02077,0.02079,1686679.2
2024-09-04,0.02079,0.02188,0.01992,0.02141,3182516.52
2024-09-05,0.02141,0.0215,0.02047,0.02063,2949021.82
2024-09-06,0.02063,0.02113,0.01939,0.01999,4283052.07
2024-09-07,0.01999,0.02051,0.01995,0.02019,2877329.76
2024-09-08,0.02019,0.02094,0.02006,0.02074,3988914.56
2024-09-09,0.02074,0.02189,0.02055,0.02159,4367440.52
2024-09-10,0.02159,0.02219,0.02141,0.02193,3611766.72
2024-09-11,0.02193,0.02196,0.02095,0.02164,2078826.34
2024-09-12,0.02164,0.02234,0.02141,0.02233,6838919.25
2024-09-13,0.02233,0.02284,0.02194,0.02274,5558949.6
2024-09-14,0.02274,0.02282,0.02209,0.0223,2369593.99
2024-09-15,0.0223,0.02247,0.02116,0.02139,1621298.5
2024-09-16,0.02139,0.0218,0.02072,0.02092,4387868.41
2024-09-17,0.02092,0.02163,0.02072,0.0212,6206967.24
2024-09-18,0.0212,0.02193,0.02089,0.02192,4443759.41
2024-09-19,0.02192,0.023,0.02192,0.02266,6856122.44
2024-09-20,0.02266,0.02438,0.02247,0.02389,6441617.02
2024-09-21,0.02389,0.02435,0.02354,0.02428,4550638.53
2024-09-22,0.02428,0.02429,0.02308,0.02374,3838643.8
2024-09-23,0.02374,0.02428,0.0232,0.02401,4721048.62
2024-09-24,0.02401,0.02495,0.02373,0.02476,5522615.68
2024-09-25,0.02476,0.0255,0.02434,0.02458,5898986.28
2024-09-26,0.02458,0.02567,0.02421,0.02551,6448375.71
2024-09-27,0.02551,0.02698,0.02548,0.02662,12165741.8
2024-09-28,0.02662,0.02701,0.02553,0.02578,3521262.37
2024-09-29,0.02578,0.02608,0.02521,0.02575,4487667.3
2024-09-30,0.02575,0.02583,0.0241,0.02431,3701640.39
2024-10-01,0.02431,0.02511,0.02226,0.02268,10438086.47
2024-10-02,0.02268,0.02332,0.02201,0.02234,3440631.41
2024-10-03,0.02234,0.02283,0.02151,0.02212,3890795.67
2024-10-04,0.02212,0.02291,0.0219,0.02282,2510293.14
2024-10-05,0.02282,0.02302,0.02227,0.02264,1652148.75
2024-10-06,0.02264,0.02332,0.02253,0.02325,1177051.19
2024-10-07,0.02325,0.02416,0.02239,0.02291,2576949.12
2024-10-08,0.02291,0.02327,0.02227,0.02242,1923103.93
2024-10-09,0.02242,0.02272,0.0217,0.02201,2148405.0
2024-10-10,0.02201,0.02216,0.02133,0.02198,2107689.12
2024-10-11,0.02198,0.02278,0.02193,0.0226,1395620.5
2024-10-12,0.0226,0.023,0.02258,0.02268,4679853.07
2024-10-13,0.02268,0.02276,0.02187,0.02233,3698139.19
2024-10-14,0.02233,0.0235,0.02205,0.02331,4824319.82
2024-10-15,0.02331,0.02395,0.02245,0.0235,5621041.89
2024-10-16,0.0235,0.0236,0.02289,0.0231,4623356.28
2024-10-17,0.0231,0.02327,0.02217,0.02249,6408487.48
2024-10-18,0.02249,0.02337,0.02232,0.02318,5543591.93
2024-10-19,0.02318,0.02365,0.023,0.02322,5105118.05
2024-10-20,0.02322,0.02446,0.02292,0.02441,8951648.83
2024-10-21,0.02441,0.02475,0.02329,0.02347,7744020.36
2024-10-22,0.02347,0.02381,0.02314,0.02339,5899450.44
2024-10-23,0.02339,0.02342,0.022,0.0225,6829659.08
2024-10-24,0.0225,0.02332,0.0222,0.02322,5937342.6
2024-10-25,0.02322,0.02331,0.0209,0.02161,4462389.92
2024-10-26,0.02161,0.02188,0.02118,0.02184,4608891.55
2024-10-27,0.02184,0.02227,0.02172,0.02207,5402138.82
2024-10-28,0.02207,0.02217,0.02127,0.02192,5636602.94
2024-10-29,0.02192,0.0228,0.02186,0.02267,6382488.57
2024-10-30,0.02267,0.02271,0.02199,0.02223,6387984.74
2024-10-31,0.02223,0.02234,0.02092,0.02116,5822639.98
2024-11-01,0.02116,0.0213,0.02051,0.02068,4431223.32
2024-11-02,0.02068,0.02091,0.02015,0.02037,4771450.04
2024-11-03,0.02037,0.02044,0.0192,0.01976,7343751.63
2024-11-04,0.01976,0.02005,0.01907,0.01937,6132172.41
2024-11-05,0.01937,0.02034,0.01927,0.02013,8325241.01
2024-11-06,0.02013,0.02198,0.02011,0.02176,12453837.49
2024-11-07,0.02176,0.02238,0.0212,0.02174,14050613.17
2024-11-08,0.02174,0.02257,0.02149,0.02232,11893354.13
2024-11-09,0.02232,0.02324,0.02194,0.02313,12275166.71
2024-11-10,0.02313,0.02655,0.02267,0.02531,38498135.04
2024-11-11,0.02531,0.02845,0.02485,0.02845,31915608.33
2024-11-12,0.02845,0.0298,0.0256,0.02705,23550400.6
2024-11-13,0.02705,0.02742,0.02463,0.02588,13800799.23
2024-11-14,0.02588,0.02725,0.02396,0.02428,12932655.3
2024-11-15,0.02428,0.02636,0.02362,0.02635,18316289.65
2024-11-16,0.02635,0.0324,0.0257,0.0315,33091033.63
2024-11-17,0.0315,0.03302,0.0281,0.02868,25340876.66
2024-11-18,0.02868,0.03403,0.02852,0.03238,28392946.74
2024-11-19,0.03238,0.03457,0.03138,0.03362,17118320.64
2024-11-20,0.03362,0.03451,0.03087,0.03147,12442031.24
2024-11-21,0.03147,0.03392,0.03072,0.03216,23879372.09
2024-11-22,0.03216,0.03596,0.03147,0.03561,25064940.64
2024-11-23,0.03561,0.04715,0.03535,0.0425,101453484.65
2024-11-24,0.0425,0.04551,0.03899,0.04544,58152577.91
2024-11-25,0.04544,0.04544,0.04,0.04046,39462712.82
2024-11-26,0.04046,0.04215,0.03755,0.04147,39972497.08
2024-11-27,0.04147,0.04393,0.0399,0.04304,24223264.01
2024-11-28,0.04304,0.04308,0.04038,0.04179,16019335.44
2024-11-29,0.04179,0.04549,0.04138,0.04536,19736020.26
2024-11-30,0.04536,0.04822,0.04366,0.04584,37967327.48
2024-12-01,0.04584,0.04698,0.04399,0.04602,59891937.72
2024-12-02,0.04602,0.05786,0.04587,0.05764,110726311.54
2024-12-03,0.05764,0.07987,0.05569,0.0779,206700989.64
2024-12-04,0.0779,0.0779,0.06547,0.06792,114512894.44
2024-12-05,0.06792,0.07392,0.0628,0.06507,62536239.73
2024-12-06,0.06507,0.0687,0.06202,0.06729,48528034.0
2024-12-07,0.06729,0.07106,0.06615,0.06667,22192817.43
2024-12-08,0.06667,0.07027,0.0651,0.06792,23416662.87
2024-12-09,0.06792,0.06863,0.0503,0.05642,58293398.78
2024-12-10,0.05642,0.05949,0.0509,0.0557,35371057.75
2024-12-11,0.0557,0.06043,0.05268,0.05933,40816875.29
2024-12-12,0.05933,0.06402,0.05815,0.05995,46306667.83
2024-12-13,0.05995,0.0609,0.05743,0.06003,27606276.14
2024-12-14,0.06003,0.06064,0.05553,0.05707,11034623.34
2024-12-15,0.05707,0.0592,0.05508,0.0587,18119222.15
2024-12-16,0.0587,0.05952,0.05383,0.05544,17205009.87
2024-12-17,0.05544,0.06094,0.0541,0.05668,38043022.09
2024-12-18,0.05668,0.05726,0.04907,0.05036,40974072.0
2024-12-19,0.05036,0.05239,0.04396,0.04495,50630255.34
2024-12-20,0.04495,0.04862,0.03838,0.04809,75331850.63
2024-12-21,0.04809,0.05094,0.04449,0.0451,31996194.44
2024-12-22,0.0451,0.04752,0.04407,0.04589,26016175.56
2024-12-23,0.04589,0.0496,0.0443,0.04876,30444240.6
2024-12-24,0.04876,0.0543,0.04678,0.05286,28630350.16
2024-12-25,0.05286,0.05379,0.05076,0.05131,17605330.99
2024-12-26,0.05131,0.05191,0.04613,0.0467,14987200.15
2024-12-27,0.0467,0.04871,0.04537,0.04574,12469387.62
2024-12-28,0.04574,0.04833,0.04525,0.04759,13154172.71
2024-12-29,0.04759,0.04806,0.04472,0.0451,12449679.27
2024-12-30,0.0451,0.04662,0.0426,0.0439,15738677.84
2024-12-31,0.0439,0.04552,0.04238,0.04314,7295834.35
2025-01-01,0.04314,0.04737,0.04227,0.04663,13881703.71
2025-01-02,0.04663,0.04929,0.04663,0.0483,24156709.56
2025-01-03,0.0483,0.05325,0.04767,0.0527,29272032.13
2025-01-04,0.0527,0.05316,0.05019,0.05095,18413890.72
2025-01-05,0.05095,0.0518,0.0494,0.051,15198145.4
2025-01-06,0.051,0.05433,0.04966,0.05274,18891916.91
2025-01-07,0.05274,0.05274,0.04672,0.04679,20952091.93
2025-01-08,0.04679,0.04773,0.04271,0.04498,42197318.73
2025-01-09,0.04498,0.04611,0.04316,0.04448,17193383.73
2025-01-10,0.04448,0.04678,0.0438,0.04521,22168391.94
2025-01-11,0.04521,0.04651,0.04228,0.04527,29356198.18
2025-01-12,0.04527,0.04594,0.04386,0.04465,11564377.06
2025-01-13,0.04465,0.04697,0.0404,0.04319,9807470.77
2025-01-14,0.04319,0.04537,0.04278,0.04517,13564807.36
2025-01-15,0.04517,0.0491,0.04458,0.04898,9037873.09
2025-01-16,0.04898,0.05275,0.04721,0.05113,17670952.48
2025-01-17,0.05113,0.05784,0.05113,0.0561,16028260.33
2025-01-18,0.0561,0.05673,0.05039,0.05168,15793159.05
2025-01-19,0.05168,0.05684,0.0445,0.04541,20746852.62
2025-01-20,0.04541,0.05163,0.04348,0.04601,14152284.57
2025-01-21,0.04601,0.05423,0.0439,0.04916,25273377.15
2025-01-22,0.04916,0.05314,0.04756,0.04782,14850343.15
2025-01-23,0.04782,0.05046,0.04651,0.04895,14476809.19
2025-01-24,0.04895,0.05006,0.04655,0.04766,8937759.84
2025-01-25,0.04766,0.04889,0.04707,0.04757,5382095.99
2025-01-26,0.04757,0.04855,0.04508,0.04521,12978536.93
2025-01-27,0.04521,0.04549,0.0416,0.04473,14464150.91
2025-01-28,0.04473,0.04568,0.0419,0.04237,10789691.72
2025-01-29,0.04237,0.04505,0.04152,0.04327,12580006.65
2025-01-30,0.04327,0.04811,0.0429,0.04643,8661796.61
2025-01-31,0.04643,0.04891,0.04518,0.04663,11922818.93
2025-02-01,0.04663,0.04849,0.04316,0.04347,10833478.94
2025-02-02,0.04347,0.04437,0.03568,0.03771,18806371.84
2025-02-03,0.03771,0.03964,0.02709,0.03905,21439523.98
2025-02-04,0.03905,0.03991,0.03472,0.03606,10671971.16
2025-02-05,0.03606,0.03653,0.03414,0.03452,4748813.26
2025-02-06,0.03452,0.03585,0.03226,0.03258,7880518.16
2025-02-07,0.03258,0.03531,0.03157,0.03243,10731650.21
2025-02-08,0.03243,0.03325,0.03183,0.03299,4158738.27
2025-02-09,0.03299,0.03384,0.03059,0.03194,6733290.24
2025-02-10,0.03194,0.03398,0.03092,0.03371,8786266.1
2025-02-11,0.03371,0.03568,0.03272,0.03318,7536546.34
2025-02-12,0.03318,0.0359,0.03182,0.03544,8264620.29
2025-02-13,0.03544,0.03591,0.03369,0.03444,7665707.2
2025-02-14,0.03444,0.03641,0.03425,0.03525,2352226.33
2025-02-15,0.03525,0.03577,0.03374,0.03401,9506155.25
2025-02-16,0.03401,0.03415,0.03297,0.03311,2677656.49
2025-02-17,0.03311,0.03454,0.03229,0.03286,181472531.36
2025-02-18,0.03286,0.03326,0.03052,0.03163,222178494.97
2025-02-19,0.03163,0.03245,0.0311,0.0318,164117459.88
2025-02-20,0.0318,0.03306,0.03165,0.03278,168102402.37
2025-02-21,0.03278,0.03428,0.03061,0.03112,281881105.9
2025-02-22,0.03112,0.03271,0.03101,0.03241,135311595.85
2025-02-23,0.03241,0.0326,0.03149,0.03223,143853725.33
2025-02-24,0.03223,0.03255,0.0278,0.02807,304213593.98
2025-02-25,0.02807,0.02915,0.02588,0.02865,523593711.37
2025-02-26,0.02865,0.02926,0.02708,0.02798,288841173.25
2025-02-27,0.02798,0.02936,0.02741,0.02819,217195164.19
2025-02-28,0.02819,0.02847,0.02549,0.02803,359883656.15
2025-03-01,0.02803,0.02885,0.02722,0.02849,206898884.19
2025-03-02,0.02849,0.03298,0.02789,0.03216,525367610.79
2025-03-03,0.03216,0.03345,0.02671,0.02696,546707356.71
2025-03-04,0.02696,0.02758,0.0247,0.02715,529171984.47
2025-03-05,0.02715,0.02948,0.02696,0.02895,309465564.93
2025-03-06,0.02895,0.02978,0.02748,0.02801,219496745.63
2025-03-07,0.02801,0.03023,0.0265,0.02781,435540304.07
2025-03-08,0.02781,0.02818,0.02699,0.02712,214355884.84
2025-03-09,0.02712,0.0274,0.02445,0.02465,300462468.56
2025-03-10,0.02465,0.0259,0.02245,0.02262,461957493.53
2025-03-11,0.02262,0.02462,0.02129,0.02394,488758686.41
2025-03-12,0.02394,0.0251,0.02304,0.0243,355061337.15
2025-03-13,0.0243,0.02459,0.02295,0.0237,304669608.69
2025-03-14,0.0237,0.0251,0.02366,0.02468,213727072.24
2025-03-15,0.02468,0.02551,0.02453,0.02531,193160880.15
2025-03-16,0.02531,0.02535,0.0239,0.02424,225128664.52
2025-03-17,0.02424,0.02586,0.02424,0.02531,240161895.55
2025-03-18,0.02531,0.02531,0.02402,0.0253,229916334.34
2025-03-19,0.0253,0.02716,0.0253,0.02713,395133740.3
2025-03-20,0.02713,0.02721,0.02562,0.02608,217733407.77
2025-03-21,0.02608,0.02635,0.02512,0.02518,203474774.82
2025-03-22,0.02518,0.02585,0.02496,0.02532,160799217.39
2025-03-23,0.02532,0.02556,0.02473,0.02509,116854634.46
2025-03-24,0.02509,0.02692,0.02479,0.02629,310095662.26
2025-03-25,0.02629,0.02698,0.02589,0.02665,241301013.52
2025-03-26,0.02665,0.02759,0.02604,0.02635,233603343.55
2025-03-27,0.02635,0.02676,0.02563,0.02616,180105311.87
2025-03-28,0.02616,0.02632,0.02378,0.02413,317051943.82
2025-03-29,0.02413,0.0242,0.02241,0.02281,211814760.83
2025-03-30,0.02281,0.02344,0.0224,0.02273,192036971.52
2025-03-31,0.02273,0.02301,0.02197,0.02243,315928598.46
2025-04-01,0.02243,0.02373,0.02233,0.02341,280885331.92
2025-04-02,0.02341,0.02392,0.02131,0.0216,374955162.09
2025-04-03,0.0216,0.0223,0.02073,0.02175,277972240.48
2025-04-04,0.02175,0.02252,0.02131,0.02209,186739928.25
2025-04-05,0.02209,0.02225,0.02148,0.02179,120455992.23
2025-04-06,0.02179,0.02205,0.0193,0.01972,277814400.01
2025-04-07,0.01972,0.0209,0.01773,0.0203,686204007.43
2025-04-08,0.0203,0.02123,0.01954,0.01974,328841155.05
2025-04-09,0.01974,0.02276,0.019,0.02216,473120843.09
2025-04-10,0.02216,0.02224,0.02069,0.02122,251369487.63
2025-04-11,0.02122,0.02244,0.02117,0.0221,275945468.51
2025-04-12,0.0221,0.0235,0.02185,0.0234,252179834.96
2025-04-13,0.0234,0.02415,0.02248,0.02272,299534015.92
2025-04-14,0.02272,0.02467,0.02237,0.02338,488907391.43
2025-04-15,0.02338,0.02437,0.02245,0.02258,1313570205.05
2025-04-16,0.02258,0.02277,0.02171,0.02212,1743765227.36
2025-04-17,0.02212,0.02315,0.02199,0.02277,224792932.65
2025-04-18,0.02277,0.02352,0.02253,0.0232,1197757380.22
2025-04-19,0.0232,0.02364,0.0231,0.02352,386196785.8
2025-04-20,0.02352,0.02391,0.02293,0.02364,61853861.46
2025-04-21,0.02364,0.02464,0.0234,0.02353,104870846.03
2025-04-22,0.02353,0.02553,0.0231,0.02548,116312413.02
2025-04-23,0.02548,0.02648,0.02527,0.02611,126755262.72
2025-04-24,0.02611,0.02698,0.02487,0.02671,125925642.04
2025-04-25,0.02671,0.0273,0.02637,0.02702,120113117.57
2025-04-26,0.02702,0.02795,0.02672,0.02719,98992393.31
2025-04-27,0.02719,0.02773,0.02625,0.02644,92220444.59
2025-04-28,0.02644,0.02798,0.02573,0.02733,115725191.99
2025-04-29,0.02733,0.02839,0.02646,0.02675,109341682.1
2025-04-30,0.02675,0.02714,0.02557,0.02622,77467111.79
2025-05-01,0.02622,0.02749,0.02622,0.02721,75525712.76
2025-05-02,0.02721,0.02784,0.02688,0.02742,66475376.52
2025-05-03,0.02742,0.02751,0.02578,0.0261,49441565.96
2025-05-04,0.0261,0.02624,0.02486,0.02504,51909801.98
2025-05-05,0.02504,0.02561,0.02455,0.02501,65913072.42
2025-05-06,0.02501,0.02524,0.02391,0.02487,104643809.93
2025-05-07,0.02487,0.02542,0.02432,0.02486,83583481.74
2025-05-08,0.02486,0.02872,0.02478,0.02869,134752429.29
2025-05-09,0.02869,0.03032,0.02848,0.03003,163723482.0
2025-05-10,0.03003,0.03232,0.02971,0.03228,126087604.48
2025-05-11,0.03228,0.03255,0.03012,0.03119,107456002.18
2025-05-12,0.03119,0.03398,0.02992,0.03088,192919038.25
2025-05-13,0.03088,0.03242,0.02925,0.0319,134104725.94
2025-05-14,0.0319,0.033,0.03008,0.03031,117755037.92
2025-05-15,0.03031,0.03084,0.02799,0.02878,120439196.3
2025-05-16,0.02878,0.02994,0.02829,0.02852,70664490.9
2025-05-17,0.02852,0.02866,0.02724,0.02769,69427745.58
2025-05-18,0.02769,0.02949,0.02713,0.02902,84213109.28
2025-05-19,0.02902,0.02919,0.02673,0.02803,73782807.82
2025-05-20,0.02803,0.02895,0.02724,0.02851,76522963.01
2025-05-21,0.02851,0.02968,0.02792,0.02914,97844451.27
2025-05-22,0.02914,0.03069,0.02912,0.03066,88724003.69
2025-05-23,0.03066,0.0314,0.02778,0.02797,147672502.62
2025-05-24,0.02797,0.0284,0.02725,0.02746,69163421.92
2025-05-25,0.02746,0.02758,0.02616,0.02737,73887159.7
2025-05-26,0.02737,0.02824,0.02719,0.02746,75907953.12
2025-05-27,0.02746,0.02863,0.02677,0.02758,74607361.51
2025-05-28,0.02758,0.02819,0.02637,0.02719,84597612.54
2025-05-29,0.02719,0.02768,0.02591,0.02599,91896885.95
2025-05-30,0.02599,0.02617,0.02371,0.02392,132346020.46
2025-05-31,0.02392,0.02447,0.02312,0.02415,81939068.51
2025-06-01,0.02415,0.02443,0.02356,0.02432,46970235.42
2025-06-02,0.02432,0.02487,0.0238,0.02483,54169810.93
2025-06-03,0.02483,0.02544,0.02443,0.02465,66652838.43
2025-06-04,0.02465,0.02511,0.02357,0.02372,55001858.93
2025-06-05,0.02372,0.02436,0.02225,0.02262,111018425.23
2025-06-06,0.02262,0.02399,0.02253,0.02351,79679120.2
2025-06-07,0.02351,0.02449,0.02342,0.02408,48870685.11
2025-06-08,0.02408,0.02453,0.02372,0.02411,53158828.57
2025-06-09,0.02411,0.02525,0.0236,0.0252,76175172.21
2025-06-10,0.0252,0.02627,0.02471,0.02627,114018078.44
2025-06-11,0.02627,0.0263,0.02468,0.02498,87892880.46
2025-06-12,0.02498,0.02507,0.02333,0.02342,84372929.81
2025-06-13,0.02342,0.02343,0.0218,0.0226,132280570.84
2025-06-14,0.0226,0.02262,0.02163,0.02205,42176729.38
2025-06-15,0.02205,0.02248,0.02185,0.02226,46611844.64
2025-06-16,0.02226,0.02329,0.022,0.02221,57176951.56
2025-06-17,0.02221,0.02261,0.02106,0.02142,72438883.57
2025-06-18,0.02142,0.02197,0.02086,0.02179,51556047.83
2025-06-19,0.02179,0.022,0.02124,0.0217,46679741.23
2025-06-20,0.0217,0.02208,0.02054,0.02084,69497289.61
2025-06-21,0.02084,0.02129,0.01942,0.02002,69247293.77
2025-06-22,0.02002,0.0202,0.0182,0.0193,101353170.74
2025-06-23,0.0193,0.02153,0.01913,0.02146,104247340.63
2025-06-24,0.02146,0.02199,0.0212,0.02158,84058610.97
2025-06-25,0.02158,0.02167,0.0209,0.02102,55604011.02
2025-06-26,0.02102,0.0216,0.02032,0.02036,72868415.69
2025-06-27,0.02036,0.02068,0.02006,0.02044,61343337.63
2025-06-28,0.02044,0.0214,0.02032,0.02122,47762462.22
2025-06-29,0.02122,0.02199,0.02075,0.02179,46713079.68
2025-06-30,0.02179,0.02186,0.02082,0.02124,61110453.8
2025-07-01,0.02124,0.02137,0.02006,0.0203,63807783.73
2025-07-02,0.0203,0.02222,0.02006,0.02182,71497591.85
2025-07-03,0.02182,0.02246,0.02167,0.02196,62702300.13
2025-07-04,0.02196,0.02213,0.0206,0.02081,51803837.43
2025-07-05,0.02081,0.02103,0.0204,0.02071,35416547.2
2025-07-06,0.02071,0.02118,0.02035,0.02086,49121609.73
2025-07-07,0.02086,0.02114,0.02018,0.02043,62152271.67
2025-07-08,0.02043,0.02095,0.02016,0.02091,54726919.79
2025-07-09,0.02091,0.02254,0.02071,0.02241,87293049.43
2025-07-10,0.02241,0.02425,0.02221,0.02405,111680547.57
2025-07-11,0.02405,0.02554,0.02365,0.02401,170149486.51
2025-07-12,0.02401,0.02467,0.02308,0.02363,89358439.3
2025-07-13,0.02363,0.02524,0.02353,0.02464,110305737.38
2025-07-14,0.02464,0.02576,0.02396,0.02431,126914526.53
2025-07-15,0.02431,0.0252,0.02342,0.02519,128267893.09
2025-07-16,0.02519,0.02625,0.02469,0.02557,142252549.21
2025-07-17,0.02557,0.02677,0.02484,0.0264,154861783.41
2025-07-18,0.0264,0.02919,0.02615,0.02706,251391193.84
2025-07-19,0.02706,0.02803,0.02632,0.02782,106432359.85
2025-07-20,0.02782,0.02943,0.02758,0.02837,148065121.4
2025-07-21,0.02837,0.02955,0.02786,0.02837,139159558.45
2025-07-22,0.02837,0.0285,0.02686,0.0281,144493787.1
2025-07-23,0.0281,0.02811,0.02453,0.02535,162346955.35
2025-07-24,0.02535,0.02594,0.02362,0.02478,143811874.93
2025-07-25,0.02478,0.02579,0.02406,0.02576,101795575.42
2025-07-26,0.02576,0.02625,0.02544,0.02578,82141999.84
2025-07-27,0.02578,0.02646,0.02554,0.02633,74169787.07
2025-07-28,0.02633,0.02669,0.02452,0.02474,129674017.31
2025-07-29,0.02474,0.02558,0.02429,0.02525,169207572.91
2025-07-30,0.02525,0.02544,0.02335,0.02447,160854582.3
2025-07-31,0.02447,0.02499,0.023,0.02308,135506976.78
2025-08-01,0.02308,0.02349,0.02212,0.02263,192394185.97
2025-08-02,0.02263,0.02314,0.02171,0.02219,100334796.72
2025-08-03,0.02219,0.02334,0.02189,0.02303,70277774.84
2025-08-04,0.02303,0.02394,0.02281,0.02371,85367317.93
2025-08-05,0.02371,0.02379,0.02248,0.02296,76573400.71
2025-08-06,0.02296,0.02358,0.02247,0.02348,70301157.59
2025-08-07,0.02348,0.02447,0.02317,0.02444,92631169.41
2025-08-08,0.02444,0.02471,0.02387,0.02457,107357504.88
2025-08-09,0.02457,0.02549,0.02453,0.02517,98329439.68
2025-08-10,0.02517,0.02609,0.02459,0.02513,116054107.64
2025-08-11,0.02513,0.02612,0.02409,0.0247,172562832.14
2025-08-12,0.0247,0.02592,0.02393,0.02569,113974379.53
2025-08-13,0.02569,0.02665,0.02533,0.02651,145028235.06
2025-08-14,0.02651,0.02697,0.02407,0.02464,210074031.43
2025-08-15,0.02464,0.02517,0.02377,0.02434,110155038.6
2025-08-16,0.02434,0.02486,0.02423,0.02463,59268420.64
2025-08-17,0.02463,0.0257,0.02444,0.02475,82428424.57
2025-08-18,0.02475,0.0248,0.02332,0.02384,128017818.75
2025-08-19,0.02384,0.02413,0.02291,0.02295,118844940.21
2025-08-20,0.02295,0.02403,0.02283,0.02387,93832959.33
2025-08-21,0.02387,0.0244,0.02353,0.02366,86625502.97
2025-08-22,0.02366,0.02548,0.02294,0.02535,180839481.39
2025-08-23,0.02535,0.02649,0.02515,0.02557,154473968.24
2025-08-24,0.02557,0.0271,0.0248,0.02605,205428128.79
2025-08-25,0.02605,0.02721,0.02396,0.02424,412265965.07
2025-08-26,0.02424,0.02535,0.02374,0.02515,133709719.43
2025-08-27,0.02515,0.02542,0.02457,0.02487,112523332.61
2025-08-28,0.02487,0.02586,0.02458,0.02562,108416396.06
2025-08-29,0.02562,0.02568,0.02393,0.02426,122602457.99
2025-08-30,0.02426,0.02477,0.02415,0.02471,61049782.43
2025-08-31,0.02471,0.02493,0.02413,0.02414,60374717.77
2025-09-01,0.02414,0.02468,0.02303,0.02352,113364375.52
2025-09-02,0.02352,0.02395,0.02314,0.02389,79821221.0
2025-09-03,0.02389,0.02419,0.0235,0.02392,69816423.38
2025-09-04,0.02392,0.02406,0.02294,0.02314,76343174.14
2025-09-05,0.02314,0.02399,0.02306,0.02358,82040340.41
2025-09-06,0.02358,0.02372,0.02311,0.02331,37541601.92
2025-09-07,0.02331,0.0237,0.02328,0.02353,32430073.79
2025-09-08,0.02353,0.02456,0.0234,0.02435,90391857.01
2025-09-09,0.02435,0.02485,0.02381,0.02421,89164273.78
2025-09-10,0.02421,0.02469,0.02392,0.02441,70238908.48
2025-09-11,0.02441,0.02508,0.0241,0.02495,68113462.9
2025-09-12,0.02495,0.02538,0.02446,0.02537,79916403.74
2025-09-13,0.02537,0.02595,0.02511,0.02565,112090932.17
2025-09-14,0.02565,0.02567,0.02444,0.02461,76000405.78
2025-09-15,0.02461,0.02497,0.02385,0.02411,85587909.92
2025-09-16,0.02411,0.02467,0.0238,0.02448,74241050.17
2025-09-17,0.02448,0.0255,0.0239,0.02527,107329362.91
2025-09-18,0.02527,0.02613,0.02499,0.02594,114371507.48
2025-09-19,0.02594,0.02635,0.02479,0.02492,122215413.09
2025-09-20,0.02492,0.0252,0.02457,0.02469,57061945.79
2025-09-21,0.02469,0.02482,0.02425,0.02433,48770369.82
2025-09-22,0.02433,0.02446,0.02227,0.02291,146407148.73
2025-09-23,0.02291,0.02311,0.02242,0.02251,92183460.65
2025-09-24,0.02251,0.02314,0.02215,0.02263,79088426.38
2025-09-25,0.02263,0.02269,0.02117,0.02142,104407429.88
2025-09-26,0.02142,0.02249,0.02132,0.02227,113582496.06
2025-09-27,0.02227,0.02237,0.02177,0.02181,38611017.77
2025-09-28,0.02181,0.02224,0.0213,0.02211,54970528.94
2025-09-29,0.02211,0.02241,0.02157,0.02206,60960295.73
2025-09-30,0.02206,0.02212,0.02134,0.02171,63749151.4
2025-10-01,0.02171,0.02319,0.02152,0.02318,80662534.17
2025-10-02,0.02318,0.02383,0.02304,0.02373,96680040.9
2025-10-03,0.02373,0.02419,0.02319,0.02369,105053666.74
2025-10-04,0.02369,0.0237,0.0227,0.02297,76415312.04
2025-10-05,0.02297,0.02387,0.02279,0.02285,79208970.44
2025-10-06,0.02285,0.02409,0.02266,0.02365,82944475.3
2025-10-07,0.02365,0.02382,0.02242,0.02252,92567606.12
2025-10-08,0.02252,0.02315,0.02235,0.02276,63313085.13
2025-10-09,0.02276,0.0228,0.02172,0.02204,67844699.54
2025-10-10,0.02204,0.02243,0.01,0.01587,489818638.69
2025-10-11,0.01587,0.01778,0.01464,0.01675,617904400.78
2025-10-12,0.01675,0.01949,0.01654,0.01921,158868439.34
2025-10-13,0.01921,0.02022,0.0188,0.0199,145097042.57
2025-10-14,0.0199,0.01998,0.018,0.01912,163431065.27
2025-10-15,0.01912,0.01946,0.01801,0.01831,103093840.63
2025-10-16,0.01831,0.01863,0.01704,0.01735,130531184.21
2025-10-17,0.01735,0.01762,0.01614,0.01716,149666876.6
2025-10-18,0.01716,0.01749,0.01686,0.01713,54514844.26
2025-10-19,0.01713,0.01804,0.01694,0.01764,65679486.33
2025-10-20,0.01764,0.01827,0.01731,0.01783,56872606.92
2025-10-21,0.01783,0.01822,0.0171,0.01719,124720686.88
2025-10-22,0.01719,0.01736,0.0165,0.01698,81562282.95
2025-10-23,0.01698,0.01751,0.01689,0.01719,47475798.57
2025-10-24,0.01719,0.01778,0.01699,0.01736,60350857.76
2025-10-25,0.01736,0.01741,0.01709,0.01733,34148199.17
2025-10-26,0.01733,0.01803,0.01717,0.01789,42686123.02
2025-10-27,0.01789,0.0181,0.0172,0.01728,92188209.89
2025-10-28,0.01728,0.01752,0.01652,0.01675,92208223.94
2025-10-29,0.01675,0.01736,0.01655,0.0168,60969195.95
2025-10-30,0.0168,0.017,0.0151,0.01558,135117493.68
2025-10-31,0.01558,0.01599,0.01528,0.0156,63075701.54
2025-11-01,0.0156,0.01635,0.01549,0.01631,60215552.51
2025-11-02,0.01631,0.01636,0.01565,0.01632,54893587.69
2025-11-03,0.01632,0.01637,0.01423,0.01465,162050610.71
2025-11-04,0.01465,0.01499,0.0132,0.01401,153997625.94
