timestamp,open,high,low,close,volume
2019-06-22,0.1,0.13191,0.1,0.12981,46231581.21
2019-06-23,0.12981,0.13341,0.12755,0.12809,113967304.12
2019-06-24,0.12809,0.12877,0.12513,0.12832,115795337.45
2019-06-25,0.12832,0.12956,0.12255,0.12443,117796371.79
2019-06-26,0.12443,0.13388,0.12189,0.12417,186277489.35
2019-06-27,0.12417,0.12544,0.10536,0.10928,213713841.97
2019-06-28,0.10928,0.11324,0.1091,0.1118,208935632.41
2019-06-29,0.1118,0.11812,0.10658,0.11484,176562689.03
2019-06-30,0.11484,0.11526,0.10414,0.10464,166924951.69
2019-07-01,0.10464,0.10968,0.10129,0.10572,182986240.96
2019-07-02,0.10572,0.10643,0.09998,0.10259,205462757.85
2019-07-03,0.10259,0.10553,0.10205,0.10541,185367127.81
2019-07-04,0.10541,0.10563,0.09882,0.09909,176352291.8
2019-07-05,0.09909,0.10159,0.09865,0.09988,177551062.94
2019-07-06,0.09988,0.10605,0.0998,0.10386,175059078.7
2019-07-07,0.10386,0.10578,0.10226,0.10566,174318818.55
2019-07-08,0.10566,0.1058,0.10345,0.10411,168594402.69
2019-07-09,0.10411,0.10476,0.09998,0.1011,168005714.32
2019-07-10,0.1011,0.10195,0.09202,0.09509,174619402.58
2019-07-11,0.09509,0.09509,0.0855,0.08699,181587065.05
2019-07-12,0.08699,0.10102,0.08626,0.09773,184974040.85
2019-07-13,0.09767,0.10033,0.09118,0.09573,179997594.42
2019-07-14,0.09578,0.09633,0.08475,0.08536,189405237.46
2019-07-15,0.08537,0.08743,0.08177,0.08514,191476451.51
2019-07-16,0.08511,0.08794,0.07769,0.07808,187847832.9
2019-07-17,0.0781,0.08327,0.07548,0.0802,239027410.62
2019-07-18,0.0802,0.0927,0.07902,0.08787,311478013.81
2019-07-19,0.08783,0.09485,0.08668,0.09331,193932466.08
2019-07-20,0.0933,0.09748,0.09125,0.09453,180494199.92
2019-07-21,0.09462,0.09462,0.08837,0.09101,173494337.47
2019-07-22,0.09103,0.09154,0.08617,0.08862,149945469.87
2019-07-23,0.0886,0.0886,0.08296,0.08408,174356622.06
2019-07-24,0.08411,0.08653,0.08132,0.08582,166533279.79
2019-07-25,0.08583,0.08785,0.08476,0.08549,156405464.88
2019-07-26,0.08547,0.08978,0.08344,0.08784,151978393.57
2019-07-27,0.08779,0.08966,0.08289,0.08429,154349020.76
2019-07-28,0.08427,0.0849,0.08077,0.08387,149638594.34
2019-07-29,0.08408,0.08564,0.08253,0.08335,151171770.95
2019-07-30,0.08335,0.08474,0.08189,0.08334,152220457.94
2019-07-31,0.08333,0.08512,0.08287,0.08388,155139355.92
2019-08-01,0.08388,0.08398,0.08165,0.08262,148342615.26
2019-08-02,0.08262,0.08322,0.08165,0.082,150280649.76
2019-08-03,0.082,0.08299,0.08181,0.08233,148327991.95
2019-08-04,0.08233,0.08265,0.08063,0.08192,136625501.17
2019-08-05,0.08192,0.08432,0.0817,0.0824,107284992.69
2019-08-06,0.0824,0.0824,0.07714,0.0784,129313854.72
2019-08-07,0.0784,0.07911,0.07687,0.07859,138953745.85
2019-08-08,0.07859,0.07875,0.07696,0.0772,115302994.28
2019-08-09,0.0772,0.07726,0.0716,0.07182,122576965.74
2019-08-10,0.07182,0.07442,0.07168,0.07374,142849761.41
2019-08-11,0.07374,0.07991,0.0736,0.07812,139005089.57
2019-08-12,0.07812,0.07836,0.07534,0.07543,129359081.37
2019-08-13,0.07543,0.07559,0.07279,0.07433,135640634.7
2019-08-14,0.07433,0.07446,0.06753,0.0693,140242770.76
2019-08-15,0.0693,0.07404,0.06589,0.07013,138531849.78
2019-08-16,0.07013,0.07022,0.06724,0.06841,135536851.67
2019-08-17,0.06841,0.06912,0.06664,0.06774,133845499.88
2019-08-18,0.06774,0.07157,0.06742,0.07072,130557402.04
2019-08-19,0.07072,0.07189,0.07017,0.07179,132277576.0
2019-08-20,0.07179,0.07191,0.06861,0.06869,132041530.3
2019-08-21,0.06869,0.06885,0.06576,0.06694,162298333.52
2019-08-22,0.06694,0.06956,0.06545,0.06814,121462949.31
2019-08-23,0.06814,0.06931,0.06733,0.06911,121318415.6
2019-08-24,0.06911,0.07095,0.06756,0.07038,130680442.43
2019-08-25,0.07038,0.07185,0.06827,0.06934,105253103.4
2019-08-26,0.06934,0.07114,0.06888,0.06957,131466297.35
2019-08-27,0.06957,0.06966,0.06743,0.06844,94330533.28
2019-08-28,0.06844,0.06851,0.06337,0.06407,109439818.29
2019-08-29,0.06407,0.06412,0.06049,0.06162,183885682.2
2019-08-30,0.06162,0.0633,0.06117,0.06196,119767057.03
2019-08-31,0.06196,0.0626,0.06031,0.06194,97929574.41
2019-09-01,0.06194,0.06282,0.06088,0.06219,98393247.95
2019-09-02,0.06219,0.06363,0.06116,0.06299,142838025.61
2019-09-03,0.06299,0.064,0.06233,0.06298,139284492.7
2019-09-04,0.06298,0.06304,0.06134,0.06166,115033344.41
2019-09-05,0.06166,0.06198,0.05991,0.06019,101186200.52
2019-09-06,0.06019,0.06094,0.05779,0.0581,151861427.66
2019-09-07,0.0581,0.0611,0.05791,0.06053,132664899.54
2019-09-08,0.06053,0.06181,0.06001,0.06106,121237202.2
2019-09-09,0.06106,0.06162,0.05944,0.06019,164027910.51
2019-09-10,0.06019,0.06102,0.05904,0.05967,96263538.4
2019-09-11,0.05967,0.06024,0.05815,0.0587,111197457.52
2019-09-12,0.0587,0.05886,0.05765,0.05826,152101996.55
2019-09-13,0.05826,0.058696,0.057409,0.057766,118149613.66
2019-09-14,0.057766,0.059298,0.057145,0.058719,111363120.96
2019-09-15,0.058719,0.058853,0.058091,0.058224,100829849.58
2019-09-16,0.058224,0.058998,0.057999,0.058681,93575116.67
2019-09-17,0.058681,0.066673,0.058036,0.06346,138178349.02
2019-09-18,0.06346,0.088701,0.063455,0.082711,389537703.27
2019-09-19,0.082711,0.088663,0.074163,0.080806,442524511.12
2019-09-20,0.080806,0.080806,0.070682,0.072109,199490723.21
2019-09-21,0.072109,0.073721,0.069468,0.069661,106346776.96
2019-09-22,0.069661,0.06981,0.06675,0.068302,113025195.58
2019-09-23,0.068302,0.068779,0.063417,0.063459,153591158.06
2019-09-24,0.063459,0.065039,0.049984,0.052801,222150494.68
2019-09-25,0.052801,0.059724,0.051997,0.05707,463058191.58
2019-09-26,0.05707,0.062029,0.053677,0.05842,296003671.08
2019-09-27,0.05842,0.059457,0.055765,0.058967,294050416.4
2019-09-28,0.058967,0.059202,0.057057,0.058239,185445178.8
2019-09-29,0.058239,0.058685,0.056472,0.0579,144367560.81
2019-09-30,0.0579,0.062141,0.05647,0.061862,254703361.72
2019-10-01,0.061862,0.062219,0.057839,0.058636,206867475.3
2019-10-02,0.058636,0.059781,0.057523,0.059671,159622638.42
2019-10-03,0.059671,0.059832,0.057709,0.058581,156238463.05
2019-10-04,0.058581,0.059795,0.057546,0.058621,154423919.5
2019-10-05,0.058621,0.059265,0.058242,0.058977,153327969.61
2019-10-06,0.058977,0.059222,0.057293,0.058427,151335931.63
2019-10-07,0.058427,0.06353,0.057963,0.062062,208500748.43
2019-10-08,0.062062,0.063714,0.060746,0.061796,198323376.97
2019-10-09,0.061796,0.065006,0.0611,0.063091,238147942.5
2019-10-10,0.063091,0.063249,0.060758,0.061466,196070150.26
2019-10-11,0.061466,0.062693,0.059091,0.059691,226058109.32
2019-10-12,0.059691,0.061638,0.059673,0.060803,201938284.38
2019-10-13,0.060803,0.062434,0.060642,0.061397,159441748.3
2019-10-14,0.061397,0.066096,0.061115,0.066093,230026230.36
2019-10-15,0.066093,0.066566,0.06235,0.06392,237623937.21
2019-10-16,0.06392,0.064337,0.060524,0.061701,238518298.11
2019-10-17,0.061701,0.065116,0.061039,0.065074,232457482.24
2019-10-18,0.065074,0.065074,0.061865,0.062972,218447458.73
2019-10-19,0.062972,0.063834,0.062214,0.062502,168577463.63
2019-10-20,0.062502,0.063845,0.061716,0.063152,160278669.27
2019-10-21,0.063152,0.064152,0.062674,0.06388,145986432.38
2019-10-22,0.06388,0.064764,0.063044,0.063252,139775876.65
2019-10-23,0.063252,0.063452,0.056894,0.059816,281717405.0
2019-10-24,0.059816,0.061566,0.058541,0.06017,219860697.83
2019-10-25,0.06017,0.065959,0.059403,0.064303,307080648.73
2019-10-26,0.064303,0.067218,0.061673,0.062613,386638685.05
2019-10-27,0.062613,0.065697,0.06186,0.065222,234019475.82
2019-10-28,0.065222,0.069,0.0645,0.064513,268681619.91
2019-10-29,0.064513,0.069726,0.0645,0.066614,245913269.37
2019-10-30,0.066614,0.066976,0.062681,0.063895,239705826.41
2019-10-31,0.063895,0.065115,0.062037,0.065057,257773989.9
2019-11-01,0.065057,0.071916,0.064543,0.069105,332456866.23
2019-11-02,0.069105,0.071262,0.069003,0.071163,268883229.91
2019-11-03,0.071163,0.071911,0.067904,0.068575,265197905.29
2019-11-04,0.068575,0.07893,0.067376,0.07893,280769017.66
2019-11-05,0.07893,0.087556,0.07857,0.082116,427173067.57
2019-11-06,0.082116,0.082712,0.076468,0.076993,265680655.89
2019-11-07,0.076993,0.077006,0.072543,0.074315,301567832.79
2019-11-08,0.074315,0.076731,0.068722,0.07106,266348973.15
2019-11-09,0.07106,0.073204,0.070686,0.073144,180180809.38
2019-11-10,0.073144,0.081309,0.072836,0.07894,308753937.5
2019-11-11,0.07894,0.081009,0.076109,0.079895,254200631.0
2019-11-12,0.079895,0.082432,0.074187,0.076737,290157156.54
2019-11-13,0.076737,0.077436,0.075305,0.076083,177352127.16
2019-11-14,0.076083,0.076143,0.072333,0.074147,185098436.07
2019-11-15,0.074147,0.0749,0.070331,0.072059,220165724.34
2019-11-16,0.072059,0.072315,0.071041,0.071291,165418679.96
2019-11-17,0.071291,0.072852,0.071181,0.071562,193159440.54
2019-11-18,0.071562,0.071562,0.064588,0.066992,218463937.27
2019-11-19,0.066992,0.066992,0.063331,0.065607,211351781.69
2019-11-20,0.065607,0.066166,0.063711,0.063978,196591761.14
2019-11-21,0.063978,0.064015,0.057524,0.060645,242979362.91
2019-11-22,0.060645,0.061234,0.052998,0.059226,376379647.4
2019-11-23,0.059226,0.062067,0.057837,0.061422,241913623.99
2019-11-24,0.061422,0.061911,0.055227,0.055441,250300731.95
2019-11-25,0.055441,0.059642,0.053012,0.057315,299695313.43
2019-11-26,0.057315,0.058124,0.056403,0.057481,188297749.02
2019-11-27,0.057481,0.059465,0.055104,0.058623,261981699.93
2019-11-28,0.058623,0.059021,0.057304,0.057891,195445781.88
2019-11-29,0.057891,0.059914,0.057877,0.058983,202367117.15
2019-11-30,0.058983,0.059232,0.056635,0.05728,184832262.88
2019-12-01,0.05728,0.057645,0.055099,0.057238,204038559.71
2019-12-02,0.057238,0.057261,0.055449,0.055677,191374753.48
2019-12-03,0.055677,0.056481,0.055086,0.055733,174769624.77
2019-12-04,0.055733,0.057154,0.053616,0.054691,238920949.03
2019-12-05,0.054691,0.055625,0.054175,0.055338,193029066.07
2019-12-06,0.055338,0.055854,0.054697,0.055363,179497939.16
2019-12-07,0.055363,0.055892,0.0553,0.055398,168241430.85
2019-12-08,0.055398,0.055935,0.054777,0.055824,148212952.01
2019-12-09,0.055824,0.056112,0.054008,0.054595,175457341.63
2019-12-10,0.054595,0.054599,0.052352,0.05315,189076500.27
2019-12-11,0.05315,0.053712,0.05265,0.052783,176950574.63
2019-12-12,0.052783,0.053238,0.051448,0.052037,222697959.73
2019-12-13,0.052037,0.052999,0.051968,0.052724,172973604.09
2019-12-14,0.052724,0.052823,0.050163,0.050896,199743191.92
2019-12-15,0.050896,0.051425,0.050316,0.050952,170137605.2
2019-12-16,0.050952,0.051054,0.046795,0.047,212324391.29
2019-12-17,0.047,0.047121,0.042178,0.043296,299519667.81
2019-12-18,0.043296,0.047765,0.042138,0.046526,401584041.2
2019-12-19,0.046526,0.046962,0.044539,0.04517,301454781.83
2019-12-20,0.04517,0.046465,0.044586,0.046198,273623955.08
2019-12-21,0.046198,0.046398,0.04532,0.045372,178592260.83
2019-12-22,0.045372,0.047262,0.045235,0.04721,268529578.55
2019-12-23,0.04721,0.047427,0.044586,0.044948,267380732.55
2019-12-24,0.044948,0.045764,0.044462,0.045036,249419516.93
2019-12-25,0.045036,0.045051,0.043595,0.044383,216133340.76
2019-12-26,0.044383,0.045648,0.044072,0.044705,252836841.96
2019-12-27,0.044705,0.046024,0.044112,0.045828,226924209.99
2019-12-28,0.045828,0.046526,0.045713,0.045854,228922818.5
2019-12-29,0.045854,0.046652,0.045705,0.046234,200169912.6
2019-12-30,0.046234,0.046799,0.04539,0.045533,218813058.82
2019-12-31,0.045533,0.045738,0.044727,0.044978,197717039.67
2020-01-01,0.044978,0.045465,0.04482,0.045265,147760449.06
2020-01-02,0.045265,0.045468,0.04352,0.043608,195102062.63
2020-01-03,0.043608,0.045617,0.043281,0.045617,244016388.08
2020-01-04,0.045617,0.04579,0.045109,0.045639,183822017.9
2020-01-05,0.045639,0.046274,0.045199,0.045424,175354975.05
2020-01-06,0.045424,0.050448,0.045339,0.050447,276109323.83
2020-01-07,0.050447,0.050972,0.047457,0.04847,307879539.35
2020-01-08,0.04847,0.049353,0.046768,0.047655,310070869.51
2020-01-09,0.047655,0.048203,0.046945,0.047183,247556768.34
2020-01-10,0.047183,0.048118,0.045557,0.048038,311660876.45
2020-01-11,0.048038,0.04955,0.047417,0.048197,282264580.15
2020-01-12,0.048197,0.049308,0.047964,0.048979,261651561.01
2020-01-13,0.048979,0.049031,0.047592,0.04814,209105845.16
2020-01-14,0.04814,0.055223,0.048102,0.052895,428396553.93
2020-01-15,0.052895,0.05665,0.051595,0.054827,460485533.45
2020-01-16,0.054827,0.055067,0.052066,0.053728,326230409.73
2020-01-17,0.053728,0.064549,0.053092,0.060786,436868205.06
2020-01-18,0.060786,0.066142,0.057558,0.06147,466067172.29
2020-01-19,0.06147,0.066269,0.058343,0.060052,438601267.75
2020-01-20,0.060052,0.065032,0.059276,0.062714,386336284.79
2020-01-21,0.062714,0.064755,0.061546,0.06282,290306078.33
2020-01-22,0.06282,0.063846,0.06085,0.061334,233233190.59
2020-01-23,0.061334,0.061351,0.056911,0.058346,260576165.35
2020-01-24,0.058346,0.058361,0.054928,0.057149,311921603.5
2020-01-25,0.057149,0.057272,0.055634,0.056003,225855401.28
2020-01-26,0.056003,0.058501,0.055804,0.05836,226920593.05
2020-01-27,0.05836,0.060893,0.057683,0.059675,264687513.74
2020-01-28,0.059675,0.062174,0.059088,0.060693,311583966.33
2020-01-29,0.060693,0.062953,0.060227,0.060827,297205328.59
2020-01-30,0.060827,0.063119,0.059808,0.062795,282830542.11
2020-01-31,0.062795,0.062961,0.059831,0.060587,279934341.41
2020-02-01,0.060587,0.062482,0.06043,0.062237,260255954.54
2020-02-02,0.062237,0.066115,0.061,0.063441,343804201.25
2020-02-03,0.063441,0.065802,0.062582,0.064306,298341946.99
2020-02-04,0.064306,0.067469,0.061729,0.066343,344372765.21
2020-02-05,0.066343,0.069579,0.065964,0.069026,394365815.03
2020-02-06,0.069026,0.07182,0.067467,0.071126,383105933.04
2020-02-07,0.071126,0.073613,0.070764,0.071912,348194979.39
2020-02-08,0.071912,0.072179,0.067502,0.070915,336907541.27
2020-02-09,0.070915,0.07387,0.070867,0.073235,344709863.16
2020-02-10,0.073235,0.073677,0.068591,0.070525,330263642.39
2020-02-11,0.070525,0.07461,0.068823,0.073888,325498268.62
2020-02-12,0.073888,0.082458,0.073886,0.080058,444056534.8
2020-02-13,0.080058,0.087602,0.07882,0.083258,586838553.25
2020-02-14,0.083258,0.087195,0.079862,0.08666,436776179.94
2020-02-15,0.08666,0.088712,0.076124,0.078953,496852036.21
2020-02-16,0.078953,0.081392,0.067004,0.074472,603309178.43
2020-02-17,0.074472,0.075078,0.067062,0.072754,559376766.03
2020-02-18,0.072754,0.07676,0.070113,0.075946,432665783.83
2020-02-19,0.075946,0.079392,0.068873,0.070005,389228054.58
2020-02-20,0.070005,0.071584,0.067138,0.070403,484778310.19
2020-02-21,0.070403,0.072745,0.069657,0.070982,372781605.22
2020-02-22,0.070982,0.071569,0.069267,0.070372,410177445.05
2020-02-23,0.070372,0.073238,0.069878,0.073201,363020626.65
2020-02-24,0.073201,0.073479,0.067237,0.069142,423031201.73
2020-02-25,0.069142,0.06931,0.063332,0.064107,503387405.28
2020-02-26,0.064107,0.064717,0.056311,0.058736,877713674.42
2020-02-27,0.058736,0.062794,0.055874,0.06039,798784703.78
2020-02-28,0.06039,0.061468,0.056372,0.058413,717717777.29
2020-02-29,0.058413,0.059884,0.056718,0.056934,466449517.63
2020-03-01,0.056934,0.058623,0.054853,0.055839,434582651.15
2020-03-02,0.055839,0.060178,0.0556,0.059647,514474524.42
2020-03-03,0.059647,0.060271,0.057528,0.058133,466325530.22
2020-03-04,0.058133,0.059107,0.057513,0.058613,345564356.25
2020-03-05,0.058613,0.060908,0.058603,0.05966,328570314.5
2020-03-06,0.05966,0.061339,0.059171,0.061339,333744269.14
2020-03-07,0.061339,0.061461,0.057806,0.058306,404976460.17
2020-03-08,0.058306,0.058306,0.049208,0.049689,751658522.91
2020-03-09,0.049689,0.052386,0.04744,0.052354,1226833394.16
2020-03-10,0.052354,0.053181,0.050622,0.051939,655925755.95
2020-03-11,0.051939,0.052624,0.047334,0.050429,574673809.43
2020-03-12,0.050429,0.05064,0.030388,0.031789,2003895305.93
2020-03-13,0.031789,0.041395,0.025995,0.039572,3226530238.42
2020-03-14,0.039572,0.040362,0.036182,0.0367,821136867.35
2020-03-15,0.0367,0.040313,0.036301,0.037943,869132840.23
2020-03-16,0.037943,0.038063,0.031544,0.035234,1645603207.51
2020-03-17,0.035234,0.038164,0.034829,0.037221,1028803655.84
2020-03-18,0.037221,0.037886,0.03433,0.036889,789360753.68
2020-03-19,0.036889,0.042675,0.036535,0.041351,951113524.47
2020-03-20,0.041351,0.044365,0.035823,0.039904,1353855538.0
2020-03-21,0.039904,0.040978,0.038075,0.03948,775912068.34
2020-03-22,0.03948,0.040512,0.036358,0.036789,620141852.23
2020-03-23,0.036789,0.039913,0.036066,0.039381,835109607.37
2020-03-24,0.039381,0.040597,0.03893,0.040336,773301866.43
2020-03-25,0.040336,0.040905,0.038961,0.040559,712585401.82
2020-03-26,0.040559,0.042947,0.039807,0.042873,518791281.54
2020-03-27,0.042873,0.043338,0.040352,0.040415,551112779.99
2020-03-28,0.040415,0.04075,0.038763,0.039986,581833098.46
2020-03-29,0.039986,0.040112,0.037698,0.037698,433047206.56
2020-03-30,0.037698,0.041028,0.037636,0.039973,543364796.16
2020-03-31,0.039973,0.041026,0.03997,0.040711,465551189.73
2020-04-01,0.040711,0.040905,0.038979,0.040752,561521576.35
2020-04-02,0.040752,0.043154,0.040417,0.041275,569210183.41
2020-04-03,0.041275,0.042161,0.040548,0.041379,531779565.82
2020-04-04,0.041379,0.042448,0.040831,0.041851,513278905.13
2020-04-05,0.041851,0.043549,0.041419,0.043473,419971707.43
2020-04-06,0.043473,0.049954,0.043464,0.049908,812802950.05
2020-04-07,0.049908,0.051538,0.0474,0.048443,822831760.1
2020-04-08,0.048443,0.051408,0.048104,0.051245,505565614.95
2020-04-09,0.051245,0.052437,0.048593,0.051996,547206385.43
2020-04-10,0.051996,0.052273,0.045434,0.047744,642456219.1
2020-04-11,0.047744,0.049984,0.047427,0.049783,621762647.41
2020-04-12,0.049783,0.051382,0.048359,0.048838,711644264.86
2020-04-13,0.048838,0.048923,0.046011,0.048156,724216513.84
2020-04-14,0.048156,0.048996,0.047449,0.048064,601910935.12
2020-04-15,0.048064,0.0487,0.045959,0.046079,467447212.58
2020-04-16,0.046079,0.049793,0.04472,0.049164,1001444122.2
2020-04-17,0.049164,0.049511,0.048165,0.048621,531187969.14
2020-04-18,0.048621,0.051044,0.048567,0.050583,494069385.37
2020-04-19,0.050583,0.050679,0.048259,0.048769,525489770.68
2020-04-20,0.048769,0.053214,0.04853,0.049464,939654624.59
2020-04-21,0.049464,0.05181,0.04916,0.050878,655345407.96
2020-04-22,0.050878,0.054951,0.050684,0.054939,542587623.67
2020-04-23,0.054939,0.066202,0.054936,0.062008,776127063.23
2020-04-24,0.062008,0.065537,0.060297,0.061184,455191070.3
2020-04-25,0.061184,0.063249,0.060636,0.061767,397807512.18
2020-04-26,0.061767,0.062941,0.060902,0.061921,339399468.28
2020-04-27,0.061921,0.068682,0.06126,0.067273,408268289.63
2020-04-28,0.067273,0.07122,0.066357,0.068544,506555749.46
2020-04-29,0.068544,0.072921,0.068031,0.072121,511339434.66
2020-04-30,0.072121,0.074509,0.065569,0.067546,620543907.5
2020-05-01,0.067546,0.073396,0.067516,0.072786,427829189.21
2020-05-02,0.072786,0.076258,0.071462,0.075485,406863262.49
2020-05-03,0.075485,0.076939,0.071493,0.072997,464605599.21
2020-05-04,0.072997,0.073916,0.067681,0.073341,497430244.17
2020-05-05,0.073341,0.074349,0.070819,0.072112,429008938.21
2020-05-06,0.072112,0.07313,0.06952,0.069803,426484938.65
2020-05-07,0.069803,0.073455,0.068733,0.072083,432754128.03
2020-05-08,0.072083,0.074478,0.070298,0.072553,450390783.4
2020-05-09,0.072553,0.073614,0.071357,0.071429,417580395.7
2020-05-10,0.071429,0.07143,0.058982,0.06419,522134764.1
2020-05-11,0.06419,0.06509,0.06033,0.062547,568814184.85
2020-05-12,0.062547,0.070355,0.062152,0.070142,481837943.71
2020-05-13,0.070142,0.070853,0.068027,0.069769,488537074.93
2020-05-14,0.069769,0.07069,0.067993,0.069255,362870893.13
2020-05-15,0.069255,0.069839,0.067012,0.067283,197298004.52
2020-05-16,0.067283,0.0685,0.066618,0.068067,175547530.29
2020-05-17,0.068067,0.071588,0.067783,0.068735,164968594.14
2020-05-18,0.068735,0.071336,0.068654,0.070209,126910611.65
2020-05-19,0.070209,0.070256,0.068501,0.069784,23954668.67
2020-05-20,0.069784,0.072049,0.067531,0.07092,28477068.62
2020-05-21,0.07092,0.071745,0.064132,0.066526,34358458.93
2020-05-22,0.066526,0.069307,0.065442,0.068076,51447906.97
2020-05-23,0.068076,0.069132,0.066536,0.067161,55161275.92
2020-05-24,0.067161,0.068204,0.064068,0.064083,56170189.96
2020-05-25,0.064083,0.066166,0.063468,0.066166,59204641.5
2020-05-26,0.066166,0.066354,0.063599,0.065002,50208425.29
2020-05-27,0.065002,0.067503,0.064441,0.065976,51493540.5
2020-05-28,0.065976,0.069865,0.065673,0.068961,52697238.16
2020-05-29,0.068961,0.069829,0.067025,0.067826,54666847.0
2020-05-30,0.067826,0.072957,0.067023,0.072512,59136458.28
2020-05-31,0.072512,0.07641,0.068806,0.070514,92909050.44
2020-06-01,0.070514,0.076265,0.069993,0.075562,80820742.99
2020-06-02,0.075562,0.084131,0.073582,0.079541,94399390.43
2020-06-03,0.079541,0.083227,0.07681,0.082746,73365237.1
2020-06-04,0.082746,0.086282,0.079171,0.082072,74951152.79
2020-06-05,0.082072,0.082926,0.07878,0.078915,64105039.34
2020-06-06,0.078915,0.081084,0.078219,0.079658,49203640.33
2020-06-07,0.079658,0.080653,0.075484,0.078818,52953640.64
2020-06-08,0.078818,0.080315,0.077927,0.080055,46777739.08
2020-06-09,0.080055,0.08024,0.07724,0.078203,52073008.94
2020-06-10,0.078203,0.079039,0.077665,0.078799,47945326.86
2020-06-11,0.078799,0.079224,0.068875,0.071164,65775833.87
2020-06-12,0.071164,0.074713,0.070611,0.072781,62404085.44
2020-06-13,0.072781,0.074281,0.07166,0.074069,50478289.02
2020-06-14,0.074069,0.074074,0.070341,0.070771,49222861.1
2020-06-15,0.070771,0.071687,0.065644,0.070978,68364287.91
2020-06-16,0.070978,0.071997,0.06978,0.071311,56523637.02
2020-06-17,0.071311,0.074061,0.069617,0.071822,65426559.45
2020-06-18,0.071822,0.072136,0.069276,0.070568,51527672.81
2020-06-19,0.070568,0.070925,0.068437,0.069564,56738018.94
2020-06-20,0.069564,0.070349,0.068198,0.069762,49754196.0
2020-06-21,0.069762,0.070185,0.068358,0.068481,44229983.89
2020-06-22,0.068481,0.071982,0.06836,0.07186,54820804.26
2020-06-23,0.07186,0.072288,0.070055,0.071018,49917197.76857315
2020-06-24,0.071018,0.072541,0.067863,0.068872,55729809.2012785
2020-06-25,0.068872,0.068934,0.065541,0.067531,49660510.98
2020-06-26,0.067531,0.06849,0.06597,0.066938,48634993.16
2020-06-27,0.066938,0.067116,0.058854,0.062773,50660170.7
2020-06-28,0.062773,0.065,0.06164,0.064325,51669624.54
2020-06-29,0.064325,0.065356,0.062918,0.065038,47876045.69
2020-06-30,0.065038,0.067336,0.064007,0.066872,40083214.1
2020-07-01,0.066872,0.069399,0.06603,0.068334,40313326.71
2020-07-02,0.068334,0.07087,0.06625,0.067649,63809869.84
2020-07-03,0.067649,0.068571,0.06641,0.067053,51787939.51
2020-07-04,0.067053,0.068435,0.066431,0.06798,41440433.86
2020-07-05,0.06798,0.068053,0.065052,0.067348,46579148.93
2020-07-06,0.067348,0.072114,0.0665,0.071695,53687860.95
2020-07-07,0.071695,0.074276,0.07027,0.073453,57322557.06
2020-07-08,0.073453,0.085495,0.072485,0.085433,84452079.51
2020-07-09,0.085433,0.098155,0.083389,0.090331,144000247.0
2020-07-10,0.090331,0.090967,0.082765,0.088964,69425358.64
2020-07-11,0.088964,0.101002,0.088542,0.094229,70443430.39
2020-07-12,0.094229,0.097716,0.089733,0.095471,50194315.91
2020-07-13,0.095471,0.098166,0.086943,0.090189,81455970.81
2020-07-14,0.090189,0.092704,0.085518,0.092085,23952209.12
2020-07-15,0.092085,0.096268,0.087408,0.094351,13517983.41
2020-07-16,0.094351,0.1035,0.088127,0.102453,11182698.75
2020-07-17,0.102453,0.11196,0.099,0.103934,17323347.96
2020-07-18,0.103934,0.104433,0.098807,0.100779,9705497.02
2020-07-19,0.100779,0.102233,0.097,0.100086,8126654.12
2020-07-20,0.100086,0.101851,0.093519,0.094202,8449990.19
2020-07-21,0.094202,0.098347,0.093888,0.096525,8191034.53
2020-07-22,0.096525,0.097934,0.094036,0.097525,6868004.91
2020-07-23,0.097525,0.101389,0.096914,0.0981,6867648.88
2020-07-24,0.0981,0.098207,0.094887,0.095642,6034241.41
2020-07-25,0.095642,0.101294,0.09508,0.100767,7472200.33
2020-07-26,0.100767,0.105754,0.097378,0.099004,8390875.6
2020-07-27,0.099004,0.099956,0.088025,0.094601,11143516.23
2020-07-28,0.094601,0.098332,0.093351,0.097102,9661086.57
2020-07-29,0.097102,0.099656,0.094491,0.094938,6655959.27
2020-07-30,0.094938,0.097579,0.094317,0.096208,5860572.75
2020-07-31,0.096208,0.096963,0.094902,0.096822,5000132.55
2020-08-01,0.096822,0.108771,0.096773,0.107508,9364748.7
2020-08-02,0.107508,0.11611,0.089605,0.102601,16567633.97
2020-08-03,0.102601,0.109093,0.10132,0.105095,9972766.23
2020-08-04,0.105095,0.111576,0.105084,0.110102,8906806.19
2020-08-05,0.110102,0.111445,0.106567,0.107467,5861182.62
2020-08-06,0.107467,0.107999,0.1045,0.106255,6104393.5
2020-08-07,0.106255,0.107806,0.099417,0.102976,7000266.44
2020-08-08,0.102976,0.104278,0.101286,0.103275,4841692.54
2020-08-09,0.103275,0.107037,0.102374,0.105018,6330467.68
2020-08-10,0.105018,0.106824,0.102746,0.106299,6180059.28
2020-08-11,0.106299,0.108347,0.096109,0.100194,8869805.34
2020-08-12,0.100194,0.102279,0.09564,0.101383,7224960.47
2020-08-13,0.101383,0.102433,0.096515,0.101196,8064163.32
2020-08-14,0.101196,0.107033,0.100047,0.104933,12965926.77
2020-08-15,0.104933,0.109198,0.103184,0.106965,8820807.08
2020-08-16,0.106965,0.115744,0.103792,0.115074,9332224.52
2020-08-17,0.115074,0.119383,0.109989,0.113771,17070897.27
2020-08-18,0.113771,0.116699,0.106495,0.108095,9034627.31
2020-08-19,0.108095,0.108613,0.098782,0.102049,9666545.8
2020-08-20,0.102049,0.10726,0.100413,0.10726,6777159.3
2020-08-21,0.10726,0.109227,0.099092,0.099369,9875501.43
2020-08-22,0.099369,0.102571,0.097096,0.10235,9849716.61
2020-08-23,0.10235,0.103044,0.09836,0.102847,4524259.75
2020-08-24,0.102847,0.106401,0.100867,0.103009,7508192.58
2020-08-25,0.103009,0.10307,0.095178,0.097107,9043061.73
2020-08-26,0.097107,0.100327,0.096018,0.098007,11695302.45
2020-08-27,0.098007,0.098775,0.09054,0.093846,12159764.65
2020-08-28,0.093846,0.096657,0.092566,0.095695,7503891.36
2020-08-29,0.095695,0.09739,0.094394,0.096128,5501676.13
2020-08-30,0.096128,0.098356,0.0961,0.098239,5954270.3
2020-08-31,0.098239,0.098963,0.095124,0.09676,5692455.15
2020-09-01,0.09676,0.10092,0.095475,0.098828,8320439.64
2020-09-02,0.098828,0.099833,0.088365,0.092331,10245674.66
2020-09-03,0.092331,0.092901,0.075761,0.077857,15723069.28
2020-09-04,0.077857,0.082679,0.074937,0.08073,23158505.18
2020-09-05,0.08073,0.082833,0.072916,0.075304,14056297.85
2020-09-06,0.075304,0.078921,0.071935,0.077416,12804331.36
2020-09-07,0.077416,0.07912,0.0739,0.078654,13541611.82
2020-09-08,0.078654,0.079449,0.074996,0.077373,12664999.2
2020-09-09,0.077373,0.079638,0.075565,0.078237,7217232.99
2020-09-10,0.078237,0.083159,0.078235,0.081125,11093533.29
2020-09-11,0.081125,0.084148,0.079103,0.083624,8064815.59
2020-09-12,0.083624,0.084652,0.082373,0.083852,5706490.7
2020-09-13,0.083852,0.084579,0.079198,0.079929,7574285.27
2020-09-14,0.079929,0.081958,0.078783,0.080153,9047027.85
2020-09-15,0.080153,0.081473,0.077491,0.077776,8300114.53
2020-09-16,0.077776,0.081303,0.075121,0.079891,7051785.32
2020-09-17,0.079891,0.082163,0.078107,0.080408,5833140.55
2020-09-18,0.080408,0.080668,0.07723,0.078273,4523692.43
2020-09-19,0.078273,0.079406,0.077052,0.078534,4088792.97
2020-09-20,0.078534,0.078642,0.075336,0.076943,4384601.18
2020-09-21,0.076943,0.077355,0.069098,0.069844,6269634.15
2020-09-22,0.069844,0.072246,0.069445,0.071638,5676333.78
2020-09-23,0.071638,0.072256,0.067077,0.06732,14120643.1
2020-09-24,0.06732,0.070807,0.06678,0.070385,14832375.99
2020-09-25,0.070385,0.075596,0.069126,0.0746,15716072.39
2020-09-26,0.0746,0.076413,0.072599,0.073805,14327109.95
2020-09-27,0.073805,0.07446,0.071264,0.073399,12681073.19
2020-09-28,0.073399,0.075984,0.072625,0.073227,14543048.8
2020-09-29,0.073227,0.074956,0.072085,0.074102,14184919.38
2020-09-30,0.074102,0.075018,0.072091,0.074873,10822650.29
2020-10-01,0.074873,0.07629,0.0715,0.07317,9659677.66
2020-10-02,0.07317,0.073889,0.068933,0.070941,11093082.65
2020-10-03,0.070941,0.072084,0.070621,0.070962,6552023.11
2020-10-04,0.070962,0.073355,0.070322,0.072884,7216979.37
2020-10-05,0.072884,0.07403,0.072318,0.073244,7460298.75
2020-10-06,0.073244,0.0753,0.07161,0.072368,9742640.87
2020-10-07,0.072368,0.073222,0.070624,0.072334,9548040.86
2020-10-08,0.072334,0.073456,0.07018,0.073145,8687570.16
2020-10-09,0.073145,0.075779,0.072401,0.074982,7410320.75
2020-10-10,0.074982,0.078415,0.074979,0.077309,7657142.52
2020-10-11,0.077309,0.078779,0.076777,0.077157,6892418.76
2020-10-12,0.077157,0.079162,0.076015,0.077571,8475927.28
2020-10-13,0.077571,0.077594,0.075421,0.07636,12006050.07
2020-10-14,0.07636,0.07679,0.073599,0.073994,11311276.24
2020-10-15,0.073994,0.074378,0.071807,0.073985,10969490.74
2020-10-16,0.073985,0.079005,0.072153,0.078998,12233887.32
2020-10-17,0.078998,0.083561,0.077616,0.081516,14563199.89
2020-10-18,0.081516,0.08207,0.079159,0.079403,9462002.07
2020-10-19,0.079403,0.087294,0.079374,0.085084,14626785.13
2020-10-20,0.085084,0.086744,0.080401,0.080718,14319134.18
2020-10-21,0.080718,0.08633,0.080343,0.08364,13992744.77
2020-10-22,0.08364,0.087753,0.083624,0.085489,12716482.11
2020-10-23,0.085489,0.086351,0.08262,0.083617,11610449.85
2020-10-24,0.083617,0.086116,0.083342,0.085591,11243893.09
2020-10-25,0.085591,0.085671,0.08222,0.083005,11673135.76
2020-10-26,0.083005,0.084396,0.079802,0.081077,12349807.42
2020-10-27,0.081077,0.083127,0.080912,0.081817,15012068.69
2020-10-28,0.081817,0.082149,0.075001,0.078257,24238717.84
2020-10-29,0.078257,0.078877,0.075429,0.077467,18246708.46
2020-10-30,0.077467,0.078528,0.074356,0.076652,22602839.98
2020-10-31,0.076652,0.079687,0.076504,0.077659,15242681.13
2020-11-01,0.077659,0.078627,0.076388,0.078533,8511034.54
2020-11-02,0.078533,0.079432,0.075401,0.075543,12973801.83
2020-11-03,0.075543,0.076202,0.073165,0.075376,14754955.98
2020-11-04,0.075376,0.075632,0.072577,0.074516,14841850.63
2020-11-05,0.074516,0.082401,0.073398,0.08029,24573429.57
2020-11-06,0.08029,0.085341,0.080268,0.083861,36460698.96
2020-11-07,0.083861,0.086145,0.078172,0.079438,66799921.54
2020-11-08,0.079438,0.082765,0.078632,0.081419,20930399.33
2020-11-09,0.081419,0.08207,0.076086,0.079639,28728453.13
2020-11-10,0.079639,0.082411,0.079122,0.079656,18185843.91
2020-11-11,0.079656,0.082123,0.079468,0.08044,13944374.08
2020-11-12,0.08044,0.080954,0.078992,0.080575,13525803.87
2020-11-13,0.080575,0.082579,0.079894,0.082446,11231658.51
2020-11-14,0.082446,0.084321,0.080689,0.080945,15983897.9
2020-11-15,0.080945,0.082156,0.078785,0.079976,12536918.97
2020-11-16,0.079976,0.082572,0.079222,0.08247,12117508.2
2020-11-17,0.08247,0.088477,0.082376,0.086413,26840938.69
2020-11-18,0.086413,0.086912,0.081665,0.08363,33455050.58
2020-11-19,0.08363,0.086233,0.081459,0.083916,19562133.78
2020-11-20,0.083916,0.088558,0.083688,0.088506,19052741.38
2020-11-21,0.088506,0.109999,0.088444,0.109282,131882348.69
2020-11-22,0.109282,0.114726,0.09646,0.104253,215263239.26
2020-11-23,0.104253,0.132306,0.101668,0.132012,186679984.51
2020-11-24,0.132012,0.198268,0.130394,0.195409,543015902.82
2020-11-25,0.195409,0.231541,0.181404,0.193519,423221042.75
2020-11-26,0.193519,0.205564,0.146278,0.167377,369182110.26
2020-11-27,0.167377,0.205877,0.163012,0.205877,104852510.59
2020-11-28,0.205877,0.219046,0.195328,0.19917,66909983.19
2020-11-29,0.19917,0.201984,0.188101,0.193118,31014432.3
2020-11-30,0.193118,0.205884,0.189279,0.20191,33725055.5
2020-12-01,0.20191,0.204935,0.174092,0.183312,40596453.14
2020-12-02,0.183312,0.187368,0.17748,0.185083,14331676.53
2020-12-03,0.185083,0.189819,0.180039,0.184035,12593833.75
2020-12-04,0.184035,0.18887,0.159839,0.162326,28478839.42
2020-12-05,0.162326,0.175575,0.159758,0.171186,19380045.66
2020-12-06,0.171186,0.179464,0.167187,0.175545,21297541.98
2020-12-07,0.175545,0.175739,0.164909,0.167977,9853059.22
2020-12-08,0.167977,0.168097,0.14955,0.152378,27108431.73
2020-12-09,0.152378,0.174534,0.139608,0.171754,67571506.22
2020-12-10,0.171754,0.177291,0.160757,0.160757,20211050.76
2020-12-11,0.160757,0.163815,0.150473,0.150698,3626745.71
2020-12-12,0.150698,0.16447,0.150367,0.15835,1439216.41
2020-12-13,0.15835,0.179347,0.155268,0.175952,2065676.82
2020-12-14,0.175952,0.178,0.166694,0.169705,1084146.0
2020-12-15,0.169705,0.176044,0.16481,0.165918,1060269.28
2020-12-16,0.165918,0.194303,0.159451,0.193472,3050651.98
2020-12-17,0.193472,0.207984,0.180652,0.186063,4443581.04
2020-12-18,0.186063,0.189028,0.177116,0.185468,1927867.32
2020-12-19,0.185468,0.187656,0.179715,0.181296,1081092.01
2020-12-20,0.181296,0.182442,0.17409,0.17673,1650451.68
2020-12-21,0.17673,0.180032,0.159565,0.165424,6540851.45
2020-12-22,0.165424,0.169919,0.153329,0.161986,2770363.1
2020-12-23,0.161986,0.162044,0.110771,0.127149,11327767.4
2020-12-24,0.127149,0.166265,0.123569,0.159592,11783399.62
2020-12-25,0.159592,0.166535,0.148536,0.152447,7178798.4
2020-12-26,0.152447,0.155338,0.144182,0.146937,4197804.91
2020-12-27,0.146937,0.155797,0.134837,0.145126,6254526.68
2020-12-28,0.145126,0.154466,0.141538,0.144569,5928210.68
2020-12-29,0.144569,0.148954,0.12824,0.138201,9706185.83
2020-12-30,0.138201,0.139295,0.128768,0.131745,7075382.06
2020-12-31,0.131745,0.132197,0.12324,0.127756,5053290.36
2021-01-01,0.127756,0.1395,0.126612,0.132018,5407666.44
2021-01-02,0.132018,0.134474,0.12691,0.127521,4713941.0
2021-01-03,0.127521,0.139091,0.124127,0.136348,6812888.26
2021-01-04,0.136348,0.167397,0.128186,0.163943,13376708.99
2021-01-05,0.163943,0.209234,0.150339,0.192964,13008338.38
2021-01-06,0.192964,0.389954,0.192096,0.337508,25862364.41
2021-01-07,0.337508,0.41,0.289895,0.311139,20303516.13
2021-01-08,0.311139,0.329354,0.261879,0.297246,16268766.67
2021-01-09,0.297246,0.327757,0.281553,0.309697,7107787.15
2021-01-10,0.309697,0.324302,0.265203,0.285728,9008150.28
2021-01-11,0.285728,0.285728,0.211305,0.271417,19310208.18
2021-01-12,0.271417,0.311348,0.254065,0.279738,16043853.72
2021-01-13,0.279738,0.308962,0.273285,0.304083,7850066.63
2021-01-14,0.304083,0.32388,0.288465,0.30333,7277899.53
2021-01-15,0.30333,0.313061,0.258817,0.284502,9204683.16
2021-01-16,0.284502,0.311105,0.277543,0.291393,8629971.25
2021-01-17,0.291393,0.32,0.285983,0.303855,9431097.61
2021-01-18,0.303855,0.308818,0.293469,0.305128,4309909.94
2021-01-19,0.305128,0.319809,0.294375,0.298049,6181909.6
2021-01-20,0.298049,0.301716,0.274548,0.293947,6449273.18
2021-01-21,0.293947,0.294484,0.243515,0.251267,8694531.64
2021-01-22,0.251267,0.280619,0.227,0.269939,9463860.9
2021-01-23,0.269939,0.279002,0.263573,0.269545,4706383.56
2021-01-24,0.269545,0.283107,0.262601,0.2712,4267563.07
2021-01-25,0.2712,0.277305,0.260138,0.26137,3665663.21
2021-01-26,0.26137,0.265891,0.248697,0.261427,4256032.74
2021-01-27,0.261427,0.261834,0.230602,0.238599,5469737.25
2021-01-28,0.238599,0.302606,0.232432,0.29264,7853614.72
2021-01-29,0.29264,0.380072,0.287273,0.294185,21977613.99
2021-01-30,0.294185,0.363331,0.279871,0.327768,14329842.76
2021-01-31,0.327768,0.338862,0.293995,0.306354,10501158.27
2021-02-01,0.306354,0.366857,0.293131,0.322886,14554901.55
2021-02-02,0.322886,0.349219,0.318012,0.339286,9024721.34
2021-02-03,0.339286,0.349596,0.33003,0.345678,4225346.28
2021-02-04,0.345678,0.349486,0.313357,0.326225,3204033.3
2021-02-05,0.326225,0.362522,0.325451,0.352388,2736738.74
2021-02-06,0.352388,0.39671,0.336794,0.377793,3646371.52
2021-02-07,0.377793,0.421742,0.363,0.385641,8249569.57
2021-02-08,0.385641,0.4028,0.373513,0.397094,2771658.51
2021-02-09,0.397094,0.405781,0.38344,0.399773,1568231.23
2021-02-10,0.399773,0.445789,0.38239,0.415247,6147674.69
2021-02-11,0.415247,0.469703,0.401,0.456529,3241404.6
2021-02-12,0.456529,0.534926,0.43872,0.531038,3931196.68
2021-02-13,0.531038,0.605361,0.510264,0.563541,5604443.81
2021-02-14,0.563541,0.577218,0.496126,0.516005,2476432.48
2021-02-15,0.516005,0.539318,0.4296,0.492493,5442795.43
2021-02-16,0.492493,0.517001,0.468525,0.48601,1745544.62
2021-02-17,0.48601,0.509099,0.456713,0.497215,1376139.33
2021-02-18,0.497215,0.515736,0.483825,0.496541,1390389.33
2021-02-19,0.496541,0.521346,0.4722,0.512954,1350809.22
2021-02-20,0.512954,0.534032,0.458721,0.486703,2493816.62
2021-02-21,0.486703,0.506947,0.475239,0.496487,1640203.23
2021-02-22,0.496487,0.524853,0.380849,0.458232,2003039.48
2021-02-23,0.458232,0.462117,0.312692,0.386233,11283443.33
2021-02-24,0.386233,0.432808,0.368816,0.405426,2773468.36
2021-02-25,0.405426,0.424475,0.37724,0.379946,1630856.17
2021-02-26,0.379946,0.400498,0.355428,0.40032,2672826.19
2021-02-27,0.40032,0.470334,0.399238,0.438361,3814964.41
2021-02-28,0.438361,0.449394,0.381243,0.404529,2670976.92
2021-03-01,0.404529,0.434604,0.401546,0.429902,1909333.17
2021-03-02,0.429902,0.435476,0.397291,0.418503,1405422.08
2021-03-03,0.418503,0.437755,0.412451,0.421075,897649.16
2021-03-04,0.421075,0.42662,0.402432,0.412037,1736847.22
2021-03-05,0.412037,0.412164,0.386345,0.405354,942955.43
2021-03-06,0.405354,0.407988,0.392777,0.40171,534533.01
2021-03-07,0.40171,0.422005,0.40171,0.413,551354.11
2021-03-08,0.413,0.420504,0.4027,0.418034,1947883.28
2021-03-09,0.418034,0.434144,0.413115,0.431858,907472.88
2021-03-10,0.431858,0.432574,0.405647,0.409397,1749408.97
2021-03-11,0.409397,0.41378,0.396117,0.404859,647899.22
2021-03-12,0.404859,0.406799,0.379119,0.386032,797897.85
2021-03-13,0.386032,0.411252,0.376146,0.407334,1741223.26
2021-03-14,0.407334,0.408288,0.389408,0.389718,741073.57
2021-03-15,0.389718,0.398427,0.369453,0.383621,1033674.81
2021-03-16,0.383621,0.412385,0.374,0.39541,1058431.61
2021-03-17,0.39541,0.404809,0.386718,0.402472,802417.76
2021-03-18,0.402472,0.427804,0.393979,0.394536,1697741.24
2021-03-19,0.394536,0.40205,0.387525,0.395591,502317.26
2021-03-20,0.395591,0.438019,0.392817,0.41477,781420.96
2021-03-21,0.41477,0.423137,0.392928,0.4038,889886.94
2021-03-22,0.4038,0.424279,0.391311,0.39238,1382162.48
2021-03-23,0.39238,0.408082,0.387981,0.395665,806848.13
2021-03-24,0.395665,0.402844,0.350026,0.362563,1618132.66
2021-03-25,0.362563,0.369874,0.341737,0.361582,1553956.19
2021-03-26,0.361582,0.386518,0.360872,0.384063,478834.86
2021-03-27,0.384063,0.389632,0.371501,0.382113,466907.57
2021-03-28,0.382113,0.413639,0.378127,0.397046,1235161.61
2021-03-29,0.397046,0.413519,0.391633,0.404754,624301.97
2021-03-30,0.404754,0.412258,0.398748,0.40076,377564.73
2021-03-31,0.40076,0.40606,0.378358,0.405265,680823.91
2021-04-01,0.405265,0.429352,0.400926,0.424122,891787.0
2021-04-02,0.424122,0.4679,0.42393,0.4396,1521684.4
2021-04-03,0.4396,0.458265,0.407194,0.408535,1583214.24
2021-04-04,0.408535,0.434597,0.402037,0.428257,964325.01
2021-04-05,0.428257,0.549233,0.422805,0.531006,3773905.36
2021-04-06,0.531006,0.576791,0.481996,0.539142,5070350.03
2021-04-07,0.539142,0.546312,0.441942,0.473206,2482447.82
2021-04-08,0.473206,0.50427,0.461293,0.50154,1383061.41
2021-04-09,0.50154,0.50789,0.466984,0.484515,1061885.73
2021-04-10,0.484515,0.592462,0.47,0.562333,4280335.27
2021-04-11,0.562333,0.655593,0.555789,0.583392,4986979.03
2021-04-12,0.583392,0.606939,0.566895,0.590275,1869993.74
2021-04-13,0.590275,0.682279,0.57796,0.656344,2954817.55
2021-04-14,0.656344,0.690104,0.589533,0.635519,1922305.57
2021-04-15,0.635519,0.648882,0.613633,0.639746,1561654.29
2021-04-16,0.639746,0.653204,0.564731,0.609684,1145345.31
2021-04-17,0.609684,0.643705,0.589412,0.591935,1468314.72
2021-04-18,0.591935,0.599327,0.429634,0.544406,1889506.12
2021-04-19,0.544406,0.565225,0.490242,0.499198,1464201.74
2021-04-20,0.499198,0.530112,0.451524,0.528551,1064356.75
2021-04-21,0.528551,0.53692,0.484857,0.490397,1727796.26
2021-04-22,0.490397,0.51329,0.446076,0.449944,1735099.21
2021-04-23,0.449944,0.456836,0.363776,0.450015,7781701.38
2021-04-24,0.450015,0.461,0.412634,0.425391,1207127.98
2021-04-25,0.425391,0.444309,0.401385,0.415958,862288.32
2021-04-26,0.415958,0.4861,0.41452,0.484887,1095451.93
2021-04-27,0.484887,0.521954,0.476862,0.509512,838664.73
2021-04-28,0.509512,0.520975,0.475431,0.49717,840557.11
2021-04-29,0.49717,0.507794,0.477249,0.491133,491923.49
2021-04-30,0.491133,0.54,0.48551,0.529141,903036.45
2021-05-01,0.529141,0.539927,0.511608,0.539339,529436.08
2021-05-02,0.539339,0.559385,0.512978,0.555847,908546.19
2021-05-03,0.555847,0.572997,0.540246,0.550646,668326.87
2021-05-04,0.550646,0.550899,0.494219,0.502584,984146.12
2021-05-05,0.502584,0.603991,0.496876,0.603991,1267388.84
2021-05-06,0.603991,0.68848,0.595431,0.650153,2582090.96
2021-05-07,0.650153,0.687836,0.604935,0.629583,1654045.61
2021-05-08,0.629583,0.64,0.604352,0.616028,1805232.56
2021-05-09,0.616028,0.632871,0.576546,0.626942,2080310.98
2021-05-10,0.626942,0.779305,0.6068,0.658325,3828669.16
2021-05-11,0.658325,0.740199,0.62,0.732162,5131024.47
2021-05-12,0.732162,0.73798,0.584206,0.589654,2582409.51
2021-05-13,0.589654,0.660014,0.545191,0.645486,3410488.7
2021-05-14,0.645486,0.707709,0.635158,0.667015,1519360.31
2021-05-15,0.667015,0.7426,0.649855,0.67926,2288380.72
2021-05-16,0.67926,0.798392,0.663716,0.710413,2823449.15
2021-05-17,0.710413,0.712312,0.620017,0.642657,2281228.4
2021-05-18,0.642657,0.7,0.632969,0.646781,1029713.93
2021-05-19,0.646781,0.656175,0.296764,0.446541,10419539.45
2021-05-20,0.446541,0.533465,0.397063,0.493976,4734512.71
2021-05-21,0.493976,0.511909,0.371252,0.418502,3528015.49
2021-05-22,0.418502,0.42179,0.365601,0.38899,2561285.36
2021-05-23,0.38899,0.400834,0.273877,0.363148,4984448.5
2021-05-24,0.363148,0.449426,0.359173,0.439179,4198312.53
2021-05-25,0.439179,0.460037,0.406754,0.428944,1700051.68
2021-05-26,0.428944,0.469595,0.420886,0.443178,1052384.54
2021-05-27,0.443178,0.446752,0.410542,0.419045,830772.14
2021-05-28,0.419045,0.425706,0.364597,0.398588,1720774.9
2021-05-29,0.398588,0.409327,0.344035,0.366921,1589419.31
2021-05-30,0.366921,0.398238,0.346013,0.374986,1345366.23
2021-05-31,0.374986,0.40928,0.365548,0.402987,1116175.86
2021-06-01,0.402987,0.44976,0.384205,0.418144,2482303.41
2021-06-02,0.418144,0.434954,0.406017,0.41886,1086542.56
2021-06-03,0.41886,0.433903,0.412689,0.424834,588858.66
2021-06-04,0.424834,0.424839,0.369938,0.384331,1066020.78
2021-06-05,0.384331,0.405837,0.363598,0.375096,877589.75
2021-06-06,0.375096,0.388131,0.371927,0.380213,393178.38
2021-06-07,0.380213,0.391286,0.343695,0.346769,534163.28
2021-06-08,0.346769,0.356219,0.310555,0.349424,738347.79
2021-06-09,0.349424,0.36502,0.324806,0.36502,614119.26
2021-06-10,0.36502,0.36667,0.331578,0.33842,477429.18
2021-06-11,0.33842,0.342252,0.314246,0.317823,629989.81
2021-06-12,0.317823,0.343443,0.299914,0.327172,711637.74
2021-06-13,0.327172,0.348032,0.311197,0.344695,398039.92
2021-06-14,0.344695,0.34947,0.32732,0.343047,467338.37
2021-06-15,0.343047,0.351406,0.330519,0.33377,567712.16
2021-06-16,0.33377,0.341599,0.315149,0.317313,760209.16
2021-06-17,0.317313,0.329881,0.310514,0.317097,396318.39
2021-06-18,0.317097,0.318006,0.28504,0.296865,570465.31
2021-06-19,0.296865,0.305658,0.289036,0.289351,384418.47
2021-06-20,0.289351,0.298933,0.269943,0.29708,545650.84
2021-06-21,0.29708,0.301953,0.235433,0.236842,1212780.04
2021-06-22,0.236842,0.258604,0.199417,0.234281,1590171.23
2021-06-23,0.234281,0.269165,0.22497,0.255577,1049868.53
2021-06-24,0.255577,0.27273,0.243318,0.268508,702039.85
2021-06-25,0.268508,0.273914,0.240733,0.241557,917408.1
2021-06-26,0.241557,0.249025,0.228404,0.249025,635703.54
2021-06-27,0.249025,0.258623,0.23956,0.258623,613423.99
2021-06-28,0.258623,0.269093,0.256217,0.263437,390095.0
2021-06-29,0.263437,0.293241,0.262543,0.282427,646546.42
2021-06-30,0.282427,0.285784,0.266405,0.283136,583558.32
2021-07-01,0.283136,0.283955,0.259899,0.269254,467829.97
2021-07-02,0.269254,0.273029,0.252592,0.262907,595646.63
2021-07-03,0.262907,0.271,0.254117,0.26378,571312.96
2021-07-04,0.26378,0.272088,0.258374,0.267895,427136.83
2021-07-05,0.267895,0.267895,0.247386,0.253772,714949.67
2021-07-06,0.253772,0.267582,0.252987,0.259757,551580.17
2021-07-07,0.259757,0.265375,0.256156,0.256533,376950.09
2021-07-08,0.256533,0.257552,0.239161,0.242768,474013.37
2021-07-09,0.242768,0.24909,0.232688,0.245767,569857.48
2021-07-10,0.245767,0.252606,0.23859,0.244889,351151.98
2021-07-11,0.244889,0.247867,0.240275,0.2457,328763.59
2021-07-12,0.2457,0.251924,0.236294,0.238713,440956.09
2021-07-13,0.238713,0.241975,0.227287,0.232128,510040.1
2021-07-14,0.232128,0.244878,0.219344,0.239766,757653.18
2021-07-15,0.239766,0.243248,0.226706,0.24107,648199.43
2021-07-16,0.24107,0.257465,0.233291,0.235212,1213457.16
2021-07-17,0.235212,0.237974,0.228154,0.232364,629325.17
2021-07-18,0.232364,0.240132,0.226701,0.22994,581275.06
2021-07-19,0.22994,0.230948,0.21069,0.21073,762386.83
2021-07-20,0.21073,0.215466,0.198959,0.212111,1539042.35
2021-07-21,0.212111,0.229742,0.206995,0.227928,1381672.21
2021-07-22,0.227928,0.267176,0.223931,0.263271,1499072.7
2021-07-23,0.263271,0.276694,0.249043,0.2689,1485968.89
2021-07-24,0.2689,0.272165,0.260994,0.267214,1357991.0
2021-07-25,0.267214,0.267214,0.253749,0.261413,1151636.83
2021-07-26,0.261413,0.28405,0.257085,0.260685,2211549.96
2021-07-27,0.260685,0.26992,0.25135,0.262839,1475007.27
2021-07-28,0.262839,0.28126,0.258214,0.270025,1856992.81
2021-07-29,0.270025,0.274688,0.26215,0.272184,947027.08
2021-07-30,0.272184,0.285,0.26266,0.279067,1643952.16
2021-07-31,0.279067,0.289471,0.273645,0.284256,1160266.28
2021-08-01,0.284256,0.300511,0.272845,0.275452,2075973.67
2021-08-02,0.275452,0.2865,0.268909,0.274596,952521.56
2021-08-03,0.274596,0.278605,0.264903,0.27375,540211.26
2021-08-04,0.27375,0.283747,0.265254,0.280482,669252.8
2021-08-05,0.280482,0.282229,0.265562,0.279976,715009.52
2021-08-06,0.279976,0.286272,0.274461,0.284803,1184634.04
2021-08-07,0.284803,0.311419,0.282138,0.307518,1633752.65
2021-08-08,0.307518,0.313202,0.285566,0.287168,1348884.71
2021-08-09,0.287168,0.305422,0.28,0.299077,1046111.28
2021-08-10,0.299077,0.314635,0.295515,0.30992,810482.32
2021-08-11,0.30992,0.352034,0.309695,0.337771,1543308.47
2021-08-12,0.337771,0.353064,0.315153,0.328711,1593681.19
2021-08-13,0.328711,0.364741,0.324096,0.36024,1397235.42
2021-08-14,0.36024,0.399408,0.351127,0.395322,1421614.61
2021-08-15,0.395322,0.403316,0.370221,0.39114,1361760.75
2021-08-16,0.39114,0.41,0.369306,0.371985,958437.81
2021-08-17,0.371985,0.383718,0.339608,0.341412,1117800.28
2021-08-18,0.341412,0.359427,0.325333,0.342176,2845149.76
2021-08-19,0.342176,0.368435,0.331897,0.367422,6093105.77
2021-08-20,0.367422,0.387538,0.360322,0.38499,8128933.79
2021-08-21,0.38499,0.385005,0.367731,0.371575,5443009.97
2021-08-22,0.371575,0.389353,0.361301,0.372384,6287550.66
2021-08-23,0.372384,0.387401,0.37029,0.379118,21889157.67
2021-08-24,0.379118,0.380222,0.350059,0.350655,25630674.48
2021-08-25,0.350655,0.359632,0.341647,0.358853,22797469.75
2021-08-26,0.358853,0.363288,0.331043,0.334947,32051458.51
2021-08-27,0.334947,0.357118,0.329522,0.357079,25907265.93
2021-08-28,0.357079,0.359738,0.342869,0.347504,17925994.57
2021-08-29,0.347504,0.353369,0.341135,0.343356,17613279.76
2021-08-30,0.343356,0.345827,0.328562,0.329661,12431869.69
2021-08-31,0.329661,0.356228,0.327144,0.339495,10290161.17
2021-09-01,0.339495,0.35617,0.335959,0.353738,1981885.25
2021-09-02,0.353738,0.367606,0.351887,0.359051,2018622.23
2021-09-03,0.359051,0.377336,0.35154,0.368683,1946651.09
2021-09-04,0.368683,0.383822,0.365254,0.369802,1988593.75
2021-09-05,0.369802,0.397904,0.368256,0.39749,1844929.97
2021-09-06,0.39749,0.431288,0.389756,0.423514,4309624.08
2021-09-07,0.423514,0.424052,0.274983,0.334402,8268297.99
2021-09-08,0.334402,0.342651,0.304628,0.32915,5869216.45
2021-09-09,0.32915,0.341404,0.324351,0.331916,2524707.08
2021-09-10,0.331916,0.359237,0.3112,0.3168,3908666.5
2021-09-11,0.3168,0.332903,0.315517,0.325088,1660573.01
2021-09-12,0.325088,0.338233,0.317006,0.332854,1878471.72
2021-09-13,0.332854,0.336329,0.31,0.318823,4205198.5
2021-09-14,0.318823,0.33085,0.316156,0.33085,3511546.21
2021-09-15,0.33085,0.34161,0.327213,0.340853,1064617.99
2021-09-16,0.340853,0.341986,0.323586,0.330619,1288222.19
2021-09-17,0.330619,0.332724,0.315259,0.319024,1183755.36
2021-09-18,0.319024,0.327554,0.315225,0.322356,1159497.89
2021-09-19,0.322356,0.324708,0.310659,0.313367,821506.07
2021-09-20,0.313367,0.314483,0.270339,0.281871,3339836.29
2021-09-21,0.281871,0.28721,0.260613,0.265542,2963923.37
2021-09-22,0.265542,0.293185,0.260803,0.292595,1846729.67
2021-09-23,0.292595,0.302836,0.288595,0.302804,1399016.17
2021-09-24,0.302804,0.305272,0.269658,0.281141,2338031.61
2021-09-25,0.281141,0.285651,0.270638,0.276897,1642556.85
2021-09-26,0.276897,0.282476,0.261109,0.27627,1970622.37
2021-09-27,0.27627,0.283051,0.264814,0.264891,2380877.81
2021-09-28,0.264891,0.269844,0.254915,0.25645,1908931.33
2021-09-29,0.25645,0.279248,0.255033,0.269812,2261432.85
2021-09-30,0.269812,0.280691,0.268639,0.278657,1390547.32
2021-10-01,0.278657,0.300248,0.275407,0.300248,1999005.25
2021-10-02,0.300248,0.326282,0.292215,0.316799,1611403.76
2021-10-03,0.316799,0.322935,0.310201,0.314381,2104151.36
2021-10-04,0.314381,0.315167,0.296081,0.310339,2101614.48
2021-10-05,0.310339,0.320132,0.30785,0.319082,1626796.05
2021-10-06,0.319082,0.364513,0.305852,0.357421,3576797.56
2021-10-07,0.357421,0.369738,0.342105,0.342766,5005582.97
2021-10-08,0.342766,0.349454,0.332911,0.335775,2415890.29
2021-10-09,0.335775,0.367279,0.33317,0.352877,2697606.47
2021-10-10,0.352877,0.358001,0.329226,0.331647,1713965.68
2021-10-11,0.331647,0.357012,0.32575,0.344805,2247749.46
2021-10-12,0.344805,0.344805,0.320094,0.332533,2623544.11
2021-10-13,0.332533,0.376047,0.3305,0.368045,4312050.41
2021-10-14,0.368045,0.381986,0.364198,0.369122,2184616.04
2021-10-15,0.369122,0.372962,0.350753,0.361365,2682180.31
2021-10-16,0.361365,0.419999,0.361365,0.396395,5229116.79
2021-10-17,0.396395,0.402655,0.36506,0.382943,2563395.95
2021-10-18,0.382943,0.395214,0.376745,0.379631,3006167.24
2021-10-19,0.379631,0.38423,0.36611,0.373758,1183551.11
2021-10-20,0.373758,0.391963,0.367975,0.391848,1583755.52
2021-10-21,0.391848,0.397725,0.372093,0.372552,2060989.58
2021-10-22,0.372552,0.380661,0.365794,0.37228,1377654.41
2021-10-23,0.37228,0.378136,0.368298,0.37802,741568.13
2021-10-24,0.37802,0.386216,0.366382,0.372226,1213143.26
2021-10-25,0.372226,0.387959,0.371109,0.387902,1025811.98
2021-10-26,0.387902,0.387916,0.368482,0.372962,2459292.85
2021-10-27,0.372962,0.375436,0.284113,0.330603,9291504.57
2021-10-28,0.330603,0.34892,0.325535,0.34225,9300604.49
2021-10-29,0.34225,0.363566,0.340819,0.361407,2434107.68
2021-10-30,0.361407,0.365511,0.351202,0.358488,3424788.05
2021-10-31,0.358488,0.389753,0.356761,0.372615,7242331.41
2021-11-01,0.372615,0.37534,0.357733,0.366035,2065200.65
2021-11-02,0.366035,0.38221,0.363017,0.38221,2145360.11
2021-11-03,0.38221,0.398565,0.370829,0.384635,9395798.97
2021-11-04,0.384635,0.39,0.36525,0.369469,1955335.25
2021-11-05,0.369469,0.3736,0.358469,0.358872,1250305.95
2021-11-06,0.358872,0.364199,0.350033,0.358375,1016393.31
2021-11-07,0.358375,0.365226,0.356619,0.363135,872661.45
2021-11-08,0.363135,0.378453,0.362533,0.377804,1535106.5
2021-11-09,0.377804,0.421657,0.373395,0.412697,3999111.56
2021-11-10,0.412697,0.440683,0.36465,0.383702,7667392.94
2021-11-11,0.383702,0.402831,0.375518,0.391321,2969736.96
2021-11-12,0.391321,0.39421,0.364952,0.378773,2682557.69
2021-11-13,0.378773,0.382288,0.370372,0.378507,1274438.33
2021-11-14,0.378507,0.381815,0.367707,0.37696,1073910.97
2021-11-15,0.37696,0.393428,0.368,0.376872,1853046.71
2021-11-16,0.376872,0.377009,0.331294,0.343175,4063868.42
2021-11-17,0.343175,0.349394,0.332563,0.346402,3250301.76
2021-11-18,0.346402,0.355474,0.313025,0.327743,5466304.28
2021-11-19,0.327743,0.356199,0.325344,0.353593,2637687.29
2021-11-20,0.353593,0.358245,0.336967,0.348411,4460802.82
2021-11-21,0.348411,0.348924,0.325036,0.343545,1724952.4
2021-11-22,0.343545,0.356557,0.331679,0.335978,4187284.83
2021-11-23,0.335978,0.342579,0.328118,0.341348,2154248.66
2021-11-24,0.341348,0.341544,0.320738,0.327165,1869649.15
2021-11-25,0.327165,0.347313,0.325752,0.341174,2117907.63
2021-11-26,0.341174,0.350341,0.306087,0.328787,4330440.96
2021-11-27,0.328787,0.33453,0.320484,0.325583,2106511.66
2021-11-28,0.325583,0.326359,0.300438,0.323368,9031485.15
2021-11-29,0.323368,0.333722,0.322298,0.328188,4850328.28
2021-11-30,0.328188,0.350727,0.328164,0.335489,3579245.74
2021-12-01,0.335489,0.345289,0.325646,0.327573,4775807.06
2021-12-02,0.327573,0.34,0.317202,0.339599,4279598.12
2021-12-03,0.339599,0.364129,0.321975,0.325904,5421793.84
2021-12-04,0.325904,0.325931,0.22615,0.289161,13289698.23
2021-12-05,0.289161,0.293535,0.257651,0.279084,7673175.17
2021-12-06,0.279084,0.296269,0.247259,0.29503,8205140.93
2021-12-07,0.29503,0.299955,0.281419,0.285938,2782911.8
2021-12-08,0.285938,0.307152,0.282718,0.305999,4052579.75
2021-12-09,0.305999,0.30607,0.273249,0.273603,4091232.73
2021-12-10,0.273603,0.280498,0.259527,0.260144,3777687.58
2021-12-11,0.260144,0.279751,0.256129,0.273871,2461416.19
2021-12-12,0.273871,0.281418,0.266605,0.275793,1661383.39
2021-12-13,0.275793,0.276516,0.250989,0.252614,3015372.68
2021-12-14,0.252614,0.270566,0.247708,0.267511,7902325.09
2021-12-15,0.267511,0.275611,0.246061,0.272355,5817893.64
2021-12-16,0.272355,0.27415,0.254937,0.255301,1437489.57
2021-12-17,0.255301,0.262205,0.245844,0.254114,1454427.69
2021-12-18,0.254114,0.266134,0.250434,0.255137,1075265.31
2021-12-19,0.255137,0.2666,0.251494,0.25326,828223.16
2021-12-20,0.25326,0.273556,0.2507,0.257295,2135224.99
2021-12-21,0.257295,0.268732,0.252831,0.266985,1357424.61
2021-12-22,0.266985,0.276712,0.266685,0.266825,1331269.89
2021-12-23,0.266825,0.289504,0.264103,0.287347,2057704.18
2021-12-24,0.287347,0.288162,0.262458,0.277717,2164637.85
2021-12-25,0.277717,0.294435,0.276101,0.289103,1329121.85
2021-12-26,0.289103,0.29381,0.28491,0.291306,909632.15
2021-12-27,0.291306,0.305027,0.290547,0.298125,1095700.03
2021-12-28,0.298125,0.298225,0.273349,0.273838,1711435.03
2021-12-29,0.273838,0.279562,0.265098,0.266545,1591678.99
2021-12-30,0.266545,0.275299,0.255,0.268185,1257792.97
2021-12-31,0.268185,0.276544,0.259358,0.266559,1159228.43
2022-01-01,0.266559,0.276459,0.266326,0.276459,918746.74
2022-01-02,0.276459,0.291845,0.268804,0.291845,1071121.26
2022-01-03,0.291845,0.297248,0.285852,0.290002,1347858.2
2022-01-04,0.290002,0.290977,0.278436,0.27935,1031685.17
2022-01-05,0.27935,0.2947,0.254154,0.26616,2163560.76
2022-01-06,0.26616,0.272359,0.258312,0.26786,1911870.89
2022-01-07,0.26786,0.2682,0.251412,0.256762,2261933.62
2022-01-08,0.256762,0.264498,0.247167,0.254805,1596437.31
2022-01-09,0.254805,0.27,0.253336,0.260555,608994.55
2022-01-10,0.260555,0.263967,0.239575,0.253079,1643961.64
2022-01-11,0.253079,0.263276,0.248073,0.263273,1124302.04
2022-01-12,0.263273,0.290991,0.263085,0.282257,2565300.09
2022-01-13,0.282257,0.289763,0.269299,0.271045,1445074.01
2022-01-14,0.271045,0.278792,0.261769,0.264421,2516505.31
2022-01-15,0.264421,0.268579,0.256069,0.259282,1723377.21
2022-01-16,0.259282,0.26267,0.254287,0.258577,946552.48
2022-01-17,0.258577,0.25956,0.24938,0.255933,2325216.9
2022-01-18,0.255933,0.2597,0.249,0.254076,3550358.15
2022-01-19,0.254076,0.255867,0.243747,0.245648,1180249.05
2022-01-20,0.245648,0.252485,0.230163,0.231694,1456750.83
2022-01-21,0.231694,0.233608,0.198742,0.202879,3886208.41
2022-01-22,0.202879,0.20784,0.16797,0.192153,10610864.65
2022-01-23,0.192153,0.20078,0.142507,0.20066,4043408.52
2022-01-24,0.20066,0.200728,0.171951,0.197969,4909176.33
2022-01-25,0.197969,0.198802,0.18784,0.196651,6416586.11
2022-01-26,0.196651,0.207919,0.191256,0.196648,3272421.72
2022-01-27,0.196648,0.200953,0.186999,0.193807,2210958.45
2022-01-28,0.193807,0.199376,0.189059,0.198588,1878919.65
2022-01-29,0.198588,0.20453,0.197395,0.203128,1220907.31
2022-01-30,0.203128,0.206519,0.192733,0.195042,1121957.89
2022-01-31,0.195042,0.200636,0.189548,0.199541,1653369.41
2022-02-01,0.199541,0.205904,0.199022,0.201622,1221035.03
2022-02-02,0.201622,0.205714,0.190286,0.193287,1546707.34
2022-02-03,0.193287,0.195018,0.188897,0.194659,1678795.22
2022-02-04,0.194659,0.209725,0.193376,0.208839,1246934.85
2022-02-05,0.208839,0.216468,0.208161,0.213233,1140971.94
2022-02-06,0.213233,0.224757,0.212515,0.223669,1456776.37
2022-02-07,0.223669,0.241726,0.219043,0.239557,2497133.0
2022-02-08,0.239557,0.256704,0.232948,0.241728,3430343.8
2022-02-09,0.241728,0.243819,0.234043,0.238289,1830340.48
2022-02-10,0.238289,0.242698,0.228503,0.231621,1600191.36
2022-02-11,0.231621,0.231621,0.212957,0.21524,2121586.01
2022-02-12,0.21524,0.224184,0.211255,0.217964,1684821.79
2022-02-13,0.217964,0.221828,0.210483,0.210523,1103104.48
2022-02-14,0.210523,0.213775,0.205523,0.210929,1278766.67
2022-02-15,0.210929,0.222264,0.209354,0.220678,1590555.39
2022-02-16,0.220678,0.221523,0.213498,0.218554,1599811.9
2022-02-17,0.218554,0.226185,0.200932,0.2023,2570535.74
2022-02-18,0.2023,0.208689,0.195465,0.200784,2283363.24
2022-02-19,0.200784,0.210766,0.196535,0.204023,2692142.5
2022-02-20,0.204023,0.205571,0.19323,0.194273,2396812.28
2022-02-21,0.194273,0.200713,0.176944,0.178103,3230584.52
2022-02-22,0.178103,0.186958,0.172808,0.185687,2802247.63
2022-02-23,0.185687,0.193515,0.181447,0.181495,1959638.14
2022-02-24,0.181495,0.185702,0.154612,0.182656,6909029.5
2022-02-25,0.182656,0.195,0.177617,0.190993,2889161.53
2022-02-26,0.190993,0.202258,0.189591,0.19279,1881148.89
2022-02-27,0.19279,0.194136,0.178554,0.18096,1852425.06
2022-02-28,0.18096,0.197965,0.177234,0.197838,2207625.41
2022-03-01,0.197838,0.20252,0.19288,0.198589,2136312.55
2022-03-02,0.198589,0.199242,0.19128,0.193292,2002479.51
2022-03-03,0.193292,0.195097,0.184905,0.187767,1728929.48
2022-03-04,0.187767,0.18885,0.173601,0.175815,2499395.31
2022-03-05,0.175815,0.180397,0.171669,0.180143,1395557.64
2022-03-06,0.180143,0.181391,0.172252,0.172608,1555263.52
2022-03-07,0.172608,0.178604,0.16668,0.169995,2108189.09
2022-03-08,0.169995,0.174302,0.168138,0.173019,1698788.25
2022-03-09,0.173019,0.190206,0.172307,0.188848,2185012.96
2022-03-10,0.188848,0.191426,0.173101,0.178745,2419890.28
2022-03-11,0.178745,0.185213,0.172422,0.183517,2849865.51
2022-03-12,0.183517,0.189975,0.18221,0.18497,2657364.78
2022-03-13,0.18497,0.188711,0.175641,0.176341,5487931.8
2022-03-14,0.176341,0.1808,0.173482,0.180096,6015478.28
2022-03-15,0.180096,0.183458,0.175823,0.182428,5653258.26
2022-03-16,0.182428,0.189579,0.17926,0.189124,9347473.23
2022-03-17,0.189124,0.191285,0.185047,0.189589,3894925.08
2022-03-18,0.189589,0.193503,0.185293,0.192692,4439821.39
2022-03-19,0.192692,0.200628,0.189782,0.200506,4985163.0
2022-03-20,0.200506,0.20195,0.192012,0.197135,7408355.71
2022-03-21,0.197135,0.204052,0.192567,0.203906,8954153.43
2022-03-22,0.203906,0.213054,0.201501,0.207026,7248984.99
2022-03-23,0.207026,0.211726,0.204375,0.20939,5143983.42
2022-03-24,0.20939,0.21666,0.206161,0.215039,6675014.91
2022-03-25,0.215039,0.220682,0.210576,0.211187,11625334.83
2022-03-26,0.211187,0.215741,0.209021,0.215479,6750812.03
2022-03-27,0.215479,0.231065,0.214682,0.229748,12298247.98
2022-03-28,0.229748,0.240949,0.228294,0.229504,16090324.9
2022-03-29,0.229504,0.239469,0.229013,0.233245,11783147.98
2022-03-30,0.233245,0.237506,0.22639,0.234502,6986297.36
2022-03-31,0.234502,0.241146,0.226407,0.22827,6772059.35
2022-04-01,0.22827,0.232663,0.221258,0.232408,3764871.98
2022-04-02,0.232408,0.237207,0.230639,0.233029,2919757.02
2022-04-03,0.233029,0.238,0.230249,0.236936,1796262.49
2022-04-04,0.236936,0.236936,0.226581,0.23192,2305661.68
2022-04-05,0.23192,0.233852,0.224349,0.225009,1963328.78
2022-04-06,0.225009,0.225252,0.202326,0.203121,5572657.23
2022-04-07,0.203121,0.214454,0.200691,0.21277,2829092.75
2022-04-08,0.21277,0.213508,0.20013,0.202178,4459474.37
2022-04-09,0.202178,0.206204,0.200634,0.204897,1650194.13
2022-04-10,0.204897,0.207693,0.200194,0.200194,1593405.64
2022-04-11,0.200194,0.20096,0.185664,0.186447,4665217.02
2022-04-12,0.186447,0.193952,0.185871,0.192356,3104154.69
2022-04-13,0.192356,0.197164,0.190737,0.196441,2498379.84
2022-04-14,0.196441,0.199393,0.191527,0.193669,2291283.37
2022-04-15,0.193669,0.2122,0.192688,0.204089,5106632.64
2022-04-16,0.204089,0.207771,0.202112,0.20546,1485957.04
2022-04-17,0.20546,0.20677,0.196311,0.196716,1697383.55
2022-04-18,0.196716,0.2063,0.189749,0.205005,4626806.36
2022-04-19,0.205005,0.205995,0.200236,0.203802,2005189.67
2022-04-20,0.203802,0.207924,0.19928,0.200009,2094214.07
2022-04-21,0.200009,0.204209,0.193399,0.19636,2691744.05
2022-04-22,0.19636,0.198479,0.193784,0.195399,2825718.54
2022-04-23,0.195399,0.197355,0.190757,0.191486,1404475.68
2022-04-24,0.191486,0.193922,0.189075,0.189619,1851899.57
2022-04-25,0.189619,0.193306,0.17147,0.19234,3873364.48
2022-04-26,0.19234,0.192575,0.177804,0.180307,3215960.11
2022-04-27,0.180307,0.186668,0.179628,0.18422,3350337.96
2022-04-28,0.18422,0.188643,0.182763,0.185667,3422347.26
2022-04-29,0.185667,0.187765,0.176148,0.177654,3154896.3
2022-04-30,0.177654,0.181299,0.166904,0.168778,4040168.74
2022-05-01,0.168778,0.176667,0.168318,0.175455,3640981.08
2022-05-02,0.175455,0.177616,0.170553,0.173277,3255637.21
2022-05-03,0.173277,0.177157,0.169559,0.171995,1668649.05
2022-05-04,0.171995,0.184897,0.171577,0.184536,3143898.71
2022-05-05,0.184536,0.187596,0.167136,0.171106,4266576.52
2022-05-06,0.171106,0.172732,0.164444,0.171311,7794463.78
2022-05-07,0.171311,0.173155,0.164855,0.1673,7892340.88
2022-05-08,0.1673,0.167993,0.159882,0.161669,5520775.54
2022-05-09,0.161669,0.16501,0.13922,0.140433,21292435.39
2022-05-10,0.140433,0.156276,0.136347,0.148347,54780639.59
2022-05-11,0.148347,0.151072,0.11727,0.126188,86965981.83
2022-05-12,0.126188,0.130786,0.104311,0.120419,90486271.12
2022-05-13,0.120419,0.139691,0.119828,0.132104,23295950.73
2022-05-14,0.132104,0.140338,0.127358,0.138291,14977849.7
2022-05-15,0.138291,0.145184,0.134079,0.144977,10058894.17
2022-05-16,0.144977,0.144984,0.133759,0.136187,14559714.48
2022-05-17,0.136187,0.142179,0.133735,0.141767,9498093.32
2022-05-18,0.141767,0.143221,0.127349,0.127686,11661528.31
2022-05-19,0.127686,0.133621,0.122972,0.130632,11596946.98
2022-05-20,0.130632,0.134009,0.124392,0.126336,9601032.26
2022-05-21,0.126336,0.131213,0.123504,0.130671,8497769.46
2022-05-22,0.130671,0.136522,0.129989,0.135432,7377517.95
2022-05-23,0.135432,0.138384,0.12798,0.128755,7917286.22
2022-05-24,0.128755,0.133192,0.124247,0.132903,7289242.4
2022-05-25,0.132903,0.134445,0.12824,0.132185,8249203.54
2022-05-26,0.132185,0.133813,0.120682,0.124283,12546290.42
2022-05-27,0.124283,0.124815,0.118597,0.120344,14758225.73
2022-05-28,0.120344,0.123721,0.119486,0.122698,6208228.08
2022-05-29,0.122698,0.131236,0.121717,0.130913,6294912.86
2022-05-30,0.130913,0.143835,0.130913,0.143607,7753438.57
2022-05-31,0.143607,0.153954,0.141078,0.150653,15111026.8
2022-06-01,0.150653,0.150861,0.133191,0.136926,10246519.23
2022-06-02,0.136926,0.144049,0.134969,0.142856,11028490.83
2022-06-03,0.142856,0.150838,0.139548,0.146138,16893324.73
2022-06-04,0.146138,0.147563,0.140468,0.143516,11604808.63
2022-06-05,0.143516,0.147641,0.141095,0.143417,7947474.28
2022-06-06,0.143417,0.15063,0.142181,0.144915,8578172.98
2022-06-07,0.144915,0.145328,0.134421,0.140389,12230927.98
2022-06-08,0.140389,0.143853,0.135984,0.140069,9762947.63
2022-06-09,0.140069,0.142554,0.138246,0.139812,6995146.38
2022-06-10,0.139812,0.141151,0.131766,0.133054,13962270.92
2022-06-11,0.133054,0.135688,0.122497,0.125199,14943908.72
2022-06-12,0.125199,0.126882,0.117469,0.118543,20136693.98
2022-06-13,0.118543,0.119191,0.10352,0.106829,46831923.94
2022-06-14,0.106829,0.115246,0.100185,0.112761,53759662.75
2022-06-15,0.112761,0.122319,0.103926,0.121226,69740983.27
2022-06-16,0.121226,0.123108,0.106375,0.109324,49276074.46
2022-06-17,0.109324,0.116228,0.106961,0.111857,39415573.78
2022-06-18,0.111857,0.113428,0.100241,0.107673,46607499.71
2022-06-19,0.107673,0.116618,0.104155,0.114772,45353120.38
2022-06-20,0.114772,0.117975,0.109826,0.113055,33654068.96
2022-06-21,0.113055,0.119437,0.111521,0.11462,21698962.31
2022-06-22,0.11462,0.115716,0.109301,0.112976,27391294.63
2022-06-23,0.112976,0.119143,0.112424,0.117979,20203851.0
2022-06-24,0.117979,0.130083,0.117976,0.127563,20630423.14
2022-06-25,0.127563,0.130139,0.122558,0.126816,16536872.43
2022-06-26,0.126816,0.128104,0.119903,0.120222,14692810.65
2022-06-27,0.120222,0.124265,0.116458,0.118872,14186823.48
2022-06-28,0.118872,0.121294,0.113749,0.114385,18679511.55
2022-06-29,0.114385,0.115702,0.1071,0.110323,17278866.21
2022-06-30,0.110323,0.112532,0.103,0.112362,31599359.94
2022-07-01,0.112362,0.11525,0.107671,0.109581,30271076.56
2022-07-02,0.109581,0.110935,0.105271,0.108624,16034426.67
2022-07-03,0.108624,0.111137,0.105916,0.109177,15588147.56
2022-07-04,0.109177,0.111451,0.106439,0.11112,14078397.79
2022-07-05,0.11112,0.111512,0.104526,0.107944,15448763.29
2022-07-06,0.107944,0.110414,0.106625,0.10932,16593971.55
2022-07-07,0.10932,0.115405,0.108994,0.11386,9332652.84
2022-07-08,0.11386,0.118329,0.111785,0.113076,16022779.15
2022-07-09,0.113076,0.115029,0.111758,0.112618,7638407.37
2022-07-10,0.112618,0.112947,0.105528,0.107428,10850414.72
2022-07-11,0.107428,0.107989,0.101053,0.101281,17413189.46
2022-07-12,0.101281,0.103507,0.100218,0.100392,17440196.36
2022-07-13,0.100392,0.105742,0.09905,0.105375,21905995.14
2022-07-14,0.105375,0.10726,0.101867,0.107177,15216495.98
2022-07-15,0.107177,0.108626,0.105311,0.107339,18992145.96
2022-07-16,0.107339,0.110161,0.105247,0.109632,11079885.14
2022-07-17,0.109632,0.111188,0.10622,0.106633,11139200.9
2022-07-18,0.106633,0.11617,0.106372,0.114288,17240475.46
2022-07-19,0.114288,0.119922,0.110789,0.118567,20045733.12
2022-07-20,0.118567,0.120871,0.111,0.111919,19699681.52
2022-07-21,0.111919,0.114038,0.109262,0.113664,17508058.78
2022-07-22,0.113664,0.115867,0.1104,0.111848,14891038.14
2022-07-23,0.111848,0.113666,0.109055,0.111652,9116817.29
2022-07-24,0.111652,0.115604,0.111652,0.11318,5855863.06
2022-07-25,0.11318,0.113811,0.105407,0.105585,14306865.18
2022-07-26,0.105585,0.105803,0.10233,0.10554,10230123.42
2022-07-27,0.10554,0.112772,0.103305,0.112599,9845941.88
2022-07-28,0.112599,0.118043,0.109797,0.116777,19713534.89
2022-07-29,0.116777,0.119739,0.114295,0.117719,7771255.75
2022-07-30,0.117719,0.125218,0.116159,0.119461,7296961.02
2022-07-31,0.119461,0.122846,0.116759,0.117571,8952292.37
2022-08-01,0.117571,0.120327,0.11674,0.118272,7908998.71
2022-08-02,0.118272,0.120452,0.11354,0.115101,14972660.0
2022-08-03,0.115101,0.117282,0.112948,0.11415,6798604.72
2022-08-04,0.11415,0.116432,0.112466,0.113914,14049556.37
2022-08-05,0.113914,0.118556,0.113594,0.11853,11396912.19
2022-08-06,0.11853,0.123,0.118025,0.121739,6242735.96
2022-08-07,0.121739,0.124925,0.119874,0.123855,8570502.18
2022-08-08,0.123855,0.138607,0.123429,0.130129,22825732.67
2022-08-09,0.130129,0.130441,0.120662,0.122022,13326810.73
2022-08-10,0.122022,0.126045,0.119256,0.125931,11526919.22
2022-08-11,0.125931,0.127245,0.1244,0.125281,16854776.58
2022-08-12,0.125281,0.126579,0.123271,0.126283,7095187.05
2022-08-13,0.126283,0.128579,0.125812,0.12676,6531021.25
2022-08-14,0.12676,0.129799,0.124274,0.12554,9063512.88
2022-08-15,0.12554,0.12855,0.121729,0.123436,8406507.66
2022-08-16,0.123436,0.12438,0.120927,0.121888,10123143.0
2022-08-17,0.121888,0.127462,0.119368,0.121224,15866648.7
2022-08-18,0.121224,0.121837,0.115544,0.115782,12329733.1
2022-08-19,0.115782,0.11654,0.10665,0.108062,28374417.31
2022-08-20,0.108062,0.110422,0.107168,0.109041,14863758.56
2022-08-21,0.109041,0.112271,0.107808,0.110914,9984674.58
2022-08-22,0.110914,0.111127,0.106155,0.109506,20262615.1
2022-08-23,0.109506,0.11129,0.107236,0.110691,17398594.82
2022-08-24,0.110691,0.111152,0.108218,0.109434,11177106.35
2022-08-25,0.109434,0.111047,0.108821,0.11036,11772984.73
2022-08-26,0.11036,0.114279,0.102558,0.103722,21997538.63
2022-08-27,0.103722,0.105835,0.102286,0.105631,10099980.35
2022-08-28,0.105631,0.106916,0.102037,0.102674,11952956.27
2022-08-29,0.102674,0.106124,0.101009,0.105937,14397999.54
2022-08-30,0.105937,0.106767,0.100401,0.102249,12744098.74
2022-08-31,0.102249,0.105634,0.102144,0.104352,10331975.99
2022-09-01,0.104352,0.105428,0.101893,0.104927,12592436.26
2022-09-02,0.104927,0.106305,0.102779,0.104514,12935651.83
2022-09-03,0.104514,0.105769,0.103676,0.105239,5789256.39
2022-09-04,0.105239,0.108947,0.104815,0.10619,7455103.15
2022-09-05,0.10619,0.106913,0.103458,0.105051,5630965.48
2022-09-06,0.105051,0.107468,0.099216,0.099719,12520455.43
2022-09-07,0.099719,0.1033,0.098392,0.102949,10728531.85
2022-09-08,0.102949,0.104567,0.100675,0.104376,14228525.34
2022-09-09,0.104376,0.114437,0.104123,0.114204,13669198.24
2022-09-10,0.114204,0.115978,0.113071,0.114722,12181464.34
2022-09-11,0.114722,0.116491,0.112768,0.114386,8173576.88
2022-09-12,0.114386,0.116505,0.111872,0.113848,16060052.27
2022-09-13,0.113848,0.113938,0.104356,0.104597,25430394.41
2022-09-14,0.104597,0.105767,0.102652,0.105124,11909100.21
2022-09-15,0.105124,0.105924,0.101328,0.102043,18566993.6
2022-09-16,0.102043,0.1075,0.101355,0.107143,16664090.52
2022-09-17,0.107143,0.114026,0.105711,0.11336,11108221.36
2022-09-18,0.11336,0.115762,0.106422,0.106965,23188874.76
2022-09-19,0.106965,0.112077,0.103433,0.111682,25863227.51
2022-09-20,0.111682,0.119378,0.110166,0.117254,28951142.56
2022-09-21,0.117254,0.118619,0.109074,0.110442,34884080.76
2022-09-22,0.110442,0.124826,0.11037,0.123002,32749087.84
2022-09-23,0.123002,0.132952,0.116624,0.12316,63992947.06
2022-09-24,0.12316,0.127036,0.117506,0.117951,30492658.27
2022-09-25,0.117951,0.123345,0.115811,0.117388,20267691.95
2022-09-26,0.117388,0.118163,0.112419,0.113627,15722278.98
2022-09-27,0.113627,0.11701,0.109464,0.110178,7970263.14
2022-09-28,0.110178,0.110832,0.106717,0.108217,19231464.19
2022-09-29,0.108217,0.119813,0.106651,0.115434,13097319.62
2022-09-30,0.115434,0.117239,0.112962,0.114492,8236767.56
2022-10-01,0.114492,0.122325,0.11407,0.121417,9101692.02
2022-10-02,0.121417,0.122861,0.117687,0.118419,8073002.79
2022-10-03,0.118419,0.120431,0.113409,0.116777,20949984.65
2022-10-04,0.116777,0.12222,0.115407,0.119112,23588672.83
2022-10-05,0.119112,0.120594,0.116871,0.118879,17723330.04
2022-10-06,0.118879,0.121484,0.118379,0.119518,17905251.05
2022-10-07,0.119518,0.1238,0.116691,0.122215,19205674.43
2022-10-08,0.122215,0.127641,0.121882,0.126284,13678326.95
2022-10-09,0.126284,0.12959,0.124689,0.128808,5804245.51
2022-10-10,0.128808,0.1292,0.123298,0.123501,3512442.23
2022-10-11,0.123501,0.124607,0.11537,0.116002,8467352.65
2022-10-12,0.116002,0.1168,0.114782,0.116398,3024357.13
2022-10-13,0.116398,0.116504,0.106868,0.112018,43808977.18
2022-10-14,0.112018,0.116599,0.11118,0.112485,11810113.57
2022-10-15,0.112485,0.114243,0.111286,0.111906,9491884.55
2022-10-16,0.111906,0.114404,0.111877,0.113483,9379295.14
2022-10-17,0.113483,0.115111,0.112097,0.114215,8721796.03
2022-10-18,0.114215,0.114528,0.110193,0.112319,22654337.44
2022-10-19,0.112319,0.113405,0.110096,0.110809,18275305.17
2022-10-20,0.110809,0.113298,0.109093,0.110088,21453917.19
2022-10-21,0.110088,0.110997,0.107092,0.110966,17269338.35
2022-10-22,0.110966,0.111503,0.110003,0.111213,2748849.73
2022-10-23,0.111213,0.11221,0.108979,0.111919,6841386.81
2022-10-24,0.111919,0.112201,0.109166,0.110281,16127645.81
2022-10-25,0.110281,0.113406,0.109093,0.111794,20292209.97
2022-10-26,0.111794,0.113913,0.111485,0.113497,24079220.93
2022-10-27,0.113497,0.1155,0.110583,0.110905,33066529.55
2022-10-28,0.110905,0.113458,0.109296,0.112603,24120872.72
2022-10-29,0.112603,0.115302,0.111598,0.113505,13683830.59
2022-10-30,0.113505,0.115,0.1105,0.111175,3715119.74
2022-10-31,0.111175,0.112313,0.10949,0.111238,1763669.66
2022-11-01,0.111238,0.112141,0.10912,0.109929,3089073.4
2022-11-02,0.109929,0.110781,0.105932,0.107612,3555101.84
2022-11-03,0.107612,0.110323,0.107259,0.108681,2884697.87
2022-11-04,0.108681,0.11618,0.108162,0.115492,5063642.83
2022-11-05,0.115492,0.116512,0.11233,0.113504,2274331.83
2022-11-06,0.113504,0.114305,0.10874,0.109042,1673845.44
2022-11-07,0.109042,0.110942,0.107638,0.109672,2645859.74
2022-11-08,0.109672,0.110631,0.092381,0.0989,9004036.62
2022-11-09,0.0989,0.09982,0.079141,0.08308,14028116.24
2022-11-10,0.08308,0.101001,0.082117,0.09714,8756413.02
2022-11-11,0.09714,0.098601,0.092068,0.095431,5932622.26
2022-11-12,0.095431,0.095737,0.090215,0.090984,2900559.98
2022-11-13,0.090984,0.092633,0.086744,0.088076,3845826.26
2022-11-14,0.088076,0.091399,0.083198,0.091094,7469306.95
2022-11-15,0.091094,0.094698,0.090425,0.092438,4081063.19
2022-11-16,0.092438,0.093416,0.088681,0.089784,17392293.74
2022-11-17,0.089784,0.091213,0.088613,0.090419,12199017.42
2022-11-18,0.090419,0.091477,0.088302,0.089274,3574006.42
2022-11-19,0.089274,0.090999,0.088065,0.090478,3730168.45
2022-11-20,0.090478,0.091595,0.0861,0.086455,6870623.64
2022-11-21,0.086455,0.088012,0.08248,0.084314,24895189.87
2022-11-22,0.084314,0.087219,0.082669,0.087088,9646509.41
2022-11-23,0.087088,0.088713,0.086601,0.088662,5403897.96
2022-11-24,0.088662,0.09039,0.0874,0.090026,7411147.47
2022-11-25,0.090026,0.090924,0.087741,0.089145,7886574.64
2022-11-26,0.089145,0.090614,0.087288,0.088096,5046555.11
2022-11-27,0.088096,0.092087,0.088,0.090142,11288593.11
2022-11-28,0.090142,0.091015,0.085291,0.087195,12661601.72
2022-11-29,0.087195,0.089441,0.086571,0.08851,3375268.84
2022-11-30,0.08851,0.090465,0.087361,0.08983,5745615.79
2022-12-01,0.08983,0.090141,0.087098,0.087625,8243122.98
2022-12-02,0.087625,0.08824,0.086251,0.08824,6439638.47
2022-12-03,0.08824,0.089065,0.086025,0.086338,5661202.01
2022-12-04,0.086338,0.088024,0.086112,0.087755,2746965.27
2022-12-05,0.087755,0.088787,0.085725,0.086961,4115674.82
2022-12-06,0.086961,0.087199,0.085192,0.085996,3385990.4
2022-12-07,0.085996,0.086065,0.083327,0.084194,7871386.57
2022-12-08,0.084194,0.085636,0.083465,0.085566,4818528.89
2022-12-09,0.085566,0.085937,0.084464,0.08527,2170167.15
2022-12-10,0.08527,0.085817,0.084724,0.085179,1180777.83
2022-12-11,0.085179,0.08549,0.083432,0.083855,2150649.5
2022-12-12,0.083855,0.084736,0.0818,0.08425,4254361.35
2022-12-13,0.08425,0.085,0.081279,0.084025,6216554.85
2022-12-14,0.084025,0.084636,0.081949,0.082995,4167458.93
2022-12-15,0.082995,0.084829,0.081127,0.08189,8827426.33
2022-12-16,0.08189,0.082373,0.074067,0.074139,6171193.46
2022-12-17,0.074139,0.075991,0.072517,0.07576,3911040.64
2022-12-18,0.07576,0.077079,0.075435,0.076431,2392891.54
2022-12-19,0.076431,0.07734,0.072934,0.073278,6319020.15
2022-12-20,0.073278,0.076165,0.073041,0.075854,5496161.64
2022-12-21,0.075854,0.076165,0.073937,0.075126,1741699.57
2022-12-22,0.075126,0.075904,0.073797,0.075726,4571409.62
2022-12-23,0.075726,0.076261,0.075197,0.075352,4023918.11
2022-12-24,0.075352,0.075672,0.074098,0.07434,2518382.04
2022-12-25,0.07434,0.074503,0.072798,0.073808,3937354.48
2022-12-26,0.073808,0.075304,0.073679,0.075234,3487845.75
2022-12-27,0.075234,0.075401,0.073597,0.074199,6446651.77
2022-12-28,0.074199,0.074497,0.071228,0.071727,17448377.14
2022-12-29,0.071727,0.072609,0.070394,0.07204,16443617.32
2022-12-30,0.07204,0.072502,0.070799,0.0723,13365671.33
2022-12-31,0.0723,0.072413,0.0709,0.071064,2930923.06
2023-01-01,0.071064,0.072802,0.070698,0.072509,3011262.81
2023-01-02,0.072509,0.074403,0.070999,0.073701,14395642.98
2023-01-03,0.073701,0.074498,0.072798,0.073608,11641619.14
2023-01-04,0.073608,0.074603,0.072694,0.073884,18591868.55
2023-01-05,0.073884,0.074272,0.0724,0.072911,14754991.71
2023-01-06,0.072911,0.0755,0.071866,0.075004,19886049.9
2023-01-07,0.075004,0.076004,0.074497,0.075607,7743075.22
2023-01-08,0.075607,0.077499,0.074588,0.077196,14781158.58
2023-01-09,0.077196,0.080807,0.077194,0.079352,26684547.83
2023-01-10,0.079352,0.080208,0.078162,0.079596,19807019.42
2023-01-11,0.079596,0.081797,0.078192,0.081477,45163903.18
2023-01-12,0.081477,0.082509,0.078702,0.081709,36459937.59
2023-01-13,0.081709,0.0851,0.0805,0.084505,42659872.44
2023-01-14,0.084505,0.090614,0.08449,0.087307,38040034.25
2023-01-15,0.087307,0.088313,0.08489,0.087997,21504839.23
2023-01-16,0.087997,0.090528,0.086108,0.087794,37729892.45
2023-01-17,0.087794,0.088212,0.086088,0.086234,21046444.34
2023-01-18,0.086234,0.088974,0.082,0.082409,38629406.68
2023-01-19,0.082409,0.084599,0.081892,0.084377,17244845.85
2023-01-20,0.084377,0.089013,0.0832,0.088901,20623313.01
2023-01-21,0.088901,0.093116,0.087686,0.090318,25730559.77
2023-01-22,0.090318,0.093621,0.089587,0.090911,26880081.09
2023-01-23,0.090911,0.095778,0.090827,0.094499,32793821.76
2023-01-24,0.094499,0.096095,0.08972,0.090417,8064874.71
2023-01-25,0.090417,0.093871,0.08872,0.092437,6335603.01
2023-01-26,0.092437,0.093191,0.090486,0.091919,4465892.53
2023-01-27,0.091919,0.093288,0.089896,0.092482,3140451.43
2023-01-28,0.092482,0.094024,0.091612,0.092723,2471994.29
2023-01-29,0.092723,0.09445,0.092123,0.094449,3035997.04
2023-01-30,0.094449,0.094893,0.08833,0.089959,4212638.83
2023-01-31,0.089959,0.091453,0.089016,0.090661,4181924.35
2023-02-01,0.090661,0.092534,0.08737,0.092304,5561150.18
2023-02-02,0.092304,0.094637,0.091,0.091818,4912590.29
2023-02-03,0.091818,0.093199,0.091413,0.092867,3076070.21
2023-02-04,0.092867,0.094059,0.092068,0.092943,2509498.92
2023-02-05,0.092943,0.093834,0.089668,0.090869,4796810.7
2023-02-06,0.090869,0.091686,0.088669,0.088771,2871989.79
2023-02-07,0.088771,0.092134,0.088569,0.091971,6344619.57
2023-02-08,0.091971,0.092834,0.08954,0.090992,4631007.6
2023-02-09,0.090992,0.09146,0.084317,0.085548,6639251.29
2023-02-10,0.085548,0.087003,0.084946,0.085672,5452608.59
2023-02-11,0.085672,0.086734,0.085115,0.086147,2310322.78
2023-02-12,0.086147,0.087155,0.084297,0.085119,1849220.47
2023-02-13,0.085119,0.085652,0.081799,0.085058,5799531.44
2023-02-14,0.085058,0.085984,0.08297,0.085853,3459250.8
2023-02-15,0.085853,0.09026,0.083551,0.090155,3143691.63
2023-02-16,0.090155,0.09116,0.086301,0.086342,3797926.53
2023-02-17,0.086342,0.090995,0.085975,0.090742,3316198.53
2023-02-18,0.090742,0.093197,0.089461,0.09188,2803150.36
2023-02-19,0.09188,0.093585,0.089969,0.09052,3223414.39
2023-02-20,0.09052,0.094879,0.088744,0.094353,2459941.3
2023-02-21,0.094353,0.097944,0.093543,0.094731,3732532.69
2023-02-22,0.094731,0.09518,0.090318,0.092439,2606116.2
2023-02-23,0.092439,0.093101,0.090302,0.09087,2252318.36
2023-02-24,0.09087,0.091682,0.087594,0.089031,2911746.53
2023-02-25,0.089031,0.089573,0.08644,0.087926,2371818.63
2023-02-26,0.087926,0.089,0.08709,0.088931,1482350.95
2023-02-27,0.088931,0.089443,0.087169,0.088367,2408563.34
2023-02-28,0.088367,0.088428,0.085722,0.087109,3002383.15
2023-03-01,0.087109,0.088579,0.086564,0.088033,2578669.43
2023-03-02,0.088033,0.088305,0.086175,0.087367,2956245.9
2023-03-03,0.087367,0.087605,0.082594,0.085556,4732470.4
2023-03-04,0.085556,0.085898,0.08193,0.083775,2631085.63
2023-03-05,0.083775,0.08437,0.08232,0.082659,2650374.41
2023-03-06,0.0826,0.0836,0.0817,0.0835,2208616.48
2023-03-07,0.0835,0.0842,0.0817,0.0828,4938632.03
2023-03-08,0.0828,0.0845,0.0807,0.0816,8024457.19
2023-03-09,0.0816,0.0823,0.0759,0.0772,8679893.92
2023-03-10,0.0772,0.0784,0.0744,0.078,9299540.26
2023-03-11,0.078,0.0793,0.075,0.0788,9777714.27
2023-03-12,0.0788,0.0826,0.0782,0.0822,9187279.25
2023-03-13,0.0822,0.0852,0.0804,0.0844,14535042.25
2023-03-14,0.0844,0.0899,0.0832,0.0883,14987664.46
2023-03-15,0.0883,0.0887,0.0828,0.0837,8748731.88
2023-03-16,0.0837,0.0852,0.0832,0.0845,2918259.09
2023-03-17,0.0845,0.088,0.0838,0.0878,5755863.49
2023-03-18,0.0878,0.0887,0.0852,0.0854,5604187.0
2023-03-19,0.0854,0.0889,0.0854,0.0877,5874320.38
2023-03-20,0.0877,0.0894,0.0862,0.0864,3386277.09
2023-03-21,0.0864,0.0996,0.0854,0.0962,5691502.51
2023-03-22,0.0962,0.0971,0.0883,0.0908,4786020.23
2023-03-23,0.0908,0.0936,0.0898,0.0925,2680078.34
2023-03-24,0.0925,0.0925,0.0874,0.0888,2224055.28
2023-03-25,0.0888,0.093,0.0885,0.0906,2191434.17
2023-03-26,0.0906,0.0925,0.0905,0.0918,1961136.94
2023-03-27,0.0918,0.095,0.0895,0.0926,2426686.53
2023-03-28,0.0926,0.0981,0.0909,0.0976,3457717.16
2023-03-29,0.0976,0.1073,0.0976,0.1017,3613306.29
2023-03-30,0.1017,0.1068,0.0998,0.1063,2815606.46
2023-03-31,0.1063,0.1129,0.1052,0.1121,4015270.88
2023-04-01,0.1121,0.1142,0.1076,0.1081,2050447.17
2023-04-02,0.1081,0.1111,0.1057,0.1066,2405325.18
2023-04-03,0.1066,0.1105,0.1049,0.1065,2470671.96
2023-04-04,0.1065,0.107,0.1045,0.106,1803321.91
2023-04-05,0.106,0.1087,0.1054,0.1072,1516130.27
2023-04-06,0.1072,0.1074,0.1041,0.1057,1780446.54
2023-04-07,0.1057,0.1065,0.1042,0.1064,1148042.4
2023-04-08,0.1064,0.1065,0.1039,0.1043,1045174.25
2023-04-09,0.1043,0.1055,0.1027,0.1047,1096414.89
2023-04-10,0.1047,0.1059,0.1024,0.1056,1741658.49
2023-04-11,0.1056,0.1071,0.1048,0.1051,1471310.61
2023-04-12,0.1051,0.1053,0.1024,0.1035,1564271.71
2023-04-13,0.1035,0.1059,0.1032,0.1054,1411831.06
2023-04-14,0.1054,0.109,0.1052,0.1069,3610903.97
2023-04-15,0.1069,0.1075,0.1035,0.1064,2161420.44
2023-04-16,0.1064,0.1079,0.1054,0.1073,2751983.06
2023-04-17,0.1073,0.1075,0.1033,0.1039,2199138.06
2023-04-18,0.1039,0.1062,0.1034,0.1057,3181425.71
2023-04-19,0.1057,0.1061,0.0955,0.0977,3556355.3
2023-04-20,0.0977,0.0984,0.0943,0.0957,2233957.43
2023-04-21,0.0957,0.0967,0.0922,0.0929,1819009.25
2023-04-22,0.0929,0.0956,0.092,0.0956,1289053.49
2023-04-23,0.0956,0.0956,0.0928,0.0945,1617344.25
2023-04-24,0.0945,0.0962,0.0921,0.0935,1719725.25
2023-04-25,0.0935,0.095,0.092,0.095,1669476.0
2023-04-26,0.095,0.097,0.0907,0.0935,1798544.18
2023-04-27,0.0935,0.095,0.0926,0.0944,1602517.66
2023-04-28,0.0944,0.0959,0.0937,0.0947,1479029.3
2023-04-29,0.0947,0.0958,0.0942,0.0958,1343729.26
2023-04-30,0.0958,0.0958,0.0941,0.0944,1704102.87
2023-05-01,0.0944,0.0946,0.0918,0.0926,2119340.22
2023-05-02,0.0926,0.0937,0.0919,0.0935,1816441.19
2023-05-03,0.0935,0.0938,0.0917,0.0935,1821208.67
2023-05-04,0.0935,0.0942,0.0927,0.0934,2864602.4
2023-05-05,0.0934,0.0945,0.0923,0.0943,4299810.18
2023-05-06,0.0943,0.0947,0.0916,0.0923,2215982.57
2023-05-07,0.0923,0.0931,0.0916,0.0919,1699402.53
2023-05-08,0.0919,0.0923,0.0872,0.0895,2664787.51
2023-05-09,0.0895,0.0895,0.0878,0.0891,1812854.26
2023-05-10,0.0891,0.0899,0.087,0.089,1997627.04
2023-05-11,0.089,0.09,0.0875,0.0895,2370245.05
2023-05-12,0.0895,0.09,0.0873,0.089,2094216.37
2023-05-13,0.089,0.0893,0.0881,0.0882,1247210.71
2023-05-14,0.0882,0.0888,0.0876,0.0886,1276185.46
2023-05-15,0.0886,0.0893,0.088,0.088,1070275.53
2023-05-16,0.088,0.0887,0.0868,0.088,3036257.5
2023-05-17,0.088,0.0891,0.0873,0.0888,1910759.41
2023-05-18,0.0888,0.09,0.0875,0.0887,1354376.35
2023-05-19,0.0887,0.0896,0.0884,0.0891,1802071.86
2023-05-20,0.0891,0.0894,0.0881,0.0888,1551749.45
2023-05-21,0.0888,0.0892,0.0878,0.0881,1335840.39
2023-05-22,0.0881,0.0887,0.0873,0.0881,1919543.46
2023-05-23,0.0881,0.0891,0.0877,0.0882,1808099.03
2023-05-24,0.0882,0.0883,0.0855,0.0865,2545575.44
2023-05-25,0.0865,0.0872,0.0855,0.0871,2018388.53
2023-05-26,0.0871,0.0883,0.0867,0.0878,3804991.71
2023-05-27,0.0878,0.0884,0.0874,0.0882,2867665.98
2023-05-28,0.0882,0.089,0.0878,0.0887,3701748.49
2023-05-29,0.0887,0.0895,0.0883,0.0891,2849527.55
2023-05-30,0.0891,0.0912,0.0887,0.0908,1980573.98
2023-05-31,0.0908,0.0931,0.0894,0.0926,2568627.52
2023-06-01,0.0926,0.0928,0.0907,0.0911,2496965.05
2023-06-02,0.0911,0.0924,0.0907,0.0919,1848210.01
2023-06-03,0.0919,0.0934,0.0915,0.092,2059021.08
2023-06-04,0.092,0.0929,0.0912,0.0914,1942095.98
2023-06-05,0.0914,0.0918,0.0852,0.0878,2966962.66
2023-06-06,0.0878,0.0898,0.0866,0.0897,2449142.04
2023-06-07,0.0897,0.09,0.0867,0.0873,1981528.33
2023-06-08,0.0873,0.088,0.0867,0.087,1215405.96
2023-06-09,0.087,0.0891,0.0865,0.0889,1799551.93
2023-06-10,0.0889,0.0891,0.078,0.0821,2759035.99
2023-06-11,0.0821,0.0846,0.081,0.0836,1301026.85
2023-06-12,0.0836,0.0837,0.0819,0.0831,1286504.63
2023-06-13,0.0831,0.0862,0.0823,0.0825,1545778.31
2023-06-14,0.0825,0.083,0.0776,0.0793,1781783.69
2023-06-15,0.0793,0.0796,0.0752,0.0764,1857404.43
2023-06-16,0.0764,0.079,0.076,0.0775,4455463.53
2023-06-17,0.0775,0.0806,0.0769,0.0796,1830695.67
2023-06-18,0.0796,0.081,0.0791,0.0795,2092056.05
2023-06-19,0.0795,0.0805,0.079,0.08,1317472.97
2023-06-20,0.08,0.0832,0.0782,0.0827,1491035.59
2023-06-21,0.0827,0.0873,0.0821,0.0867,1860643.33
2023-06-22,0.0867,0.0893,0.0858,0.0866,1982951.71
2023-06-23,0.0866,0.0901,0.0866,0.0895,1667600.7
2023-06-24,0.0895,0.0913,0.0887,0.0905,1376316.51
2023-06-25,0.0905,0.0925,0.0903,0.0916,1553507.13
2023-06-26,0.0916,0.0927,0.0905,0.0921,1667690.63
2023-06-27,0.0921,0.1033,0.0921,0.1024,3671427.54
2023-06-28,0.1024,0.1058,0.0988,0.1004,2768649.47
2023-06-29,0.1004,0.1046,0.1003,0.1021,2206814.28
2023-06-30,0.1021,0.1174,0.1013,0.1107,4621913.32
2023-07-01,0.1107,0.1116,0.1059,0.1074,1705983.68
2023-07-02,0.1074,0.108,0.1046,0.1073,1731330.08
2023-07-03,0.1073,0.1094,0.1049,0.1059,2150556.37
2023-07-04,0.1059,0.1065,0.103,0.1033,3047363.71
2023-07-05,0.1033,0.1046,0.0994,0.1005,1795066.04
2023-07-06,0.1005,0.1023,0.0957,0.0959,3028313.59
2023-07-07,0.0959,0.0975,0.095,0.0974,3612562.39
2023-07-08,0.0974,0.1002,0.0966,0.0997,1900543.52
2023-07-09,0.0997,0.1001,0.0984,0.0991,2437914.9
2023-07-10,0.0991,0.1007,0.097,0.0998,1890798.79
2023-07-11,0.0998,0.101,0.0983,0.0985,1905348.66
2023-07-12,0.0985,0.0986,0.0953,0.0962,2254660.2
2023-07-13,0.0962,0.1946,0.0953,0.1553,14005791.87
2023-07-14,0.1553,0.1576,0.1263,0.1349,7222773.59
2023-07-15,0.1349,0.1354,0.1271,0.1279,3952551.91
2023-07-16,0.1279,0.1383,0.125,0.1315,4778988.0
2023-07-17,0.1315,0.1344,0.124,0.129,3591254.26
2023-07-18,0.129,0.1335,0.1252,0.1326,2999410.45
2023-07-19,0.1326,0.1677,0.1316,0.1567,12298505.34
2023-07-20,0.1567,0.1801,0.1548,0.1632,15109789.84
2023-07-21,0.1632,0.1708,0.1536,0.1571,5127718.1
2023-07-22,0.1571,0.1685,0.1548,0.1555,9292353.18
2023-07-23,0.1555,0.1611,0.1524,0.1559,6111032.98
2023-07-24,0.1559,0.156,0.1444,0.1457,4076590.64
2023-07-25,0.1457,0.1499,0.1413,0.1449,3536246.68
2023-07-26,0.1449,0.1628,0.1402,0.1557,6304967.51
2023-07-27,0.1557,0.1634,0.1532,0.1593,7887248.13
2023-07-28,0.1593,0.1719,0.1579,0.1597,6508941.86
2023-07-29,0.1597,0.1613,0.1575,0.1583,4490523.35
2023-07-30,0.1583,0.1617,0.1529,0.1566,4520780.95
2023-07-31,0.1566,0.1578,0.1487,0.15,4165148.35
2023-08-01,0.15,0.1537,0.145,0.1537,9845519.92
2023-08-02,0.1537,0.1546,0.1435,0.144,4119116.24
2023-08-03,0.144,0.1457,0.1383,0.1391,3009575.01
2023-08-04,0.1391,0.1419,0.1361,0.1365,3023255.59
2023-08-05,0.1365,0.1393,0.1335,0.1391,1882407.95
2023-08-06,0.1391,0.145,0.1385,0.1394,3544455.63
2023-08-07,0.1394,0.1436,0.137,0.143,2887204.88
2023-08-08,0.143,0.1439,0.1385,0.1429,4794564.02
2023-08-09,0.1429,0.146,0.1398,0.1416,4620287.83
2023-08-10,0.1416,0.1419,0.1383,0.139,2327961.71
2023-08-11,0.139,0.1415,0.1384,0.1397,1834550.35
2023-08-12,0.1397,0.1404,0.1369,0.1379,2269196.74
2023-08-13,0.1379,0.1408,0.1375,0.1378,2842885.79
2023-08-14,0.1378,0.1384,0.1346,0.1362,3705752.3
2023-08-15,0.1362,0.1366,0.123,0.1306,2029601.58
2023-08-16,0.1306,0.1327,0.1235,0.1267,2552259.68
2023-08-17,0.1267,0.1276,0.1057,0.1132,4225106.09
2023-08-18,0.1132,0.1179,0.1111,0.1167,5827059.11
2023-08-19,0.1167,0.1252,0.1166,0.1238,2806963.07
2023-08-20,0.1238,0.1326,0.1225,0.1296,5359222.92
2023-08-21,0.1296,0.1302,0.1221,0.1247,3410434.77
2023-08-22,0.1247,0.1249,0.117,0.1206,2818746.6
2023-08-23,0.1206,0.1291,0.1198,0.1275,3708521.48
2023-08-24,0.1275,0.1288,0.1218,0.1238,4034781.52
2023-08-25,0.1238,0.125,0.1207,0.1239,2058553.74
2023-08-26,0.1239,0.1246,0.1205,0.1209,1249766.54
2023-08-27,0.1209,0.1224,0.1196,0.1209,3061873.64
2023-08-28,0.1209,0.1213,0.1189,0.12,2435483.96
2023-08-29,0.12,0.1285,0.1168,0.1244,4807091.25
2023-08-30,0.1244,0.1245,0.1202,0.1204,2718471.57
2023-08-31,0.1204,0.1209,0.1133,0.1148,4968893.61
2023-09-01,0.1148,0.1174,0.1129,0.1141,3521391.02
2023-09-02,0.1141,0.1145,0.1114,0.1136,1787819.8
2023-09-03,0.1136,0.1207,0.113,0.1188,2805952.6
2023-09-04,0.1188,0.1265,0.1185,0.1245,5237442.81
2023-09-05,0.1245,0.1295,0.1214,0.1223,3132607.16
2023-09-06,0.1223,0.1243,0.1175,0.1238,2389514.09
2023-09-07,0.1238,0.1258,0.1218,0.1255,3875113.65
2023-09-08,0.1255,0.1275,0.1222,0.127,3485096.13
2023-09-09,0.127,0.133,0.126,0.1316,4252471.32
2023-09-10,0.1316,0.1345,0.1269,0.1339,5002458.27
2023-09-11,0.1339,0.1345,0.1242,0.1284,7479680.4
2023-09-12,0.1284,0.132,0.1203,0.1212,6664018.27
2023-09-13,0.1212,0.1225,0.1194,0.1208,4997091.74
2023-09-14,0.1208,0.1219,0.1181,0.1203,4667969.0
2023-09-15,0.1203,0.122,0.1177,0.1204,4217864.3
2023-09-16,0.1204,0.1213,0.1179,0.1194,2486098.09
2023-09-17,0.1194,0.1194,0.1153,0.1161,2522638.07
2023-09-18,0.1161,0.1194,0.1152,0.1181,3664320.72
2023-09-19,0.1181,0.1202,0.1173,0.1185,3910260.45
2023-09-20,0.1185,0.1193,0.1162,0.1168,2829202.94
2023-09-21,0.1168,0.1169,0.1115,0.1138,3256268.46
2023-09-22,0.1138,0.1156,0.1133,0.1147,2746798.85
2023-09-23,0.1147,0.1153,0.1129,0.1142,2363963.64
2023-09-24,0.1142,0.1142,0.1119,0.1123,2266831.86
2023-09-25,0.1123,0.1134,0.1108,0.113,4794289.66
2023-09-26,0.113,0.1131,0.1109,0.1119,3419504.67
2023-09-27,0.1119,0.1144,0.1114,0.1124,4371081.73
2023-09-28,0.1124,0.1145,0.1122,0.1141,3693384.52
2023-09-29,0.1141,0.1189,0.1126,0.1127,5097409.84
2023-09-30,0.1127,0.1128,0.1109,0.1123,3859454.01
2023-10-01,0.1123,0.1147,0.1119,0.1143,3017492.12
2023-10-02,0.1143,0.115,0.1104,0.1115,5158025.98
2023-10-03,0.1115,0.1165,0.1099,0.1147,3810532.94
2023-10-04,0.1147,0.1153,0.1109,0.1124,3240816.22
2023-10-05,0.1124,0.1125,0.1103,0.1106,3234788.66
2023-10-06,0.1106,0.1124,0.1098,0.1117,4292531.42
2023-10-07,0.1117,0.1121,0.1104,0.1111,3084050.25
2023-10-08,0.1111,0.1114,0.1102,0.1107,1198043.78
2023-10-09,0.1107,0.1111,0.104,0.1059,4022689.68
2023-10-10,0.1059,0.1061,0.1034,0.1042,2574619.85
2023-10-11,0.1042,0.105,0.1017,0.1033,4266281.21
2023-10-12,0.1033,0.1034,0.1011,0.1025,3386041.31
2023-10-13,0.1025,0.1036,0.1021,0.103,2549748.78
2023-10-14,0.103,0.1046,0.1029,0.1042,1348136.79
2023-10-15,0.1042,0.1064,0.104,0.1064,2147127.01
2023-10-16,0.1064,0.1111,0.1061,0.1073,2509744.07
2023-10-17,0.1073,0.1076,0.1029,0.1029,1858719.74
2023-10-18,0.1029,0.1047,0.1025,0.1032,1879981.05
2023-10-19,0.1032,0.1078,0.102,0.1073,2426934.44
2023-10-20,0.1073,0.11,0.1063,0.1075,3787356.94
2023-10-21,0.1075,0.1125,0.1072,0.1108,3495227.57
2023-10-22,0.1108,0.112,0.1077,0.1107,3020519.03
2023-10-23,0.1107,0.1164,0.1097,0.1161,8089549.57
2023-10-24,0.1161,0.1205,0.1125,0.1144,10501570.55
2023-10-25,0.1144,0.1157,0.1122,0.1143,3892269.58
2023-10-26,0.1143,0.1169,0.1107,0.1131,4210476.62
2023-10-27,0.1131,0.1135,0.1102,0.1118,3055861.55
2023-10-28,0.1118,0.1143,0.1118,0.1141,2473439.71
2023-10-29,0.1141,0.1169,0.1125,0.1156,1907402.86
2023-10-30,0.1156,0.1201,0.1146,0.119,4306944.0
2023-10-31,0.119,0.125,0.1156,0.1211,7406722.03
2023-11-01,0.1211,0.123,0.1175,0.1226,4103242.87
2023-11-02,0.1226,0.1235,0.1171,0.1197,5541877.76
2023-11-03,0.1197,0.1243,0.1162,0.1225,4276258.96
2023-11-04,0.1225,0.1243,0.1211,0.1235,2743872.23
2023-11-05,0.1235,0.1284,0.1228,0.1255,5361787.19
2023-11-06,0.1255,0.1348,0.1251,0.1311,5299232.43
2023-11-07,0.1311,0.1311,0.1222,0.1266,4215729.58
2023-11-08,0.1266,0.1289,0.1255,0.1276,3738131.88
2023-11-09,0.1276,0.1304,0.11,0.1231,10110416.9
2023-11-10,0.1231,0.1243,0.12,0.1237,4691449.03
2023-11-11,0.1237,0.1273,0.1206,0.125,6119374.94
2023-11-12,0.125,0.1267,0.1217,0.1243,4763909.78
2023-11-13,0.1243,0.1373,0.1196,0.1222,5547175.64
2023-11-14,0.1222,0.1226,0.1144,0.118,5814897.14
2023-11-15,0.118,0.1218,0.1169,0.1214,4940424.04
2023-11-16,0.1214,0.1232,0.1168,0.1183,11224344.86
2023-11-17,0.1183,0.1204,0.1143,0.1183,5226346.68
2023-11-18,0.1183,0.1194,0.1144,0.1192,4491629.23
2023-11-19,0.1192,0.1213,0.1176,0.1211,6414944.7
2023-11-20,0.1211,0.1218,0.118,0.1197,5532787.1
2023-11-21,0.1197,0.1204,0.1125,0.1135,6911163.06
2023-11-22,0.1135,0.1184,0.1133,0.1181,3829953.28
2023-11-23,0.1181,0.1188,0.1154,0.1172,3676956.57
2023-11-24,0.1172,0.1191,0.1167,0.1179,6373448.55
2023-11-25,0.1179,0.1215,0.1174,0.121,3526378.35
2023-11-26,0.121,0.1233,0.1189,0.1198,6304525.96
2023-11-27,0.1198,0.1207,0.1146,0.1165,5660755.44
2023-11-28,0.1165,0.1188,0.115,0.1185,5741199.82
2023-11-29,0.1185,0.1201,0.1174,0.1179,4988503.6
2023-11-30,0.1179,0.1197,0.1177,0.1183,5014645.66
2023-12-01,0.1183,0.12,0.1178,0.1198,3472163.37
2023-12-02,0.1198,0.1218,0.1193,0.1216,5266408.93
2023-12-03,0.1216,0.1232,0.1208,0.122,5736395.36
2023-12-04,0.122,0.1254,0.1189,0.1221,9325545.44
2023-12-05,0.1221,0.123,0.1195,0.1224,7120251.5
2023-12-06,0.1224,0.1259,0.1209,0.1254,9137534.38
2023-12-07,0.1254,0.1274,0.1227,0.1262,8190045.05
2023-12-08,0.1262,0.1333,0.1258,0.1323,9023185.41
2023-12-09,0.1323,0.1382,0.1314,0.1336,8144522.5
2023-12-10,0.1336,0.1369,0.1316,0.1331,5694878.43
2023-12-11,0.1331,0.1347,0.1187,0.1235,10167044.0
2023-12-12,0.1235,0.1255,0.1208,0.1232,7962517.65
2023-12-13,0.1232,0.1257,0.1184,0.1248,8327086.79
2023-12-14,0.1248,0.1282,0.1229,0.1275,7419439.35
2023-12-15,0.1275,0.1281,0.1225,0.1229,8695821.52
2023-12-16,0.1229,0.1262,0.1214,0.1248,8122191.09
2023-12-17,0.1248,0.1251,0.1219,0.1221,8368421.34
2023-12-18,0.1221,0.1225,0.1162,0.1212,13076588.5
2023-12-19,0.1212,0.1225,0.1187,0.1194,6553613.07
2023-12-20,0.1194,0.1229,0.1187,0.122,7035485.68
2023-12-21,0.122,0.1247,0.1211,0.1247,7184423.66
2023-12-22,0.1247,0.1269,0.1231,0.1266,6248375.63
2023-12-23,0.1266,0.1271,0.1237,0.1266,4624845.76
2023-12-24,0.1266,0.1279,0.1244,0.1259,4658462.78
2023-12-25,0.1259,0.1317,0.125,0.1311,12218899.67
2023-12-26,0.1311,0.1312,0.121,0.126,6236982.44
2023-12-27,0.126,0.1336,0.1238,0.1308,6156873.87
2023-12-28,0.1308,0.1363,0.1294,0.1321,12402256.62
2023-12-29,0.1321,0.1325,0.127,0.1296,7208351.07
2023-12-30,0.1296,0.1384,0.1291,0.1325,6829332.18
2023-12-31,0.1325,0.1334,0.1275,0.129,5163931.14
2024-01-01,0.129,0.1324,0.1272,0.1319,2918004.99
2024-01-02,0.1319,0.1333,0.1285,0.1292,7354240.41
2024-01-03,0.1292,0.1329,0.1112,0.1205,8697288.18
2024-01-04,0.1205,0.1221,0.1192,0.1216,3753552.01
2024-01-05,0.1216,0.1219,0.1141,0.1192,6765737.26
2024-01-06,0.1192,0.1206,0.1158,0.12,4715520.79
2024-01-07,0.12,0.1205,0.1146,0.1152,5637446.92
2024-01-08,0.1152,0.1201,0.1124,0.1196,5959660.59
2024-01-09,0.1196,0.1204,0.1138,0.1166,3221942.9
2024-01-10,0.1166,0.1223,0.1129,0.1209,5324534.54
2024-01-11,0.1209,0.1261,0.1203,0.1235,4328398.23
2024-01-12,0.1235,0.1254,0.1165,0.1191,5417693.65
2024-01-13,0.1191,0.1206,0.1174,0.1201,2460984.44
2024-01-14,0.1201,0.1208,0.1179,0.1181,2938302.75
2024-01-15,0.1181,0.1209,0.1178,0.1181,2990276.28
2024-01-16,0.1181,0.1193,0.1166,0.1186,5556821.62
2024-01-17,0.1186,0.1194,0.117,0.1189,5283002.68
2024-01-18,0.1189,0.1189,0.1128,0.1143,2951597.79
2024-01-19,0.1143,0.1149,0.1089,0.1139,4188031.48
2024-01-20,0.1139,0.1156,0.113,0.1155,3128471.29
2024-01-21,0.1155,0.1167,0.1152,0.1156,2383798.81
2024-01-22,0.1156,0.1161,0.1118,0.1127,3656054.08
2024-01-23,0.1127,0.1143,0.1071,0.1117,4647404.06
2024-01-24,0.1117,0.1128,0.1105,0.1126,13126560.27
2024-01-25,0.1126,0.1127,0.1104,0.1118,3609914.67
2024-01-26,0.1118,0.1167,0.1116,0.1158,8784520.47
2024-01-27,0.1158,0.1171,0.1152,0.1162,2251430.95
2024-01-28,0.1162,0.1166,0.113,0.1137,2963272.39
2024-01-29,0.1137,0.1165,0.1131,0.1165,1953130.31
2024-01-30,0.1165,0.1169,0.1124,0.1128,5033858.63
2024-01-31,0.1128,0.1137,0.1084,0.1094,3178581.58
2024-02-01,0.1094,0.1111,0.1037,0.1064,6840820.51
2024-02-02,0.1064,0.1112,0.1052,0.1101,3028730.39
2024-02-03,0.1101,0.1127,0.107,0.1108,2347243.46
2024-02-04,0.1108,0.1114,0.1083,0.1092,3031524.98
2024-02-05,0.1092,0.11,0.1077,0.1086,2955630.77
2024-02-06,0.1086,0.1092,0.1073,0.1083,3406024.6
2024-02-07,0.1083,0.1093,0.1069,0.109,4556330.38
2024-02-08,0.109,0.1103,0.1086,0.1097,3387827.43
2024-02-09,0.1097,0.1123,0.1097,0.1121,3826402.21
2024-02-10,0.1121,0.1129,0.1105,0.1115,2983597.92
2024-02-11,0.1115,0.113,0.1105,0.1111,4309292.79
2024-02-12,0.1111,0.1132,0.1095,0.1129,3809046.5
2024-02-13,0.1129,0.1145,0.1096,0.1109,3916952.03
2024-02-14,0.1109,0.1147,0.1101,0.1143,5555869.51
2024-02-15,0.1143,0.1175,0.1138,0.1165,6107769.6
2024-02-16,0.1165,0.1182,0.1139,0.1154,3977536.5
2024-02-17,0.1154,0.116,0.1117,0.1142,3822873.69
2024-02-18,0.1142,0.1166,0.1134,0.1161,3452519.49
2024-02-19,0.1161,0.119,0.1158,0.1185,4225392.32
2024-02-20,0.1185,0.1211,0.1139,0.1175,6183128.82
2024-02-21,0.1175,0.1179,0.1109,0.1143,3536612.38
2024-02-22,0.1143,0.1176,0.1132,0.1154,3665349.0
2024-02-23,0.1154,0.1165,0.113,0.1146,3664095.73
2024-02-24,0.1146,0.1175,0.1136,0.1164,5426802.91
2024-02-25,0.1164,0.117,0.1154,0.1167,3857743.31
2024-02-26,0.1167,0.1181,0.114,0.1178,6042857.64
2024-02-27,0.1178,0.1236,0.117,0.123,7600715.49
2024-02-28,0.123,0.1252,0.1144,0.1208,9271587.6
2024-02-29,0.1208,0.1283,0.119,0.1218,9429338.26
2024-03-01,0.1218,0.1274,0.1218,0.1269,5123641.11
2024-03-02,0.1269,0.1384,0.1267,0.1381,9027400.67
2024-03-03,0.1381,0.14,0.1277,0.1359,6977191.08
2024-03-04,0.1359,0.159,0.1336,0.1456,14850463.8
2024-03-05,0.1456,0.1531,0.1183,0.1322,15462236.73
2024-03-06,0.1322,0.1387,0.1279,0.1385,11832579.96
2024-03-07,0.1385,0.1433,0.1375,0.1419,6500776.26
2024-03-08,0.1419,0.1454,0.137,0.1415,7641628.31
2024-03-09,0.1415,0.1436,0.1398,0.1422,4716102.66
2024-03-10,0.1422,0.1449,0.1368,0.1394,5461094.07
2024-03-11,0.1394,0.1627,0.1347,0.1573,11174340.89
2024-03-12,0.1573,0.1594,0.1425,0.1492,7719996.84
2024-03-13,0.1492,0.1536,0.1464,0.1508,7540331.22
2024-03-14,0.1508,0.1525,0.1379,0.1447,9665329.45
2024-03-15,0.1447,0.1457,0.126,0.1368,9555306.51
2024-03-16,0.1368,0.1432,0.1267,0.1291,6780301.71
2024-03-17,0.1291,0.1333,0.1241,0.1323,4194001.17
2024-03-18,0.1323,0.1378,0.125,0.1351,5798839.09
2024-03-19,0.1351,0.1351,0.1186,0.1208,7320879.11
2024-03-20,0.1208,0.1313,0.1173,0.1307,6028537.82
2024-03-21,0.1307,0.1354,0.1278,0.1334,7182641.73
2024-03-22,0.1334,0.1341,0.1255,0.1283,5333324.14
2024-03-23,0.1283,0.1365,0.1277,0.1327,5023277.78
2024-03-24,0.1327,0.1354,0.1317,0.1351,4760151.73
2024-03-25,0.1351,0.1394,0.1341,0.1367,6223818.46
2024-03-26,0.1367,0.14,0.1356,0.1382,6137170.38
2024-03-27,0.1382,0.1398,0.1322,0.1338,4737959.09
2024-03-28,0.1338,0.1389,0.1326,0.138,6356253.58
2024-03-29,0.138,0.1465,0.1372,0.1427,8194033.83
2024-03-30,0.1427,0.1434,0.138,0.1392,5671137.91
2024-03-31,0.1392,0.1413,0.1384,0.1412,4848542.83
2024-04-01,0.1412,0.1426,0.1323,0.1355,5922237.55
2024-04-02,0.1355,0.136,0.1271,0.1285,6714947.76
2024-04-03,0.1285,0.1308,0.1242,0.1262,5052541.51
2024-04-04,0.1262,0.1319,0.1242,0.1288,4135554.74
2024-04-05,0.1288,0.1297,0.1241,0.1275,5330278.25
2024-04-06,0.1275,0.1296,0.1269,0.1291,3807362.34
2024-04-07,0.1291,0.1303,0.1279,0.1292,3660545.84
2024-04-08,0.1292,0.1344,0.1276,0.1335,5232994.61
2024-04-09,0.1335,0.1368,0.1306,0.1322,4708597.45
2024-04-10,0.1322,0.1323,0.1255,0.1297,3509870.78
2024-04-11,0.1297,0.1315,0.1282,0.1302,3574672.86
2024-04-12,0.1302,0.1312,0.1017,0.1151,5219083.29
2024-04-13,0.1151,0.1155,0.0908,0.1052,5629903.42
2024-04-14,0.1052,0.1115,0.1016,0.1105,4502840.06
2024-04-15,0.1105,0.114,0.1039,0.1075,5225002.23
2024-04-16,0.1075,0.1101,0.1041,0.1095,3770117.1
2024-04-17,0.1095,0.1101,0.1048,0.1075,3823543.1
2024-04-18,0.1075,0.1111,0.1051,0.1104,3377365.11
2024-04-19,0.1104,0.1136,0.1035,0.1118,3399788.73
2024-04-20,0.1118,0.1169,0.1108,0.116,2570571.48
2024-04-21,0.116,0.1166,0.1125,0.1138,3321161.64
2024-04-22,0.1138,0.1191,0.1135,0.1182,4047450.31
2024-04-23,0.1182,0.1188,0.1154,0.1173,3706025.89
2024-04-24,0.1173,0.1204,0.1134,0.1145,3985086.02
2024-04-25,0.1145,0.1156,0.1115,0.1138,3716677.92
2024-04-26,0.1138,0.1152,0.1119,0.1141,3027074.67
2024-04-27,0.1141,0.1149,0.1109,0.1145,4151114.5
2024-04-28,0.1145,0.1161,0.1119,0.1123,1885046.73
2024-04-29,0.1123,0.1137,0.1097,0.112,2902202.69
2024-04-30,0.112,0.1129,0.1046,0.1077,4137455.41
2024-05-01,0.1077,0.1113,0.1031,0.1112,3910594.16
2024-05-02,0.1112,0.1115,0.107,0.1102,3217857.12
2024-05-03,0.1102,0.1126,0.1088,0.1117,3393280.69
2024-05-04,0.1117,0.1126,0.1107,0.1109,2410409.41
2024-05-05,0.1109,0.1114,0.1093,0.1109,2656456.63
2024-05-06,0.1109,0.1137,0.1092,0.1097,3541238.18
2024-05-07,0.1097,0.1109,0.1079,0.108,2930648.15
2024-05-08,0.108,0.1098,0.1069,0.1073,2587181.31
2024-05-09,0.1073,0.1088,0.1059,0.1085,2763026.43
2024-05-10,0.1085,0.1098,0.1053,0.1062,3581879.43
2024-05-11,0.1062,0.1071,0.1054,0.1058,3503841.93
2024-05-12,0.1058,0.1063,0.104,0.1047,2056533.74
2024-05-13,0.1047,0.1059,0.101,0.1039,3262958.61
2024-05-14,0.1039,0.1045,0.1017,0.1018,2358392.42
2024-05-15,0.1018,0.1072,0.1016,0.1068,3277843.05
2024-05-16,0.1068,0.108,0.1049,0.1067,3071998.29
2024-05-17,0.1067,0.1098,0.106,0.1088,2686500.89
2024-05-18,0.1088,0.1095,0.1073,0.1081,2589630.32
2024-05-19,0.1081,0.1086,0.1053,0.1056,2720530.35
2024-05-20,0.1056,0.1125,0.1045,0.1125,3083422.29
2024-05-21,0.1125,0.1141,0.1114,0.1122,2955561.83
2024-05-22,0.1122,0.1126,0.1092,0.1106,3730775.13
2024-05-23,0.1106,0.1116,0.1049,0.1093,3156100.05
2024-05-24,0.1093,0.1107,0.1073,0.1102,2229740.59
2024-05-25,0.1102,0.1117,0.11,0.111,1899307.83
2024-05-26,0.111,0.1115,0.108,0.1086,1985154.45
2024-05-27,0.1086,0.1117,0.108,0.1105,3383110.66
2024-05-28,0.1105,0.1108,0.1068,0.1079,3539368.24
2024-05-29,0.1079,0.1095,0.1065,0.1066,2422260.1
2024-05-30,0.1066,0.1079,0.1047,0.1068,2840088.71
2024-05-31,0.1068,0.1072,0.1047,0.1063,2683485.59
2024-06-01,0.1063,0.107,0.1061,0.1063,1785582.53
2024-06-02,0.1063,0.1068,0.1044,0.1052,2600543.41
2024-06-03,0.1052,0.1071,0.1045,0.1053,3246699.55
2024-06-04,0.1053,0.1069,0.104,0.1064,3122878.51
2024-06-05,0.1064,0.1076,0.1058,0.1069,3332225.45
2024-06-06,0.1069,0.107,0.1047,0.1052,3168160.21
2024-06-07,0.1052,0.1069,0.0902,0.1002,4280349.15
2024-06-08,0.1002,0.1002,0.0966,0.0982,3018211.54
2024-06-09,0.0982,0.0999,0.098,0.0999,3133939.98
2024-06-10,0.0999,0.1013,0.0992,0.1001,2497003.79
2024-06-11,0.1001,0.1003,0.0956,0.0967,3172079.67
2024-06-12,0.0967,0.101,0.0954,0.1001,3658620.11
2024-06-13,0.1001,0.1003,0.0971,0.0975,4131209.79
2024-06-14,0.0975,0.099,0.0943,0.0969,5089472.15
2024-06-15,0.0969,0.0989,0.0963,0.0983,2130879.5
2024-06-16,0.0983,0.0993,0.0976,0.0991,2272443.69
2024-06-17,0.0991,0.0995,0.0954,0.0968,2976950.03
2024-06-18,0.0968,0.097,0.0874,0.0911,4826359.54
2024-06-19,0.0911,0.0941,0.09,0.0934,4227174.34
2024-06-20,0.0934,0.0955,0.0929,0.094,3401791.85
2024-06-21,0.094,0.0945,0.0911,0.092,3587856.39
2024-06-22,0.092,0.0921,0.0906,0.0908,2795788.77
2024-06-23,0.0908,0.092,0.089,0.0896,1730041.94
2024-06-24,0.0896,0.0898,0.085,0.0893,3894661.06
2024-06-25,0.0893,0.093,0.0891,0.0919,2771900.34
2024-06-26,0.0919,0.0926,0.0897,0.0902,2327918.6
2024-06-27,0.0902,0.0917,0.0886,0.0915,2833916.92
2024-06-28,0.0915,0.0932,0.0907,0.0911,2837637.11
2024-06-29,0.0911,0.092,0.09,0.0902,1813628.69
2024-06-30,0.0902,0.0919,0.0894,0.0913,2264718.21
2024-07-01,0.0913,0.0928,0.0905,0.0916,2767069.16
2024-07-02,0.0916,0.0943,0.0915,0.0936,2565388.16
2024-07-03,0.0936,0.0938,0.0893,0.0903,4719438.17
2024-07-04,0.0903,0.0908,0.0862,0.0869,2726910.05
2024-07-05,0.0869,0.087,0.0769,0.0854,8486134.63
2024-07-06,0.0854,0.0909,0.085,0.0905,4120585.64
2024-07-07,0.0905,0.0906,0.0834,0.0839,3141737.28
2024-07-08,0.0839,0.0873,0.0806,0.0854,4801227.53
2024-07-09,0.0854,0.0883,0.0851,0.088,3568256.87
2024-07-10,0.088,0.0893,0.0867,0.0876,2408508.54
2024-07-11,0.0876,0.0905,0.0869,0.0887,1687684.82
2024-07-12,0.0887,0.0925,0.0881,0.0913,2101882.11
2024-07-13,0.0913,0.1061,0.0913,0.1023,3581577.8
2024-07-14,0.1023,0.1068,0.0995,0.1046,1988247.46
2024-07-15,0.1046,0.1058,0.1025,0.1046,2637439.19
2024-07-16,0.1046,0.1091,0.1012,0.1069,5277264.17
2024-07-17,0.1069,0.1123,0.106,0.1099,2311627.71
2024-07-18,0.1099,0.1112,0.1012,0.1031,2142073.53
2024-07-19,0.1031,0.1056,0.101,0.1053,1468719.76
2024-07-20,0.1053,0.1068,0.1039,0.1053,2448831.18
2024-07-21,0.1053,0.1061,0.1018,0.1053,1307383.28
2024-07-22,0.1053,0.1063,0.1022,0.1036,3449106.99
2024-07-23,0.1036,0.1048,0.0994,0.1011,1754243.87
2024-07-24,0.1011,0.1058,0.1001,0.1029,1892129.38
2024-07-25,0.1029,0.1043,0.0999,0.1022,2375135.48
2024-07-26,0.1022,0.1045,0.1014,0.1031,1951463.13
2024-07-27,0.1031,0.1036,0.1002,0.1014,1963901.66
2024-07-28,0.1014,0.1023,0.0996,0.1003,1836496.56
2024-07-29,0.1003,0.102,0.0989,0.0991,1744759.45
2024-07-30,0.0991,0.1037,0.0984,0.1024,2475471.88
2024-07-31,0.1024,0.1065,0.1004,0.1006,3035926.14
2024-08-01,0.1006,0.1011,0.0955,0.0993,2802209.71
2024-08-02,0.0993,0.0996,0.0932,0.0956,2355671.48
2024-08-03,0.0956,0.096,0.0917,0.0934,2038226.78
2024-08-04,0.0934,0.0935,0.0865,0.0882,2057493.62
2024-08-05,0.0882,0.0892,0.0757,0.0879,5067231.64
2024-08-06,0.0879,0.0931,0.0878,0.0926,2622120.35
2024-08-07,0.0926,0.1044,0.0918,0.1013,40901768.67
2024-08-08,0.1013,0.1036,0.0984,0.1031,8104591.85
2024-08-09,0.1031,0.1033,0.0985,0.0999,2790333.43
2024-08-10,0.0999,0.102,0.0995,0.1012,1211262.17
2024-08-11,0.1012,0.1031,0.0971,0.0978,1237635.71
2024-08-12,0.0978,0.1005,0.0972,0.0989,1629245.68
2024-08-13,0.0989,0.0998,0.0976,0.0993,2751434.4
2024-08-14,0.0993,0.0995,0.0963,0.0966,2638887.03
2024-08-15,0.0966,0.0983,0.0945,0.0956,1987830.34
2024-08-16,0.0956,0.0961,0.0931,0.0948,1963991.83
2024-08-17,0.0948,0.0964,0.0944,0.0956,1249201.46
2024-08-18,0.0956,0.0965,0.0934,0.0935,2280509.03
2024-08-19,0.0935,0.0964,0.093,0.0963,2754258.01
2024-08-20,0.0963,0.0992,0.096,0.0975,1713324.4
2024-08-21,0.0975,0.0991,0.0962,0.0985,2551763.74
2024-08-22,0.0985,0.0997,0.0972,0.0989,4218740.29
2024-08-23,0.0989,0.1024,0.0987,0.1019,2787244.9
2024-08-24,0.1019,0.1037,0.1008,0.1026,1925391.66
2024-08-25,0.1026,0.1029,0.0996,0.1009,2004125.96
2024-08-26,0.1009,0.1012,0.0965,0.0971,2376116.04
2024-08-27,0.0971,0.0977,0.0924,0.0937,1833550.39
2024-08-28,0.0937,0.0948,0.0906,0.0928,2014612.26
2024-08-29,0.0928,0.0944,0.0919,0.0931,2193038.72
2024-08-30,0.0931,0.0941,0.0911,0.0933,5313644.83
2024-08-31,0.0933,0.0938,0.0918,0.0926,1823309.41
2024-09-01,0.0926,0.0926,0.0893,0.0899,2325264.97
2024-09-02,0.0899,0.0926,0.0899,0.0924,6688398.87
2024-09-03,0.0924,0.0945,0.0914,0.0914,1658346.88
2024-09-04,0.0914,0.0926,0.0885,0.0916,4561794.24
2024-09-05,0.0916,0.0921,0.0896,0.0904,1430299.32
2024-09-06,0.0904,0.0906,0.0854,0.0882,2726504.32
2024-09-07,0.0882,0.0898,0.0874,0.0886,1969719.55
2024-09-08,0.0886,0.0903,0.0883,0.0899,1249837.21
2024-09-09,0.0899,0.0939,0.0899,0.093,1722949.53
2024-09-10,0.093,0.0946,0.0924,0.0938,1690619.39
2024-09-11,0.0938,0.0941,0.0914,0.0927,1750911.6
2024-09-12,0.0927,0.0957,0.0923,0.095,1971316.95
2024-09-13,0.095,0.097,0.094,0.0963,1326274.47
2024-09-14,0.0963,0.0974,0.0957,0.0971,1291179.5
2024-09-15,0.0971,0.0974,0.0946,0.0951,1646947.58
2024-09-16,0.0951,0.0957,0.0937,0.095,2356775.72
2024-09-17,0.095,0.0964,0.094,0.0945,1704817.56
2024-09-18,0.0945,0.0961,0.0929,0.0961,1637115.05
2024-09-19,0.0961,0.097,0.0946,0.0959,2457743.88
2024-09-20,0.0959,0.0972,0.0952,0.0961,2938661.5
2024-09-21,0.0961,0.0992,0.0957,0.0979,1805148.98
2024-09-22,0.0979,0.0981,0.0947,0.0961,2638498.74
2024-09-23,0.0961,0.0968,0.095,0.0963,1520820.0
2024-09-24,0.0963,0.0969,0.095,0.0969,1795025.02
2024-09-25,0.0969,0.0972,0.0956,0.0959,2233965.5
2024-09-26,0.0959,0.0993,0.0946,0.0979,2325249.26
2024-09-27,0.0979,0.0995,0.0976,0.0995,2153714.45
2024-09-28,0.0995,0.1019,0.0984,0.0995,3487069.8
2024-09-29,0.0995,0.1037,0.0984,0.1017,2503681.29
2024-09-30,0.1017,0.1036,0.0982,0.0985,2536839.3
2024-10-01,0.0985,0.1008,0.0921,0.0939,2273805.86
2024-10-02,0.0939,0.0952,0.09,0.0905,1967542.21
2024-10-03,0.0905,0.0913,0.0881,0.0905,1994736.13
2024-10-04,0.0905,0.0921,0.0897,0.0918,1796086.29
2024-10-05,0.0918,0.0927,0.091,0.0921,1080510.43
2024-10-06,0.0921,0.0933,0.0915,0.0925,1280124.33
2024-10-07,0.0925,0.0933,0.0907,0.091,2140037.84
2024-10-08,0.091,0.0923,0.0896,0.09,4425425.3
2024-10-09,0.09,0.0909,0.0888,0.0898,3455189.75
2024-10-10,0.0898,0.0903,0.0882,0.0902,2082103.07
2024-10-11,0.0902,0.0922,0.0898,0.0919,2760747.61
2024-10-12,0.0919,0.0926,0.0916,0.092,2969374.48
2024-10-13,0.092,0.092,0.0896,0.0905,1393140.43
2024-10-14,0.0905,0.0938,0.0898,0.0935,2660642.21
2024-10-15,0.0935,0.0943,0.091,0.0929,5305418.13
2024-10-16,0.0929,0.0963,0.0923,0.0955,3190869.38
2024-10-17,0.0955,0.0968,0.094,0.095,2713954.92
2024-10-18,0.095,0.097,0.0943,0.0966,2004413.07
2024-10-19,0.0966,0.0976,0.0958,0.097,3745183.35
2024-10-20,0.097,0.0973,0.0962,0.0972,2041802.77
2024-10-21,0.0972,0.0976,0.0947,0.0953,3053081.22
2024-10-22,0.0953,0.097,0.0948,0.0953,3209726.41
2024-10-23,0.0953,0.0958,0.0927,0.0944,5035977.04
2024-10-24,0.0944,0.0969,0.0942,0.0967,4188978.54
2024-10-25,0.0967,0.0973,0.0914,0.0934,2793437.99
2024-10-26,0.0934,0.095,0.0928,0.0942,2938178.18
2024-10-27,0.0942,0.095,0.0934,0.0942,3121043.83
2024-10-28,0.0942,0.0948,0.0927,0.0943,2341223.77
2024-10-29,0.0943,0.0969,0.0942,0.0966,3777684.09
2024-10-30,0.0966,0.0968,0.0945,0.0947,2195681.37
2024-10-31,0.0947,0.095,0.0918,0.0925,2957369.83
2024-11-01,0.0925,0.0938,0.0908,0.0932,2244167.58
2024-11-02,0.0932,0.0937,0.0916,0.0926,1408501.24
2024-11-03,0.0926,0.0927,0.0893,0.0907,2172301.02
2024-11-04,0.0907,0.0923,0.09,0.0912,2860088.42
2024-11-05,0.0912,0.094,0.0907,0.0934,3798160.77
2024-11-06,0.0934,0.0977,0.0934,0.097,4121700.06
2024-11-07,0.097,0.1023,0.0966,0.102,6743000.27
2024-11-08,0.102,0.1033,0.0998,0.1012,8327826.21
2024-11-09,0.1012,0.1024,0.0994,0.1022,4549847.48
2024-11-10,0.1022,0.1133,0.1016,0.1084,55045988.3
2024-11-11,0.1084,0.1149,0.1074,0.1147,47477664.81
2024-11-12,0.1147,0.1414,0.1108,0.1344,78019104.65
2024-11-13,0.1344,0.1384,0.1206,0.1243,42952614.88
2024-11-14,0.1243,0.1406,0.1216,0.1311,66365534.17
2024-11-15,0.1311,0.148,0.1283,0.1458,99477233.33
2024-11-16,0.1458,0.2418,0.1406,0.2207,118853866.17
2024-11-17,0.2207,0.2254,0.1888,0.1962,101852462.12
2024-11-18,0.1962,0.2557,0.1959,0.2314,75572647.11
2024-11-19,0.2314,0.244,0.2222,0.2315,51538136.99
2024-11-20,0.2315,0.2698,0.2269,0.2472,96861027.95
2024-11-21,0.2472,0.2647,0.2296,0.2624,103087094.57
2024-11-22,0.2624,0.3522,0.2624,0.3404,192480707.76
2024-11-23,0.3404,0.548,0.3391,0.522,401104463.6
2024-11-24,0.522,0.6367,0.4354,0.5361,462965585.88
2024-11-25,0.5361,0.5583,0.4734,0.4817,320545689.12
2024-11-26,0.4817,0.5137,0.417,0.4393,120958738.69
2024-11-27,0.4393,0.5314,0.4183,0.4836,135096661.24
2024-11-28,0.4836,0.5054,0.4638,0.5012,68322299.44
2024-11-29,0.5012,0.5614,0.4867,0.5481,107609092.57
2024-11-30,0.5481,0.562,0.5198,0.5254,98135370.72
2024-12-01,0.5254,0.5799,0.4921,0.5607,111384596.76
2024-12-02,0.5607,0.606,0.4982,0.5391,160835229.18
2024-12-03,0.5391,0.6,0.482,0.5067,129268611.52
2024-12-04,0.5067,0.5224,0.4761,0.4892,63792593.6
2024-12-05,0.4892,0.5037,0.459,0.4709,62094294.11
2024-12-06,0.4709,0.4993,0.4554,0.4958,43537494.07
2024-12-07,0.4958,0.5103,0.4797,0.5044,38565003.32
2024-12-08,0.5044,0.5044,0.4749,0.494,29668905.61
2024-12-09,0.494,0.494,0.35,0.411,41541214.2
2024-12-10,0.411,0.4398,0.3625,0.4367,79925706.02
2024-12-11,0.4367,0.446,0.4027,0.4351,48726893.85
2024-12-12,0.4351,0.4507,0.4187,0.425,49254129.97
2024-12-13,0.425,0.453,0.4118,0.4381,31602204.19
2024-12-14,0.4381,0.4518,0.411,0.4244,25611671.91
2024-12-15,0.4244,0.4356,0.4162,0.4301,26293010.96
2024-12-16,0.4301,0.4458,0.4071,0.419,65000690.53
2024-12-17,0.419,0.4717,0.41,0.429,84763776.69
2024-12-18,0.429,0.4473,0.3879,0.3963,76108801.14
2024-12-19,0.3963,0.4147,0.3536,0.3695,89726770.1
2024-12-20,0.3695,0.3842,0.3127,0.3751,101926555.99
2024-12-21,0.3751,0.39,0.3509,0.3556,44144621.04
2024-12-22,0.3556,0.372,0.3428,0.3563,32769463.85
2024-12-23,0.3563,0.3754,0.3462,0.3711,31906392.16
2024-12-24,0.3711,0.414,0.3602,0.4023,47105466.29
2024-12-25,0.4023,0.4039,0.3784,0.383,37632385.05
2024-12-26,0.383,0.3867,0.3506,0.3548,33763872.22
2024-12-27,0.3548,0.369,0.3446,0.3499,32657126.23
2024-12-28,0.3499,0.3599,0.3448,0.3563,33454809.07
2024-12-29,0.3563,0.3565,0.3353,0.3381,30157305.95
2024-12-30,0.3381,0.3481,0.3209,0.3318,42761291.27
2024-12-31,0.3318,0.3465,0.3238,0.3327,31057199.82
2025-01-01,0.3327,0.438,0.3322,0.4256,125963413.42
2025-01-02,0.4256,0.4605,0.4127,0.4321,89211639.66
2025-01-03,0.4321,0.4607,0.43,0.4482,71865880.67
2025-01-04,0.4482,0.4859,0.4443,0.4503,77478287.01
2025-01-05,0.4503,0.4565,0.4324,0.4409,34637324.9
2025-01-06,0.4409,0.4634,0.4324,0.4464,53918543.51
2025-01-07,0.4464,0.4699,0.412,0.4177,112288185.79
2025-01-08,0.4177,0.4395,0.3898,0.4256,85774227.32
2025-01-09,0.4256,0.43,0.3867,0.3911,53064904.82
2025-01-10,0.3911,0.4257,0.3874,0.4145,55593674.11
2025-01-11,0.4145,0.4589,0.4033,0.4459,59258702.95
2025-01-12,0.4459,0.4468,0.4195,0.4222,21057480.76
2025-01-13,0.4222,0.4391,0.392,0.4197,52923365.17
2025-01-14,0.4197,0.4368,0.4155,0.4303,23202560.71
2025-01-15,0.4303,0.4955,0.4264,0.4882,53865860.05
2025-01-16,0.4882,0.5151,0.4638,0.4819,57672423.25
2025-01-17,0.4819,0.4994,0.4742,0.4878,27159613.08
2025-01-18,0.4878,0.4924,0.4514,0.4907,23867672.9
2025-01-19,0.4907,0.4952,0.418,0.4339,35370912.87
2025-01-20,0.4339,0.4786,0.4237,0.4472,39397238.16
2025-01-21,0.4472,0.4549,0.4276,0.4423,15283734.63
2025-01-22,0.4423,0.4453,0.4255,0.4283,15270411.74
2025-01-23,0.4283,0.4371,0.4123,0.431,21638971.33
2025-01-24,0.431,0.4485,0.4199,0.4308,21259933.09
2025-01-25,0.4308,0.4369,0.4128,0.4169,10380651.37
2025-01-26,0.4169,0.4263,0.4058,0.4063,9433996.56
2025-01-27,0.4063,0.4099,0.363,0.4075,36287922.2
2025-01-28,0.4075,0.4209,0.3901,0.3931,18722014.03
2025-01-29,0.3931,0.4066,0.3819,0.3928,14534620.76
2025-01-30,0.3928,0.4439,0.3893,0.4286,26031476.86
2025-01-31,0.4286,0.4299,0.4073,0.4142,13366477.74
2025-02-01,0.4142,0.4205,0.3888,0.3923,10746230.63
2025-02-02,0.3923,0.4012,0.3357,0.3533,47378720.5
2025-02-03,0.3533,0.3724,0.26,0.3703,126611290.35
2025-02-04,0.3703,0.375,0.333,0.3407,35821082.73
2025-02-05,0.3407,0.3487,0.3224,0.3271,13354886.56
2025-02-06,0.3271,0.3412,0.313,0.3185,21456911.81
2025-02-07,0.3185,0.3451,0.3163,0.3269,28541460.1
2025-02-08,0.3269,0.3345,0.3206,0.3314,9014424.13
2025-02-09,0.3314,0.3387,0.3027,0.3141,14456042.7
2025-02-10,0.3141,0.3231,0.3031,0.3131,13892071.96
2025-02-11,0.3131,0.339,0.3122,0.3181,21329315.41
2025-02-12,0.3181,0.3368,0.3081,0.3331,19652759.54
2025-02-13,0.3331,0.3429,0.3226,0.3371,12781995.21
2025-02-14,0.3371,0.3628,0.3337,0.3506,19834936.76
2025-02-15,0.3506,0.3662,0.3456,0.3489,11169879.46
2025-02-16,0.3489,0.3522,0.3397,0.3426,8113595.9
2025-02-17,0.3426,0.3486,0.3305,0.334,20719661.05
2025-02-18,0.334,0.3354,0.3156,0.3236,32033926.18
2025-02-19,0.3236,0.3427,0.3211,0.3419,35845612.33
2025-02-20,0.3419,0.3497,0.3358,0.3446,30784087.85
2025-02-21,0.3446,0.3465,0.3206,0.3262,39667174.49
2025-02-22,0.3262,0.3398,0.3243,0.3343,18755175.44
2025-02-23,0.3343,0.3361,0.3265,0.333,17055596.07
2025-02-24,0.333,0.3351,0.2938,0.2978,60911017.7
2025-02-25,0.2978,0.3035,0.2708,0.2955,105640218.72
2025-02-26,0.2955,0.2995,0.2782,0.2866,50324776.94
2025-02-27,0.2866,0.2938,0.277,0.2834,34328941.28
2025-02-28,0.2834,0.2886,0.2526,0.2864,66198807.82
2025-03-01,0.2864,0.3189,0.2835,0.3114,64198068.71
2025-03-02,0.3114,0.3752,0.3095,0.351,189639328.43
2025-03-03,0.351,0.3619,0.2895,0.2924,130637786.57
2025-03-04,0.2924,0.3013,0.2736,0.2951,91094001.82
2025-03-05,0.2951,0.309,0.29,0.2997,47992715.74
2025-03-06,0.2997,0.3097,0.295,0.2961,38877841.8
2025-03-07,0.2961,0.3031,0.2797,0.2833,86214148.38
2025-03-08,0.2833,0.285,0.272,0.2759,21632169.31
2025-03-09,0.2759,0.2793,0.2612,0.2631,52366325.46
2025-03-10,0.2631,0.2756,0.2397,0.2418,62699196.55
2025-03-11,0.2418,0.2614,0.2268,0.2553,48887129.19
2025-03-12,0.2553,0.2635,0.2466,0.2594,31538743.27
2025-03-13,0.2594,0.2949,0.2585,0.274,68281221.4
2025-03-14,0.274,0.2836,0.2709,0.2761,39663988.08
2025-03-15,0.2761,0.2843,0.2715,0.2745,29950476.11
2025-03-16,0.2745,0.2762,0.2608,0.2625,16946014.58
2025-03-17,0.2625,0.2775,0.2623,0.2729,23111801.88
2025-03-18,0.2729,0.2752,0.2624,0.2734,18373909.83
2025-03-19,0.2734,0.2979,0.2732,0.2908,55858788.38
2025-03-20,0.2908,0.2927,0.2777,0.2813,26179309.28
2025-03-21,0.2813,0.2878,0.2741,0.2771,18967156.1
2025-03-22,0.2771,0.2801,0.2734,0.274,12015167.36
2025-03-23,0.274,0.284,0.273,0.2831,11738668.12
2025-03-24,0.2831,0.2949,0.2781,0.2906,18521112.29
2025-03-25,0.2906,0.2959,0.286,0.2937,15920985.93
2025-03-26,0.2937,0.3022,0.2833,0.2854,17895249.03
2025-03-27,0.2854,0.2948,0.2819,0.2863,14512827.52
2025-03-28,0.2863,0.2892,0.2697,0.2746,18990552.73
2025-03-29,0.2746,0.277,0.2618,0.2672,14350110.33
2025-03-30,0.2672,0.2726,0.2632,0.2669,9847330.15
2025-03-31,0.2669,0.27,0.2584,0.2639,19737278.94
2025-04-01,0.2639,0.2795,0.2617,0.2721,18049316.73
2025-04-02,0.2721,0.2784,0.2542,0.2581,32890941.54
2025-04-03,0.2581,0.2671,0.25,0.2611,16820115.67
2025-04-04,0.2611,0.265,0.2531,0.2596,18992501.58
2025-04-05,0.2596,0.2615,0.2485,0.2524,15630047.81
2025-04-06,0.2524,0.2543,0.223,0.2263,30384330.64
2025-04-07,0.2263,0.2446,0.2003,0.2321,76330863.21
2025-04-08,0.2321,0.2415,0.2198,0.2211,32904062.41
2025-04-09,0.2211,0.246,0.2133,0.2423,52272667.33
2025-04-10,0.2423,0.2425,0.2243,0.2303,23986397.19
2025-04-11,0.2303,0.2379,0.2292,0.2339,20384637.34
2025-04-12,0.2339,0.2487,0.2327,0.2462,17797017.96
2025-04-13,0.2462,0.2523,0.2348,0.238,21753809.68
2025-04-14,0.238,0.2475,0.2369,0.2399,19092136.2
2025-04-15,0.2399,0.2451,0.2352,0.2355,22409482.26
2025-04-16,0.2355,0.2398,0.2305,0.2358,19260743.74
2025-04-17,0.2358,0.2423,0.2343,0.2394,12233154.14
2025-04-18,0.2394,0.2448,0.238,0.2399,10127613.37
2025-04-19,0.2399,0.2495,0.2397,0.2462,8272662.46
2025-04-20,0.2462,0.2475,0.239,0.2437,9661079.84
2025-04-21,0.2437,0.2626,0.2436,0.2501,28025632.55
2025-04-22,0.2501,0.2679,0.2438,0.265,34790912.96
2025-04-23,0.265,0.2751,0.2633,0.2663,30515597.01
2025-04-24,0.2663,0.2836,0.2587,0.2809,29901550.21
2025-04-25,0.2809,0.2914,0.2742,0.2834,27380527.01
2025-04-26,0.2834,0.2974,0.2834,0.2907,22035542.82
2025-04-27,0.2907,0.2943,0.2806,0.2841,21647361.52
2025-04-28,0.2841,0.2942,0.2782,0.2825,28509544.78
2025-04-29,0.2825,0.2851,0.2752,0.2778,15637466.59
2025-04-30,0.2778,0.282,0.2671,0.2711,18285876.03
2025-05-01,0.2711,0.2805,0.2701,0.2735,15810297.52
2025-05-02,0.2735,0.2797,0.2705,0.2746,18328742.77
2025-05-03,0.2746,0.2757,0.2678,0.2692,9581289.36
2025-05-04,0.2692,0.2736,0.2648,0.2654,12123574.84
2025-05-05,0.2654,0.2703,0.2559,0.2584,19591651.18
2025-05-06,0.2584,0.2632,0.2519,0.2628,20670340.05
2025-05-07,0.2628,0.2645,0.2563,0.2603,14440900.28
2025-05-08,0.2603,0.2916,0.2589,0.2913,34719391.77
2025-05-09,0.2913,0.3067,0.2893,0.2953,43005814.08
2025-05-10,0.2953,0.3216,0.2935,0.3216,30839187.77
2025-05-11,0.3216,0.3247,0.3006,0.3063,31374203.66
2025-05-12,0.3063,0.3347,0.3056,0.3126,79632843.28
2025-05-13,0.3126,0.3181,0.2972,0.314,33903319.51
2025-05-14,0.314,0.3182,0.3007,0.3038,30729662.35
2025-05-15,0.3038,0.3079,0.2867,0.2931,29673582.24
2025-05-16,0.2931,0.3009,0.289,0.2931,21282214.7
2025-05-17,0.2931,0.2942,0.2814,0.2865,15821828.54
2025-05-18,0.2865,0.2977,0.2814,0.2926,20835847.35
2025-05-19,0.2926,0.294,0.2768,0.2866,22086601.54
2025-05-20,0.2866,0.2897,0.28,0.2876,18447788.83
2025-05-21,0.2876,0.2981,0.2839,0.2933,25190659.28
2025-05-22,0.2933,0.3045,0.293,0.3042,27412600.44
2025-05-23,0.3042,0.3124,0.284,0.2851,34943451.15
2025-05-24,0.2851,0.2916,0.2839,0.2859,12033867.02
2025-05-25,0.2859,0.2879,0.2775,0.2878,15705400.35
2025-05-26,0.2878,0.2905,0.2831,0.2857,13241241.97
2025-05-27,0.2857,0.293,0.281,0.2872,15586455.01
2025-05-28,0.2872,0.2899,0.2789,0.2854,18973913.02
2025-05-29,0.2854,0.2887,0.2778,0.2789,20333873.29
2025-05-30,0.2789,0.2801,0.2634,0.2651,29784716.47
2025-05-31,0.2651,0.2677,0.2589,0.264,16160134.74
2025-06-01,0.264,0.2679,0.2618,0.2674,10979730.71
2025-06-02,0.2674,0.272,0.2636,0.2719,13796859.8
2025-06-03,0.2719,0.2764,0.2698,0.2728,17996981.31
2025-06-04,0.2728,0.2757,0.2653,0.2666,16382150.04
2025-06-05,0.2666,0.269,0.2523,0.2569,35745099.04
2025-06-06,0.2569,0.2667,0.2557,0.2627,14423504.53
2025-06-07,0.2627,0.2677,0.2619,0.2647,8176760.06
2025-06-08,0.2647,0.2746,0.2631,0.2677,18133917.56
2025-06-09,0.2677,0.2751,0.2638,0.2749,19478920.47
2025-06-10,0.2749,0.2815,0.272,0.2806,21581336.34
2025-06-11,0.2806,0.285,0.2759,0.2767,23512898.52
2025-06-12,0.2767,0.2783,0.2669,0.2673,18712231.71
2025-06-13,0.2673,0.2673,0.2532,0.2609,40535558.04
2025-06-14,0.2609,0.2611,0.2529,0.2564,10303799.11
2025-06-15,0.2564,0.2599,0.2544,0.2587,9634704.02
2025-06-16,0.2587,0.2704,0.2563,0.2615,23533571.33
2025-06-17,0.2615,0.2639,0.2502,0.252,19855212.77
2025-06-18,0.252,0.2542,0.2457,0.2523,21331160.55
2025-06-19,0.2523,0.2532,0.2473,0.2495,14914957.66
2025-06-20,0.2495,0.2517,0.2397,0.2419,26751003.06
2025-06-21,0.2419,0.2449,0.2325,0.2371,26899719.03
2025-06-22,0.2371,0.239,0.2167,0.2288,51049562.49
2025-06-23,0.2288,0.2463,0.2252,0.2458,38200214.14
2025-06-24,0.2458,0.2499,0.2437,0.2487,23853714.27
2025-06-25,0.2487,0.2493,0.2397,0.2413,20350816.95
2025-06-26,0.2413,0.2442,0.2337,0.2341,21381386.61
2025-06-27,0.2341,0.2386,0.2325,0.2369,18258896.9
2025-06-28,0.2369,0.2402,0.2359,0.2389,15088990.28
2025-06-29,0.2389,0.2422,0.2347,0.2404,17505703.66
2025-06-30,0.2404,0.2432,0.2335,0.238,35521202.3
2025-07-01,0.238,0.2396,0.2228,0.2253,46179063.05
2025-07-02,0.2253,0.2404,0.2241,0.2381,28130998.57
2025-07-03,0.2381,0.2483,0.2376,0.2426,24615928.87
2025-07-04,0.2426,0.2449,0.2348,0.2377,17874060.4
2025-07-05,0.2377,0.2388,0.2349,0.2383,9461766.28
2025-07-06,0.2383,0.252,0.2366,0.2505,28897996.63
2025-07-07,0.2505,0.2574,0.2463,0.2481,45887216.22
2025-07-08,0.2481,0.2598,0.246,0.2595,26272700.77
2025-07-09,0.2595,0.2975,0.2571,0.2883,129267992.42
2025-07-10,0.2883,0.306,0.2852,0.3031,100132369.08
2025-07-11,0.3031,0.4001,0.2976,0.3603,251111537.12
2025-07-12,0.3603,0.4188,0.3508,0.3928,271896406.22
2025-07-13,0.3928,0.4826,0.3872,0.4707,339206080.61
2025-07-14,0.4707,0.5166,0.4387,0.4637,201445822.61
2025-07-15,0.4637,0.4749,0.4296,0.4515,183558171.11
2025-07-16,0.4515,0.4808,0.4473,0.4532,162191473.33
2025-07-17,0.4532,0.5143,0.4446,0.4972,235442742.25
2025-07-18,0.4972,0.5204,0.4494,0.4589,191172680.02
2025-07-19,0.4589,0.4692,0.4502,0.4611,70796755.71
2025-07-20,0.4611,0.477,0.4547,0.4624,82193257.41
2025-07-21,0.4624,0.4939,0.4555,0.473,104611627.63
2025-07-22,0.473,0.4766,0.4492,0.4722,97278855.14
2025-07-23,0.4722,0.4745,0.4089,0.4278,121999042.16
2025-07-24,0.4278,0.4477,0.4011,0.4245,91507786.79
2025-07-25,0.4245,0.4328,0.4048,0.4312,69783492.32
2025-07-26,0.4312,0.4468,0.4287,0.4353,40118001.45
2025-07-27,0.4353,0.4598,0.4339,0.4443,46372287.55
2025-07-28,0.4443,0.4539,0.4154,0.4193,55839337.61
2025-07-29,0.4193,0.4348,0.4119,0.421,42001722.49
2025-07-30,0.421,0.4244,0.3929,0.4076,58919097.51
2025-07-31,0.4076,0.4289,0.3969,0.4009,58135946.9
2025-08-01,0.4009,0.4015,0.375,0.3825,86410567.46
2025-08-02,0.3825,0.3915,0.362,0.3671,42560060.04
2025-08-03,0.3671,0.4032,0.3612,0.3993,56149840.6
2025-08-04,0.3993,0.4195,0.3971,0.4137,74034277.96
2025-08-05,0.4137,0.4188,0.3913,0.3958,55095243.01
2025-08-06,0.3958,0.4027,0.3849,0.4001,39846978.48
2025-08-07,0.4001,0.441,0.3964,0.4396,61392108.16
2025-08-08,0.4396,0.4687,0.4363,0.45,121991117.98
2025-08-09,0.45,0.4569,0.4449,0.4469,44422134.86
2025-08-10,0.4469,0.4568,0.4331,0.4446,42895721.67
2025-08-11,0.4446,0.4612,0.4276,0.4305,75896147.76
2025-08-12,0.4305,0.456,0.4298,0.4493,48993677.86
2025-08-13,0.4493,0.4598,0.4404,0.452,61191818.96
2025-08-14,0.452,0.4715,0.41,0.4235,105622474.7
2025-08-15,0.4235,0.4332,0.4115,0.4303,50276750.45
2025-08-16,0.4303,0.433,0.4224,0.4266,21050666.36
2025-08-17,0.4266,0.4342,0.4231,0.4245,27303274.71
2025-08-18,0.4245,0.4251,0.4031,0.4144,44686780.8
2025-08-19,0.4144,0.4184,0.3898,0.3909,38785002.45
2025-08-20,0.3909,0.4085,0.3873,0.4045,38823095.93
2025-08-21,0.4045,0.4076,0.3897,0.3913,35427050.63
2025-08-22,0.3913,0.4291,0.3808,0.4248,61441828.96
2025-08-23,0.4248,0.4251,0.4096,0.4167,29605962.55
2025-08-24,0.4167,0.4241,0.4023,0.4078,36757148.59
2025-08-25,0.4078,0.411,0.3773,0.3842,46856131.28
2025-08-26,0.3842,0.3998,0.382,0.3947,47210041.91
2025-08-27,0.3947,0.3947,0.3776,0.379,59073312.55
2025-08-28,0.379,0.3872,0.3741,0.3821,37374167.46
2025-08-29,0.3821,0.3824,0.3548,0.3613,63004058.42
2025-08-30,0.3613,0.3625,0.3518,0.36,27340859.43
2025-08-31,0.36,0.3649,0.3521,0.3527,21421706.84
2025-09-01,0.3527,0.364,0.3441,0.3575,43119580.96
2025-09-02,0.3575,0.3681,0.354,0.368,28396988.32
2025-09-03,0.368,0.3688,0.3605,0.3622,18670914.81
2025-09-04,0.3622,0.3634,0.3507,0.352,17532116.02
2025-09-05,0.352,0.3679,0.3507,0.3596,20122298.8
2025-09-06,0.3596,0.3615,0.3529,0.3559,8874850.15
2025-09-07,0.3559,0.366,0.3554,0.3617,17314657.92
2025-09-08,0.3617,0.385,0.3583,0.3776,39776441.83
2025-09-09,0.3776,0.3869,0.3706,0.3723,32691278.1
2025-09-10,0.3723,0.3859,0.37,0.3834,19816884.1
2025-09-11,0.3834,0.3966,0.3815,0.3961,30801608.29
2025-09-12,0.3961,0.4054,0.39,0.4046,17398080.32
2025-09-13,0.4046,0.4142,0.3999,0.4051,16811536.81
2025-09-14,0.4051,0.4056,0.3839,0.3896,13041343.39
2025-09-15,0.3896,0.3948,0.3739,0.3805,15645338.51
2025-09-16,0.3805,0.3917,0.3746,0.3839,15545909.81
2025-09-17,0.3839,0.3985,0.3796,0.3954,13876260.73
2025-09-18,0.3954,0.4047,0.3921,0.3962,18500378.73
2025-09-19,0.3962,0.3998,0.3854,0.3881,12959127.83
2025-09-20,0.3881,0.3939,0.3848,0.3862,6034624.03
2025-09-21,0.3862,0.3906,0.3789,0.3798,8776484.47
2025-09-22,0.3798,0.3806,0.3443,0.3684,26215775.13
2025-09-23,0.3684,0.3748,0.3612,0.3645,11167442.29
2025-09-24,0.3645,0.3814,0.3574,0.3744,14559754.02
2025-09-25,0.3744,0.377,0.3468,0.3505,21179974.6
2025-09-26,0.3505,0.3641,0.3458,0.3618,16056994.14
2025-09-27,0.3618,0.3633,0.3565,0.3608,5521360.64
2025-09-28,0.3608,0.369,0.3519,0.3677,6327692.42
2025-09-29,0.3677,0.3769,0.3632,0.3717,12901805.46
2025-09-30,0.3717,0.3734,0.3578,0.3639,11038988.12
2025-10-01,0.3639,0.3985,0.3617,0.3982,22435910.66
2025-10-02,0.3982,0.414,0.3947,0.4087,25134269.36
2025-10-03,0.4087,0.4135,0.399,0.4062,19660674.47
2025-10-04,0.4062,0.4079,0.388,0.3938,10156130.83
2025-10-05,0.3938,0.4091,0.3918,0.3961,18737789.05
2025-10-06,0.3961,0.4129,0.3935,0.4085,18132997.25
2025-10-07,0.4085,0.4103,0.3829,0.3836,19718458.61
2025-10-08,0.3836,0.3921,0.3778,0.3885,15858834.55
2025-10-09,0.3885,0.3886,0.3708,0.3793,14382945.07
2025-10-10,0.3793,0.3861,0.1654,0.3193,70977440.73
2025-10-11,0.3193,0.3396,0.3088,0.323,41600299.76
2025-10-12,0.323,0.3502,0.3135,0.3415,22997562.72
2025-10-13,0.3415,0.3546,0.3361,0.3511,19477437.02
2025-10-14,0.3511,0.353,0.3198,0.3374,22120264.76
2025-10-15,0.3374,0.3425,0.32,0.3246,12029898.81
2025-10-16,0.3246,0.3322,0.3075,0.3123,18766339.82
2025-10-17,0.3123,0.3176,0.2897,0.3085,23034390.11
2025-10-18,0.3085,0.3198,0.3081,0.3146,8010340.89
2025-10-19,0.3146,0.3235,0.3072,0.3179,11857588.09
2025-10-20,0.3179,0.333,0.3132,0.3245,11318529.31
2025-10-21,0.3245,0.3329,0.3136,0.3143,15493994.64
2025-10-22,0.3143,0.3152,0.3024,0.3081,12118553.27
2025-10-23,0.3081,0.3169,0.3079,0.3115,6240637.84
2025-10-24,0.3115,0.3271,0.3101,0.3194,29971811.12
2025-10-25,0.3194,0.3306,0.3179,0.3249,26548384.02
2025-10-26,0.3249,0.3328,0.3225,0.3304,27187415.08
2025-10-27,0.3304,0.3348,0.3215,0.3227,34487736.11
2025-10-28,0.3227,0.338,0.314,0.3184,54986167.85
2025-10-29,0.3184,0.3249,0.3111,0.3158,45907351.46
2025-10-30,0.3158,0.3186,0.2903,0.2985,68594358.56
2025-10-31,0.2985,0.3128,0.2979,0.3049,41463419.38
2025-11-01,0.3049,0.3074,0.3016,0.3052,19494676.68
2025-11-02,0.3052,0.3079,0.2996,0.3047,16651301.85
2025-11-03,0.3047,0.3056,0.2724,0.2782,74120250.01
2025-11-04,0.2782,0.2843,0.2531,0.2695,100514619.82
