timestamp,open,high,low,close,volume
2019-12-11,35.0,54.34,35.0,52.93,62436.796
2019-12-12,52.85,53.87,51.98,52.97,162341.133
2019-12-13,52.97,53.35,52.24,52.46,138957.481
2019-12-14,52.46,52.6,50.89,51.26,122875.926
2019-12-15,51.26,52.08,50.64,50.7,109409.511
2019-12-16,50.7,51.09,48.42,49.17,158421.117
2019-12-17,49.17,49.42,44.57,45.07,184571.912
2019-12-18,45.07,49.03,43.78,47.69,244429.113
2019-12-19,47.69,49.74,46.14,47.38,210335.423
2019-12-20,47.38,47.52,46.54,46.67,156632.97
2019-12-21,46.67,46.72,44.9,44.99,126186.243
2019-12-22,44.99,48.02,44.96,47.31,193038.004
2019-12-23,47.31,48.62,46.88,47.16,182389.937
2019-12-24,47.16,47.94,45.54,45.83,181540.08
2019-12-25,45.83,46.75,45.09,46.03,145358.17
2019-12-26,46.03,46.46,44.85,45.28,160112.419
2019-12-27,45.28,46.11,44.53,45.08,162893.831
2019-12-28,45.08,45.84,44.94,45.47,136516.401
2019-12-29,45.47,47.13,45.28,46.53,113567.251
2019-12-30,46.53,46.69,45.59,46.16,90009.417
2019-12-31,46.16,46.23,44.55,44.62,137992.274
2020-01-01,44.62,45.91,44.52,45.84,121697.464
2020-01-02,45.84,46.17,44.32,45.52,150717.367
2020-01-03,45.52,51.71,45.44,50.96,228530.972
2020-01-04,50.96,51.41,49.67,50.43,137637.247
2020-01-05,50.43,54.27,50.35,53.66,156271.748
2020-01-06,53.66,59.12,53.63,58.93,169257.612
2020-01-07,58.93,60.1,55.37,58.42,209810.572
2020-01-08,58.42,60.24,55.4,59.52,241594.746
2020-01-09,59.52,59.54,56.79,58.79,216582.707
2020-01-10,58.79,59.61,56.79,58.48,216583.408
2020-01-11,58.48,64.25,57.9,58.3,240932.686
2020-01-12,58.3,60.03,57.28,59.19,180270.075
2020-01-13,59.19,59.24,56.69,57.77,169201.216
2020-01-14,57.77,63.02,57.67,62.72,284853.193
2020-01-15,62.72,69.23,61.95,68.4,336203.851
2020-01-16,68.4,68.93,62.5,65.77,243570.09
2020-01-17,65.77,71.94,64.06,69.01,265799.003
2020-01-18,69.01,70.9,66.15,66.95,234252.604
2020-01-19,66.95,69.45,62.79,65.22,250319.824
2020-01-20,65.22,66.54,62.22,65.07,195067.009
2020-01-21,65.07,66.91,64.28,65.88,185301.757
2020-01-22,65.88,66.47,64.28,65.06,179065.631
2020-01-23,65.06,65.08,61.19,62.57,187620.619
2020-01-24,62.57,62.94,58.01,61.67,202099.436
2020-01-25,61.67,62.53,59.82,61.3,149832.606
2020-01-26,61.3,64.46,60.82,63.89,168733.819
2020-01-27,63.89,66.26,63.43,65.46,190006.994
2020-01-28,65.46,67.87,65.15,67.74,209969.361
2020-01-29,67.74,70.77,67.39,69.88,189318.73
2020-01-30,69.88,74.99,68.54,74.92,198635.207
2020-01-31,74.92,76.0,69.48,72.03,240789.823
2020-02-01,72.03,73.93,71.27,73.22,203109.413
2020-02-02,73.22,77.85,71.05,74.83,244928.371
2020-02-03,74.83,78.23,74.2,76.82,212285.664
2020-02-04,76.82,77.3,73.71,75.2,195195.608
2020-02-05,75.2,79.18,74.55,77.82,221865.812
2020-02-06,77.82,80.01,76.36,78.24,216426.453
2020-02-07,78.24,80.69,78.22,79.53,216848.694
2020-02-08,79.53,81.58,77.0,80.71,204869.889
2020-02-09,80.71,87.79,80.53,87.58,206689.756
2020-02-10,87.58,87.73,82.64,84.5,193358.517
2020-02-11,84.5,89.5,82.18,89.4,209526.941
2020-02-12,89.4,94.69,89.34,94.29,207410.049
2020-02-13,94.29,95.64,89.08,91.84,250789.409
2020-02-14,91.84,95.16,90.8,94.35,166347.204
2020-02-15,94.35,97.1,86.57,88.6,260175.508
2020-02-16,88.6,92.08,79.84,88.19,286195.033
2020-02-17,88.19,88.59,79.48,82.52,313859.233
2020-02-18,82.52,86.61,81.1,85.74,250295.636
2020-02-19,85.74,86.65,76.91,77.88,204672.954
2020-02-20,77.88,79.43,74.63,76.46,312947.227
2020-02-21,76.46,82.43,75.7,80.23,250372.387
2020-02-22,80.23,82.05,78.34,78.91,327697.807
2020-02-23,78.91,84.99,78.83,84.63,407294.356
2020-02-24,84.63,85.74,77.07,79.2,406567.011
2020-02-25,79.2,81.95,75.8,76.51,421878.198
2020-02-26,76.51,77.9,67.88,70.63,413609.631
2020-02-27,70.63,72.64,66.83,70.23,422537.036
2020-02-28,70.23,71.24,66.09,68.51,367289.909
2020-02-29,68.51,69.19,65.36,65.64,314628.011
2020-03-01,65.64,67.75,63.27,64.55,254523.267
2020-03-02,64.55,69.27,64.31,68.83,322693.023
2020-03-03,68.83,68.92,64.9,65.86,307644.664
2020-03-04,65.86,67.99,64.74,65.68,330644.195
2020-03-05,65.68,70.05,65.68,68.5,260387.017
2020-03-06,68.5,69.78,67.57,69.08,251953.969
2020-03-07,69.08,69.63,65.16,65.69,263146.983
2020-03-08,65.69,65.72,55.71,56.39,527835.537
2020-03-09,56.39,57.68,52.36,55.77,730062.008
2020-03-10,55.77,56.97,53.64,54.85,429883.017
2020-03-11,54.85,56.01,50.98,54.21,387125.679
2020-03-12,54.21,54.37,30.46,31.78,1366738.092
2020-03-13,31.78,40.39,25.13,36.95,2213919.289
2020-03-14,36.95,40.08,35.39,36.22,838267.043
2020-03-15,36.22,41.11,35.71,37.97,760626.733
2020-03-16,37.97,38.73,29.22,34.0,1217577.434
2020-03-17,34.0,37.48,33.54,36.25,1090109.785
2020-03-18,36.25,37.41,33.97,37.07,1085939.532
2020-03-19,37.07,42.86,36.01,40.81,1100401.035
2020-03-20,40.81,45.2,36.33,40.28,1293452.768
2020-03-21,40.28,42.64,38.33,41.27,907775.872
2020-03-22,41.27,42.58,37.75,38.14,854938.209
2020-03-23,38.14,44.57,37.68,44.42,966555.945
2020-03-24,44.42,47.71,43.21,47.01,1096435.795
2020-03-25,47.01,48.05,45.11,47.01,985570.524
2020-03-26,47.01,50.99,46.96,50.26,917776.618
2020-03-27,50.26,51.4,47.36,47.73,837662.683
2020-03-28,47.73,48.47,45.0,47.07,682081.529
2020-03-29,47.07,47.32,43.95,44.01,609627.824
2020-03-30,44.01,47.66,43.83,46.35,727569.094
2020-03-31,46.35,48.24,46.3,47.62,612488.738
2020-04-01,47.62,48.81,46.42,48.47,665376.364
2020-04-02,48.47,52.92,47.83,50.72,684827.895
2020-04-03,50.72,54.36,50.18,52.9,707748.095
2020-04-04,52.9,55.07,52.05,54.06,790966.155
2020-04-05,54.06,54.23,52.47,53.0,798599.685
2020-04-06,53.0,59.08,53.0,58.85,792467.379
2020-04-07,58.85,60.43,54.78,56.01,696060.458
2020-04-08,56.01,58.31,55.51,57.85,443792.663
2020-04-09,57.85,58.83,56.13,58.32,401065.284
2020-04-10,58.32,58.45,52.46,53.66,506171.07
2020-04-11,53.66,54.83,52.5,53.73,560890.267
2020-04-12,53.73,55.52,52.64,53.63,820673.517
2020-04-13,53.63,53.66,51.01,53.01,843336.752
2020-04-14,53.01,55.2,52.47,53.97,777291.911
2020-04-15,53.97,55.05,53.0,53.07,823044.759
2020-04-16,53.07,57.49,51.44,56.89,686085.955
2020-04-17,56.89,57.28,55.87,56.11,598665.363
2020-04-18,56.11,58.78,55.88,57.98,718696.886
2020-04-19,57.98,58.54,56.43,56.99,444404.476
2020-04-20,56.99,58.4,53.99,54.69,551032.275
2020-04-21,54.69,55.89,53.97,55.16,470043.355
2020-04-22,55.16,57.37,54.71,56.88,423398.568
2020-04-23,56.88,60.94,56.07,59.24,480828.632
2020-04-24,59.24,62.44,59.15,60.64,427339.667
2020-04-25,60.64,62.32,59.69,60.57,451185.928
2020-04-26,60.57,62.01,59.86,61.35,380969.549
2020-04-27,61.35,62.51,60.88,62.37,418799.517
2020-04-28,62.37,63.83,61.23,62.07,371861.807
2020-04-29,62.07,66.87,61.59,66.29,511825.117
2020-04-30,66.29,68.41,61.21,62.33,593931.01
2020-05-01,62.33,64.97,62.21,63.38,393942.138
2020-05-02,63.38,65.0,63.31,64.53,373364.756
2020-05-03,64.53,65.11,61.78,62.42,433320.713
2020-05-04,62.42,62.57,58.56,61.08,455475.752
2020-05-05,61.08,62.0,59.67,60.33,433475.03
2020-05-06,60.33,62.06,57.53,57.85,449390.504
2020-05-07,57.85,64.95,57.32,64.55,504730.764
2020-05-08,64.55,65.88,63.12,63.45,463912.399
2020-05-09,63.45,64.92,62.6,63.0,434815.863
2020-05-10,63.0,63.12,53.8,58.85,527535.09
2020-05-11,58.85,61.89,55.8,59.36,585310.385
2020-05-12,59.36,62.26,59.16,61.53,432807.404
2020-05-13,61.53,66.19,61.4,64.98,526559.934
2020-05-14,64.98,65.74,62.85,65.3,403418.61
2020-05-15,65.3,65.72,62.42,62.74,231296.029
2020-05-16,62.74,65.87,62.11,65.41,216394.242
2020-05-17,65.41,67.15,64.7,65.09,172693.543
2020-05-18,65.09,67.76,65.01,66.9,153125.736
2020-05-19,66.9,67.59,65.08,66.7,79200.91
2020-05-20,66.7,67.14,63.56,64.66,70738.726
2020-05-21,64.66,65.11,60.0,61.66,83391.795
2020-05-22,61.66,63.59,61.09,62.85,123630.438
2020-05-23,62.85,65.02,62.54,63.42,162124.314
2020-05-24,63.42,63.75,60.66,60.66,153237.35
2020-05-25,60.66,62.38,60.14,61.53,160828.332
2020-05-26,61.53,62.42,60.82,61.94,149679.916
2020-05-27,61.94,65.58,61.32,64.51,147443.223
2020-05-28,64.51,67.55,63.13,67.17,147922.687
2020-05-29,67.17,67.86,65.85,66.04,143947.232
2020-05-30,66.04,68.83,65.31,68.4,155460.381
2020-05-31,68.4,68.7,64.15,65.03,160203.718
2020-06-01,65.03,68.43,63.28,67.72,174875.398
2020-06-02,67.72,70.33,63.77,66.66,158315.035
2020-06-03,66.66,68.25,66.08,67.07,139605.139
2020-06-04,67.07,68.75,65.64,68.08,155400.404
2020-06-05,68.08,69.25,67.16,67.5,142510.707
2020-06-06,67.5,68.14,66.97,67.65,125771.748
2020-06-07,67.65,68.18,64.6,66.4,139944.447
2020-06-08,66.4,68.27,66.21,68.26,131622.472
2020-06-09,68.26,68.67,67.28,67.95,115396.605
2020-06-10,67.95,69.77,67.37,69.66,122978.919
2020-06-11,69.66,70.06,63.26,63.64,150360.805
2020-06-12,63.64,66.59,63.0,65.72,145352.475
2020-06-13,65.72,66.63,64.99,66.57,115003.589
2020-06-14,66.57,66.63,64.54,65.39,108548.79
2020-06-15,65.39,65.69,61.91,64.49,166703.075
2020-06-16,64.49,66.05,64.18,65.98,131832.52
2020-06-17,65.98,66.97,64.62,65.13,133598.658
2020-06-18,65.13,65.94,64.22,64.87,127048.057
2020-06-19,64.87,65.34,63.42,64.15,141291.541
2020-06-20,64.15,64.61,63.35,64.1,114212.117
2020-06-21,64.1,65.07,63.79,64.44,108184.712
2020-06-22,64.44,66.91,64.37,66.14,133714.859
2020-06-23,66.14,67.31,65.37,66.79,106270.92825658259
2020-06-24,66.79,67.45,64.0,64.83,108441.75835589242
2020-06-25,64.83,65.13,63.05,64.29,102212.037
2020-06-26,64.29,64.63,62.97,63.99,101705.021
2020-06-27,63.99,64.38,60.23,62.11,103398.444
2020-06-28,62.11,63.64,61.75,63.39,98344.835
2020-06-29,63.39,64.86,62.44,64.18,101039.69
2020-06-30,64.18,64.64,63.23,63.6,98270.906
2020-07-01,63.6,64.88,63.21,64.5,96061.071
2020-07-02,64.5,66.71,62.46,65.22,119694.348
2020-07-03,65.22,65.83,62.4,62.68,103151.963
2020-07-04,62.68,64.85,62.41,64.17,103059.841
2020-07-05,64.17,64.69,61.35,63.33,108207.266
2020-07-06,63.33,65.07,62.75,64.89,104283.306
2020-07-07,64.89,65.14,63.72,64.62,90265.292
2020-07-08,64.62,67.31,64.02,66.26,118393.368
2020-07-09,66.26,69.28,65.04,67.22,108424.793
2020-07-10,67.22,68.38,65.1,67.3,85105.788
2020-07-11,67.3,69.88,67.08,68.65,74014.39
2020-07-12,68.65,70.32,68.02,69.19,71128.269
2020-07-13,69.19,70.08,67.66,69.2,109771.848
2020-07-14,69.2,69.22,66.8,67.81,29019.55
2020-07-15,67.81,72.45,67.4,70.61,14439.023
2020-07-16,70.61,71.57,66.53,67.66,13342.854
2020-07-17,67.66,68.39,66.96,67.6,17340.848
2020-07-18,67.6,69.22,67.01,68.33,18383.073
2020-07-19,68.33,69.13,67.62,68.82,16915.384
2020-07-20,68.82,70.39,68.71,69.23,17160.165
2020-07-21,69.23,71.71,69.04,69.65,19278.092
2020-07-22,69.65,71.57,69.23,71.45,17133.534
2020-07-23,71.45,74.0,70.7,73.03,17579.863
2020-07-24,73.03,73.03,71.3,71.64,17380.869
2020-07-25,71.64,74.0,71.45,73.64,16557.23
2020-07-26,73.64,78.11,73.01,78.06,19666.671
2020-07-27,78.06,79.52,74.99,78.43,22494.785
2020-07-28,78.43,83.28,78.39,81.18,22992.453
2020-07-29,81.18,84.12,78.9,79.12,20466.731
2020-07-30,79.12,82.6,78.44,80.87,18727.289
2020-07-31,80.87,84.7,80.3,84.46,18101.899
2020-08-01,84.46,90.02,83.34,89.59,23234.702
2020-08-02,89.59,91.06,77.89,84.94,29055.183
2020-08-03,84.94,89.73,83.93,89.1,20631.016
2020-08-04,89.1,89.98,85.41,87.3,21344.399
2020-08-05,87.3,90.62,86.09,90.41,23270.872
2020-08-06,90.41,96.51,88.37,95.46,29142.742
2020-08-07,95.46,95.68,90.6,94.01,30282.54
2020-08-08,94.01,95.19,91.75,94.93,20263.564
2020-08-09,94.93,94.99,92.21,92.94,20138.173
2020-08-10,92.94,94.49,89.84,93.71,22525.912
2020-08-11,93.71,94.9,84.21,87.3,28492.282
2020-08-12,87.3,89.88,84.23,89.54,25049.521
2020-08-13,89.54,92.27,85.57,91.99,27962.856
2020-08-14,91.99,93.55,89.91,91.43,16804.882
2020-08-15,91.43,91.75,89.03,89.75,10248.421
2020-08-16,89.75,91.43,88.0,91.21,7862.392
2020-08-17,91.21,94.99,89.41,93.5,7640.08
2020-08-18,93.5,97.22,91.49,93.42,12955.481
2020-08-19,93.42,94.48,88.82,91.21,10100.319
2020-08-20,91.21,101.61,91.21,101.61,12966.305
2020-08-21,101.61,105.99,92.1,92.21,16550.629
2020-08-22,92.21,94.98,88.7,94.54,11045.856
2020-08-23,94.54,94.92,90.54,91.26,5989.676
2020-08-24,91.26,94.35,90.26,93.63,16864.788
2020-08-25,93.63,94.03,85.78,88.56,28691.667
2020-08-26,88.56,89.86,87.19,88.92,22920.59
2020-08-27,88.92,90.72,85.86,89.71,19078.016
2020-08-28,89.71,95.51,88.63,94.41,22018.24
2020-08-29,94.41,95.85,92.29,92.67,22136.533
2020-08-30,92.67,96.36,92.63,96.19,19869.402
2020-08-31,96.19,96.7,93.04,93.08,19199.363
2020-09-01,93.08,97.73,91.52,96.96,26650.986
2020-09-02,96.96,97.39,88.05,91.06,28651.867
2020-09-03,91.06,91.58,75.74,77.24,31822.723
2020-09-04,77.24,83.51,76.16,82.08,36902.554
2020-09-05,82.08,83.44,74.0,77.68,37257.47
2020-09-06,77.68,81.27,75.09,80.09,29764.549
2020-09-07,80.09,82.93,76.52,82.55,30701.327
2020-09-08,82.55,84.85,78.65,84.13,31806.712
2020-09-09,84.13,85.83,82.17,84.29,23646.107
2020-09-10,84.29,86.45,83.87,85.54,22682.987
2020-09-11,85.54,85.97,82.98,83.95,21824.276
2020-09-12,83.95,87.12,82.95,86.65,20298.343
2020-09-13,86.65,90.08,85.16,86.13,27753.312
2020-09-14,86.13,92.37,84.36,91.72,24320.166
2020-09-15,91.72,93.05,88.04,91.1,27050.267
2020-09-16,91.1,92.77,87.11,88.27,24167.061
2020-09-17,88.27,94.04,87.37,92.87,23107.358
2020-09-18,92.87,95.15,91.25,92.5,19476.734
2020-09-19,92.5,95.91,91.38,94.54,18815.007
2020-09-20,94.54,94.71,90.48,92.62,18263.153
2020-09-21,92.62,94.44,85.57,89.17,24338.323
2020-09-22,89.17,96.78,87.12,92.53,20081.444
2020-09-23,92.53,94.22,86.39,87.15,36168.804
2020-09-24,87.15,92.16,86.55,91.81,34316.885
2020-09-25,91.81,94.26,90.24,92.87,30836.09
2020-09-26,92.87,95.48,92.21,94.58,28613.91
2020-09-27,94.58,99.93,93.52,97.08,34846.624
2020-09-28,97.08,98.76,94.6,95.04,31201.283
2020-09-29,95.04,101.24,94.26,100.44,32307.448
2020-09-30,100.44,110.32,97.68,108.54,31972.546
2020-10-01,108.54,113.26,101.44,103.63,20740.515
2020-10-02,103.63,105.13,93.65,101.59,17107.212
2020-10-03,101.59,104.03,100.58,103.6,11627.766
2020-10-04,103.6,109.26,101.29,105.46,12643.868
2020-10-05,105.46,114.38,104.08,112.66,12911.078
2020-10-06,112.66,113.88,105.4,106.59,15624.934
2020-10-07,106.59,112.9,102.19,110.25,16289.734
2020-10-08,110.25,112.89,107.46,111.25,14795.82
2020-10-09,111.25,118.13,108.37,115.93,12961.83
2020-10-10,115.93,118.5,115.22,115.88,11192.968
2020-10-11,115.88,126.12,115.4,125.94,13159.595
2020-10-12,125.94,135.26,125.03,129.08,14104.647
2020-10-13,129.08,131.44,123.51,127.83,12297.726
2020-10-14,127.83,133.81,125.26,128.39,11802.681
2020-10-15,128.39,132.47,123.61,130.19,12445.998
2020-10-16,130.19,132.61,119.01,120.57,12282.381
2020-10-17,120.57,122.8,118.93,120.12,9550.831
2020-10-18,120.12,124.49,119.93,124.4,8165.953
2020-10-19,124.4,130.23,122.48,125.75,11496.978
2020-10-20,125.75,127.14,117.29,118.24,10893.475
2020-10-21,118.24,126.27,116.54,121.36,11837.254
2020-10-22,121.36,129.63,119.29,127.55,11950.336
2020-10-23,127.55,127.6,122.62,127.44,9492.096
2020-10-24,127.44,129.99,125.2,129.34,9189.653
2020-10-25,129.34,134.23,127.93,131.11,10384.129
2020-10-26,131.11,139.43,129.22,131.4,12770.937
2020-10-27,131.4,138.11,128.33,133.88,11233.405
2020-10-28,133.88,135.45,123.39,126.33,11541.559
2020-10-29,126.33,128.56,121.68,124.38,10676.71
2020-10-30,124.38,125.31,118.01,123.05,11412.472
2020-10-31,123.05,128.2,121.31,126.5,9673.46
2020-11-01,126.5,127.31,123.62,127.03,8985.146
2020-11-02,127.03,128.27,115.59,118.83,10185.146
2020-11-03,118.83,121.47,115.98,121.08,11053.548
2020-11-04,121.08,121.74,113.71,115.68,11103.215
2020-11-05,115.68,120.27,110.44,119.49,12630.237
2020-11-06,119.49,124.26,116.53,119.31,12042.389
2020-11-07,119.31,125.97,109.7,111.05,12854.738
2020-11-08,111.05,120.84,109.69,120.26,9920.667
2020-11-09,120.26,122.14,109.01,115.89,10997.913
2020-11-10,115.89,118.0,114.08,115.47,10669.919
2020-11-11,115.47,118.02,113.16,113.22,9388.853
2020-11-12,113.22,115.08,110.19,112.13,10101.697
2020-11-13,112.13,115.05,111.57,114.17,8857.716
2020-11-14,114.17,117.69,113.22,116.7,10015.574
2020-11-15,116.7,118.04,112.85,114.6,9981.938
2020-11-16,114.6,119.93,113.45,118.5,9130.934
2020-11-17,118.5,125.55,117.86,125.5,10311.001
2020-11-18,125.5,126.5,119.16,123.54,12505.305
2020-11-19,123.54,123.75,117.08,118.39,11312.676
2020-11-20,118.39,123.05,117.99,121.03,9463.511
2020-11-21,121.03,129.56,119.61,128.5,10596.546
2020-11-22,128.5,129.58,119.37,123.75,12483.626
2020-11-23,123.75,131.1,122.47,129.82,11115.758
2020-11-24,129.82,142.74,127.08,135.1,16332.991
2020-11-25,135.1,138.72,125.72,129.23,15030.311
2020-11-26,129.23,132.3,108.43,119.92,22710.026
2020-11-27,119.92,121.98,111.63,117.34,14641.792
2020-11-28,117.34,124.82,114.32,122.07,11529.569
2020-11-29,122.07,125.93,119.3,123.9,11427.04
2020-11-30,123.9,130.47,121.61,130.47,8945.357
2020-12-01,130.47,132.67,120.7,125.62,12439.774
2020-12-02,125.62,129.26,124.04,127.88,9775.375
2020-12-03,127.88,133.6,126.33,133.13,8565.698
2020-12-04,133.13,135.52,126.4,126.84,10037.601
2020-12-05,126.84,133.46,124.33,133.46,8895.767
2020-12-06,133.46,134.74,128.29,134.31,9275.006
2020-12-07,134.31,144.18,133.91,138.78,10426.759
2020-12-08,138.78,143.13,132.98,135.76,12543.453
2020-12-09,135.76,135.85,127.22,132.37,11244.646
2020-12-10,132.37,135.04,129.54,133.59,8442.152
2020-12-11,133.59,142.28,129.93,141.38,5151.996
2020-12-12,141.38,149.52,141.38,146.69,3213.386
2020-12-13,146.69,152.11,143.73,152.11,2282.854
2020-12-14,152.11,157.81,150.67,152.47,2530.994
2020-12-15,152.47,155.56,144.82,150.56,1974.918
2020-12-16,150.56,159.05,147.51,158.45,2165.294
2020-12-17,158.45,163.45,154.29,160.31,3384.631
2020-12-18,160.31,160.36,153.06,154.57,2552.689
2020-12-19,154.57,158.05,153.74,154.65,1963.321
2020-12-20,154.65,156.84,151.04,152.41,2141.662
2020-12-21,152.41,160.0,140.81,145.76,5622.622
2020-12-22,145.76,157.41,143.76,156.5,1615.282
2020-12-23,156.5,168.81,148.69,150.81,2832.18
2020-12-24,150.81,158.63,143.6,156.62,3193.61
2020-12-25,156.62,160.81,152.66,159.09,1890.925
2020-12-26,159.09,168.15,158.81,168.0,1816.694
2020-12-27,168.0,170.97,156.59,156.95,2066.023
2020-12-28,156.95,168.54,156.31,166.44,1651.183
2020-12-29,166.44,167.27,155.18,161.76,1829.084
2020-12-30,161.76,164.05,157.6,159.42,1582.285
2020-12-31,159.42,161.43,155.5,156.31,3844.441
2021-01-01,156.31,169.0,130.56,135.68,22672.934
2021-01-02,135.68,145.31,128.7,143.38,18431.016
2021-01-03,143.38,144.96,131.9,138.24,9908.502
2021-01-04,138.24,143.88,129.19,133.69,14193.165
2021-01-05,133.69,139.43,129.56,136.0,10798.884
2021-01-06,136.0,142.27,132.49,142.27,11349.061
2021-01-07,142.27,152.98,139.55,142.76,17341.424
2021-01-08,142.76,150.15,134.45,142.17,20918.833
2021-01-09,142.17,148.81,139.43,147.3,8072.696
2021-01-10,147.3,189.35,147.3,184.95,23828.26
2021-01-11,184.95,185.48,142.59,158.39,79846.455
2021-01-12,158.39,173.44,154.14,158.73,16546.673
2021-01-13,158.73,173.02,152.78,171.93,7150.032
2021-01-14,171.93,171.93,160.82,163.67,7674.413
2021-01-15,163.67,167.62,147.97,157.35,9228.696
2021-01-16,157.35,161.93,153.24,155.77,7392.69
2021-01-17,155.77,164.3,149.99,159.49,7926.419
2021-01-18,159.49,160.59,150.57,156.78,6439.997
2021-01-19,156.78,165.0,152.64,157.43,6456.92
2021-01-20,157.43,160.77,146.25,152.73,9671.593
2021-01-21,152.73,153.01,129.0,130.16,16305.437
2021-01-22,130.16,140.67,122.2,136.06,11942.05
2021-01-23,136.06,141.42,133.99,138.79,7786.107
2021-01-24,138.79,142.72,134.26,137.96,5637.69
2021-01-25,137.96,145.1,136.92,137.25,5856.293
2021-01-26,137.25,140.59,133.4,137.82,5924.022
2021-01-27,137.82,138.01,125.2,125.69,8471.845
2021-01-28,125.69,140.41,123.74,135.44,9582.719
2021-01-29,135.44,149.83,132.36,140.53,10819.308
2021-01-30,140.53,141.92,136.23,139.44,5703.041
2021-01-31,139.44,140.26,132.32,137.74,5247.339
2021-02-01,137.74,146.14,135.74,143.45,6206.857
2021-02-02,143.45,151.87,142.95,151.21,7522.391
2021-02-03,151.21,155.07,150.88,154.76,3284.844
2021-02-04,154.76,155.59,147.75,148.35,2612.971
2021-02-05,148.35,155.49,147.58,155.33,1599.138
2021-02-06,155.33,157.88,151.84,152.2,2307.365
2021-02-07,152.2,155.9,147.55,150.44,3010.917
2021-02-08,150.44,163.65,147.42,162.76,3420.446
2021-02-09,162.76,174.16,158.84,169.27,3906.486
2021-02-10,169.27,182.61,165.98,176.72,8334.066
2021-02-11,176.72,191.81,170.81,190.02,5776.227
2021-02-12,190.02,215.17,190.02,200.94,7154.861
2021-02-13,200.94,255.0,197.05,241.55,12603.075
2021-02-14,241.55,242.7,224.1,230.35,7281.682
2021-02-15,230.35,233.63,203.63,228.47,6879.742
2021-02-16,228.47,234.21,210.67,221.55,5328.639
2021-02-17,221.55,274.33,221.1,271.42,8662.554
2021-02-18,271.42,276.43,252.33,261.69,6744.629
2021-02-19,261.69,283.55,252.88,282.15,4959.582
2021-02-20,282.15,288.41,246.16,255.69,8142.201
2021-02-21,255.69,259.84,247.85,256.82,5482.417
2021-02-22,256.82,257.61,189.29,224.52,7578.11
2021-02-23,224.52,225.41,171.3,220.85,20206.855
2021-02-24,220.85,225.04,198.33,204.45,18306.802
2021-02-25,204.45,218.11,196.51,197.95,16267.204
2021-02-26,197.95,217.11,194.19,204.04,15057.715
2021-02-27,204.04,222.83,204.02,209.37,6233.588
2021-02-28,209.37,226.57,198.73,217.99,9358.979
2021-03-01,217.99,230.21,210.23,230.13,4806.2
2021-03-02,230.13,232.17,211.45,220.57,5363.956
2021-03-03,220.57,228.74,216.27,219.19,3827.527
2021-03-04,219.19,223.63,210.12,217.43,4942.552
2021-03-05,217.43,217.44,203.03,206.09,3107.676
2021-03-06,206.09,209.08,198.51,204.47,2450.226
2021-03-07,204.47,209.94,202.53,208.78,1575.91
2021-03-08,208.78,221.23,204.13,220.95,2276.657
2021-03-09,220.95,228.66,218.29,225.27,2619.739
2021-03-10,225.27,227.24,215.03,220.53,3291.036
2021-03-11,220.53,225.76,212.99,220.97,2823.046
2021-03-12,220.97,225.78,216.26,223.02,3237.889
2021-03-13,223.02,239.01,218.5,238.94,2732.599
2021-03-14,238.94,240.64,229.44,232.57,3177.164
2021-03-15,232.57,237.82,215.44,222.22,3521.208
2021-03-16,222.22,229.74,208.07,229.28,4705.694
2021-03-17,229.28,236.68,225.76,235.99,3849.511
2021-03-18,235.99,240.0,228.15,228.25,2255.412
2021-03-19,228.25,235.48,223.96,231.39,1622.617
2021-03-20,231.39,237.14,230.83,231.72,741.485
2021-03-21,231.72,236.76,226.0,232.1,1079.022
2021-03-22,232.1,233.03,217.33,217.33,1696.16
2021-03-23,217.33,224.81,212.06,218.42,3393.854
2021-03-24,218.42,229.07,207.2,211.17,2287.181
2021-03-25,211.17,221.25,205.1,214.52,4016.211
2021-03-26,214.52,225.59,214.52,221.59,1521.241
2021-03-27,221.59,223.64,214.16,221.14,1370.422
2021-03-28,221.14,232.7,217.68,232.32,1518.696
2021-03-29,232.32,241.1,226.78,234.42,2865.514
2021-03-30,234.42,247.22,232.57,244.29,3402.818
2021-03-31,244.29,264.02,242.45,246.43,2969.123
2021-04-01,246.43,255.05,244.71,250.39,1702.114
2021-04-02,250.39,260.99,249.38,257.75,1414.948
2021-04-03,257.75,266.91,253.7,257.31,2068.134
2021-04-04,257.31,272.28,247.35,263.86,3037.955
2021-04-05,263.86,268.74,259.89,265.14,2838.038
2021-04-06,265.14,276.99,262.05,270.56,2047.345
2021-04-07,270.56,279.69,253.12,257.15,3040.782
2021-04-08,257.15,271.65,251.21,269.41,2150.4
2021-04-09,269.41,289.93,266.18,273.47,1701.202
2021-04-10,273.47,299.04,273.34,292.09,5317.255
2021-04-11,292.09,329.19,289.43,328.51,3810.217
2021-04-12,328.51,344.01,314.48,314.48,2941.118
2021-04-13,314.48,331.29,307.56,327.27,2083.723
2021-04-14,327.27,330.88,308.85,320.97,1773.853
2021-04-15,320.97,347.53,318.69,344.01,1878.654
2021-04-16,344.01,346.73,313.89,340.88,1813.815
2021-04-17,340.88,374.76,340.74,363.68,1866.157
2021-04-18,363.68,375.52,285.8,338.55,4696.297
2021-04-19,338.55,365.14,305.85,356.85,3377.978
2021-04-20,356.85,414.31,328.39,404.47,4830.846
2021-04-21,404.47,424.86,373.82,375.99,3347.421
2021-04-22,375.99,390.54,343.95,347.61,1168.409
2021-04-23,347.61,354.46,301.81,354.05,4078.04
2021-04-24,354.05,396.79,339.21,381.28,1651.868
2021-04-25,381.28,405.38,335.41,355.68,1599.422
2021-04-26,355.68,404.61,342.73,404.61,1676.522
2021-04-27,404.61,412.38,385.36,402.75,872.393
2021-04-28,402.75,439.38,400.57,414.13,1639.296
2021-04-29,414.13,425.28,399.65,407.24,1021.141
2021-04-30,407.24,422.56,403.34,421.45,569.872
2021-05-01,421.45,434.25,415.87,426.01,489.199
2021-05-02,426.01,426.57,400.73,404.85,379.475
2021-05-03,404.85,426.08,401.21,411.64,719.992
2021-05-04,411.64,411.7,378.83,379.72,1687.472
2021-05-05,379.72,417.47,376.53,417.18,1414.072
2021-05-06,417.18,435.41,405.29,422.05,948.296
2021-05-07,422.05,518.22,422.05,455.5,3433.478
2021-05-08,455.5,485.51,451.85,475.81,3245.576
2021-05-09,475.81,485.91,447.46,483.51,1262.776
2021-05-10,483.51,496.61,425.23,441.01,1174.776
2021-05-11,441.01,454.27,420.41,453.35,2245.948
2021-05-12,453.35,478.44,390.8,395.75,1366.62
2021-05-13,395.75,420.6,370.56,402.55,1781.489
2021-05-14,402.55,421.76,397.35,412.47,1543.473
2021-05-15,412.47,441.5,382.03,382.29,2514.526
2021-05-16,382.29,403.99,372.06,390.32,1123.308
2021-05-17,390.32,390.54,333.04,339.59,1416.376
2021-05-18,339.59,360.25,327.07,341.36,747.309
2021-05-19,341.36,344.85,150.85,197.84,4793.675
2021-05-20,197.84,289.68,180.69,280.32,7618.211
2021-05-21,280.32,329.25,227.51,256.12,5233.764
2021-05-22,256.12,262.24,222.57,230.82,2476.747
2021-05-23,230.82,260.33,175.05,226.37,2493.647
2021-05-24,226.37,256.73,214.92,255.39,1707.465
2021-05-25,255.39,264.86,212.53,246.68,1343.394
2021-05-26,246.68,274.11,243.04,268.27,836.803
2021-05-27,268.27,268.83,243.27,251.03,942.118
2021-05-28,251.03,266.8,217.83,262.6,2278.56
2021-05-29,262.6,297.09,229.5,242.68,1459.099
2021-05-30,242.68,267.78,226.53,262.14,863.197
2021-05-31,262.14,275.52,242.57,272.5,772.218
2021-06-01,272.5,276.3,252.91,266.11,1020.668
2021-06-02,266.11,295.03,262.67,294.38,769.514
2021-06-03,294.38,315.43,285.88,309.23,1162.865
2021-06-04,309.23,311.5,267.96,287.45,1141.736
2021-06-05,287.45,294.91,257.48,264.0,793.96
2021-06-06,264.0,276.84,262.6,272.38,567.106
2021-06-07,272.38,281.18,247.32,249.3,345.648
2021-06-08,249.3,255.38,222.51,253.24,711.203
2021-06-09,253.24,275.0,237.56,274.32,665.852
2021-06-10,274.32,282.68,254.7,255.27,599.813
2021-06-11,255.27,258.17,240.51,242.78,571.694
2021-06-12,242.78,251.57,232.17,242.72,1494.268
2021-06-13,242.72,261.6,237.79,261.06,1355.254
2021-06-14,261.06,275.28,258.66,275.23,412.954
2021-06-15,275.23,285.15,272.57,279.65,418.559
2021-06-16,279.65,288.23,259.82,262.17,424.252
2021-06-17,262.17,281.37,262.05,276.66,440.663
2021-06-18,276.66,279.81,261.07,265.44,438.2
2021-06-19,265.44,282.05,263.5,268.08,442.496
2021-06-20,268.08,271.09,247.99,264.55,356.39
2021-06-21,264.55,265.28,200.36,203.25,852.473
2021-06-22,203.25,225.56,180.61,201.34,1383.524
2021-06-23,201.34,223.77,193.02,218.43,764.39
2021-06-24,218.43,226.93,204.43,225.4,658.126
2021-06-25,225.4,227.38,193.09,195.98,892.44
2021-06-26,195.98,202.6,185.54,202.53,584.563
2021-06-27,202.53,211.68,195.75,211.42,423.412
2021-06-28,211.42,217.11,206.1,212.75,354.465
2021-06-29,212.75,226.78,212.59,217.27,741.896
2021-06-30,217.27,223.63,209.12,222.7,426.579
2021-07-01,222.7,222.96,203.49,206.27,384.358
2021-07-02,206.27,211.68,199.57,211.4,299.128
2021-07-03,211.4,216.31,207.02,214.72,391.609
2021-07-04,214.72,225.0,213.0,220.05,407.855
2021-07-05,220.05,220.28,205.93,214.38,392.232
2021-07-06,214.38,222.0,212.22,221.97,644.002
2021-07-07,221.97,231.43,214.42,215.0,414.273
2021-07-08,215.0,215.48,202.13,205.51,573.218
2021-07-09,205.51,214.7,200.0,212.95,505.145
2021-07-10,212.95,217.44,206.9,209.56,310.314
2021-07-11,209.56,214.38,208.08,211.52,336.911
2021-07-12,211.52,216.57,203.25,206.59,495.16
2021-07-13,206.59,211.41,200.56,203.4,372.118
2021-07-14,203.4,204.85,192.81,203.28,391.186
2021-07-15,203.28,205.4,190.39,196.77,390.324
2021-07-16,196.77,200.12,191.61,192.83,388.203
2021-07-17,192.83,199.31,191.33,197.54,514.215
2021-07-18,197.54,204.88,197.29,199.25,702.722
2021-07-19,199.25,200.24,187.79,188.87,1559.833
2021-07-20,188.87,191.48,178.9,182.87,2049.743
2021-07-21,182.87,200.01,179.16,196.51,1459.748
2021-07-22,196.51,201.78,190.06,197.61,1655.479
2021-07-23,197.61,203.71,194.57,203.65,934.147
2021-07-24,203.65,210.56,202.0,208.55,862.449
2021-07-25,208.55,214.47,204.04,213.4,1025.535
2021-07-26,213.4,234.7,212.74,218.04,2098.532
2021-07-27,218.04,226.38,214.33,225.91,1437.655
2021-07-28,225.91,235.04,222.36,235.04,1339.498
2021-07-29,235.04,248.27,230.99,241.41,1219.892
2021-07-30,241.41,245.2,230.19,242.45,864.548
2021-07-31,242.45,248.79,234.5,239.81,1014.453
2021-08-01,239.81,249.52,232.77,235.99,1303.302
2021-08-02,235.99,243.79,228.54,232.71,960.586
2021-08-03,232.71,236.51,223.87,225.49,915.331
2021-08-04,225.49,245.53,223.23,245.09,843.608
2021-08-05,245.09,253.55,237.52,252.89,1471.584
2021-08-06,252.89,266.65,250.75,262.73,1218.842
2021-08-07,262.73,275.54,259.58,271.2,1367.742
2021-08-08,271.2,274.5,256.14,256.98,2113.144
2021-08-09,256.98,271.8,253.98,269.6,1498.798
2021-08-10,269.6,271.08,260.33,266.16,858.024
2021-08-11,266.16,279.3,265.91,268.42,1044.31
2021-08-12,268.42,276.28,252.56,257.2,1327.081
2021-08-13,257.2,273.27,255.1,273.14,877.673
2021-08-14,273.14,279.05,264.93,271.33,957.987
2021-08-15,271.33,274.92,261.74,272.08,861.159
2021-08-16,272.08,284.73,266.23,267.15,1216.486
2021-08-17,267.15,277.77,255.37,256.23,1486.017
2021-08-18,256.23,261.98,246.43,252.74,1684.059
2021-08-19,252.74,264.21,247.07,264.13,1204.083
2021-08-20,264.13,283.22,262.08,281.84,1273.628
2021-08-21,281.84,293.3,272.66,287.84,1956.05
2021-08-22,287.84,306.6,275.85,305.55,1495.417
2021-08-23,305.55,333.79,302.42,318.17,1759.982
2021-08-24,318.17,339.41,303.01,308.01,2011.828
2021-08-25,308.01,324.96,298.08,314.13,1428.44
2021-08-26,314.13,317.5,286.82,291.61,1645.674
2021-08-27,291.61,316.55,286.17,314.77,912.418
2021-08-28,314.77,316.34,298.36,300.44,600.872
2021-08-29,300.44,306.44,287.65,291.19,802.829
2021-08-30,291.19,294.92,280.95,281.8,1538.574
2021-08-31,281.8,292.44,279.47,285.9,1885.407
2021-09-01,285.9,303.25,280.09,302.91,1637.097
2021-09-02,302.91,309.08,297.77,302.66,1859.402
2021-09-03,302.66,309.42,296.91,303.52,1152.818
2021-09-04,303.52,311.05,298.95,304.98,1042.192
2021-09-05,304.98,319.19,299.66,315.23,1182.887
2021-09-06,315.23,321.54,300.96,314.92,1441.297
2021-09-07,314.92,316.18,233.11,262.21,5558.771
2021-09-08,262.21,270.85,243.1,256.51,4104.084
2021-09-09,256.51,266.63,253.81,261.36,1909.799
2021-09-10,261.36,268.11,244.56,248.7,1717.965
2021-09-11,248.7,258.53,247.37,249.6,1194.986
2021-09-12,249.6,258.31,246.31,256.44,1868.526
2021-09-13,256.44,270.31,241.91,263.2,5480.673
2021-09-14,263.2,274.85,256.19,268.42,3110.892
2021-09-15,268.42,274.56,265.52,269.15,2537.106
2021-09-16,269.15,273.13,259.66,264.09,2931.475
2021-09-17,264.09,267.52,257.07,262.5,3308.782
2021-09-18,262.5,271.64,259.98,269.46,2893.992
2021-09-19,269.46,276.2,258.47,259.79,5259.713
2021-09-20,259.79,261.41,226.17,232.56,8527.042
2021-09-21,232.56,237.33,212.07,217.58,8206.057
2021-09-22,217.58,245.35,214.59,244.83,5807.427
2021-09-23,244.83,250.88,243.22,249.04,3372.693
2021-09-24,249.04,254.33,224.07,233.58,8583.134
2021-09-25,233.58,242.22,230.21,235.69,5074.695
2021-09-26,235.69,237.04,222.13,234.4,6039.566
2021-09-27,234.4,248.05,233.8,234.25,6766.204
2021-09-28,234.25,243.58,228.25,229.55,5700.807
2021-09-29,229.55,240.47,228.74,233.92,4223.55
2021-09-30,233.92,254.08,232.72,251.11,3939.489
2021-10-01,251.11,261.22,243.21,257.77,2911.344
2021-10-02,257.77,262.42,251.85,253.01,2648.887
2021-10-03,253.01,263.14,250.31,258.99,3237.616
2021-10-04,258.99,266.92,251.55,264.79,4487.602
2021-10-05,264.79,275.48,261.09,270.52,4639.393
2021-10-06,270.52,294.33,262.42,286.42,9489.608
2021-10-07,286.42,296.07,276.01,277.6,5279.011
2021-10-08,277.6,286.32,276.41,277.66,3388.241
2021-10-09,277.66,282.05,273.31,278.05,2873.776
2021-10-10,278.05,282.41,269.54,270.15,2835.452
2021-10-11,270.15,279.85,265.74,276.74,9412.479
2021-10-12,276.74,280.69,268.71,276.89,7430.073
2021-10-13,276.89,283.18,269.27,274.43,3605.075
2021-10-14,274.43,274.74,264.6,266.44,2198.863
2021-10-15,266.44,279.02,260.96,274.05,4271.89
2021-10-16,274.05,274.31,265.18,267.8,2691.733
2021-10-17,267.8,268.21,253.58,260.68,2315.718
2021-10-18,260.68,264.23,252.71,256.3,2778.437
2021-10-19,256.3,260.28,251.6,255.28,2835.482
2021-10-20,255.28,265.62,253.46,260.19,2250.266
2021-10-21,260.19,275.32,257.87,270.89,4450.54
2021-10-22,270.89,275.11,263.96,266.45,3136.024
2021-10-23,266.45,269.55,261.32,267.43,1966.164
2021-10-24,267.43,294.95,266.54,289.41,4955.112
2021-10-25,289.41,297.87,283.86,286.84,3425.815
2021-10-26,286.84,293.99,279.12,279.97,5146.478
2021-10-27,279.97,283.24,248.9,257.96,8235.579
2021-10-28,257.96,271.01,256.35,267.08,8231.143
2021-10-29,267.08,271.19,265.12,268.38,2687.068
2021-10-30,268.38,269.69,260.65,262.63,1859.535
2021-10-31,262.63,276.09,262.63,274.69,3927.84
2021-11-01,274.69,278.17,267.25,270.86,3255.071
2021-11-02,270.86,277.33,267.71,274.92,1409.727
2021-11-03,274.92,275.06,263.99,265.87,5121.419
2021-11-04,265.87,266.76,256.0,260.68,1814.924
2021-11-05,260.68,262.88,253.51,256.09,2145.751
2021-11-06,256.09,262.54,249.24,259.81,1772.234
2021-11-07,259.81,266.88,258.8,266.61,1414.812
2021-11-08,266.61,275.07,261.83,274.93,1945.389
2021-11-09,274.93,293.82,269.1,289.33,3839.647
2021-11-10,289.33,292.74,260.27,267.07,5828.463
2021-11-11,267.07,271.06,261.15,263.84,3606.86
2021-11-12,263.84,266.86,252.27,260.74,3499.033
2021-11-13,260.74,274.8,258.36,270.7,2449.19
2021-11-14,270.7,281.64,266.51,274.88,2515.54
2021-11-15,274.88,278.72,265.25,267.91,2332.526
2021-11-16,267.91,267.97,231.54,240.78,7444.85
2021-11-17,240.78,244.4,230.78,241.59,5251.996
2021-11-18,241.59,244.04,223.92,226.36,8305.317
2021-11-19,226.36,239.61,224.21,238.56,3455.009
2021-11-20,238.56,251.71,237.09,247.09,3002.004
2021-11-21,247.09,253.53,242.24,250.68,2160.081
2021-11-22,250.68,251.02,229.03,231.87,3877.142
2021-11-23,231.87,239.26,225.68,237.44,3210.357
2021-11-24,237.44,246.98,233.22,243.71,5114.369
2021-11-25,243.71,250.78,239.16,247.95,6646.943
2021-11-26,247.95,249.41,217.81,226.67,3626.985
2021-11-27,226.67,233.71,225.63,228.01,2426.256
2021-11-28,228.01,239.25,220.13,239.24,3937.603
2021-11-29,239.24,240.08,233.35,235.71,2549.737
2021-11-30,235.71,250.22,228.02,237.83,4621.313
2021-12-01,237.83,242.71,227.3,230.84,3214.777
2021-12-02,230.84,241.49,225.45,239.29,3001.293
2021-12-03,239.29,244.12,218.02,223.84,4074.838
2021-12-04,223.84,225.37,178.72,204.74,13290.943
2021-12-05,204.74,206.17,193.32,201.15,7939.148
2021-12-06,201.15,203.65,185.93,201.16,9637.849
2021-12-07,201.16,208.18,199.48,206.96,4992.484
2021-12-08,206.96,214.01,200.67,209.74,6490.696
2021-12-09,209.74,210.44,187.94,189.27,5568.082
2021-12-10,189.27,197.74,186.18,189.8,8281.701
2021-12-11,189.8,199.74,187.29,198.16,5321.962
2021-12-12,198.16,202.02,191.65,197.85,3221.946
2021-12-13,197.85,198.88,181.58,183.92,5727.928
2021-12-14,183.92,188.06,180.19,186.82,5330.233
2021-12-15,186.82,190.71,179.19,188.03,4435.662
2021-12-16,188.03,198.72,184.98,187.04,2190.973
2021-12-17,187.04,188.67,176.67,181.74,2217.419
2021-12-18,181.74,185.75,178.08,181.1,1672.71
2021-12-19,181.1,185.92,178.05,183.86,1821.537
2021-12-20,183.86,193.12,179.41,188.99,2884.74
2021-12-21,188.99,197.88,187.35,189.13,2822.27
2021-12-22,189.13,194.49,186.34,190.53,1967.272
2021-12-23,190.53,214.97,187.64,209.67,3625.864
2021-12-24,209.67,210.84,200.56,204.06,3275.107
2021-12-25,204.06,218.21,203.13,211.14,2066.343
2021-12-26,211.14,217.36,206.17,216.87,1576.49
2021-12-27,216.87,236.4,215.68,220.77,2481.063
2021-12-28,220.77,221.02,207.42,208.87,3356.201
2021-12-29,208.87,218.66,203.13,214.52,1874.324
2021-12-30,214.52,228.84,209.22,225.4,2388.985
2021-12-31,225.4,235.31,223.15,228.52,2461.413
2022-01-01,228.52,252.5,228.52,250.34,2110.66
2022-01-02,250.34,251.07,236.52,239.51,1621.282
2022-01-03,239.51,239.92,223.57,231.49,1637.928
2022-01-04,231.49,233.28,220.63,222.29,1474.706
2022-01-05,222.29,225.09,201.02,206.18,2013.431
2022-01-06,206.18,206.31,194.1,204.54,4012.042
2022-01-07,204.54,208.72,191.93,194.52,3979.307
2022-01-08,194.52,197.58,179.25,183.59,2968.075
2022-01-09,183.59,196.33,183.08,190.74,450.641
2022-01-10,190.74,194.23,178.73,182.79,2942.354
2022-01-11,182.79,193.21,181.46,192.8,1584.95
2022-01-12,192.8,200.9,192.63,199.05,1752.865
2022-01-13,199.05,229.79,198.56,224.27,4233.099
2022-01-14,224.28,230.91,217.07,229.37,3079.133
2022-01-15,229.37,230.97,217.09,217.99,1467.329
2022-01-16,217.99,228.13,213.31,224.17,1694.85
2022-01-17,224.17,230.08,212.05,214.59,2621.679
2022-01-18,214.59,217.59,199.78,204.2,2038.471
2022-01-19,204.2,212.66,199.16,201.38,2141.6
2022-01-20,201.38,209.71,188.12,188.35,1696.284
2022-01-21,188.35,191.87,167.55,172.64,7243.012
2022-01-22,172.64,175.8,140.5,152.0,16366.852
2022-01-23,152.0,158.86,148.22,156.73,5085.336
2022-01-24,156.73,156.73,134.78,146.79,9101.142
2022-01-25,146.79,147.72,139.77,144.45,4984.189
2022-01-26,144.45,158.13,142.97,148.28,5641.131
2022-01-27,148.28,149.37,139.32,144.6,4719.697
2022-01-28,144.6,149.11,140.84,149.03,3523.587
2022-01-29,149.03,155.4,148.83,153.36,1939.96
2022-01-30,153.36,154.69,145.82,147.8,2157.603
2022-01-31,147.8,148.03,140.6,147.21,2585.478
2022-02-01,147.21,148.05,143.33,146.06,2491.842
2022-02-02,146.06,150.07,144.0,144.85,3413.959
2022-02-03,144.85,146.75,140.73,146.64,2982.264
2022-02-04,146.64,165.78,146.46,165.15,3775.25
2022-02-05,165.15,169.9,161.87,168.58,3027.003
2022-02-06,168.58,174.12,166.62,173.44,1679.561
2022-02-07,173.44,185.3,170.95,184.86,2759.858
2022-02-08,184.86,187.59,174.64,178.75,5661.506
2022-02-09,178.75,185.79,175.7,185.77,3697.862
2022-02-10,185.77,187.16,177.66,179.06,3588.638
2022-02-11,179.06,181.43,166.26,169.32,3245.788
2022-02-12,169.32,175.0,164.34,173.7,3177.188
2022-02-13,173.7,175.0,170.75,173.76,2344.155
2022-02-14,173.76,177.15,168.0,176.15,2419.68
2022-02-15,176.15,183.21,174.19,182.41,1869.57
2022-02-16,182.41,183.63,177.9,178.88,1292.073
2022-02-17,178.88,180.8,163.03,163.55,2480.956
2022-02-18,163.55,166.68,159.04,160.13,2827.462
2022-02-19,160.13,165.39,158.46,161.27,1914.593
2022-02-20,161.27,161.57,151.05,153.86,5431.482
2022-02-21,153.86,161.5,147.35,147.65,6804.502
2022-02-22,147.65,151.65,138.96,150.93,6438.538
2022-02-23,150.93,156.07,148.03,148.79,2500.347
2022-02-24,148.79,151.42,132.44,146.89,7520.121
2022-02-25,146.89,155.87,145.04,153.62,3059.445
2022-02-26,153.62,159.8,151.74,157.33,2206.172
2022-02-27,157.33,159.52,148.38,150.55,2503.915
2022-02-28,150.55,170.61,148.63,170.13,2580.785
2022-03-01,170.13,179.57,170.09,177.52,2318.082
2022-03-02,177.52,181.03,172.75,177.55,2184.3
2022-03-03,177.55,181.29,170.67,171.86,1586.119
2022-03-04,171.86,179.06,156.14,159.82,2938.59
2022-03-05,159.82,165.75,155.83,165.73,1551.146
2022-03-06,165.73,173.12,158.65,158.74,5289.958
2022-03-07,158.74,162.5,147.92,157.71,6391.57
2022-03-08,157.71,206.74,157.28,203.56,10401.586
2022-03-09,203.56,208.02,185.59,188.21,4644.066
2022-03-10,188.21,191.94,166.11,178.77,3386.052
2022-03-11,178.77,178.84,167.19,170.47,3228.032
2022-03-12,170.47,186.5,169.74,185.51,3469.077
2022-03-13,185.51,194.55,174.6,175.94,4540.521
2022-03-14,175.94,186.23,174.06,185.74,4042.486
2022-03-15,185.74,191.25,176.82,182.95,4867.421
2022-03-16,182.95,200.0,182.26,189.55,9500.095
2022-03-17,189.55,191.7,185.53,187.81,3622.939
2022-03-18,187.81,196.55,185.98,195.01,1635.492
2022-03-19,195.01,201.81,190.99,197.51,1888.975
2022-03-20,197.51,204.69,194.24,194.59,2332.587
2022-03-21,194.59,195.46,188.23,191.58,2219.713
2022-03-22,191.58,197.99,189.56,193.51,1462.291
2022-03-23,193.51,197.24,191.15,197.13,874.537
2022-03-24,197.13,204.27,193.67,203.86,1542.554
2022-03-25,203.86,204.72,198.88,199.63,1381.73
2022-03-26,199.63,209.69,199.42,206.98,1463.795
2022-03-27,206.98,215.83,205.24,215.61,1178.269
2022-03-28,215.61,221.5,212.63,214.7,1786.491
2022-03-29,214.7,225.48,214.62,221.97,2296.989
2022-03-30,221.97,223.31,216.0,221.23,857.358
2022-03-31,221.23,223.24,211.19,212.55,1634.956
2022-04-01,212.55,221.85,208.71,218.21,5306.103
2022-04-02,218.21,222.75,212.05,212.56,4946.015
2022-04-03,212.56,218.85,209.27,217.1,628.4
2022-04-04,217.1,224.42,211.62,222.02,1212.965
2022-04-05,222.02,228.49,218.02,222.39,2166.479
2022-04-06,222.39,224.56,211.91,213.34,2259.079
2022-04-07,213.34,228.02,212.72,226.07,1667.947
2022-04-08,226.07,227.22,215.06,216.97,960.171
2022-04-09,216.97,245.46,216.54,239.89,3750.654
2022-04-10,239.89,244.72,228.85,235.45,2714.474
2022-04-11,235.45,243.89,215.4,225.68,4097.154
2022-04-12,225.68,250.0,224.81,232.92,5817.05
2022-04-13,232.92,238.73,227.45,236.93,2296.122
2022-04-14,236.93,240.55,223.75,229.45,2532.962
2022-04-15,229.45,239.92,228.22,239.27,2766.099
2022-04-16,239.27,239.43,228.11,236.2,1883.732
2022-04-17,236.2,243.31,234.87,241.76,1640.975
2022-04-18,241.76,271.56,233.71,265.71,4821.08
2022-04-19,265.71,268.98,250.24,254.22,1551.797
2022-04-20,254.22,271.41,251.32,266.94,2736.344
2022-04-21,266.94,289.29,266.32,278.36,3501.117
2022-04-22,278.36,288.82,261.57,268.13,3008.403
2022-04-23,268.13,278.86,262.68,266.67,1377.29
2022-04-24,266.67,268.68,248.15,252.58,1847.256
2022-04-25,252.58,259.79,237.53,254.47,2529.394
2022-04-26,254.47,264.39,227.27,229.97,3229.351
2022-04-27,229.97,235.83,221.52,229.72,2696.861
2022-04-28,229.72,237.87,223.96,227.18,2357.933
2022-04-29,227.18,235.8,217.1,220.55,3210.879
2022-04-30,220.55,233.77,212.52,214.63,3410.772
2022-05-01,214.63,227.77,207.78,212.28,2652.47
2022-05-02,212.28,216.2,195.92,199.54,2382.338
2022-05-03,199.54,215.7,198.99,207.27,3263.627
2022-05-04,207.27,225.47,206.35,225.34,1609.495
2022-05-05,225.34,229.54,197.81,206.87,6062.476
2022-05-06,206.87,218.74,200.37,218.25,3568.846
2022-05-07,218.25,223.16,199.21,204.49,3616.163
2022-05-08,204.49,221.72,199.9,217.3,3718.243
2022-05-09,217.3,220.65,171.79,172.78,4561.298
2022-05-10,172.78,189.43,151.03,162.75,7775.815
2022-05-11,162.75,173.0,138.25,140.52,14279.266
2022-05-12,140.52,156.36,119.41,137.72,13674.287
2022-05-13,137.72,155.33,135.34,144.18,4999.872
2022-05-14,144.18,154.94,135.66,153.5,2703.448
2022-05-15,153.5,172.86,150.91,172.01,3423.562
2022-05-16,172.01,175.62,160.02,162.19,3527.904
2022-05-17,162.19,177.56,162.16,172.95,2851.097
2022-05-18,172.95,175.99,154.65,155.13,2852.974
2022-05-19,155.13,170.25,151.13,165.75,5947.404
2022-05-20,165.75,181.65,163.13,174.2,8240.087
2022-05-21,174.2,181.05,170.23,175.89,3089.903
2022-05-22,175.89,188.58,172.49,187.14,2420.102
2022-05-23,187.14,200.0,181.64,185.05,5902.388
2022-05-24,185.05,196.57,183.65,193.01,3645.235
2022-05-25,193.01,205.63,191.46,204.55,4422.291
2022-05-26,204.55,206.96,185.22,189.35,5747.679
2022-05-27,189.35,190.75,176.08,180.87,4380.563
2022-05-28,180.87,184.31,174.17,175.97,2297.895
2022-05-29,175.97,188.26,167.72,185.93,3398.78
2022-05-30,185.93,209.23,182.66,204.14,4723.792
2022-05-31,204.14,208.6,191.74,198.3,4060.235
2022-06-01,198.3,203.58,192.94,198.63,4847.806
2022-06-02,198.63,204.13,192.32,201.36,4131.595
2022-06-03,201.36,202.9,187.37,193.77,2943.335
2022-06-04,193.77,195.74,188.36,189.07,4783.144
2022-06-05,189.07,191.88,185.85,187.99,1308.764
2022-06-06,187.99,195.69,187.65,189.37,1779.103
2022-06-07,189.37,195.38,180.02,187.57,2962.068
2022-06-08,187.57,189.57,182.25,186.56,2338.117
2022-06-09,186.56,189.87,182.33,185.83,1278.502
2022-06-10,185.83,186.64,172.23,174.28,2949.554
2022-06-11,174.28,178.62,160.83,166.42,4020.061
2022-06-12,166.42,167.24,152.41,158.27,6734.878
2022-06-13,158.27,160.16,128.15,132.68,13257.817
2022-06-14,132.68,134.27,116.02,118.18,11201.566
2022-06-15,118.18,119.42,104.1,118.46,12362.757
2022-06-16,118.46,121.11,104.16,106.56,6822.892
2022-06-17,106.56,116.41,105.94,114.46,4167.133
2022-06-18,114.46,115.51,96.77,104.43,7460.706
2022-06-19,104.43,115.22,100.1,114.56,4328.802
2022-06-20,114.56,117.96,108.42,117.31,2269.386
2022-06-21,117.31,125.41,115.76,118.89,2776.321
2022-06-22,118.89,118.89,110.97,111.15,3050.093
2022-06-23,111.15,122.97,110.66,122.66,2037.83
2022-06-24,122.66,128.8,122.42,126.54,3309.545
2022-06-25,126.54,128.16,121.06,127.33,1243.696
2022-06-26,127.33,133.99,124.84,125.13,2406.168
2022-06-27,125.13,130.66,119.95,120.04,5957.03
2022-06-28,120.04,123.2,116.02,117.66,3314.92
2022-06-29,117.66,124.72,116.84,118.88,4249.536
2022-06-30,118.88,119.75,108.02,113.02,2389.22
2022-07-01,113.02,117.33,110.89,115.43,3014.711
2022-07-02,115.43,119.06,113.23,116.06,10273.307
2022-07-03,116.06,117.79,114.22,116.55,1777.333
2022-07-04,116.55,124.34,115.06,123.97,3197.16
2022-07-05,123.97,125.31,118.68,122.35,2615.006
2022-07-06,122.35,126.85,120.97,125.56,2397.691
2022-07-07,125.56,131.56,125.25,130.52,1877.361
2022-07-08,130.52,133.75,125.22,125.3,1280.62
2022-07-09,125.3,129.16,124.87,127.14,1042.13
2022-07-10,127.14,129.66,120.74,129.53,2084.198
2022-07-11,129.53,132.97,125.67,127.01,2708.665
2022-07-12,127.01,129.43,122.87,123.03,1295.972
2022-07-13,123.03,125.9,117.53,124.22,1554.239
2022-07-14,124.22,134.97,123.34,133.97,1843.132
2022-07-15,133.97,141.36,132.53,138.83,1959.139
2022-07-16,138.83,144.7,135.48,138.97,2149.387
2022-07-17,138.97,142.25,134.34,135.99,1307.825
2022-07-18,135.99,148.87,135.85,146.9,2258.37
2022-07-19,146.9,148.94,139.75,146.24,2147.367
2022-07-20,146.24,153.5,143.13,151.03,2836.65
2022-07-21,151.03,153.06,146.03,151.13,3490.959
2022-07-22,151.13,153.5,148.25,148.88,1444.035
2022-07-23,148.88,151.25,142.28,146.33,1224.451
2022-07-24,146.33,153.94,146.33,151.44,731.602
2022-07-25,151.44,152.27,143.24,143.68,1288.822
2022-07-26,143.68,151.22,137.94,151.05,2226.437
2022-07-27,151.05,162.96,150.05,161.56,2127.705
2022-07-28,161.56,166.58,156.61,162.35,2210.786
2022-07-29,162.35,166.36,158.94,159.88,2402.661
2022-07-30,159.88,163.85,154.63,155.72,2003.26
2022-07-31,155.72,159.75,153.58,154.75,1777.635
2022-08-01,154.75,161.41,152.24,160.65,1247.55
2022-08-02,160.65,161.79,153.56,156.84,12546.147
2022-08-03,156.84,164.25,154.94,156.66,2211.05
2022-08-04,156.66,163.06,156.22,159.38,1985.106
2022-08-05,159.38,162.48,156.62,161.7,1334.439
2022-08-06,161.7,165.04,160.22,160.69,1022.545
2022-08-07,160.69,170.95,158.25,164.65,2658.182
2022-08-08,164.65,169.96,162.47,167.08,2234.837
2022-08-09,167.08,171.92,155.41,157.86,4543.84
2022-08-10,157.86,169.5,154.33,167.43,5035.281
2022-08-11,167.43,168.5,156.16,158.41,2005.184
2022-08-12,158.41,165.91,156.13,165.06,3759.989
2022-08-13,165.06,167.47,163.4,164.93,3069.932
2022-08-14,164.93,168.34,162.28,164.15,1105.238
2022-08-15,164.15,168.58,161.28,163.12,2135.366
2022-08-16,163.12,174.16,161.78,169.14,3962.932
2022-08-17,169.14,170.56,158.5,168.64,7564.819
2022-08-18,168.64,170.72,158.81,161.02,4312.282
2022-08-19,161.02,161.1,141.75,142.25,5458.174
2022-08-20,142.25,149.75,141.97,148.84,1591.283
2022-08-21,148.84,157.72,148.84,154.28,2163.935
2022-08-22,154.28,154.87,150.41,153.86,3706.295
2022-08-23,153.86,155.93,150.19,154.39,2934.471
2022-08-24,154.39,154.87,150.28,150.65,2965.103
2022-08-25,150.65,155.47,150.25,154.02,3669.102
2022-08-26,154.02,155.44,141.28,142.72,6649.043
2022-08-27,142.72,146.1,141.62,145.06,4741.536
2022-08-28,145.06,149.27,144.06,146.38,4841.353
2022-08-29,146.38,153.12,144.77,152.6,5510.818
2022-08-30,152.6,152.92,147.19,148.84,3875.893
2022-08-31,148.84,152.56,148.31,149.24,3893.362
2022-09-01,149.24,154.77,148.41,154.53,10647.71
2022-09-02,154.53,154.71,150.25,153.29,8221.078
2022-09-03,153.29,154.97,151.51,154.38,1327.556
2022-09-04,154.38,156.25,153.58,155.55,1518.331
2022-09-05,155.55,157.93,154.75,157.53,2957.232
2022-09-06,157.53,159.94,144.53,144.99,6467.002
2022-09-07,144.99,152.33,141.65,149.33,6362.648
2022-09-08,149.33,152.63,147.73,152.16,4826.276
2022-09-09,152.16,161.49,151.77,161.44,5799.054
2022-09-10,161.44,161.88,157.06,157.78,4048.543
2022-09-11,157.78,159.53,154.51,159.13,4642.638
2022-09-12,159.13,167.01,158.1,164.12,8734.206
2022-09-13,164.12,165.64,145.33,145.39,6914.058
2022-09-14,145.39,151.78,144.55,149.9,4533.228
2022-09-15,149.9,151.72,143.86,145.81,2195.339
2022-09-16,145.81,149.45,143.95,149.1,2364.714
2022-09-17,149.1,151.98,147.3,147.52,1327.924
2022-09-18,147.52,149.04,137.86,140.64,3075.086
2022-09-19,140.64,141.86,135.14,140.49,2984.181
2022-09-20,140.49,143.34,139.53,142.32,4505.425
2022-09-21,142.32,145.6,134.38,135.07,4409.469
2022-09-22,135.07,144.31,134.03,144.25,2658.705
2022-09-23,144.25,146.33,137.56,141.52,2287.333
2022-09-24,141.52,144.05,140.58,141.75,1729.607
2022-09-25,141.75,144.63,140.05,141.04,1875.846
2022-09-26,141.04,146.24,139.58,145.77,2237.272
2022-09-27,145.77,153.06,142.94,144.19,4075.155
2022-09-28,144.19,148.12,140.13,147.16,6566.247
2022-09-29,147.16,149.46,146.22,148.42,5490.461
2022-09-30,148.42,150.76,146.24,147.35,3803.439
2022-10-01,147.35,150.36,140.62,141.22,4334.59
2022-10-02,141.22,141.92,136.25,136.97,6515.721
2022-10-03,136.97,141.82,136.31,141.72,6913.168
2022-10-04,141.72,147.88,141.71,146.71,5784.619
2022-10-05,146.71,148.39,143.69,146.25,5606.126
2022-10-06,146.25,152.81,143.42,149.14,10396.439
2022-10-07,149.14,149.44,143.72,146.51,6959.627
2022-10-08,146.51,148.32,145.07,147.71,4114.72
2022-10-09,147.71,148.97,145.1,145.62,4218.988
2022-10-10,145.62,147.81,141.64,142.27,4810.944
2022-10-11,142.27,145.28,140.03,144.82,5789.455
2022-10-12,144.82,146.85,142.63,144.73,5582.81
2022-10-13,144.73,145.34,134.75,142.86,9754.745
2022-10-14,142.86,145.99,139.77,140.64,4813.048
2022-10-15,140.64,141.95,139.07,139.63,4088.639
2022-10-16,139.63,143.48,139.63,143.19,2728.353
2022-10-17,143.19,145.0,142.45,143.67,4973.062
2022-10-18,143.67,148.19,142.57,146.07,13603.972
2022-10-19,146.07,148.66,144.44,144.97,7119.741
2022-10-20,144.97,148.65,139.36,141.16,6234.572
2022-10-21,141.16,143.39,136.97,140.68,4457.46
2022-10-22,140.68,143.06,139.63,142.74,2608.635
2022-10-23,142.74,144.93,142.15,144.44,10733.056
2022-10-24,144.44,145.14,141.15,143.15,7266.359
2022-10-25,143.15,147.19,142.54,143.88,8972.354
2022-10-26,143.88,148.62,143.46,146.86,8408.326
2022-10-27,146.86,149.88,140.49,145.76,7309.08
2022-10-28,145.76,148.91,143.26,146.77,8338.347
2022-10-29,146.77,149.38,145.83,148.98,2399.364
2022-10-30,148.98,150.93,146.12,147.46,2903.528
2022-10-31,147.46,150.94,145.62,149.39,3078.794
2022-11-01,149.39,151.25,148.13,149.66,1871.664
2022-11-02,149.66,151.7,144.5,146.93,2378.814
2022-11-03,146.93,150.81,146.72,149.3,2089.736
2022-11-04,149.3,158.51,148.85,158.51,2914.728
2022-11-05,158.51,162.0,156.45,157.34,1364.918
2022-11-06,157.34,160.46,153.94,154.84,1056.056
2022-11-07,154.84,160.07,152.9,155.39,3556.308
2022-11-08,155.39,157.0,128.08,138.27,16087.801
2022-11-09,138.27,140.28,115.23,119.22,11718.285
2022-11-10,119.22,134.9,117.87,133.38,5924.654
2022-11-11,133.38,134.76,106.1,126.05,33723.677
2022-11-12,126.05,128.14,111.0,121.69,8555.133
2022-11-13,121.69,128.2,97.8,116.56,5453.149
2022-11-14,116.56,131.6,115.0,129.86,6083.319
2022-11-15,129.86,132.49,127.35,129.04,4550.574
2022-11-16,129.04,132.66,126.81,132.12,3006.52
2022-11-17,132.12,133.27,130.32,133.16,2552.507
2022-11-18,133.16,134.49,130.93,133.24,4986.655
2022-11-19,133.24,134.99,131.39,134.45,8036.792
2022-11-20,134.45,134.98,128.87,129.78,8050.298
2022-11-21,129.78,135.49,126.05,126.14,5798.9
2022-11-22,126.14,134.17,125.33,134.15,4260.578
2022-11-23,134.15,136.96,133.03,135.05,6122.624
2022-11-24,135.05,137.44,133.16,136.64,5348.036
2022-11-25,136.64,138.2,133.74,136.05,5097.052
2022-11-26,136.05,139.49,135.54,138.75,2453.611
2022-11-27,138.75,139.68,136.18,136.46,7554.416
2022-11-28,136.46,137.15,131.68,134.84,5070.413
2022-11-29,134.84,139.99,134.16,137.31,3585.463
2022-11-30,137.31,142.84,137.31,142.17,4840.974
2022-12-01,142.17,144.85,141.27,144.27,4641.18
2022-12-02,144.27,146.56,142.88,145.51,3189.513
2022-12-03,145.51,148.29,143.56,145.25,3682.294
2022-12-04,145.25,147.43,142.0,142.14,3184.646
2022-12-05,142.14,145.95,141.45,145.16,2903.86
2022-12-06,145.16,146.07,141.93,143.57,3143.743
2022-12-07,143.57,144.89,141.12,143.82,3973.741
2022-12-08,143.82,148.51,142.95,147.64,3527.984
2022-12-09,147.64,149.36,146.3,149.13,3118.235
2022-12-10,149.13,151.08,148.41,149.58,2456.236
2022-12-11,149.58,152.3,149.02,150.68,2958.22
2022-12-12,150.68,152.88,147.76,150.58,12965.931
2022-12-13,150.58,152.96,148.23,151.51,3229.866
2022-12-14,151.51,152.6,146.48,148.79,7789.728
2022-12-15,148.79,150.74,146.34,149.13,2331.227
2022-12-16,149.13,149.46,140.64,142.03,3116.095
2022-12-17,142.03,144.03,138.47,143.33,4655.876
2022-12-18,143.33,146.03,142.73,143.95,6352.672
2022-12-19,143.95,146.0,143.14,143.89,9412.421
2022-12-20,143.89,147.55,143.75,146.76,4221.812
2022-12-21,146.76,148.67,146.23,147.17,3263.177
2022-12-22,147.17,148.12,143.53,145.35,3946.476
2022-12-23,145.35,146.7,139.25,143.08,8338.922
2022-12-24,143.08,144.12,141.52,143.35,4465.951
2022-12-25,143.35,146.04,143.05,145.14,7170.898
2022-12-26,145.14,147.27,143.74,146.74,5727.046
2022-12-27,146.74,147.3,143.76,145.54,3970.065
2022-12-28,145.54,146.96,143.39,146.78,4971.512
2022-12-29,146.78,146.98,144.84,145.54,5063.96
2022-12-30,145.54,146.53,144.08,145.92,4338.481
2022-12-31,145.92,148.48,145.16,147.26,4347.839
2023-01-01,147.26,149.08,146.35,148.56,5423.927
2023-01-02,148.56,149.8,140.7,147.85,6240.627
2023-01-03,147.85,149.13,147.45,148.32,8109.487
2023-01-04,148.32,152.83,148.23,150.86,8601.647
2023-01-05,150.86,156.39,150.74,156.07,8329.025
2023-01-06,156.07,159.23,152.6,154.74,12486.174
2023-01-07,154.74,155.95,153.59,155.92,7731.966
2023-01-08,155.92,158.99,154.1,155.28,9482.85
2023-01-09,155.28,160.59,155.15,158.65,11241.86
2023-01-10,158.65,163.0,157.55,161.24,10682.23
2023-01-11,161.24,171.19,160.22,168.68,12237.859
2023-01-12,168.68,171.25,164.07,166.52,12822.671
2023-01-13,166.52,170.69,163.94,170.67,9164.868
2023-01-14,170.67,187.45,170.25,175.33,19226.979
2023-01-15,175.33,177.26,171.67,174.45,13867.36
2023-01-16,174.45,176.73,165.67,168.06,11497.723
2023-01-17,168.06,174.88,165.44,171.76,10193.838
2023-01-18,171.76,174.98,161.17,162.79,20432.215
2023-01-19,162.79,166.25,156.49,165.67,16722.679
2023-01-20,165.67,173.62,164.83,173.42,9423.54
2023-01-21,173.42,181.97,171.23,172.78,32136.676
2023-01-22,172.78,181.0,172.32,177.04,12115.115
2023-01-23,177.04,180.33,175.08,178.96,8858.648
2023-01-24,178.96,180.2,168.42,171.99,14497.138
2023-01-25,171.99,175.83,166.32,173.29,11967.873
2023-01-26,173.29,178.25,170.8,171.76,9008.859
2023-01-27,171.76,180.52,167.41,179.81,12958.592
2023-01-28,179.81,186.33,178.15,184.0,10024.861
2023-01-29,184.0,186.85,182.32,186.16,7467.235
2023-01-30,186.16,186.85,174.57,176.05,5771.281
2023-01-31,176.05,180.39,171.82,177.46,5722.361
2023-02-01,177.46,178.59,172.5,177.61,8446.447
2023-02-02,177.61,180.86,171.87,173.03,6241.02
2023-02-03,173.03,175.63,170.39,171.85,11157.078
2023-02-04,171.85,174.99,170.75,172.16,8120.527
2023-02-05,172.16,173.89,165.07,166.58,18431.583
2023-02-06,166.58,168.67,163.3,164.44,9309.774
2023-02-07,164.44,168.42,163.61,168.08,6786.249
2023-02-08,168.08,169.5,162.79,165.55,11564.259
2023-02-09,165.55,168.35,150.28,152.53,12545.581
2023-02-10,152.53,158.63,151.35,154.58,8932.98
2023-02-11,154.58,161.76,153.78,161.37,13489.012
2023-02-12,161.37,163.15,157.95,159.39,6873.36
2023-02-13,159.39,161.87,153.37,155.8,9271.551
2023-02-14,155.8,159.23,153.87,158.38,9579.973
2023-02-15,158.38,165.57,156.67,165.57,7273.917
2023-02-16,165.57,167.1,155.54,155.64,6878.202
2023-02-17,155.64,162.04,155.05,159.66,6972.212
2023-02-18,159.66,163.66,158.81,161.65,6478.546
2023-02-19,161.65,166.44,159.43,162.17,4770.39
2023-02-20,162.17,169.13,160.37,161.55,10946.059
2023-02-21,161.55,163.16,156.67,159.5,6340.615
2023-02-22,159.5,159.85,155.61,157.74,4387.654
2023-02-23,157.74,159.59,150.15,152.17,3412.799
2023-02-24,152.17,154.49,148.74,150.36,5596.279
2023-02-25,150.36,151.68,145.38,149.12,5744.163
2023-02-26,149.12,152.28,148.25,151.2,6138.499
2023-02-27,151.2,152.2,146.31,149.83,3567.804
2023-02-28,149.83,152.31,148.91,150.29,16943.949
2023-03-01,150.29,154.37,150.25,152.71,25688.165
2023-03-02,152.71,153.42,148.53,151.02,12865.151
2023-03-03,151.02,151.28,140.89,144.68,23288.017
2023-03-04,144.68,147.59,144.03,146.56,12676.919
2023-03-05,146.56,150.01,146.27,149.51,13269.031
2023-03-06,149.51,154.06,148.33,153.99,16824.529
2023-03-07,153.99,155.66,148.5,150.25,19953.035
2023-03-08,150.25,151.41,143.11,143.23,19617.141
2023-03-09,143.23,152.44,140.52,142.62,20494.484
2023-03-10,142.62,142.75,132.06,135.11,30619.666
2023-03-11,135.11,141.99,132.48,139.92,23193.281
2023-03-12,139.92,150.05,139.22,149.98,25999.213
2023-03-13,149.9,154.8,145.6,152.1,19730.318
2023-03-14,152.1,157.2,146.9,149.7,20059.913
2023-03-15,149.7,151.8,142.4,146.2,13360.009
2023-03-16,146.2,149.7,144.3,148.9,8064.959
2023-03-17,148.9,154.2,148.9,153.7,8299.167
2023-03-18,153.7,154.3,146.5,149.3,12494.734
2023-03-19,149.3,158.5,148.7,153.2,7307.938
2023-03-20,153.2,155.7,149.6,151.7,11078.904
2023-03-21,151.7,157.0,149.6,152.9,11040.822
2023-03-22,152.9,154.7,145.4,148.7,8380.04
2023-03-23,148.7,156.7,148.6,156.5,29596.618
2023-03-24,156.5,163.0,155.0,161.9,8512.041
2023-03-25,161.9,164.6,159.6,159.6,1114.558
2023-03-26,159.6,165.7,158.7,161.4,4134.529
2023-03-27,161.4,164.9,151.4,151.6,11247.47
2023-03-28,151.6,156.1,149.9,153.8,12270.348
2023-03-29,153.8,160.0,153.6,158.9,8410.868
2023-03-30,158.9,163.3,154.6,155.3,12449.483
2023-03-31,155.3,158.4,154.7,157.7,4801.821
2023-04-01,157.7,157.8,154.0,157.1,2597.729
2023-04-02,157.1,160.8,156.5,160.2,1991.589
2023-04-03,160.2,161.8,155.6,156.5,7966.801
2023-04-04,156.5,159.6,155.9,158.7,6308.148
2023-04-05,158.7,160.2,156.0,158.0,5099.907
2023-04-06,158.0,158.6,156.2,156.2,6877.466
2023-04-07,156.2,157.8,155.1,156.6,7941.656
2023-04-08,156.6,159.1,156.6,158.3,5720.896
2023-04-09,158.3,160.4,157.7,160.4,2568.121
2023-04-10,160.4,160.8,155.3,159.1,5313.397
2023-04-11,159.1,162.5,158.9,162.2,6835.021
2023-04-12,162.2,162.7,159.0,162.0,3181.313
2023-04-13,162.0,163.9,161.5,161.9,2036.776
2023-04-14,161.9,164.0,159.2,161.9,1410.635
2023-04-15,161.9,163.7,161.2,162.2,822.037
2023-04-16,162.2,164.0,160.7,163.8,1152.675
2023-04-17,163.8,163.8,159.3,159.3,1377.146
2023-04-18,159.3,163.4,158.3,162.8,1654.438
2023-04-19,162.8,162.8,151.7,152.9,2013.337
2023-04-20,152.9,156.1,151.0,153.5,5231.949
2023-04-21,153.5,155.6,149.3,151.1,8097.301
2023-04-22,151.1,157.6,150.4,157.6,4036.911
2023-04-23,157.6,159.3,155.9,157.5,4303.738
2023-04-24,157.5,159.0,156.1,157.5,1135.183
2023-04-25,157.5,159.9,154.3,159.8,7016.188
2023-04-26,159.8,162.6,152.1,156.8,6466.862
2023-04-27,156.8,158.9,153.7,153.8,3580.535
2023-04-28,153.8,155.5,152.5,153.2,10478.348
2023-04-29,153.2,156.1,152.5,154.7,12555.989
2023-04-30,154.7,157.0,153.7,155.4,3890.925
2023-05-01,155.4,155.9,151.0,152.5,3143.967
2023-05-02,152.5,154.9,152.4,152.6,5045.402
2023-05-03,152.6,155.2,151.2,155.1,19735.888
2023-05-04,155.1,156.8,154.5,155.3,5771.376
2023-05-05,155.3,158.5,154.6,158.2,14672.817
2023-05-06,158.2,159.0,153.9,156.3,3366.752
2023-05-07,156.3,158.7,155.8,156.9,2005.713
2023-05-08,156.9,157.5,149.5,153.5,2389.07
2023-05-09,153.5,155.4,152.1,154.9,1756.531
2023-05-10,154.9,156.2,150.5,153.7,2301.761
2023-05-11,153.7,155.4,151.1,152.5,3030.348
2023-05-12,152.5,153.9,150.0,153.7,4382.478
2023-05-13,153.7,153.9,152.4,153.0,1612.055
2023-05-14,153.0,154.3,152.4,154.1,2413.295
2023-05-15,154.1,154.6,152.0,152.0,4601.114
2023-05-16,152.0,153.0,150.5,151.7,5041.036
2023-05-17,151.7,152.5,150.9,151.3,3776.213
2023-05-18,151.3,152.1,149.2,151.2,4642.727
2023-05-19,151.2,152.3,149.6,150.5,2768.363
2023-05-20,150.5,151.6,149.7,150.4,4290.458
2023-05-21,150.4,150.9,149.1,150.0,6568.825
2023-05-22,150.0,152.8,149.2,151.6,2858.623
2023-05-23,151.6,153.1,151.0,151.7,2620.921
2023-05-24,151.7,152.0,148.1,150.1,6312.042
2023-05-25,150.1,151.8,149.0,151.1,4510.743
2023-05-26,151.1,152.0,150.4,150.5,2317.128
2023-05-27,150.5,151.5,150.3,151.2,4659.28
2023-05-28,151.2,156.5,150.9,155.1,5818.573
2023-05-29,155.1,156.8,152.8,153.9,10339.176
2023-05-30,153.9,154.7,152.2,153.0,23649.18
2023-05-31,153.0,153.5,144.7,145.9,11777.041
2023-06-01,145.9,148.7,144.9,146.4,18334.264
2023-06-02,146.4,147.6,144.7,146.2,4413.696
2023-06-03,146.2,148.7,145.5,148.4,7187.435
2023-06-04,148.4,150.2,147.9,148.2,9584.17
2023-06-05,148.2,148.6,137.4,141.1,8824.512
2023-06-06,141.1,147.5,138.7,147.0,10385.69
2023-06-07,147.0,148.3,143.4,145.2,15181.69
2023-06-08,145.2,146.0,142.2,142.5,8977.52
2023-06-09,142.5,143.4,140.8,143.1,4523.966
2023-06-10,143.1,144.0,126.2,137.6,16361.193
2023-06-11,137.6,139.1,135.5,137.9,5589.35
2023-06-12,137.9,141.0,135.7,140.1,13883.225
2023-06-13,140.1,141.7,136.5,136.5,13076.574
2023-06-14,136.5,137.4,131.4,133.9,14945.943
2023-06-15,133.9,135.2,131.6,134.3,13126.574
2023-06-16,134.3,137.6,132.5,134.6,3483.351
2023-06-17,134.6,137.0,134.3,136.6,6634.174
2023-06-18,136.6,141.3,136.1,137.2,3479.769
2023-06-19,137.2,139.6,136.2,138.3,3189.511
2023-06-20,138.3,143.0,137.2,141.8,7465.187
2023-06-21,141.8,145.9,141.1,145.0,7688.178
2023-06-22,145.0,153.3,144.9,149.9,3640.303
2023-06-23,149.9,155.5,148.9,154.6,8471.305
2023-06-24,154.6,159.8,153.2,156.6,6243.519
2023-06-25,156.6,166.4,155.9,163.3,7802.071
2023-06-26,163.3,166.0,158.5,163.7,10778.5
2023-06-27,163.7,170.9,163.5,167.7,28866.172
2023-06-28,167.7,172.4,162.9,164.7,16428.001
2023-06-29,164.7,167.8,160.7,163.8,3910.394
2023-06-30,163.8,169.8,160.4,168.3,4345.213
2023-07-01,168.3,169.2,166.6,167.1,3707.303
2023-07-02,167.1,168.7,162.7,168.7,4592.033
2023-07-03,168.7,172.6,167.3,169.0,7310.952
2023-07-04,169.0,171.3,165.9,166.0,4581.523
2023-07-05,166.0,169.5,161.7,166.9,2101.253
2023-07-06,166.9,170.0,163.8,165.6,5235.191
2023-07-07,165.6,168.7,163.6,165.5,6271.222
2023-07-08,165.5,168.9,165.1,167.3,11599.298
2023-07-09,167.3,169.0,165.1,165.9,22268.987
2023-07-10,165.9,166.9,163.0,163.6,9521.429
2023-07-11,163.6,165.7,162.9,165.3,7682.476
2023-07-12,165.3,165.5,163.0,163.5,6547.714
2023-07-13,163.5,167.6,161.7,165.3,7737.776
2023-07-14,165.3,166.8,155.7,160.6,10506.763
2023-07-15,160.6,166.3,158.7,164.8,4994.461
2023-07-16,164.8,166.3,163.0,165.4,3644.007
2023-07-17,165.4,169.0,163.0,168.1,5041.996
2023-07-18,168.1,168.7,164.2,166.9,6685.71
2023-07-19,166.9,170.2,165.2,165.8,11060.713
2023-07-20,165.8,168.3,163.1,165.8,3078.957
2023-07-21,165.8,166.3,160.7,162.0,4952.983
2023-07-22,162.0,163.9,161.1,162.3,4976.583
2023-07-23,162.3,166.4,161.4,163.8,4096.791
2023-07-24,163.8,164.7,160.0,161.0,6456.248
2023-07-25,161.0,163.3,159.9,163.0,6163.744
2023-07-26,163.0,163.6,161.2,163.0,10251.4
2023-07-27,163.0,164.2,160.0,162.1,13203.149
2023-07-28,162.1,164.5,161.2,163.0,16859.292
2023-07-29,163.0,164.3,161.9,163.0,3654.063
2023-07-30,163.0,163.9,158.6,160.3,4298.041
2023-07-31,160.3,161.9,159.6,161.2,8416.36
2023-08-01,161.2,163.7,157.3,160.2,9987.959
2023-08-02,160.2,161.0,159.0,160.0,6237.235
2023-08-03,160.0,161.9,159.8,160.4,8203.378
2023-08-04,160.4,162.1,157.5,158.6,10241.625
2023-08-05,158.6,161.4,157.9,159.8,15323.472
2023-08-06,159.8,161.2,159.4,159.9,5539.648
2023-08-07,159.9,161.0,157.2,158.5,4512.649
2023-08-08,158.5,160.3,157.8,158.8,7415.037
2023-08-09,158.8,159.8,156.5,157.2,9963.762
2023-08-10,157.2,157.6,154.4,156.2,10716.692
2023-08-11,156.2,158.2,155.9,157.0,8551.913
2023-08-12,157.0,158.3,156.4,158.0,6374.529
2023-08-13,158.0,159.8,157.0,158.2,8480.129
2023-08-14,158.2,160.0,158.0,158.6,5952.234
2023-08-15,158.6,158.9,154.9,155.5,2864.042
2023-08-16,155.5,156.5,152.8,154.0,11260.818
2023-08-17,154.0,154.8,138.8,141.6,7380.446
2023-08-18,141.6,145.3,141.2,143.6,6333.465
2023-08-19,143.6,145.3,143.0,144.4,4401.085
2023-08-20,144.4,149.2,143.5,147.2,3927.381
2023-08-21,147.2,149.8,144.8,149.7,13762.178
2023-08-22,149.7,149.9,143.4,145.4,10811.292
2023-08-23,145.4,146.4,142.6,143.1,6134.988
2023-08-24,143.1,143.2,135.7,138.5,6958.174
2023-08-25,138.5,140.2,137.1,140.2,2643.582
2023-08-26,140.2,145.2,139.9,143.1,3920.965
2023-08-27,143.1,145.9,142.7,145.4,4314.281
2023-08-28,145.4,146.7,142.5,145.3,9841.026
2023-08-29,145.3,148.3,142.9,146.8,13939.835
2023-08-30,146.8,148.4,140.6,142.0,9356.513
2023-08-31,142.0,144.9,139.5,143.1,7398.455
2023-09-01,143.1,144.9,139.0,140.9,5242.273
2023-09-02,140.9,141.9,139.1,140.2,2843.996
2023-09-03,140.2,141.5,139.2,140.8,6310.306
2023-09-04,140.8,144.0,140.6,141.2,6616.217
2023-09-05,141.2,141.4,137.4,137.6,10502.702
2023-09-06,137.6,142.8,137.5,142.0,7011.247
2023-09-07,142.0,143.4,141.1,143.4,9605.375
2023-09-08,143.4,144.3,140.6,143.9,7833.815
2023-09-09,143.9,144.1,142.2,143.5,3266.426
2023-09-10,143.5,143.9,141.7,143.0,3549.915
2023-09-11,143.0,143.9,138.0,139.8,7543.423
2023-09-12,139.8,143.1,139.2,140.7,13342.671
2023-09-13,140.7,144.9,140.4,143.0,17758.445
2023-09-14,143.0,147.1,142.1,146.6,5575.473
2023-09-15,146.6,149.3,146.2,147.8,6285.021
2023-09-16,147.8,148.2,144.0,144.3,4715.252
2023-09-17,144.3,146.3,143.1,145.7,8135.906
2023-09-18,145.7,148.0,144.9,145.7,6723.728
2023-09-19,145.7,148.5,145.6,147.7,5228.96
2023-09-20,147.7,148.5,145.8,148.1,4441.345
2023-09-21,148.1,148.4,145.0,145.2,3994.681
2023-09-22,145.2,147.1,144.5,145.0,3200.251
2023-09-23,145.0,145.6,141.3,141.6,3219.264
2023-09-24,141.6,144.5,141.5,143.8,4013.948
2023-09-25,143.8,145.5,143.0,144.5,5063.517
2023-09-26,144.5,145.4,143.2,144.8,5525.431
2023-09-27,144.8,146.8,144.2,146.6,8793.8
2023-09-28,146.6,147.7,145.3,146.0,3655.511
2023-09-29,146.0,146.9,144.7,146.8,3693.113
2023-09-30,146.8,148.2,145.1,146.5,4712.779
2023-10-01,146.5,149.9,145.5,149.1,9013.953
2023-10-02,149.1,150.0,145.4,146.1,7703.048
2023-10-03,146.1,148.0,144.9,147.3,9995.11
2023-10-04,147.3,150.8,145.7,150.3,10844.579
2023-10-05,150.3,151.5,148.3,149.6,8854.653
2023-10-06,149.6,152.7,148.4,151.8,4865.164
2023-10-07,151.8,155.4,150.8,155.3,4449.899
2023-10-08,155.3,156.8,152.7,156.2,5761.43
2023-10-09,156.2,156.4,151.7,153.7,5177.987
2023-10-10,153.7,154.6,151.9,152.2,6025.268
2023-10-11,152.2,154.0,150.8,154.0,11002.891
2023-10-12,154.0,154.6,150.9,152.4,21615.756
2023-10-13,152.4,154.8,150.8,153.6,19480.562
2023-10-14,153.6,154.4,151.6,152.8,11522.964
2023-10-15,152.8,153.5,151.7,152.4,10952.112
2023-10-16,152.4,154.0,150.9,152.5,24822.899
2023-10-17,152.5,152.5,149.2,150.4,19502.218
2023-10-18,150.4,152.5,149.6,149.7,16794.242
2023-10-19,149.7,152.6,146.6,152.5,23087.49
2023-10-20,152.5,157.4,151.7,154.8,25647.755
2023-10-21,154.8,158.2,154.1,157.7,15737.972
2023-10-22,157.7,160.0,156.2,159.0,19457.828
2023-10-23,159.0,162.3,156.9,161.0,33393.448
2023-10-24,161.0,163.8,155.4,157.9,46635.8
2023-10-25,157.9,160.6,154.4,160.1,34011.565
2023-10-26,160.1,162.6,156.6,159.6,32343.423
2023-10-27,159.6,161.2,156.7,160.8,20666.455
2023-10-28,160.8,162.9,159.4,162.0,19420.553
2023-10-29,162.0,174.8,159.9,174.2,49398.524
2023-10-30,174.2,175.5,164.5,172.7,45872.833
2023-10-31,172.7,174.0,168.3,172.1,25391.012
2023-11-01,172.1,172.9,169.3,171.5,30829.636
2023-11-02,171.5,172.6,167.6,170.9,35947.911
2023-11-03,170.9,173.2,168.5,170.8,22682.417
2023-11-04,170.8,171.7,165.2,168.2,20277.681
2023-11-05,168.2,170.9,167.1,169.2,21014.55
2023-11-06,169.2,169.7,164.4,165.1,27916.834
2023-11-07,165.1,168.4,161.5,166.2,34506.8
2023-11-08,166.2,167.8,164.2,167.2,24188.348
2023-11-09,167.2,171.3,157.9,170.2,40445.164
2023-11-10,170.2,173.8,166.4,170.6,32957.95
2023-11-11,170.6,172.9,167.6,169.4,25909.505
2023-11-12,169.4,171.7,166.4,171.2,18899.371
2023-11-13,171.2,172.9,161.7,162.7,28880.04
2023-11-14,162.7,166.5,158.9,163.3,25898.768
2023-11-15,163.3,166.6,157.9,161.0,37389.535
2023-11-16,161.0,162.9,157.4,160.8,31671.548
2023-11-17,160.8,167.2,160.4,162.9,35601.815
2023-11-18,162.9,162.9,158.9,160.7,12872.632
2023-11-19,160.7,164.2,159.3,164.0,14150.641
2023-11-20,164.0,165.0,161.6,162.9,20482.886
2023-11-21,162.9,166.0,158.1,158.9,26538.104
2023-11-22,158.9,164.0,158.2,163.1,29472.197
2023-11-23,163.1,168.0,162.9,165.9,29600.518
2023-11-24,165.9,171.5,165.7,170.4,26563.576
2023-11-25,170.4,172.9,169.6,172.0,18733.643
2023-11-26,172.0,173.3,167.8,169.4,16546.895
2023-11-27,169.4,170.6,164.8,165.4,24553.177
2023-11-28,165.4,168.0,164.0,167.7,19368.156
2023-11-29,167.7,167.9,164.8,165.9,23122.396
2023-11-30,165.9,170.5,165.8,169.8,20293.329
2023-12-01,169.8,172.0,169.1,171.8,23573.417
2023-12-02,171.8,173.8,170.3,172.6,24046.272
2023-12-03,172.6,173.6,170.5,172.2,17355.185
2023-12-04,172.2,174.3,166.6,170.6,33228.354
2023-12-05,170.6,172.6,167.6,171.1,29791.203
2023-12-06,171.1,174.0,170.1,170.6,28221.696
2023-12-07,170.6,177.1,170.0,172.8,31652.735
2023-12-08,172.8,175.6,171.7,174.0,37339.227
2023-12-09,174.0,177.0,173.8,175.1,25575.296
2023-12-10,175.1,178.6,174.6,176.0,23779.672
2023-12-11,176.0,176.7,162.0,171.9,43731.082
2023-12-12,171.9,173.2,167.9,170.9,33101.129
2023-12-13,170.9,171.1,166.7,169.1,31631.082
2023-12-14,169.1,169.3,166.0,168.1,28928.831
2023-12-15,168.1,173.0,167.7,168.1,36553.118
2023-12-16,168.1,172.4,167.2,168.8,23138.719
2023-12-17,168.8,170.5,167.1,168.2,20172.942
2023-12-18,168.2,174.1,166.3,173.7,36927.942
2023-12-19,173.7,176.0,167.9,171.2,33819.021
2023-12-20,171.2,175.0,170.5,174.8,25776.633
2023-12-21,174.8,176.3,172.2,173.2,23986.903
2023-12-22,173.2,176.9,170.9,176.7,32350.408
2023-12-23,176.7,179.0,174.6,178.5,20222.495
2023-12-24,178.5,179.2,170.5,171.1,21320.721
2023-12-25,171.1,175.0,170.3,174.4,19021.337
2023-12-26,174.4,176.6,170.7,174.0,22519.11
2023-12-27,174.0,176.5,172.5,175.5,25129.555
2023-12-28,175.5,180.7,172.5,174.5,37758.082
2023-12-29,174.5,175.7,162.2,166.5,52061.482
2023-12-30,166.5,169.2,162.2,165.9,27048.564
2023-12-31,165.9,168.4,163.3,165.2,18729.607
2024-01-01,165.2,169.8,163.1,169.6,14179.485
2024-01-02,169.6,174.4,167.0,167.4,36361.435
2024-01-03,167.4,169.8,148.0,154.0,56250.945
2024-01-04,154.0,165.1,149.1,164.8,55406.6
2024-01-05,164.8,165.0,152.5,155.7,41253.385
2024-01-06,155.7,158.8,150.0,152.6,34345.344
2024-01-07,152.6,155.3,144.5,146.1,30589.178
2024-01-08,146.1,154.4,143.2,147.8,57907.731
2024-01-09,147.8,148.8,142.7,144.3,40190.017
2024-01-10,144.3,151.6,143.5,149.0,35678.524
2024-01-11,149.0,154.7,148.1,152.7,51573.252
2024-01-12,152.7,162.2,149.0,152.0,50007.811
2024-01-13,152.0,156.8,148.2,155.9,20787.064
2024-01-14,155.9,160.0,153.0,154.3,24655.776
2024-01-15,154.3,158.8,153.1,157.2,31047.089
2024-01-16,157.2,160.2,153.8,157.3,30656.547
2024-01-17,157.3,160.8,155.6,157.9,36139.485
2024-01-18,157.9,164.5,151.8,153.2,36483.388
2024-01-19,153.2,159.0,149.9,158.5,23897.875
2024-01-20,158.5,159.6,155.8,156.6,18515.396
2024-01-21,156.6,163.4,155.1,157.6,33988.784
2024-01-22,157.6,160.3,149.4,150.8,39049.235
2024-01-23,150.8,155.0,146.5,150.4,28842.961
2024-01-24,150.4,155.9,148.8,152.7,27332.516
2024-01-25,152.7,158.0,151.9,157.3,29783.952
2024-01-26,157.3,162.5,155.8,159.4,32281.939
2024-01-27,159.4,162.3,157.5,160.4,21035.438
2024-01-28,160.4,162.7,158.8,160.7,20970.302
2024-01-29,160.7,169.9,159.7,167.8,38618.912
2024-01-30,167.8,172.1,159.7,160.2,37483.978
2024-01-31,160.2,167.0,158.3,163.7,36343.109
2024-02-01,163.7,169.7,163.6,166.2,35493.466
2024-02-02,166.2,171.3,165.3,168.9,28707.239
2024-02-03,168.9,170.0,162.4,165.6,19658.531
2024-02-04,165.6,168.0,164.9,165.9,15799.11
2024-02-05,165.9,168.2,163.3,165.3,18168.871
2024-02-06,165.3,166.7,100.6,105.0,91946.391
2024-02-07,105.0,134.7,103.6,129.5,67629.866
2024-02-08,129.5,131.2,117.6,128.5,32782.399
2024-02-09,128.5,129.4,119.8,121.5,30691.136
2024-02-10,121.5,123.6,115.2,119.4,20883.304
2024-02-11,119.4,123.1,116.5,120.6,17895.64
2024-02-12,120.6,128.6,118.0,126.4,39022.706
2024-02-13,126.4,128.9,122.1,127.7,34828.629
2024-02-14,127.7,133.6,126.3,128.0,27045.969
2024-02-15,128.0,129.1,124.0,125.6,25373.666
2024-02-16,125.6,129.2,120.2,122.5,20828.22
2024-02-17,122.5,122.7,118.4,121.2,18032.847
2024-02-18,121.2,123.4,118.7,122.1,15400.858
2024-02-19,122.1,123.4,109.3,113.4,31690.89
2024-02-20,113.4,125.5,112.6,124.1,36333.052
2024-02-21,124.1,125.7,116.57,123.3,24880.352
2024-02-22,123.3,125.0,121.2,124.15,28809.32
2024-02-23,124.15,125.0,116.1,123.6,24174.545
2024-02-24,123.6,129.0,118.0,124.0,17773.728
2024-02-25,124.0,128.9,119.4,128.4,22127.069
2024-02-26,128.4,134.47,124.0,132.97,36118.63
2024-02-27,132.97,144.1,129.2,137.19,34927.662
2024-02-28,137.19,141.67,133.83,134.32,31946.434
2024-02-29,134.32,141.1,133.5,137.85,35750.285
2024-03-01,137.85,146.81,137.08,144.0,46765.416
2024-03-02,144.0,146.57,140.19,146.57,23286.02
2024-03-03,146.57,153.31,143.83,150.93,28594.431
2024-03-04,150.93,151.34,143.5,149.95,38100.465
2024-03-05,149.95,151.0,131.84,141.1,36018.374
2024-03-06,141.1,151.7,133.9,144.1,36142.921
2024-03-07,144.1,151.0,132.94,144.0,38733.788
2024-03-08,144.0,150.8,142.87,146.88,29729.773
2024-03-09,146.88,150.5,143.85,143.88,20504.252
2024-03-10,143.88,148.7,142.25,146.69,24200.581
2024-03-11,146.69,149.0,136.66,145.64,33947.366
2024-03-12,145.64,147.6,140.3,145.15,34010.212
2024-03-13,145.15,149.7,139.01,149.15,30862.311
2024-03-14,149.15,152.0,140.9,146.88,29022.085
2024-03-15,146.88,147.71,139.0,141.99,21977.173
2024-03-16,141.99,150.0,135.18,139.64,18511.493
2024-03-17,139.64,145.33,136.5,139.5,21106.657
2024-03-18,139.5,145.0,135.81,140.7,23549.071
2024-03-19,140.7,141.26,127.32,134.08,28875.152
2024-03-20,134.08,143.0,129.23,139.61,21748.523
2024-03-21,139.61,144.9,137.0,138.14,22251.508
2024-03-22,138.14,140.82,132.13,134.78,18812.134
2024-03-23,134.78,140.94,131.22,140.15,14348.598
2024-03-24,140.15,143.76,138.0,141.9,18663.784
2024-03-25,141.9,145.0,139.5,143.0,14743.091
2024-03-26,143.0,143.68,133.0,135.2,28151.463
2024-03-27,135.2,142.7,133.14,138.3,22731.254
2024-03-28,138.3,141.0,134.78,134.83,28143.073
2024-03-29,134.83,137.3,123.4,133.48,27076.222
2024-03-30,133.48,135.25,125.1,129.0,24184.055
2024-03-31,129.0,130.2,126.38,128.37,20043.963
2024-04-01,128.37,129.12,119.84,122.88,25140.088
2024-04-02,122.88,123.49,115.0,122.03,27226.771
2024-04-03,122.03,129.76,120.0,128.81,25537.438
2024-04-04,128.81,132.0,126.1,131.73,23823.897
2024-04-05,131.73,132.27,124.96,126.52,15205.165
2024-04-06,126.52,133.3,126.5,131.91,13920.819
2024-04-07,131.91,135.45,128.5,131.25,12327.854
2024-04-08,131.25,138.0,128.3,136.55,21212.01
2024-04-09,136.55,139.84,130.0,133.68,21280.699
2024-04-10,133.68,136.88,129.0,133.0,18109.393
2024-04-11,133.0,136.0,131.87,133.11,15368.966
2024-04-12,133.11,135.0,116.19,122.36,18428.224
2024-04-13,122.36,129.06,104.92,115.2,19144.572
2024-04-14,115.2,123.48,112.75,121.0,17951.622
2024-04-15,121.0,129.02,116.42,123.05,21137.038
2024-04-16,123.05,123.96,114.17,121.21,17675.042
2024-04-17,121.21,125.0,113.8,117.08,23221.106
2024-04-18,117.08,119.0,113.19,116.88,15281.782
2024-04-19,116.88,121.89,111.0,117.13,12087.469
2024-04-20,117.13,123.0,115.2,121.99,9796.741
2024-04-21,121.99,124.87,115.8,120.12,11850.372
2024-04-22,120.12,124.09,115.2,121.08,22344.361
2024-04-23,121.08,124.9,119.88,121.88,13288.879
2024-04-24,121.88,123.35,116.0,118.75,13250.753
2024-04-25,118.75,122.0,116.0,119.95,18786.895
2024-04-26,119.95,123.26,118.86,120.65,17250.167
2024-04-27,120.65,123.28,118.15,122.76,16567.765
2024-04-28,122.76,131.0,121.5,126.34,13953.468
2024-04-29,126.34,129.75,122.0,129.03,20879.072
2024-04-30,129.03,131.94,117.1,119.46,25974.157
2024-05-01,119.46,126.0,115.0,125.1,14527.516
2024-05-02,125.1,126.0,119.75,123.04,13300.023
2024-05-03,123.04,126.3,121.43,125.25,17311.95
2024-05-04,125.25,130.0,122.3,123.32,16617.291
2024-05-05,123.32,134.5,123.0,134.5,15375.299
2024-05-06,134.5,135.0,128.94,130.41,16935.485
2024-05-07,130.41,133.3,126.88,127.74,13120.84
2024-05-08,127.74,131.99,126.1,131.76,12916.187
2024-05-09,131.76,136.37,128.0,132.28,24826.82
2024-05-10,132.28,135.83,130.7,132.3,11677.422
2024-05-11,132.3,137.0,128.1,132.87,12989.905
2024-05-12,132.87,136.0,132.15,132.97,7972.834
2024-05-13,132.97,137.24,130.54,135.58,14539.881
2024-05-14,135.58,138.0,131.0,131.94,14593.072
2024-05-15,131.94,135.92,131.5,134.57,16049.284
2024-05-16,134.57,136.85,128.1,134.0,16224.721
2024-05-17,134.0,135.99,132.7,134.59,7343.771
2024-05-18,134.59,137.83,133.99,135.86,10439.863
2024-05-19,135.86,136.7,133.11,134.24,8811.017
2024-05-20,134.24,137.03,133.05,135.02,13971.175
2024-05-21,135.02,147.0,134.3,136.27,26395.859
2024-05-22,136.27,140.5,135.2,138.5,17755.148
2024-05-23,138.5,141.9,137.02,138.7,14484.472
2024-05-24,138.7,143.93,137.51,140.94,12934.984
2024-05-25,140.94,142.72,138.61,141.26,9600.623
2024-05-26,141.26,144.01,138.3,142.5,9855.09
2024-05-27,142.5,145.82,140.21,141.55,14690.663
2024-05-28,141.55,144.75,140.85,141.55,13256.926
2024-05-29,141.55,144.0,138.01,141.32,12263.901
2024-05-30,141.32,147.0,140.02,146.06,13242.704
2024-05-31,146.06,149.48,143.35,148.53,8622.565
2024-06-01,148.53,151.25,142.61,148.78,13344.767
2024-06-02,148.78,153.25,146.0,152.81,10806.801
2024-06-03,152.81,160.0,151.15,154.8,16808.339
2024-06-04,154.8,160.0,154.29,159.89,9546.112
2024-06-05,159.89,167.1,158.8,163.0,11929.516
2024-06-06,163.0,166.99,162.06,165.2,8957.73
2024-06-07,165.2,174.57,153.63,154.56,13653.25
2024-06-08,154.56,171.9,154.5,169.21,6464.946
2024-06-09,169.21,175.0,164.1,173.77,12004.037
2024-06-10,173.77,186.9,168.99,178.5,16530.777
2024-06-11,178.5,183.0,167.01,174.32,18413.44
2024-06-12,174.32,182.19,172.55,180.71,12514.339
2024-06-13,180.71,181.72,170.1,171.71,13671.756
2024-06-14,171.71,178.49,164.1,170.53,11442.298
2024-06-15,170.53,179.0,165.4,177.43,11968.532
2024-06-16,177.43,178.61,172.48,177.53,7869.459
2024-06-17,177.53,180.16,171.44,173.88,12905.677
2024-06-18,173.88,175.0,165.6,169.9,10265.649
2024-06-19,169.9,172.06,167.52,168.29,9402.825
2024-06-20,168.29,171.9,167.14,170.06,6465.886
2024-06-21,170.06,172.5,157.83,159.88,8181.398
2024-06-22,159.88,168.0,159.88,166.32,5661.785
2024-06-23,166.32,168.5,161.22,164.34,5587.29
2024-06-24,164.34,169.49,155.9,159.05,16840.634
2024-06-25,159.05,164.84,158.4,162.1,7899.947
2024-06-26,162.1,166.2,161.7,164.41,8618.996
2024-06-27,164.41,167.32,163.18,165.72,7898.003
2024-06-28,165.72,169.0,163.3,167.99,11261.909
2024-06-29,167.99,168.22,162.2,165.41,9485.673
2024-06-30,165.41,169.9,165.13,168.16,7795.765
2024-07-01,168.16,173.67,167.12,167.88,11255.451
2024-07-02,167.88,172.0,166.5,167.68,9841.047
2024-07-03,167.68,171.49,164.01,171.01,14080.41
2024-07-04,171.01,171.18,150.0,155.68,14253.626
2024-07-05,155.68,160.72,133.1,155.18,10116.215
2024-07-06,155.18,159.93,152.22,158.9,9860.891
2024-07-07,158.9,160.0,148.3,148.3,8721.1
2024-07-08,148.3,154.74,142.3,153.05,11102.886
2024-07-09,153.05,158.0,150.02,154.29,9115.811
2024-07-10,154.29,158.0,152.9,156.27,6310.904
2024-07-11,156.27,160.2,154.51,160.0,7113.572
2024-07-12,160.0,163.0,156.2,158.98,7782.466
2024-07-13,158.98,163.0,154.01,156.95,6669.763
2024-07-14,156.95,159.49,154.7,158.23,5100.15
2024-07-15,158.23,162.9,156.51,157.62,8785.119
2024-07-16,157.62,163.99,156.71,161.44,10070.326
2024-07-17,161.44,164.35,159.1,160.32,11177.953
2024-07-18,160.32,163.36,159.38,160.88,7847.415
2024-07-19,160.88,163.0,158.59,160.98,8625.591
2024-07-20,160.98,164.89,160.29,164.28,7246.339
2024-07-21,164.28,165.87,161.4,165.87,5510.229
2024-07-22,165.87,167.0,160.05,160.7,13670.704
2024-07-23,160.7,162.5,156.0,160.51,9134.62
2024-07-24,160.51,164.18,159.0,159.69,11905.468
2024-07-25,159.69,162.71,152.07,162.32,17401.278
2024-07-26,162.32,175.02,158.13,164.28,23454.643
2024-07-27,164.28,165.99,160.5,162.28,8079.494
2024-07-28,162.28,165.99,159.0,165.52,8053.009
2024-07-29,165.52,165.9,160.51,161.47,10336.714
2024-07-30,161.47,164.9,154.7,158.22,16056.928
2024-07-31,158.22,162.29,156.0,157.94,8907.565
2024-08-01,157.94,159.0,150.0,156.24,13392.879
2024-08-02,156.24,164.55,154.1,158.23,20448.476
2024-08-03,158.23,162.9,141.0,149.16,16463.594
2024-08-04,149.16,155.0,144.3,150.22,7224.334
2024-08-05,150.22,154.9,135.7,145.81,17434.324
2024-08-06,145.81,152.99,145.81,147.25,10099.327
2024-08-07,147.25,154.0,142.1,145.78,11890.859
2024-08-08,145.78,158.9,144.5,158.3,12044.514
2024-08-09,158.3,159.0,151.01,152.24,10734.136
2024-08-10,152.24,152.96,146.1,150.35,11249.066
2024-08-11,150.35,152.0,147.34,148.49,7829.877
2024-08-12,148.49,152.0,147.1,149.95,9516.476
2024-08-13,149.95,151.69,146.0,147.97,10646.816
2024-08-14,147.97,152.72,146.7,150.95,9073.181
2024-08-15,150.95,157.0,147.71,148.81,11259.053
2024-08-16,148.81,152.0,147.16,148.62,11902.715
2024-08-17,148.62,150.98,147.7,149.42,7796.59
2024-08-18,149.42,152.0,149.0,150.83,9017.841
2024-08-19,150.83,157.36,150.1,154.94,17333.554
2024-08-20,154.94,162.0,153.73,158.63,13575.616
2024-08-21,158.63,164.9,156.5,162.57,7861.239
2024-08-22,162.57,175.0,159.2,168.93,17199.668
2024-08-23,168.93,174.0,162.59,172.93,12528.277
2024-08-24,172.93,177.1,167.77,169.84,12388.691
2024-08-25,169.84,173.15,165.8,166.8,6171.119
2024-08-26,166.8,168.9,161.22,166.12,13967.966
2024-08-27,166.12,167.98,156.03,156.86,12391.866
2024-08-28,156.86,163.06,152.2,157.53,13820.661
2024-08-29,157.53,167.7,156.25,162.36,14533.634
2024-08-30,162.36,169.27,160.51,168.91,9379.988
2024-08-31,168.91,172.8,161.9,168.27,8166.971
2024-09-01,168.27,172.59,163.1,170.59,14676.025
2024-09-02,170.59,172.0,166.33,170.53,16200.078
2024-09-03,170.53,180.0,169.85,173.82,18479.019
2024-09-04,173.82,175.85,170.02,170.97,12335.082
2024-09-05,170.97,177.0,169.36,173.11,8366.748
2024-09-06,173.11,174.7,163.52,165.5,8233.819
2024-09-07,165.5,172.5,162.3,168.31,7402.363
2024-09-08,168.31,176.1,166.61,171.97,8391.353
2024-09-09,171.97,174.89,170.02,170.45,12621.14
2024-09-10,170.45,172.0,165.13,166.9,11241.47
2024-09-11,166.9,174.8,165.47,173.04,10985.747
2024-09-12,173.04,175.9,168.67,172.03,7113.44
2024-09-13,172.03,173.24,169.21,170.84,9853.775
2024-09-14,170.84,170.99,165.94,169.59,11533.199
2024-09-15,169.59,171.5,168.4,170.03,9929.933
2024-09-16,170.03,171.74,167.82,170.24,9940.403
2024-09-17,170.24,172.6,169.0,172.48,9641.456
2024-09-18,172.48,174.61,170.0,171.12,18960.471
2024-09-19,171.12,178.0,169.5,175.18,21273.309
2024-09-20,175.18,179.74,175.1,175.22,13447.748
2024-09-21,175.22,179.5,174.1,176.92,9419.57
2024-09-22,176.92,177.99,174.23,176.61,8374.0
2024-09-23,176.61,177.0,170.48,171.65,18793.191
2024-09-24,171.65,171.85,165.62,169.21,15077.048
2024-09-25,169.21,169.76,164.6,165.51,10987.012
2024-09-26,165.51,166.99,162.21,164.0,18811.203
2024-09-27,164.0,164.32,161.05,163.96,14429.663
2024-09-28,163.96,165.44,157.3,158.49,11241.427
2024-09-29,158.49,158.63,151.06,152.86,15877.83
2024-09-30,152.86,155.99,150.0,154.44,26379.782
2024-10-01,154.44,154.82,140.27,144.8,26288.107
2024-10-02,144.8,149.8,135.0,136.58,23551.509
2024-10-03,136.58,144.98,135.4,144.23,16301.506
2024-10-04,144.23,151.47,143.02,148.6,14449.65
2024-10-05,148.6,154.9,148.6,153.18,13726.369
2024-10-06,153.18,155.1,146.46,147.66,13321.366
2024-10-07,147.66,148.63,143.98,144.48,13535.386
2024-10-08,144.48,151.67,143.96,149.17,14051.673
2024-10-09,149.17,154.66,146.02,147.51,15157.689
2024-10-10,147.51,155.0,146.78,153.49,19384.469
2024-10-11,153.49,154.73,149.78,151.93,14189.854
2024-10-12,151.93,154.45,150.1,150.5,12089.786
2024-10-13,150.5,152.33,148.3,148.58,8894.922
2024-10-14,148.58,158.0,142.97,156.65,18338.734
2024-10-15,156.65,158.38,151.68,153.25,19345.235
2024-10-16,153.25,159.28,153.05,155.77,14458.15
2024-10-17,155.77,158.6,154.17,157.57,19415.13
2024-10-18,157.57,162.99,156.8,159.6,17937.436
2024-10-19,159.6,162.13,158.95,160.5,11686.458
2024-10-20,160.5,163.5,158.95,163.15,10126.034
2024-10-21,163.15,163.45,153.19,154.95,15117.073
2024-10-22,154.95,159.0,154.58,157.01,12638.969
2024-10-23,157.01,158.44,154.1,156.81,11288.443
2024-10-24,156.81,158.86,154.25,157.2,18962.394
2024-10-25,157.2,160.0,155.3,157.81,13251.071
2024-10-26,157.81,160.8,156.65,160.31,12918.437
2024-10-27,160.31,164.6,159.86,163.1,14408.775
2024-10-28,163.1,164.7,159.8,163.4,16863.764
2024-10-29,163.4,165.79,161.86,162.33,13088.078
2024-10-30,162.33,165.04,161.23,162.1,14166.721
2024-10-31,162.1,162.25,155.1,155.62,14582.022
2024-11-01,155.62,159.76,151.5,156.26,16922.831
2024-11-02,156.26,159.97,152.85,154.11,12506.006
2024-11-03,154.11,158.32,153.69,157.09,12029.771
2024-11-04,157.09,161.75,156.31,158.41,16320.512
2024-11-05,158.41,163.09,157.0,158.45,12347.681
2024-11-06,158.45,163.5,157.58,161.0,17155.177
2024-11-07,161.0,168.64,160.63,163.13,38157.308
2024-11-08,163.13,166.87,162.76,165.49,46684.057
2024-11-09,165.49,165.59,157.1,163.6,37344.284
2024-11-10,163.6,166.0,161.03,161.47,41375.222
2024-11-11,161.47,164.0,155.5,157.21,56041.597
2024-11-12,157.21,160.2,150.42,150.65,48465.686
2024-11-13,150.65,152.26,143.0,150.37,41325.234
2024-11-14,150.37,150.5,143.19,147.3,24851.405
2024-11-15,147.3,149.9,140.35,141.85,18648.789
2024-11-16,141.85,152.29,141.85,150.54,18484.781
2024-11-17,150.54,159.04,127.0,156.3,20329.99
2024-11-18,156.3,167.0,152.61,156.1,26120.301
2024-11-19,156.1,165.99,154.68,162.27,53334.316
2024-11-20,162.27,163.48,158.26,160.08,36281.35
2024-11-21,160.08,163.88,153.0,160.64,45622.657
2024-11-22,160.64,162.73,156.37,162.73,37880.161
2024-11-23,162.73,165.0,156.5,161.22,45168.069
2024-11-24,161.22,166.49,155.7,161.71,33344.501
2024-11-25,161.71,166.7,155.7,156.27,48964.706
2024-11-26,156.27,163.57,151.26,160.15,63663.164
2024-11-27,160.15,160.5,145.3,155.85,52839.163
2024-11-28,155.85,160.57,155.07,159.28,37783.779
2024-11-29,159.28,160.58,155.37,159.49,49048.05
2024-11-30,159.49,163.84,157.78,162.06,30018.124
2024-12-01,162.06,164.86,160.5,163.04,33578.391
2024-12-02,163.04,178.0,158.5,173.87,86550.536
2024-12-03,173.87,217.88,164.99,203.24,145780.117
2024-12-04,203.24,212.87,186.73,195.94,126996.273
2024-12-05,195.94,212.0,184.39,193.42,103905.606
2024-12-06,193.42,204.98,188.58,198.41,42864.674
2024-12-07,198.41,203.45,193.5,200.5,38147.641
2024-12-08,200.5,224.7,196.19,222.69,52951.885
2024-12-09,222.69,226.61,159.7,175.87,96642.719
2024-12-10,175.87,180.14,164.0,179.41,107291.714
2024-12-11,179.41,200.0,175.12,200.0,65572.347
2024-12-12,200.0,215.72,193.42,199.33,70912.573
2024-12-13,199.33,214.91,198.32,207.28,70457.812
2024-12-14,207.28,220.69,202.86,210.35,44268.675
2024-12-15,210.35,223.11,201.79,222.19,47095.121
2024-12-16,222.19,232.1,204.0,212.18,77734.273
2024-12-17,212.18,225.0,208.38,213.9,57179.149
2024-12-18,213.9,224.81,209.85,212.72,67140.233
2024-12-19,212.72,221.35,189.51,194.43,82475.136
2024-12-20,194.43,202.26,170.0,196.87,92762.41
2024-12-21,196.87,197.82,180.98,184.14,39012.542
2024-12-22,184.14,198.97,180.0,190.27,50300.308
2024-12-23,190.27,197.0,184.4,191.33,43552.022
2024-12-24,191.33,193.89,184.51,190.5,33167.505
2024-12-25,190.5,199.93,189.26,190.89,31212.578
2024-12-26,190.89,195.9,187.34,189.18,26060.541
2024-12-27,189.18,195.4,187.17,193.06,23136.701
2024-12-28,193.06,200.86,192.14,196.5,19161.799
2024-12-29,196.5,198.22,189.2,193.31,13464.894
2024-12-30,193.31,197.41,183.36,191.03,16203.155
2024-12-31,191.03,197.66,185.0,193.55,13414.087
2025-01-01,193.55,197.2,191.8,195.79,7440.186
2025-01-02,195.79,197.68,191.7,197.27,12774.313
2025-01-03,197.27,207.0,196.13,200.92,15989.761
2025-01-04,200.92,202.26,193.2,194.25,16105.638
2025-01-05,194.25,198.99,187.73,196.8,21781.797
2025-01-06,196.8,207.0,196.49,203.74,20979.092
2025-01-07,203.74,206.03,192.82,193.98,20557.755
2025-01-08,193.98,201.67,183.4,200.74,23570.636
2025-01-09,200.74,200.93,188.8,190.58,18026.67
2025-01-10,190.58,200.5,189.0,199.62,19640.58
2025-01-11,199.62,200.0,193.5,198.53,9616.776
2025-01-12,198.53,208.59,190.27,200.04,17473.248
2025-01-13,200.04,204.7,190.0,202.28,18216.063
2025-01-14,202.28,210.0,200.0,205.74,21466.742
2025-01-15,205.74,210.52,201.5,208.32,27421.677
2025-01-16,208.32,222.21,205.77,221.6,20639.11
2025-01-17,221.6,235.84,217.42,230.04,26161.455
2025-01-18,230.04,232.35,208.0,217.84,23773.429
2025-01-19,217.84,224.26,199.64,204.46,22492.793
2025-01-20,204.46,215.0,194.4,207.74,25419.169
2025-01-21,207.74,220.0,202.3,215.77,21960.721
2025-01-22,215.77,230.0,211.99,226.24,51802.705
2025-01-23,226.24,236.68,212.75,221.5,27990.169
2025-01-24,221.5,229.0,212.82,220.6,24587.139
2025-01-25,220.6,230.0,217.14,220.72,20168.082
2025-01-26,220.72,226.89,218.08,219.5,12990.113
2025-01-27,219.5,224.74,209.1,214.25,26543.601
2025-01-28,214.25,226.0,211.84,217.87,22570.282
2025-01-29,217.87,226.0,216.0,221.67,27503.173
2025-01-30,221.67,244.58,221.56,232.78,33936.38
2025-01-31,232.78,240.8,230.51,238.47,26763.091
2025-02-01,238.47,244.4,231.0,234.39,27566.392
2025-02-02,234.39,240.01,216.52,222.0,20091.004
2025-02-03,222.0,227.47,190.0,225.59,49350.993
2025-02-04,225.59,235.0,216.08,220.49,26703.663
2025-02-05,220.49,230.0,217.0,227.8,21833.952
2025-02-06,227.8,240.0,220.45,222.5,25329.524
2025-02-07,222.5,228.35,195.09,205.61,27041.525
2025-02-08,205.61,219.85,202.09,214.16,25342.11
2025-02-09,214.16,223.4,212.66,219.93,17150.218
2025-02-10,219.93,226.15,218.73,221.69,22495.045
2025-02-11,221.69,227.77,218.72,223.26,24145.591
2025-02-12,223.26,227.75,218.0,227.05,17295.327
2025-02-13,227.05,229.0,221.39,224.6,23061.728
2025-02-14,224.6,231.49,223.29,229.37,18500.78
2025-02-15,229.37,237.0,227.79,230.0,15940.717
2025-02-16,230.0,235.09,221.98,229.47,20607.183
2025-02-17,229.47,239.0,228.17,237.63,22796.807
2025-02-18,237.63,239.9,228.72,236.66,19906.101
2025-02-19,236.66,242.02,233.0,238.96,21940.674
2025-02-20,238.96,239.63,224.89,228.98,26133.369
2025-02-21,228.98,238.8,226.63,232.59,26892.362
2025-02-22,232.59,237.39,227.72,234.75,17557.82
2025-02-23,234.75,237.5,231.5,236.16,12116.902
2025-02-24,236.16,237.77,226.4,226.49,23425.313
2025-02-25,226.49,231.42,212.34,216.36,17533.781
2025-02-26,216.36,225.0,210.0,214.22,17473.022
2025-02-27,214.22,216.32,203.6,208.91,17872.024
2025-02-28,208.91,218.84,205.31,217.48,21790.67
2025-03-01,217.48,227.14,215.78,223.72,21144.82
2025-03-02,223.72,230.7,215.09,229.51,25960.704
2025-03-03,229.51,233.99,210.09,215.78,14054.219
2025-03-04,215.78,223.8,205.22,221.5,21134.953
2025-03-05,221.5,229.36,218.09,224.96,15061.847
2025-03-06,224.96,234.33,223.52,228.08,27553.713
2025-03-07,228.08,230.0,216.28,216.32,20564.485
2025-03-08,216.32,228.36,213.81,220.06,14273.012
2025-03-09,220.06,221.36,210.01,211.3,13543.024
2025-03-10,211.3,213.47,196.23,200.68,18476.898
2025-03-11,200.68,213.99,196.2,212.52,21158.919
2025-03-12,212.52,213.45,201.85,206.95,15709.618
2025-03-13,206.95,209.86,200.06,205.1,8287.633
2025-03-14,205.1,211.49,202.5,209.91,17596.059
2025-03-15,209.91,213.2,205.71,212.69,17236.333
2025-03-16,212.69,214.49,207.55,208.54,16895.364
2025-03-17,208.54,212.94,207.44,212.45,18578.046
2025-03-18,212.45,212.84,203.6,208.43,18781.77
2025-03-19,208.43,210.98,204.19,207.25,23009.413
2025-03-20,207.25,211.73,206.63,210.79,22777.217
2025-03-21,210.79,214.09,206.06,213.38,25477.03
2025-03-22,213.38,217.7,212.13,214.39,22757.896
2025-03-23,214.39,218.72,214.26,216.66,17823.549
2025-03-24,216.66,222.5,215.96,219.36,22471.612
2025-03-25,219.36,225.0,218.33,219.55,18328.939
2025-03-26,219.55,228.82,219.55,222.63,18302.9
2025-03-27,222.63,225.43,220.17,224.95,17417.913
2025-03-28,224.95,226.62,214.29,217.51,19984.114
2025-03-29,217.51,220.2,210.57,214.76,18524.732
2025-03-30,214.76,219.09,213.6,217.78,12784.404
2025-03-31,217.78,218.69,213.06,215.0,19542.434
2025-04-01,215.0,219.65,214.52,216.56,20486.49
2025-04-02,216.56,223.0,212.39,214.36,33659.202
2025-04-03,214.36,217.52,205.74,214.78,23777.726
2025-04-04,214.78,219.26,212.07,214.71,22820.875
2025-04-05,214.71,219.2,210.49,213.15,15379.448
2025-04-06,213.15,215.95,194.61,199.21,21775.843
2025-04-07,199.21,205.23,185.07,203.73,28236.451
2025-04-08,203.73,208.22,190.1,194.43,22817.218
2025-04-09,194.43,206.0,192.0,202.87,23910.815
2025-04-10,202.87,205.3,197.78,200.76,16777.944
2025-04-11,200.76,207.0,192.09,206.72,18907.623
2025-04-12,206.72,210.33,203.26,207.09,17800.889
2025-04-13,207.09,212.0,200.59,203.27,20089.1
2025-04-14,203.27,217.33,203.26,214.57,27519.238
2025-04-15,214.57,216.92,210.42,215.14,28370.774
2025-04-16,215.14,221.0,214.6,218.34,35479.947
2025-04-17,218.34,219.88,213.35,215.92,27458.534
2025-04-18,215.92,217.96,210.59,213.25,10930.723
2025-04-19,213.25,214.58,208.5,213.99,8122.093
2025-04-20,213.99,216.3,209.54,212.58,8738.946
2025-04-21,212.58,216.65,212.05,215.46,27135.047
2025-04-22,215.46,227.0,214.37,226.52,21649.17
2025-04-23,226.52,231.46,224.59,229.99,30248.983
2025-04-24,229.99,230.61,220.49,227.25,24238.782
2025-04-25,227.25,230.97,226.6,227.62,22305.236
2025-04-26,227.62,230.4,226.48,230.02,19077.187
2025-04-27,230.02,234.63,226.35,234.0,15840.912
2025-04-28,234.0,357.95,233.28,258.66,81264.631
2025-04-29,258.66,279.95,258.46,269.88,29380.902
2025-04-30,269.88,282.16,260.65,277.49,20624.891
2025-05-01,277.49,286.73,265.95,267.39,9728.095
2025-05-02,267.39,285.0,263.2,274.19,13684.215
2025-05-03,274.19,278.0,261.98,272.44,13068.791
2025-05-04,272.44,275.0,258.29,272.6,10894.475
2025-05-05,272.6,274.0,260.2,268.23,10624.537
2025-05-06,268.23,283.11,263.55,275.5,18231.997
2025-05-07,275.5,278.97,265.54,271.41,9110.829
2025-05-08,271.41,278.5,267.54,278.5,7831.601
2025-05-09,278.5,297.0,276.5,293.51,16685.606
2025-05-10,293.51,326.0,293.51,312.64,19171.337
2025-05-11,312.64,330.0,292.0,314.6,7716.402
2025-05-12,314.6,333.0,310.33,318.29,11832.944
2025-05-13,318.29,344.98,316.0,341.72,19435.056
2025-05-14,341.72,349.54,334.6,339.62,16528.273
2025-05-15,339.62,350.0,331.68,335.73,17086.306
2025-05-16,335.73,343.5,331.0,333.75,13148.598
2025-05-17,333.75,340.68,321.34,336.77,11157.561
2025-05-18,336.77,346.0,334.98,337.3,10728.593
2025-05-19,337.3,346.49,335.65,342.81,12813.568
2025-05-20,342.81,356.6,342.8,352.04,12716.991
2025-05-21,352.04,402.04,349.37,395.36,23506.925
2025-05-22,395.36,410.79,384.0,386.19,14714.364
2025-05-23,386.19,403.27,376.33,391.5,14541.402
2025-05-24,391.5,406.87,384.15,403.77,12027.459
2025-05-25,403.77,418.37,395.0,418.1,14505.646
2025-05-26,418.1,420.8,392.86,402.63,14798.625
2025-05-27,402.63,404.7,370.03,371.53,16449.132
2025-05-28,371.53,371.71,320.7,346.9,26491.343
2025-05-29,346.9,351.6,331.11,338.32,14162.005
2025-05-30,338.32,342.6,324.9,325.09,10619.72
2025-05-31,325.09,330.94,313.88,325.0,11348.495
2025-06-01,325.0,350.0,320.22,347.81,13741.393
2025-06-02,347.81,368.9,340.71,358.16,15764.011
2025-06-03,358.16,371.0,340.48,343.57,11814.049
2025-06-04,343.57,353.36,301.45,313.5,17858.399
2025-06-05,313.5,339.69,308.65,316.67,19384.577
2025-06-06,316.67,339.22,314.25,323.08,14717.807
2025-06-07,323.08,330.0,319.65,327.54,12132.564
2025-06-08,327.54,336.9,323.16,327.07,10001.534
2025-06-09,327.07,335.29,323.29,333.31,14733.324
2025-06-10,333.31,343.0,327.96,338.15,10497.86
2025-06-11,338.15,345.0,324.7,330.59,14543.098
2025-06-12,330.59,332.44,314.0,318.44,13602.867
2025-06-13,318.44,323.19,300.0,312.83,17087.888
2025-06-14,312.83,318.89,306.68,312.39,10520.107
2025-06-15,312.39,320.0,310.11,314.69,6907.244
2025-06-16,314.69,332.0,314.0,321.44,16278.842
2025-06-17,321.44,332.0,316.5,319.52,16108.424
2025-06-18,319.52,331.86,312.28,315.54,15618.655
2025-06-19,315.54,323.61,302.08,310.64,13606.421
2025-06-20,310.64,319.22,303.76,310.32,11807.301
2025-06-21,310.32,318.08,305.26,308.69,10768.754
2025-06-22,308.69,314.54,287.43,298.74,12144.146
2025-06-23,298.74,312.57,291.54,311.8,15186.573
2025-06-24,311.8,320.35,304.76,314.33,17926.765
2025-06-25,314.33,322.3,309.81,311.44,17272.663
2025-06-26,311.44,319.99,308.05,311.51,15988.449
2025-06-27,311.51,312.82,301.53,307.6,12104.275
2025-06-28,307.6,317.0,303.19,310.5,11650.152
2025-06-29,310.5,323.54,306.16,313.53,15241.498
2025-06-30,313.53,327.0,311.28,325.46,11746.993
2025-07-01,325.46,325.76,306.87,310.44,17070.801
2025-07-02,310.44,326.9,308.42,321.4,17800.22
2025-07-03,321.4,337.85,310.0,319.98,20500.213
2025-07-04,319.98,323.8,311.54,313.13,12282.106
2025-07-05,313.13,317.33,310.82,316.12,7584.724
2025-07-06,316.12,322.0,311.63,319.04,10625.576
2025-07-07,319.04,326.0,312.09,315.66,15362.104
2025-07-08,315.66,320.0,307.47,316.96,16962.482
2025-07-09,316.96,327.33,313.43,325.51,16808.607
2025-07-10,325.51,329.31,320.11,325.7,12994.261
2025-07-11,325.7,332.46,322.47,330.33,19834.42
2025-07-12,330.33,335.0,324.2,332.27,16977.634
2025-07-13,332.27,343.0,329.76,336.07,15733.122
2025-07-14,336.07,357.09,335.79,343.51,22560.617
2025-07-15,343.51,345.08,331.25,334.16,20956.736
2025-07-16,334.16,338.0,325.34,331.15,14501.521
2025-07-17,331.15,345.14,329.53,337.04,23903.114
2025-07-18,337.04,340.08,317.08,321.41,18512.779
2025-07-19,321.41,329.05,317.5,322.64,10930.892
2025-07-20,322.64,329.0,321.0,324.99,9363.127
2025-07-21,324.99,332.81,312.01,319.54,16741.776
2025-07-22,319.54,326.82,315.01,325.44,15894.744
2025-07-23,325.44,329.0,305.91,314.17,16215.056
2025-07-24,314.17,328.93,308.79,326.59,17684.514
2025-07-25,326.59,337.71,318.24,322.25,18910.677
2025-07-26,322.25,329.82,319.0,321.11,13613.437
2025-07-27,321.11,329.1,319.75,325.35,11419.329
2025-07-28,325.35,331.57,314.44,314.68,15303.137
2025-07-29,314.68,326.29,312.03,314.02,15257.424
2025-07-30,314.02,318.57,301.7,309.04,17770.237
2025-07-31,309.04,318.48,302.84,306.59,15008.928
2025-08-01,306.59,309.25,295.12,297.13,15699.456
2025-08-02,297.13,300.23,288.33,295.09,18107.865
2025-08-03,295.09,304.78,293.58,303.58,12678.809
2025-08-04,303.58,314.61,303.0,304.92,21863.858
2025-08-05,304.92,306.0,288.0,291.5,18986.416
2025-08-06,291.5,296.5,278.49,285.61,18833.75
2025-08-07,285.61,288.5,246.66,265.67,27964.362
2025-08-08,265.67,279.18,255.36,274.36,25902.522
2025-08-09,274.36,286.56,268.0,274.01,18355.511
2025-08-10,274.01,282.65,261.64,268.12,18923.172
2025-08-11,268.12,279.9,264.0,266.53,24596.875
2025-08-12,266.53,267.45,241.0,252.79,14223.219
2025-08-13,252.79,257.0,245.6,250.61,10745.584
2025-08-14,250.61,256.99,239.43,242.3,9683.353
2025-08-15,242.3,246.37,230.74,234.46,6559.38
2025-08-16,234.46,252.0,229.91,248.27,11352.138
2025-08-17,248.27,266.0,245.3,261.45,14340.142
2025-08-18,261.45,271.41,258.03,268.86,13554.946
2025-08-19,268.86,275.0,257.52,260.54,20408.304
2025-08-20,260.54,272.0,248.25,256.74,26459.291
2025-08-21,256.74,274.43,253.5,259.33,20256.344
2025-08-22,259.33,271.87,254.79,271.56,12117.282
2025-08-23,271.56,272.64,257.22,265.64,19895.234
2025-08-24,265.64,286.25,265.32,276.16,12526.479
2025-08-25,276.16,278.87,263.75,265.22,17245.314
2025-08-26,265.22,284.5,260.15,279.03,11390.554
2025-08-27,279.03,280.14,266.01,273.24,16917.582
2025-08-28,273.24,278.26,263.55,266.22,17589.331
2025-08-29,266.22,267.9,255.38,261.83,16454.016
2025-08-30,261.83,268.82,255.25,258.78,15037.276
2025-08-31,258.78,266.27,257.91,261.45,11138.246
2025-09-01,261.45,268.37,257.44,259.85,10728.909
2025-09-02,259.85,270.0,258.89,269.65,14574.836
2025-09-03,269.65,275.0,264.58,269.71,15351.709
2025-09-04,269.71,275.12,264.43,269.5,13065.04
2025-09-05,269.5,272.55,260.45,268.88,18448.724
2025-09-06,268.88,272.0,264.36,268.24,12357.687
2025-09-07,268.24,274.0,266.61,271.48,11835.479
2025-09-08,271.48,273.59,265.88,265.88,13828.453
2025-09-09,265.88,275.0,265.4,266.75,15991.229
2025-09-10,266.75,271.99,264.18,268.72,11601.339
2025-09-11,268.72,274.3,267.34,270.24,18235.815
2025-09-12,270.24,283.52,269.15,283.18,15748.996
2025-09-13,283.18,290.37,283.0,286.07,11617.466
2025-09-14,286.07,307.22,284.16,304.63,7069.901
2025-09-15,304.63,306.31,295.01,305.27,12090.89
2025-09-16,305.27,325.0,302.88,318.98,10981.197
2025-09-17,318.98,320.49,288.0,300.15,14394.264
2025-09-18,300.15,300.29,291.4,297.37,9679.013
2025-09-19,297.37,302.78,290.0,292.1,9961.47
2025-09-20,292.1,298.0,290.43,296.95,6935.921
2025-09-21,296.95,299.26,289.98,291.2,5643.21
2025-09-22,291.2,296.99,280.2,287.62,6340.242
2025-09-23,287.62,291.28,283.3,287.53,5745.284
2025-09-24,287.53,295.82,285.0,287.31,9890.801
2025-09-25,287.31,299.89,285.5,287.85,18601.669
2025-09-26,287.85,298.66,285.28,287.12,16898.371
2025-09-27,287.12,294.23,283.4,286.11,11636.997
2025-09-28,286.11,299.9,282.48,290.61,16235.264
2025-09-29,290.61,293.33,285.26,292.34,9035.535
2025-09-30,292.34,300.0,287.19,295.3,16328.067
2025-10-01,295.3,320.1,291.57,312.58,25319.907
2025-10-02,312.58,340.99,309.44,332.87,30481.301
2025-10-03,332.87,337.99,321.14,323.11,21011.868
2025-10-04,323.11,330.0,317.65,330.0,16900.804
2025-10-05,330.0,340.92,317.0,320.84,13741.913
2025-10-06,320.84,328.03,309.34,310.76,20036.209
2025-10-07,310.76,327.02,309.21,318.32,17670.222
2025-10-08,318.32,343.78,312.38,334.0,12325.585
2025-10-09,334.0,348.0,328.2,341.88,20351.304
2025-10-10,341.88,345.76,261.12,293.17,20812.619
2025-10-11,293.17,315.9,285.23,298.54,19399.394
2025-10-12,298.54,317.18,292.63,304.2,21787.21
2025-10-13,304.2,317.03,302.0,310.0,18026.51
2025-10-14,310.0,313.03,298.78,312.45,18191.99
2025-10-15,312.45,330.05,308.57,316.55,16681.477
2025-10-16,316.55,321.28,298.0,300.23,14202.071
2025-10-17,300.23,302.11,281.76,291.07,18334.9
2025-10-18,291.07,316.1,289.46,307.59,20103.783
2025-10-19,307.59,320.0,304.75,315.14,12220.729
2025-10-20,315.14,327.0,307.59,309.12,16493.104
2025-10-21,309.12,317.66,301.14,304.64,17028.904
2025-10-22,304.64,315.0,303.99,311.97,19288.207
2025-10-23,311.97,339.8,310.1,323.37,21854.078
2025-10-24,323.37,331.03,321.04,326.75,16173.568
2025-10-25,326.75,339.37,323.85,332.82,17619.31
2025-10-26,332.82,351.76,332.82,347.92,11024.959
2025-10-27,347.92,350.23,337.0,340.99,12374.794
2025-10-28,340.99,346.57,328.21,334.69,15906.655
2025-10-29,334.69,345.48,330.53,336.4,15132.616
2025-10-30,336.4,340.67,316.82,322.45,14766.326
2025-10-31,322.45,335.0,318.83,334.41,10467.243
2025-11-01,334.41,354.0,330.31,348.12,17997.602
2025-11-02,348.12,363.21,339.93,347.48,14155.399
2025-11-03,347.48,352.7,330.46,345.1,16710.116
2025-11-04,345.1,353.18,327.34,337.89,14830.291
