timestamp,open,high,low,close,volume
2019-05-08,0.23,0.3024,0.23,0.2994,1647029.34
2019-05-09,0.2994,0.3018,0.2959,0.298,2162009.96
2019-05-10,0.298,0.3019,0.2914,0.2989,1754693.65
2019-05-11,0.2989,0.3383,0.2984,0.3221,4326566.36
2019-05-12,0.3221,0.3296,0.3049,0.3104,2149291.94
2019-05-13,0.3105,0.3292,0.3084,0.3246,1812147.25
2019-05-14,0.3246,0.4283,0.3229,0.4173,89455939.72
2019-05-15,0.4173,0.4694,0.4133,0.4588,68467161.77
2019-05-16,0.4591,0.482,0.3963,0.4198,76507353.6
2019-05-17,0.4198,0.4238,0.3582,0.3859,93786110.66
2019-05-18,0.3859,0.3924,0.3621,0.3703,97200171.35
2019-05-19,0.3703,0.4277,0.3693,0.417,90258764.53
2019-05-20,0.417,0.417,0.3785,0.3974,92750621.69
2019-05-21,0.3974,0.4074,0.375,0.395,90633779.04
2019-05-22,0.395,0.4098,0.3658,0.3707,93929821.38
2019-05-23,0.3707,0.3817,0.3612,0.3785,97590246.28
2019-05-24,0.3785,0.3913,0.3686,0.3825,94328269.2
2019-05-25,0.3825,0.3917,0.3793,0.3837,90524753.34
2019-05-26,0.3837,0.4121,0.3735,0.4039,88320679.91
2019-05-27,0.4039,0.448,0.4023,0.4348,85445692.6
2019-05-28,0.4348,0.4604,0.4201,0.4488,85940958.47
2019-05-29,0.4488,0.4564,0.4212,0.4427,83059138.13
2019-05-30,0.4427,0.4736,0.4021,0.4203,82544113.71
2019-05-31,0.4203,0.4413,0.4078,0.4393,67931991.89
2019-06-01,0.4393,0.4426,0.4185,0.4287,62025560.36
2019-06-02,0.4287,0.4479,0.4277,0.445,57693166.54
2019-06-03,0.445,0.4654,0.4185,0.4185,60382400.99
2019-06-04,0.4185,0.4189,0.3848,0.398,69075071.5
2019-06-05,0.398,0.4054,0.387,0.4,87957138.36
2019-06-06,0.4,0.4251,0.3907,0.4188,72183798.76
2019-06-07,0.4188,0.4293,0.4139,0.4183,58353128.4
2019-06-08,0.4183,0.4217,0.4014,0.4058,60525720.92
2019-06-09,0.4058,0.4097,0.3701,0.3855,62956994.59
2019-06-10,0.3855,0.4034,0.3797,0.4006,65980276.89
2019-06-11,0.4006,0.4025,0.384,0.3923,65027937.14
2019-06-12,0.3923,0.4023,0.3882,0.4008,59776762.14
2019-06-13,0.4008,0.4082,0.3971,0.4012,58480698.75
2019-06-14,0.3983,0.4045,0.3921,0.4029,40635279.24
2019-06-15,0.4029,0.4134,0.4019,0.4102,57657305.63
2019-06-16,0.4102,0.4417,0.4082,0.4279,61838593.31
2019-06-17,0.4279,0.4629,0.4269,0.4493,59134421.68
2019-06-18,0.4493,0.4646,0.4219,0.4298,60943423.95
2019-06-19,0.4298,0.4409,0.4259,0.4361,56790232.13
2019-06-20,0.4268,0.4339,0.4231,0.4307,18478477.25
2019-06-21,0.4307,0.4498,0.4307,0.4441,58399861.06
2019-06-22,0.4441,0.51,0.4406,0.4803,52130294.46
2019-06-23,0.4803,0.4989,0.4672,0.4716,54964713.12
2019-06-24,0.4716,0.4763,0.4518,0.4744,54920399.37
2019-06-25,0.4744,0.4771,0.4571,0.4681,50999923.12
2019-06-26,0.4681,0.4962,0.4536,0.4676,492080315.14
2019-06-27,0.4676,0.4714,0.3965,0.4118,654745491.93
2019-06-28,0.4118,0.4272,0.4054,0.4266,475131354.33
2019-06-29,0.4266,0.4294,0.4052,0.4256,367740973.39
2019-06-30,0.4256,0.4279,0.3943,0.3955,343478120.06
2019-07-01,0.3955,0.4209,0.3887,0.4063,430795549.99
2019-07-02,0.4063,0.41,0.384,0.398,453403679.84
2019-07-03,0.398,0.4061,0.3941,0.4044,424068522.56
2019-07-04,0.4044,0.405,0.386,0.3873,453902894.83
2019-07-05,0.3873,0.3884,0.3745,0.3796,569109301.22
2019-07-06,0.3796,0.4099,0.3789,0.3899,454631167.86
2019-07-07,0.3899,0.4,0.387,0.3962,206901560.22
2019-07-08,0.3962,0.4031,0.3914,0.4006,441296319.19
2019-07-09,0.4006,0.4066,0.3901,0.3938,568314569.89
2019-07-10,0.3938,0.3963,0.3434,0.3613,577853875.55
2019-07-11,0.3613,0.3629,0.32,0.331,582183120.64
2019-07-12,0.331,0.3507,0.3211,0.3442,604570744.82
2019-07-13,0.344,0.345,0.3242,0.3321,579250871.61
2019-07-14,0.3323,0.3356,0.3,0.3044,489860830.18
2019-07-15,0.3041,0.3231,0.2949,0.313,494390857.69
2019-07-16,0.313,0.3199,0.2859,0.2949,425650191.5
2019-07-17,0.295,0.3237,0.2927,0.3092,589850521.7
2019-07-18,0.3094,0.3264,0.3034,0.3205,734350098.62
2019-07-19,0.3205,0.3225,0.3102,0.3191,467755609.02
2019-07-20,0.319,0.3408,0.3186,0.3329,374803045.38
2019-07-21,0.3329,0.3352,0.3203,0.3304,349785009.69
2019-07-22,0.3302,0.332,0.316,0.3218,147702592.73
2019-07-23,0.3217,0.322,0.3055,0.3085,118465066.96
2019-07-24,0.309,0.3191,0.3037,0.3155,109824578.74
2019-07-25,0.3151,0.3226,0.3115,0.3133,112958662.3
2019-07-26,0.3136,0.3248,0.3071,0.3229,98572796.31
2019-07-27,0.3228,0.326,0.3056,0.3093,103122864.76
2019-07-28,0.3095,0.3139,0.3006,0.3114,90719111.56
2019-07-29,0.3114,0.3148,0.3063,0.3099,86490310.58
2019-07-30,0.3101,0.3213,0.3066,0.3177,154721037.59
2019-07-31,0.3178,0.3231,0.3152,0.3199,169218424.89
2019-08-01,0.3199,0.3199,0.3113,0.3155,93813675.87
2019-08-02,0.3155,0.3175,0.3089,0.312,108236002.03
2019-08-03,0.312,0.3172,0.3109,0.3158,88689520.45
2019-08-04,0.3158,0.3223,0.3115,0.318,81941319.16
2019-08-05,0.318,0.3307,0.318,0.3224,66036124.73
2019-08-06,0.3224,0.3243,0.3083,0.3118,119945478.11
2019-08-07,0.3118,0.3168,0.3072,0.3107,122014999.62
2019-08-08,0.3107,0.312,0.3047,0.3082,125843671.57
2019-08-09,0.3082,0.309,0.2902,0.2967,132454601.52
2019-08-10,0.2967,0.3057,0.2925,0.2991,134130245.53
2019-08-11,0.2991,0.3061,0.2951,0.3025,124547470.31
2019-08-12,0.3025,0.3052,0.2981,0.3005,122974570.3
2019-08-13,0.3005,0.3011,0.2931,0.2978,127537708.96
2019-08-14,0.2978,0.2986,0.2409,0.2633,155555393.2
2019-08-15,0.2633,0.2938,0.2502,0.264,143640599.13
2019-08-16,0.264,0.265,0.255,0.2604,118598360.38
2019-08-17,0.2604,0.2695,0.2578,0.2654,132531786.22
2019-08-18,0.2654,0.2918,0.2634,0.2833,174871026.2
2019-08-19,0.2833,0.2902,0.2757,0.2819,174796613.92
2019-08-20,0.2819,0.2822,0.2698,0.2743,215681863.2
2019-08-21,0.2743,0.2744,0.259,0.266,316321814.69
2019-08-22,0.266,0.2741,0.2603,0.2703,287629592.31
2019-08-23,0.2703,0.2778,0.2675,0.2764,197779598.65
2019-08-24,0.2764,0.2773,0.264,0.2713,194307579.26
2019-08-25,0.2713,0.276,0.2661,0.2694,155384434.13
2019-08-26,0.2694,0.2797,0.2671,0.2705,197061086.44
2019-08-27,0.2705,0.2706,0.265,0.2695,133777165.56
2019-08-28,0.2695,0.2697,0.2474,0.2565,191876999.57
2019-08-29,0.2565,0.2625,0.2476,0.2568,354876823.57
2019-08-30,0.2568,0.2573,0.2519,0.2552,185933842.92
2019-08-31,0.2552,0.2601,0.2528,0.2574,181603573.05
2019-09-01,0.2574,0.2588,0.2503,0.2557,165865908.78
2019-09-02,0.2557,0.2641,0.2529,0.2608,212409433.39
2019-09-03,0.2608,0.2668,0.2575,0.2621,211057237.73
2019-09-04,0.2621,0.2625,0.256,0.2582,179070499.77
2019-09-05,0.2582,0.2593,0.2535,0.2558,126210624.87
2019-09-06,0.2558,0.2586,0.247,0.2512,233326864.8
2019-09-07,0.2512,0.2627,0.25,0.2598,221300931.45
2019-09-08,0.2598,0.2658,0.2557,0.2618,263570759.05
2019-09-09,0.2618,0.2643,0.2566,0.2587,238695156.73
2019-09-10,0.2587,0.2636,0.254,0.2587,152507378.84
2019-09-11,0.2587,0.2609,0.2513,0.2555,177919129.56
2019-09-12,0.2555,0.2569,0.2511,0.2538,232284640.65
2019-09-13,0.2538,0.25602,0.25171,0.25522,165981036.19
2019-09-14,0.25522,0.26534,0.25367,0.2613,183499777.93
2019-09-15,0.2613,0.26416,0.25851,0.26003,238550630.86
2019-09-16,0.26003,0.26287,0.2565,0.26084,157448884.66
2019-09-17,0.26084,0.29855,0.25942,0.2855,250927156.75
2019-09-18,0.2855,0.32598,0.28509,0.31334,523503253.64
2019-09-19,0.31334,0.31344,0.28328,0.30049,462862626.56
2019-09-20,0.30049,0.30147,0.28361,0.29362,281015516.6
2019-09-21,0.29362,0.29728,0.2863,0.2897,187020500.31
2019-09-22,0.2897,0.28985,0.26879,0.27615,231137370.48
2019-09-23,0.27615,0.28667,0.26612,0.26753,267471955.59
2019-09-24,0.26753,0.27279,0.21503,0.23304,348710966.44
2019-09-25,0.23304,0.2493,0.23127,0.24558,637461491.2
2019-09-26,0.24558,0.24994,0.2294,0.24223,297913504.67
2019-09-27,0.24223,0.24701,0.233,0.24204,347094560.52
2019-09-28,0.24204,0.24422,0.23788,0.24186,229788621.25
2019-09-29,0.24186,0.24237,0.23447,0.24026,170434149.47
2019-09-30,0.24026,0.26165,0.23543,0.25641,372783914.77
2019-10-01,0.25641,0.26091,0.24453,0.2479,292303005.37
2019-10-02,0.2479,0.25459,0.2442,0.25257,256474885.5
2019-10-03,0.25257,0.25304,0.24195,0.2466,214506289.2
2019-10-04,0.2466,0.25646,0.24462,0.25228,253133445.79
2019-10-05,0.25228,0.25641,0.24684,0.25326,245815756.79
2019-10-06,0.25326,0.25625,0.25061,0.25526,212319653.91
2019-10-07,0.25526,0.28113,0.25325,0.27582,304172176.98
2019-10-08,0.27582,0.28548,0.27071,0.27759,321162681.07
2019-10-09,0.27759,0.28645,0.2737,0.28116,316605330.76
2019-10-10,0.28116,0.28171,0.26509,0.27019,235730989.78
2019-10-11,0.27019,0.27464,0.26448,0.26715,282272077.15
2019-10-12,0.26715,0.27719,0.26708,0.27232,317208641.19
2019-10-13,0.27232,0.28126,0.27149,0.2773,282621209.93
2019-10-14,0.2773,0.29782,0.27637,0.29719,375484259.52
2019-10-15,0.29719,0.29883,0.28319,0.28848,368254759.12
2019-10-16,0.28848,0.29209,0.27864,0.28337,334707578.45
2019-10-17,0.28337,0.30347,0.27968,0.30155,305296206.8
2019-10-18,0.30155,0.30177,0.28442,0.29377,303503434.66
2019-10-19,0.29377,0.29891,0.28753,0.29153,282889278.53
2019-10-20,0.29153,0.29606,0.28113,0.29391,297863602.38
2019-10-21,0.29391,0.29428,0.28819,0.29185,257747178.24
2019-10-22,0.29185,0.30235,0.289,0.29053,263592228.4
2019-10-23,0.29053,0.2911,0.25073,0.27299,409258668.75
2019-10-24,0.27299,0.27991,0.26642,0.27575,341076909.79
2019-10-25,0.27575,0.30777,0.27456,0.29843,440195201.76
2019-10-26,0.29843,0.31198,0.28404,0.29365,542561013.23
2019-10-27,0.29365,0.30206,0.28927,0.29827,338179611.55
2019-10-28,0.29827,0.30492,0.29332,0.29453,328531508.56
2019-10-29,0.29453,0.30953,0.2942,0.30174,324534666.13
2019-10-30,0.30174,0.30603,0.2902,0.29457,315119178.37
2019-10-31,0.29457,0.29834,0.28804,0.29452,285985676.59
2019-11-01,0.29452,0.29452,0.28501,0.29127,251167996.66
2019-11-02,0.29127,0.29739,0.29122,0.2946,254371259.04
2019-11-03,0.2946,0.29587,0.28861,0.29024,260847267.58
2019-11-04,0.29024,0.29988,0.2892,0.29877,307126064.59
2019-11-05,0.29877,0.30427,0.295,0.30035,315528097.09
2019-11-06,0.30035,0.3134,0.29657,0.30992,291088858.93
2019-11-07,0.30992,0.31454,0.27535,0.29041,381703356.51
2019-11-08,0.29041,0.29087,0.27119,0.27523,328496865.24
2019-11-09,0.27523,0.28122,0.27437,0.27969,233767805.8
2019-11-10,0.27969,0.28434,0.27653,0.27915,258186524.03
2019-11-11,0.27915,0.28111,0.26972,0.27423,234245563.91
2019-11-12,0.27423,0.27631,0.26772,0.27219,253769054.98
2019-11-13,0.27219,0.27549,0.27015,0.27206,220805207.2
2019-11-14,0.27206,0.27281,0.26379,0.26814,233472570.57
2019-11-15,0.26814,0.26939,0.25335,0.26074,292545611.49
2019-11-16,0.26074,0.26435,0.25917,0.26218,249640171.71
2019-11-17,0.26218,0.26591,0.25903,0.26296,250982425.9
2019-11-18,0.26296,0.26311,0.24107,0.25192,272723849.45
2019-11-19,0.25192,0.25639,0.24313,0.25403,282218656.34
2019-11-20,0.25403,0.25839,0.24809,0.25034,267740127.8
2019-11-21,0.25034,0.25354,0.23667,0.24346,319757883.46
2019-11-22,0.24346,0.24575,0.22134,0.23011,458879419.24
2019-11-23,0.23011,0.23543,0.22544,0.23401,274206686.96
2019-11-24,0.23401,0.2346,0.21839,0.2202,286766655.16
2019-11-25,0.2202,0.225,0.20002,0.21754,410275978.49
2019-11-26,0.21754,0.22184,0.21335,0.22052,280804143.61
2019-11-27,0.22052,0.22906,0.21245,0.22384,358055480.85
2019-11-28,0.22384,0.22923,0.22249,0.22308,260782259.77
2019-11-29,0.22308,0.23227,0.22248,0.23019,286625241.72
2019-11-30,0.23019,0.23189,0.22356,0.22534,259115671.75
2019-12-01,0.22534,0.22556,0.21851,0.22478,299584668.08
2019-12-02,0.22478,0.22616,0.21745,0.21911,274104685.08
2019-12-03,0.21911,0.22185,0.21777,0.21929,247423125.71
2019-12-04,0.21929,0.22419,0.20975,0.21384,310445207.38
2019-12-05,0.21384,0.22595,0.21206,0.22116,280442062.54
2019-12-06,0.22116,0.22649,0.21891,0.2254,294748476.07
2019-12-07,0.2254,0.22795,0.223,0.22696,286169686.53
2019-12-08,0.22696,0.23188,0.22367,0.22901,276052403.8
2019-12-09,0.22901,0.23048,0.22124,0.22447,294708837.82
2019-12-10,0.22447,0.22528,0.21903,0.2225,304692763.16
2019-12-11,0.2225,0.22357,0.21969,0.22097,253403400.31
2019-12-12,0.22097,0.22286,0.21695,0.21844,298465596.97
2019-12-13,0.21844,0.22074,0.21548,0.22063,256937736.01
2019-12-14,0.22063,0.22081,0.21467,0.21597,225398197.28
2019-12-15,0.21597,0.21918,0.21456,0.21728,214686413.8
2019-12-16,0.21728,0.21747,0.20252,0.20554,317334776.25
2019-12-17,0.20554,0.20572,0.17866,0.18308,454575573.38
2019-12-18,0.18308,0.19978,0.17475,0.19568,537377918.08
2019-12-19,0.19568,0.19695,0.18449,0.18777,379051632.87
2019-12-20,0.18777,0.19769,0.18383,0.19508,396590603.65
2019-12-21,0.19508,0.19605,0.19011,0.19153,309432253.92
2019-12-22,0.19153,0.19659,0.19035,0.19648,301444364.0
2019-12-23,0.19648,0.19827,0.18817,0.18966,340069876.87
2019-12-24,0.18966,0.19384,0.18747,0.19078,336112600.18
2019-12-25,0.19078,0.19139,0.18631,0.18857,285996454.02
2019-12-26,0.18857,0.19396,0.18719,0.18937,324270051.35
2019-12-27,0.18937,0.19008,0.18508,0.18993,286118398.55
2019-12-28,0.18993,0.19479,0.18969,0.19329,322523723.18
2019-12-29,0.19329,0.1983,0.19083,0.19666,278734402.84
2019-12-30,0.19666,0.19788,0.19197,0.19331,323733680.76
2019-12-31,0.19331,0.1942,0.19004,0.19283,301283896.13
2020-01-01,0.19283,0.19529,0.19225,0.19311,265564604.32
2020-01-02,0.19311,0.19314,0.18578,0.18753,271327137.7
2020-01-03,0.18753,0.19382,0.18449,0.1933,347800766.4
2020-01-04,0.1933,0.1937,0.19121,0.193,240219870.75
2020-01-05,0.193,0.19716,0.19287,0.19451,260713739.2
2020-01-06,0.19451,0.22375,0.19415,0.2231,411621011.26
2020-01-07,0.2231,0.22537,0.20699,0.2133,440700447.98
2020-01-08,0.2133,0.2182,0.20327,0.20751,437467674.73
2020-01-09,0.20751,0.20881,0.20068,0.20335,360482780.85
2020-01-10,0.20335,0.21244,0.20029,0.21181,382376627.81
2020-01-11,0.21181,0.21981,0.20863,0.21127,410707742.1
2020-01-12,0.21127,0.21704,0.20942,0.2153,398091611.14
2020-01-13,0.2153,0.21564,0.21,0.21141,312099224.29
2020-01-14,0.21141,0.24491,0.21129,0.2346,599286827.9
2020-01-15,0.2346,0.24341,0.22643,0.2338,648745566.67
2020-01-16,0.2338,0.23498,0.22225,0.22903,449980209.92
2020-01-17,0.22903,0.24425,0.22657,0.23912,493432540.8
2020-01-18,0.23912,0.25419,0.23241,0.24345,502324586.8
2020-01-19,0.24345,0.25171,0.22684,0.23564,476627084.22
2020-01-20,0.23564,0.23633,0.22439,0.23315,409290267.6
2020-01-21,0.23315,0.24196,0.22986,0.2372,413998408.71
2020-01-22,0.2372,0.23992,0.23224,0.23724,365522337.44
2020-01-23,0.23724,0.23731,0.22073,0.22596,401070795.31
2020-01-24,0.22596,0.22632,0.21296,0.22215,405550138.62
2020-01-25,0.22215,0.22267,0.21681,0.21958,326556295.05
2020-01-26,0.21958,0.23229,0.21781,0.23129,361662741.37
2020-01-27,0.23129,0.23377,0.22631,0.23087,366220652.19
2020-01-28,0.23087,0.24152,0.2303,0.23916,443754673.21
2020-01-29,0.23916,0.24197,0.23303,0.23541,371649285.92
2020-01-30,0.23541,0.24622,0.23071,0.24367,422059698.29
2020-01-31,0.24367,0.24488,0.2338,0.23946,404891297.87
2020-02-01,0.23946,0.24298,0.23688,0.24129,370108769.58
2020-02-02,0.24129,0.26148,0.23597,0.2511,513399054.86
2020-02-03,0.2511,0.26101,0.24721,0.25488,441373954.99
2020-02-04,0.25488,0.27081,0.24745,0.26733,477610018.54
2020-02-05,0.26733,0.28233,0.26725,0.27766,458134381.46
2020-02-06,0.27766,0.288,0.27,0.28363,446350801.38
2020-02-07,0.28363,0.28817,0.27795,0.27936,376143106.35
2020-02-08,0.27936,0.28166,0.265,0.27741,396601996.1
2020-02-09,0.27741,0.288,0.27618,0.28246,399766416.37
2020-02-10,0.28246,0.28328,0.26753,0.27325,399312801.17
2020-02-11,0.27325,0.283,0.26754,0.28108,341180063.84
2020-02-12,0.28108,0.31,0.28103,0.30443,454752720.22
2020-02-13,0.30443,0.33958,0.30052,0.32748,818864223.02
2020-02-14,0.32748,0.33913,0.31068,0.33562,593318732.86
2020-02-15,0.33562,0.34672,0.2919,0.30741,664057722.13
2020-02-16,0.30741,0.31894,0.27167,0.29277,714474413.53
2020-02-17,0.29277,0.29483,0.26946,0.28699,720960170.0
2020-02-18,0.28699,0.30236,0.27476,0.29778,620386673.76
2020-02-19,0.29778,0.30692,0.27034,0.27484,542230418.12
2020-02-20,0.27484,0.28162,0.26175,0.27113,625548724.16
2020-02-21,0.27113,0.27846,0.26842,0.27419,492202437.16
2020-02-22,0.27419,0.27816,0.26976,0.27491,484688135.07
2020-02-23,0.27491,0.28454,0.2746,0.28278,427270151.0
2020-02-24,0.28278,0.28422,0.26294,0.26947,433620120.7
2020-02-25,0.26947,0.27015,0.25136,0.25214,528207790.86
2020-02-26,0.25214,0.25502,0.22278,0.22864,891188127.72
2020-02-27,0.22864,0.24707,0.22259,0.23828,638085626.76
2020-02-28,0.23828,0.24386,0.22843,0.2365,592759882.58
2020-02-29,0.2365,0.24228,0.22866,0.22889,474305722.37
2020-03-01,0.22889,0.23595,0.22261,0.22739,409246278.42
2020-03-02,0.22739,0.2414,0.22594,0.23964,455737692.15
2020-03-03,0.23964,0.23973,0.22943,0.23418,471009888.57
2020-03-04,0.23418,0.23828,0.23029,0.23465,420096976.67
2020-03-05,0.23465,0.24321,0.23455,0.23914,490585597.68
2020-03-06,0.23914,0.24617,0.23813,0.24468,793564135.54
2020-03-07,0.24468,0.24497,0.23492,0.23601,843841227.52
2020-03-08,0.23601,0.2361,0.20002,0.20366,1563698262.7
2020-03-09,0.20366,0.21126,0.19814,0.20982,1755086193.51
2020-03-10,0.20982,0.21562,0.20533,0.2117,1150697679.8
2020-03-11,0.2117,0.21377,0.19936,0.20814,1030357612.92
2020-03-12,0.20814,0.2099,0.12837,0.13598,4050254641.64
2020-03-13,0.13598,0.16593,0.10375,0.15878,5955754641.68
2020-03-14,0.15878,0.15978,0.14353,0.14597,1729304607.59
2020-03-15,0.14597,0.16401,0.14461,0.15304,1870171494.83
2020-03-16,0.15304,0.15317,0.12853,0.14094,3054119394.62
2020-03-17,0.14094,0.15179,0.13964,0.14702,1747433164.46
2020-03-18,0.14702,0.14936,0.14021,0.14752,1645527850.01
2020-03-19,0.14752,0.17193,0.14432,0.16454,1747012564.43
2020-03-20,0.16454,0.17477,0.14553,0.15687,2360391499.39
2020-03-21,0.15687,0.16166,0.1518,0.15786,1292962727.76
2020-03-22,0.15786,0.16174,0.14649,0.14789,1254511480.05
2020-03-23,0.14789,0.16113,0.14495,0.15861,1605061063.15
2020-03-24,0.15861,0.16374,0.15693,0.1623,1349172131.13
2020-03-25,0.1623,0.165,0.15719,0.16161,1270832155.57
2020-03-26,0.16161,0.17732,0.15989,0.17598,1172604433.94
2020-03-27,0.17598,0.18719,0.1699,0.17277,2077400202.26
2020-03-28,0.17277,0.17977,0.1666,0.17543,1579130090.09
2020-03-29,0.17543,0.17651,0.1621,0.16281,1307272325.62
2020-03-30,0.16281,0.175,0.16246,0.17094,1270718892.76
2020-03-31,0.17094,0.17793,0.17047,0.1736,1358841638.7
2020-04-01,0.1736,0.17597,0.16811,0.17497,1343862718.85
2020-04-02,0.17497,0.18637,0.17409,0.17841,1290353064.34
2020-04-03,0.17841,0.18276,0.17589,0.17959,1097830750.85
2020-04-04,0.17959,0.18338,0.17777,0.18114,1003377849.09
2020-04-05,0.18114,0.18203,0.17658,0.17932,730355452.08
2020-04-06,0.17932,0.19826,0.17921,0.19812,1518868551.33
2020-04-07,0.19812,0.20513,0.19,0.19286,1538243122.9
2020-04-08,0.19286,0.2029,0.1916,0.2019,982188788.56
2020-04-09,0.2019,0.20231,0.1941,0.19823,885510888.32
2020-04-10,0.19823,0.19873,0.18146,0.18754,887100754.51
2020-04-11,0.18754,0.19209,0.18499,0.1885,960743533.87
2020-04-12,0.1885,0.19565,0.18618,0.18935,1039155292.05
2020-04-13,0.18935,0.1894,0.18024,0.18759,1277493122.86
2020-04-14,0.18759,0.18915,0.18341,0.18612,1022418713.35
2020-04-15,0.18612,0.18974,0.18002,0.18047,1029044463.39
2020-04-16,0.18047,0.1929,0.17416,0.1905,1581764217.76
2020-04-17,0.1905,0.19183,0.18622,0.18863,831873135.71
2020-04-18,0.18863,0.19687,0.18846,0.19531,806727704.92
2020-04-19,0.19531,0.1964,0.18781,0.18888,931201535.68
2020-04-20,0.18888,0.1945,0.17832,0.18151,1274292136.24
2020-04-21,0.18151,0.18621,0.18109,0.18342,1120835648.13
2020-04-22,0.18342,0.18961,0.182,0.18805,899038798.16
2020-04-23,0.18805,0.19925,0.18554,0.19267,1148525563.75
2020-04-24,0.19267,0.19688,0.19198,0.19324,1015627567.49
2020-04-25,0.19324,0.19762,0.19172,0.19415,978110332.96
2020-04-26,0.19415,0.1976,0.19233,0.19613,810967595.74
2020-04-27,0.19613,0.19956,0.19423,0.19749,940294465.34
2020-04-28,0.19749,0.21786,0.19458,0.21446,1209976401.66
2020-04-29,0.21446,0.2305,0.21361,0.22641,1385819759.29
2020-04-30,0.22641,0.2356,0.20816,0.2115,1633632051.86
2020-05-01,0.2115,0.22398,0.21119,0.21784,1108636349.68
2020-05-02,0.21784,0.22566,0.21539,0.22374,1093295187.43
2020-05-03,0.22374,0.22657,0.21582,0.21939,1115134729.38
2020-05-04,0.21939,0.2205,0.20692,0.21802,1281262759.82
2020-05-05,0.21802,0.22208,0.21309,0.21698,1122409355.98
2020-05-06,0.21698,0.22179,0.21086,0.21173,1025422304.99
2020-05-07,0.21173,0.22081,0.2098,0.21857,1170036782.7
2020-05-08,0.21857,0.22186,0.21446,0.21867,1106811798.67
2020-05-09,0.21867,0.2251,0.21599,0.2165,1074139328.55
2020-05-10,0.2165,0.21652,0.18002,0.19545,1126265573.51
2020-05-11,0.19545,0.1997,0.18477,0.19257,1233780411.22
2020-05-12,0.19257,0.19948,0.19115,0.19685,912769437.04
2020-05-13,0.19685,0.20374,0.19569,0.20157,1061042654.02
2020-05-14,0.20157,0.20592,0.19881,0.20418,841468613.97
2020-05-15,0.20418,0.2045,0.19559,0.19802,540442492.37
2020-05-16,0.19802,0.20204,0.19671,0.20001,470346546.85
2020-05-17,0.20001,0.20431,0.19863,0.20134,410539286.26
2020-05-18,0.20134,0.20786,0.20129,0.20542,307665747.9
2020-05-19,0.20542,0.2065,0.20091,0.20499,68397422.05
2020-05-20,0.20499,0.20619,0.19802,0.20187,65123382.52
2020-05-21,0.20187,0.20324,0.18956,0.1942,76490304.9
2020-05-22,0.1942,0.20231,0.19239,0.20025,126680504.23
2020-05-23,0.20025,0.202,0.19815,0.19878,131879136.16
2020-05-24,0.19878,0.2012,0.19237,0.19237,132174566.28
2020-05-25,0.19237,0.19696,0.19034,0.19601,145615346.74
2020-05-26,0.19601,0.19704,0.19128,0.19373,124637838.78
2020-05-27,0.19373,0.20011,0.19368,0.1979,125854181.56
2020-05-28,0.1979,0.20087,0.19509,0.20039,123641018.29
2020-05-29,0.20039,0.20267,0.19634,0.19759,123240573.23
2020-05-30,0.19759,0.20785,0.19594,0.20691,144854579.18
2020-05-31,0.20691,0.21327,0.20072,0.20265,173716246.39
2020-06-01,0.20265,0.21202,0.20094,0.21074,157193875.79
2020-06-02,0.21074,0.21451,0.19736,0.20298,151613960.11
2020-06-03,0.20298,0.20482,0.20074,0.20416,131858151.96
2020-06-04,0.20416,0.20718,0.20028,0.20439,136934190.72
2020-06-05,0.20439,0.20576,0.20142,0.20277,123401147.03
2020-06-06,0.20277,0.2048,0.20118,0.20362,109354877.87
2020-06-07,0.20362,0.205,0.19845,0.20329,114111063.14
2020-06-08,0.20329,0.20444,0.20119,0.20399,80273460.07
2020-06-09,0.20399,0.20509,0.2,0.2013,74028651.99
2020-06-10,0.2013,0.20379,0.19936,0.20269,78563697.68
2020-06-11,0.20269,0.20349,0.18491,0.1882,114690552.6
2020-06-12,0.1882,0.19507,0.18694,0.19303,115354305.62
2020-06-13,0.19303,0.19377,0.19079,0.19236,91140879.76
2020-06-14,0.19236,0.19246,0.18881,0.19026,69183681.2
2020-06-15,0.19026,0.1934,0.18217,0.19236,128268700.56
2020-06-16,0.19236,0.19407,0.19013,0.19243,96297645.97
2020-06-17,0.19243,0.19878,0.18866,0.19321,113245620.63
2020-06-18,0.19321,0.19323,0.18819,0.18971,107671259.25
2020-06-19,0.18971,0.19011,0.18657,0.18729,97383453.69705763
2020-06-20,0.18729,0.18902,0.18485,0.18796,69651375.5281207
2020-06-21,0.18796,0.18853,0.18558,0.18606,62313332.02156468
2020-06-22,0.18606,0.19042,0.18567,0.18923,67511384.05733067
2020-06-23,0.18923,0.19043,0.18831,0.18883,62986181.05401236
2020-06-24,0.18883,0.19012,0.18151,0.1835,75522486.43964832
2020-06-25,0.1835,0.18409,0.17887,0.1815,78189663.56
2020-06-26,0.1815,0.18688,0.17876,0.18247,90199565.25
2020-06-27,0.18247,0.18356,0.16908,0.17511,82716984.45
2020-06-28,0.17511,0.17988,0.17317,0.17691,88190691.12
2020-06-29,0.17691,0.1793,0.17499,0.17717,78597255.09
2020-06-30,0.17717,0.17779,0.1749,0.17536,58991228.91
2020-07-01,0.17536,0.17812,0.17377,0.17643,66845096.62
2020-07-02,0.17643,0.17721,0.17235,0.17481,77950128.9
2020-07-03,0.17481,0.1786,0.17454,0.17636,69797078.39
2020-07-04,0.17636,0.1796,0.17594,0.17812,68500290.3
2020-07-05,0.17812,0.17881,0.17376,0.17703,69555521.1
2020-07-06,0.17703,0.18923,0.17642,0.1887,93533140.54
2020-07-07,0.1887,0.18963,0.18311,0.18517,83278290.6
2020-07-08,0.18517,0.20668,0.18385,0.20543,144402558.5
2020-07-09,0.20543,0.21165,0.19702,0.20255,130930024.02
2020-07-10,0.20255,0.20267,0.19279,0.19894,69045608.73
2020-07-11,0.19894,0.20476,0.19801,0.20111,18596850.5
2020-07-12,0.20111,0.20399,0.19796,0.20133,6844021.0
2020-07-13,0.20133,0.20653,0.19239,0.19873,21122504.06
2020-07-14,0.19873,0.1998,0.19507,0.19901,3582320.11
2020-07-15,0.19901,0.19987,0.19637,0.19725,1593584.11
2020-07-16,0.19725,0.19761,0.18893,0.19444,2442063.1
2020-07-17,0.19444,0.19812,0.19129,0.19443,2969955.34
2020-07-18,0.19443,0.20202,0.19395,0.1999,3117675.54
2020-07-19,0.1999,0.20205,0.19575,0.19953,3049711.82
2020-07-20,0.19953,0.20019,0.19205,0.19468,2639597.96
2020-07-21,0.19468,0.20087,0.19389,0.19954,3407308.85
2020-07-22,0.19954,0.2043,0.19596,0.20349,2839053.13
2020-07-23,0.20349,0.21023,0.20145,0.20839,4062329.39
2020-07-24,0.20839,0.20851,0.2019,0.20391,3710067.62
2020-07-25,0.20391,0.21746,0.20351,0.2146,3594530.64
2020-07-26,0.2146,0.22491,0.2127,0.21513,4286162.03
2020-07-27,0.21513,0.22894,0.20899,0.22424,5636394.97
2020-07-28,0.22424,0.23471,0.21707,0.23036,4928670.5
2020-07-29,0.23036,0.25005,0.22926,0.24306,6333161.24
2020-07-30,0.24306,0.24953,0.23411,0.24413,6777472.54
2020-07-31,0.24413,0.2604,0.2416,0.25941,5043634.36
2020-08-01,0.25941,0.29738,0.2556,0.29101,7460054.66
2020-08-02,0.29101,0.32548,0.24865,0.28787,16435046.35
2020-08-03,0.28787,0.31995,0.28412,0.31013,8290373.35
2020-08-04,0.31013,0.31926,0.29136,0.30145,6690356.96
2020-08-05,0.30145,0.30795,0.29123,0.30239,7332853.51
2020-08-06,0.30239,0.31104,0.29555,0.30331,9699246.23
2020-08-07,0.30331,0.31015,0.27948,0.29437,26087871.34
2020-08-08,0.29437,0.29878,0.29008,0.2953,12234786.75
2020-08-09,0.2953,0.29835,0.28216,0.28796,10824811.6
2020-08-10,0.28796,0.29999,0.28388,0.29469,17716846.94
2020-08-11,0.29469,0.30725,0.26926,0.283,32991504.56
2020-08-12,0.283,0.28742,0.27191,0.28223,27654468.47
2020-08-13,0.28223,0.29541,0.27252,0.29417,28171003.32
2020-08-14,0.29417,0.30723,0.2896,0.29998,29229168.82
2020-08-15,0.29998,0.30533,0.29154,0.29872,23633282.13
2020-08-16,0.29872,0.30473,0.29222,0.30446,20409806.54
2020-08-17,0.30446,0.3268,0.29706,0.31512,19191311.36
2020-08-18,0.31512,0.3215,0.29762,0.30251,23921059.17
2020-08-19,0.30251,0.30414,0.27889,0.2898,23825962.81
2020-08-20,0.2898,0.29456,0.2843,0.29211,10368216.38
2020-08-21,0.29211,0.29584,0.27737,0.27927,14360401.38
2020-08-22,0.27927,0.28674,0.27339,0.28607,15176552.43
2020-08-23,0.28607,0.28798,0.27756,0.28472,9415439.49
2020-08-24,0.28472,0.29202,0.28232,0.28848,8523958.37
2020-08-25,0.28848,0.28968,0.26996,0.27643,12421232.78
2020-08-26,0.27643,0.28075,0.27393,0.27646,10736189.2
2020-08-27,0.27646,0.27828,0.2546,0.26455,20557940.08
2020-08-28,0.26455,0.27322,0.25993,0.27164,11925816.58
2020-08-29,0.27164,0.27679,0.26866,0.27373,8243079.41
2020-08-30,0.27373,0.28384,0.27369,0.28298,10701694.15
2020-08-31,0.28298,0.28475,0.27798,0.28117,8245781.84
2020-09-01,0.28117,0.29904,0.27575,0.29534,21095610.32
2020-09-02,0.29534,0.30636,0.26352,0.27586,31870017.63
2020-09-03,0.27586,0.27653,0.23796,0.24418,32041981.95
2020-09-04,0.24418,0.26592,0.24051,0.25383,25716053.61
2020-09-05,0.25383,0.25956,0.23138,0.23741,33429793.37
2020-09-06,0.23741,0.24348,0.2295,0.23988,21458232.47
2020-09-07,0.23988,0.24294,0.22977,0.24202,21786998.86
2020-09-08,0.24202,0.24361,0.23132,0.23662,17447038.86
2020-09-09,0.23662,0.24279,0.23303,0.23907,12264788.16
2020-09-10,0.23907,0.24876,0.23883,0.24311,13411146.15
2020-09-11,0.24311,0.24446,0.2369,0.24259,9344580.26
2020-09-12,0.24259,0.24876,0.24017,0.24748,9963321.64
2020-09-13,0.24748,0.25339,0.23774,0.24215,13846895.21
2020-09-14,0.24215,0.24834,0.23908,0.24561,11654045.55
2020-09-15,0.24561,0.24937,0.2422,0.24337,12430574.06
2020-09-16,0.24337,0.25111,0.23426,0.24684,9676201.14
2020-09-17,0.24684,0.25835,0.24604,0.25207,6251369.65
2020-09-18,0.25207,0.25523,0.24631,0.25072,4783436.2
2020-09-19,0.25072,0.25479,0.24741,0.25113,4560401.44
2020-09-20,0.25113,0.25127,0.2424,0.24643,4663260.78
2020-09-21,0.24643,0.24805,0.22933,0.23072,6312666.74
2020-09-22,0.23072,0.23456,0.2295,0.23301,4403337.4
2020-09-23,0.23301,0.2351,0.22045,0.2215,4982679.92
2020-09-24,0.2215,0.23395,0.21956,0.23284,5406089.43
2020-09-25,0.23284,0.24476,0.2296,0.24145,5650637.37
2020-09-26,0.24145,0.24547,0.23768,0.24151,5130665.76
2020-09-27,0.24151,0.24467,0.23738,0.2434,4756332.49
2020-09-28,0.2434,0.24833,0.24015,0.24108,4578437.09
2020-09-29,0.24108,0.24665,0.23843,0.24283,4773514.28
2020-09-30,0.24283,0.24288,0.23765,0.2417,3507234.67
2020-10-01,0.2417,0.2444,0.2339,0.23816,2618051.24
2020-10-02,0.23816,0.23935,0.22857,0.23391,3020110.23
2020-10-03,0.23391,0.23502,0.23256,0.23268,1952058.23
2020-10-04,0.23268,0.25015,0.23153,0.2479,2825719.62
2020-10-05,0.2479,0.25421,0.24638,0.25027,3062641.5
2020-10-06,0.25027,0.25921,0.24135,0.2457,3952156.54
2020-10-07,0.2457,0.25138,0.24102,0.24866,2764764.18
2020-10-08,0.24866,0.25284,0.24215,0.2511,2764782.97
2020-10-09,0.2511,0.25664,0.24955,0.25293,4144388.3
2020-10-10,0.25293,0.26027,0.25283,0.254,5065984.42
2020-10-11,0.254,0.25849,0.25322,0.25538,3505255.95
2020-10-12,0.25538,0.25819,0.24922,0.25599,4852375.42
2020-10-13,0.25599,0.26001,0.25267,0.25656,4471013.75
2020-10-14,0.25656,0.2584,0.24602,0.24902,4709671.9
2020-10-15,0.24902,0.25009,0.24307,0.24589,4705188.11
2020-10-16,0.24589,0.24779,0.23797,0.24014,4823986.4
2020-10-17,0.24014,0.24317,0.23864,0.24067,3261425.37
2020-10-18,0.24067,0.24348,0.23802,0.24225,3135091.28
2020-10-19,0.24225,0.24944,0.24009,0.24561,3963412.55
2020-10-20,0.24561,0.25011,0.2415,0.24329,4814509.3
2020-10-21,0.24329,0.25554,0.24253,0.25092,5253499.99
2020-10-22,0.25092,0.26352,0.25086,0.25715,5562078.28
2020-10-23,0.25715,0.25923,0.25008,0.25471,3914516.67
2020-10-24,0.25471,0.25761,0.25254,0.25619,2206381.57
2020-10-25,0.25619,0.25709,0.25121,0.25319,3761983.33
2020-10-26,0.25319,0.25907,0.24357,0.24809,8017957.54
2020-10-27,0.24809,0.25393,0.24748,0.25268,4643317.34
2020-10-28,0.25268,0.25662,0.24438,0.24539,7304650.69
2020-10-29,0.24539,0.24702,0.23959,0.2424,4865440.72
2020-10-30,0.2424,0.24404,0.23062,0.23901,8288213.87
2020-10-31,0.23901,0.24352,0.2374,0.23969,4537734.89
2020-11-01,0.23969,0.24129,0.23664,0.23995,3068572.5
2020-11-02,0.23995,0.24463,0.23265,0.23527,7054171.84
2020-11-03,0.23527,0.2441,0.22794,0.23958,11914777.25
2020-11-04,0.23958,0.24045,0.2324,0.23758,8464494.27
2020-11-05,0.23758,0.24725,0.23721,0.24562,9600614.29
2020-11-06,0.24562,0.26139,0.24522,0.25861,12827784.39
2020-11-07,0.25861,0.2672,0.24455,0.24908,25748821.25
2020-11-08,0.24908,0.257,0.24734,0.25381,5883326.88
2020-11-09,0.25381,0.2561,0.23699,0.25059,7897023.32
2020-11-10,0.25059,0.26468,0.24819,0.25379,6403342.93
2020-11-11,0.25379,0.25983,0.25235,0.25583,5363258.96
2020-11-12,0.25583,0.25819,0.25248,0.25488,4608744.83
2020-11-13,0.25488,0.26569,0.25385,0.26569,7099768.49
2020-11-14,0.26569,0.27719,0.26162,0.26814,19692892.77
2020-11-15,0.26814,0.27671,0.26412,0.26955,12384424.31
2020-11-16,0.26955,0.28995,0.26746,0.28802,14876653.69
2020-11-17,0.28802,0.30498,0.28726,0.30237,24435415.01
2020-11-18,0.30237,0.30797,0.27496,0.29335,31624402.56
2020-11-19,0.29335,0.30648,0.28403,0.30354,21595840.23
2020-11-20,0.30354,0.33069,0.29722,0.32988,26141139.45
2020-11-21,0.32988,0.46916,0.32946,0.46274,104547414.17
2020-11-22,0.46274,0.496,0.40695,0.44588,172429528.94
2020-11-23,0.44588,0.61879,0.43272,0.61541,129602898.31
2020-11-24,0.61541,0.77978,0.57016,0.6934,274340863.88
2020-11-25,0.6934,0.722,0.58401,0.63104,194935916.02
2020-11-26,0.63104,0.65137,0.45909,0.53597,302088032.32
2020-11-27,0.53597,0.58651,0.50406,0.56169,164509796.91
2020-11-28,0.56169,0.64776,0.53934,0.62601,101433282.93
2020-11-29,0.62601,0.63619,0.5836,0.60525,78447771.11
2020-11-30,0.60525,0.67779,0.59937,0.66424,69912903.86
2020-12-01,0.66424,0.67991,0.58316,0.61094,67772549.67
2020-12-02,0.61094,0.63563,0.59543,0.63028,24590744.05
2020-12-03,0.63028,0.64075,0.61474,0.63037,10118298.12
2020-12-04,0.63037,0.63321,0.54449,0.554,25607941.97
2020-12-05,0.554,0.59579,0.54901,0.58505,16999727.25
2020-12-06,0.58505,0.62815,0.58004,0.62169,23606586.8
2020-12-07,0.62169,0.62243,0.59171,0.60779,11340342.99
2020-12-08,0.60779,0.62055,0.5501,0.55902,20242226.2
2020-12-09,0.55902,0.60419,0.50439,0.58275,40871097.02
2020-12-10,0.58275,0.58772,0.55431,0.57101,22654861.95
2020-12-11,0.57101,0.58526,0.52691,0.54915,34915354.85
2020-12-12,0.54915,0.54915,0.48114,0.50598,30282688.43
2020-12-13,0.50598,0.52828,0.48601,0.51321,17065715.18
2020-12-14,0.51321,0.51749,0.48933,0.49723,10290697.88
2020-12-15,0.49723,0.50717,0.46548,0.46835,11718932.98
2020-12-16,0.46835,0.5736,0.43907,0.56979,34721875.36
2020-12-17,0.56979,0.6581,0.54089,0.57758,61757350.49
2020-12-18,0.57758,0.61261,0.55149,0.58314,35136729.21
2020-12-19,0.58314,0.60242,0.56666,0.57708,23106674.36
2020-12-20,0.57708,0.58546,0.52,0.55541,26786697.9
2020-12-21,0.55541,0.56833,0.50164,0.51469,43068952.85
2020-12-22,0.51469,0.52106,0.40331,0.44837,62712905.2
2020-12-23,0.44837,0.44837,0.21526,0.2604,220311563.43
2020-12-24,0.2604,0.37638,0.24005,0.33835,175835941.39
2020-12-25,0.33835,0.385,0.28084,0.31849,149411248.33
2020-12-26,0.31849,0.3263,0.284,0.29475,76019721.1
2020-12-27,0.29475,0.31,0.26928,0.28526,49527968.74
2020-12-28,0.28526,0.30985,0.235,0.24909,52813500.39
2020-12-29,0.24909,0.25072,0.17377,0.22135,185781632.86
2020-12-30,0.22135,0.23606,0.19212,0.21124,129824334.3
2020-12-31,0.21124,0.22921,0.20529,0.21927,74621981.93
2021-01-01,0.21927,0.24995,0.2162,0.23739,70311275.62
2021-01-02,0.23739,0.23809,0.21098,0.22105,48731132.22
2021-01-03,0.22105,0.23824,0.2151,0.22496,54732765.24
2021-01-04,0.22496,0.26004,0.21872,0.23574,94700737.54
2021-01-05,0.23574,0.24258,0.21796,0.22551,52526361.57
2021-01-06,0.22551,0.27317,0.22177,0.24858,93053769.8
2021-01-07,0.24858,0.37,0.24537,0.32377,236120141.14
2021-01-08,0.32377,0.356,0.28555,0.32089,158939848.88
2021-01-09,0.32089,0.33921,0.30586,0.32467,68476279.05
2021-01-10,0.32467,0.368,0.28825,0.31507,89404238.07
2021-01-11,0.31507,0.31578,0.25348,0.28764,170261606.71
2021-01-12,0.28764,0.30982,0.27791,0.29247,76628076.89
2021-01-13,0.29247,0.30982,0.28518,0.30567,35418536.43
2021-01-14,0.30567,0.30879,0.28356,0.29654,26166149.39
2021-01-15,0.29654,0.3032,0.26236,0.28017,31507530.87
2021-01-16,0.28017,0.29632,0.27539,0.27936,29063496.78
2021-01-17,0.27936,0.28555,0.26869,0.27732,21951993.91
2021-01-18,0.27732,0.28873,0.27171,0.28539,17125507.92
2021-01-19,0.28539,0.33,0.28416,0.2942,51110380.77
2021-01-20,0.2942,0.31863,0.28031,0.29516,47299075.25
2021-01-21,0.29516,0.30724,0.26089,0.268,63859770.08
2021-01-22,0.268,0.27804,0.24128,0.27251,55079933.37
2021-01-23,0.27251,0.28343,0.26561,0.27157,21568520.99
2021-01-24,0.27157,0.27784,0.26862,0.27328,12804266.41
2021-01-25,0.27328,0.28484,0.26712,0.26761,18330644.04
2021-01-26,0.26761,0.27087,0.25824,0.26824,12884058.32
2021-01-27,0.26824,0.26854,0.24412,0.25087,24111746.73
2021-01-28,0.25087,0.26994,0.24703,0.26408,16951048.44
2021-01-29,0.26408,0.31697,0.26014,0.28275,103467783.29
2021-01-30,0.28275,0.51572,0.27812,0.44,243348622.68
2021-01-31,0.44,0.50855,0.3882,0.49494,209812365.48
2021-02-01,0.49494,0.75431,0.36033,0.37138,329477747.74
2021-02-02,0.37138,0.41103,0.34088,0.37237,137180441.62
2021-02-03,0.37237,0.41836,0.37237,0.39707,53592598.87
2021-02-04,0.39707,0.4806,0.3793,0.44486,98535054.52
2021-02-05,0.44486,0.47108,0.42555,0.45231,72806540.3
2021-02-06,0.45231,0.45632,0.42662,0.4428,30289026.03
2021-02-07,0.4428,0.45049,0.39377,0.41891,44617560.01
2021-02-08,0.41891,0.46823,0.41272,0.45082,43581103.42
2021-02-09,0.45082,0.48974,0.44964,0.47625,46998886.2
2021-02-10,0.47625,0.54064,0.45022,0.50477,105850292.09
2021-02-11,0.50477,0.53434,0.50048,0.52792,41849309.01
2021-02-12,0.52792,0.61825,0.51951,0.60889,66288125.08
2021-02-13,0.60889,0.64154,0.54357,0.63288,61346132.11
2021-02-14,0.63288,0.63899,0.56281,0.59206,39902484.24
2021-02-15,0.59206,0.60567,0.51288,0.55035,54865050.15
2021-02-16,0.55035,0.57967,0.4838,0.51969,40649577.8
2021-02-17,0.51969,0.55661,0.49538,0.53376,27779119.3
2021-02-18,0.53376,0.55928,0.52049,0.5313,15581671.32
2021-02-19,0.5313,0.582,0.51365,0.56324,25900908.98
2021-02-20,0.56324,0.58187,0.47363,0.51257,33397958.86
2021-02-21,0.51257,0.55783,0.50362,0.54428,28718959.08
2021-02-22,0.54428,0.65031,0.51527,0.56647,132310619.92
2021-02-23,0.56647,0.57035,0.36362,0.47582,175663740.82
2021-02-24,0.47582,0.49958,0.45127,0.46903,51104763.51
2021-02-25,0.46903,0.48177,0.42519,0.43554,39310781.07
2021-02-26,0.43554,0.45001,0.41288,0.42772,54813092.94
2021-02-27,0.42772,0.45822,0.42747,0.43614,20318909.99
2021-02-28,0.43614,0.43777,0.39426,0.41538,26965732.08
2021-03-01,0.41538,0.45335,0.41239,0.44564,16258172.87
2021-03-02,0.44564,0.45461,0.4221,0.43558,16859468.23
2021-03-03,0.43558,0.46693,0.43126,0.4488,14123212.44
2021-03-04,0.4488,0.49373,0.43544,0.48048,37674562.15
2021-03-05,0.48048,0.48302,0.44638,0.45515,20520851.1
2021-03-06,0.45515,0.47044,0.44927,0.46263,9243518.18
2021-03-07,0.46263,0.46854,0.45777,0.46539,5329673.22
2021-03-08,0.46539,0.48963,0.45504,0.47367,14203515.37
2021-03-09,0.47367,0.48677,0.47108,0.48509,6494350.66
2021-03-10,0.48509,0.48836,0.45567,0.46177,12167151.3
2021-03-11,0.46177,0.46399,0.44107,0.45158,10445549.01
2021-03-12,0.45158,0.46387,0.42388,0.43938,16802754.47
2021-03-13,0.43938,0.46592,0.43243,0.45807,11882165.96
2021-03-14,0.45807,0.46125,0.43929,0.43929,8817590.97
2021-03-15,0.43929,0.44784,0.42328,0.43562,14207838.13
2021-03-16,0.43562,0.52011,0.42771,0.46017,47929367.65
2021-03-17,0.46017,0.48161,0.45435,0.46973,15423849.11
2021-03-18,0.46973,0.49,0.46599,0.46898,9374919.48
2021-03-19,0.46898,0.47487,0.45945,0.46662,4155027.1
2021-03-20,0.46662,0.54955,0.46492,0.52515,18490592.78
2021-03-21,0.52515,0.54671,0.49513,0.51714,18459033.96
2021-03-22,0.51714,0.59941,0.5021,0.5439,41949370.54
2021-03-23,0.5439,0.59594,0.53832,0.54982,31779235.43
2021-03-24,0.54982,0.56318,0.45364,0.48121,22146529.54
2021-03-25,0.48121,0.5239,0.45875,0.51123,26881705.75
2021-03-26,0.51123,0.57562,0.511,0.56308,15507700.18
2021-03-27,0.56308,0.57442,0.53446,0.54784,8819738.68
2021-03-28,0.54784,0.55986,0.54004,0.54583,5409260.62
2021-03-29,0.54583,0.57024,0.5435,0.56586,6374953.41
2021-03-30,0.56586,0.587,0.55912,0.56233,7992198.56
2021-03-31,0.56233,0.57604,0.52691,0.56959,10943788.79
2021-04-01,0.56959,0.5942,0.55,0.57072,11609756.78
2021-04-02,0.57072,0.609,0.56555,0.60668,12095458.52
2021-04-03,0.60668,0.6419,0.57403,0.5788,34632116.26
2021-04-04,0.5788,0.63556,0.56757,0.63508,13126674.15
2021-04-05,0.63508,0.93816,0.61941,0.91477,76886752.24
2021-04-06,0.91477,1.11735,0.8033,1.09092,111913462.45
2021-04-07,1.09092,1.10672,0.85691,0.91608,91217272.66
2021-04-08,0.91608,1.07194,0.90246,1.0562,44612281.68
2021-04-09,1.0562,1.08382,0.98204,1.01837,28465520.54
2021-04-10,1.01837,1.39444,1.00687,1.37206,73687942.9
2021-04-11,1.37206,1.49522,1.30623,1.35112,68523218.19
2021-04-12,1.35112,1.47381,1.31897,1.47126,32736053.2
2021-04-13,1.47126,1.88824,1.40826,1.7955,81375727.57
2021-04-14,1.7955,1.96769,1.5073,1.83432,92306918.96
2021-04-15,1.83432,1.88462,1.65369,1.75734,40828342.04
2021-04-16,1.75734,1.80944,1.4,1.5475,75039830.66
2021-04-17,1.5475,1.74093,1.53215,1.5402,53852424.54
2021-04-18,1.5402,1.5646,1.06204,1.40889,99633328.95
2021-04-19,1.40889,1.53079,1.2216,1.30902,64179477.82
2021-04-20,1.30902,1.44668,1.18037,1.38924,54401616.07
2021-04-21,1.38924,1.4632,1.27686,1.29073,48627418.64
2021-04-22,1.29073,1.41877,1.1,1.15615,34380338.7
2021-04-23,1.15615,1.19647,0.89991,1.17043,57634742.21
2021-04-24,1.17043,1.17167,1.001,1.05023,14681819.16
2021-04-25,1.05023,1.1558,0.9456,1.03491,12968397.28
2021-04-26,1.03491,1.37294,1.01565,1.36561,23977346.34
2021-04-27,1.36561,1.46134,1.3,1.4019,20295446.4
2021-04-28,1.4019,1.44666,1.28319,1.35783,12983707.57
2021-04-29,1.35783,1.41887,1.3277,1.39811,7929145.04
2021-04-30,1.39811,1.6377,1.37477,1.59858,16216621.18
2021-05-01,1.59858,1.66564,1.52644,1.65093,5817525.49
2021-05-02,1.65093,1.6572,1.52765,1.56144,6852511.24
2021-05-03,1.56144,1.62117,1.50844,1.55454,5322461.68
2021-05-04,1.55454,1.55691,1.32287,1.38744,16296027.56
2021-05-05,1.38744,1.62261,1.36846,1.61519,15914299.08
2021-05-06,1.61519,1.76417,1.53,1.60322,21821301.66
2021-05-07,1.60322,1.6923,1.508,1.57956,15295593.54
2021-05-08,1.57956,1.62721,1.54006,1.56237,8536750.66
2021-05-09,1.56237,1.59622,1.43892,1.53364,7506257.47
2021-05-10,1.53364,1.62633,1.22269,1.3909,22968708.02
2021-05-11,1.3909,1.48628,1.35787,1.4781,23187285.74
2021-05-12,1.4781,1.54558,1.24028,1.2719,13558166.98
2021-05-13,1.2719,1.38855,1.2032,1.36364,21345322.79
2021-05-14,1.36364,1.44793,1.32207,1.4005,15086587.88
2021-05-15,1.4005,1.585,1.3221,1.488,32929750.6
2021-05-16,1.488,1.61118,1.33836,1.44895,31458870.14
2021-05-17,1.44895,1.5629,1.3247,1.49456,78451175.66
2021-05-18,1.49456,1.7039,1.43,1.59039,93342456.24
2021-05-19,1.59039,1.64361,0.8455,1.05737,207785841.7
2021-05-20,1.05737,1.26521,0.90705,1.17875,88082786.88
2021-05-21,1.17875,1.21683,0.86535,1.00735,17815139.63
2021-05-22,1.00735,1.0158,0.81666,0.90419,13597633.02
2021-05-23,0.90419,0.96681,0.65016,0.79056,11770519.38
2021-05-24,0.79056,0.99683,0.75465,0.99218,7630778.65
2021-05-25,0.99218,1.07083,0.88006,0.97473,7846180.62
2021-05-26,0.97473,1.06905,0.94705,1.03165,5146286.41
2021-05-27,1.03165,1.04171,0.93287,0.973,4119388.94
2021-05-28,0.973,0.98401,0.84581,0.89876,5699719.1
2021-05-29,0.89876,0.94071,0.79335,0.83103,5134960.03
2021-05-30,0.83103,0.933,0.79834,0.90618,4195171.73
2021-05-31,0.90618,1.04905,0.88078,1.04109,4927737.39
2021-06-01,1.04109,1.09971,0.97536,1.01073,3723573.89
2021-06-02,1.01073,1.04945,0.97986,1.0237,2121392.42
2021-06-03,1.0237,1.07842,1.00726,1.04451,2211107.35
2021-06-04,1.04451,1.04634,0.91655,0.96875,3547399.49
2021-06-05,0.96875,0.99716,0.89528,0.92284,2168591.97
2021-06-06,0.92284,0.94923,0.91757,0.94592,1479548.7
2021-06-07,0.94592,0.97574,0.84,0.8624,2216787.32
2021-06-08,0.8624,0.88414,0.78668,0.87296,3195703.59
2021-06-09,0.87296,0.92081,0.83035,0.92081,2083522.87
2021-06-10,0.92081,0.92874,0.8527,0.86842,1415031.7
2021-06-11,0.86842,0.8794,0.8338,0.84733,997712.77
2021-06-12,0.84733,0.8476,0.80601,0.8317,1302698.66
2021-06-13,0.8317,0.8879,0.81758,0.88313,988271.75
2021-06-14,0.88313,0.92973,0.86327,0.89036,1370915.62
2021-06-15,0.89036,0.90143,0.8558,0.86647,1051152.63
2021-06-16,0.86647,0.87301,0.82629,0.8316,1376787.49
2021-06-17,0.8316,0.86095,0.82358,0.84174,970035.35
2021-06-18,0.84174,0.84452,0.76997,0.79664,3366240.55
2021-06-19,0.79664,0.80513,0.7565,0.75866,892864.16
2021-06-20,0.75866,0.78373,0.697,0.77373,2451790.84
2021-06-21,0.77373,0.77966,0.60413,0.6067,5913108.16
2021-06-22,0.6067,0.64938,0.50986,0.54628,9490962.71
2021-06-23,0.54628,0.66475,0.52112,0.63819,7223397.09
2021-06-24,0.63819,0.69088,0.61647,0.67281,2666291.19
2021-06-25,0.67281,0.68836,0.60225,0.61097,3731832.23
2021-06-26,0.61097,0.63269,0.58163,0.61652,2775620.68
2021-06-27,0.61652,0.6521,0.59688,0.64767,1722267.76
2021-06-28,0.64767,0.65626,0.62419,0.6438,1611204.52
2021-06-29,0.6438,0.73198,0.64179,0.70533,2672392.92
2021-06-30,0.70533,0.71434,0.64867,0.70547,2738863.73
2021-07-01,0.70547,0.70604,0.64567,0.65961,1792144.65
2021-07-02,0.65961,0.66715,0.6321,0.65684,1820106.23
2021-07-03,0.65684,0.68433,0.63971,0.67319,1813570.77
2021-07-04,0.67319,0.70898,0.66486,0.69588,1270787.66
2021-07-05,0.69588,0.69625,0.64552,0.65217,1690854.55
2021-07-06,0.65217,0.67963,0.65205,0.66492,1251804.53
2021-07-07,0.66492,0.6737,0.65017,0.65204,986304.49
2021-07-08,0.65204,0.65412,0.61136,0.62179,1622366.52
2021-07-09,0.62179,0.64546,0.59223,0.63692,1375805.99
2021-07-10,0.63692,0.6486,0.61274,0.62529,937535.36
2021-07-11,0.62529,0.64449,0.61709,0.63569,667853.21
2021-07-12,0.63569,0.65731,0.61779,0.62898,1223751.08
2021-07-13,0.62898,0.64237,0.60934,0.61946,1148859.87
2021-07-14,0.61946,0.62483,0.58588,0.61995,1641797.7
2021-07-15,0.61995,0.62626,0.58797,0.5973,1090181.61
2021-07-16,0.5973,0.61845,0.58753,0.58872,1146489.9
2021-07-17,0.58872,0.59758,0.56172,0.58176,1204185.72
2021-07-18,0.58176,0.60146,0.57177,0.58631,775297.91
2021-07-19,0.58631,0.58863,0.55389,0.55713,966964.04
2021-07-20,0.55713,0.56949,0.51649,0.5287,1928902.11
2021-07-21,0.5287,0.5835,0.51949,0.57121,1841998.44
2021-07-22,0.57121,0.60307,0.56108,0.59193,2139521.96
2021-07-23,0.59193,0.6098,0.57559,0.60895,1171893.57
2021-07-24,0.60895,0.62012,0.60015,0.60863,993778.39
2021-07-25,0.60863,0.61168,0.59082,0.60675,1059896.31
2021-07-26,0.60675,0.67891,0.60501,0.62348,3578473.98
2021-07-27,0.62348,0.65229,0.61231,0.64536,2039506.1
2021-07-28,0.64536,0.75378,0.63123,0.73172,4776056.24
2021-07-29,0.73172,0.76595,0.67032,0.75002,2120692.16
2021-07-30,0.75002,0.76921,0.71456,0.75223,2846893.13
2021-07-31,0.75223,0.7589,0.73797,0.74433,808802.44
2021-08-01,0.74433,0.77756,0.70678,0.7251,1677110.13
2021-08-02,0.7251,0.77339,0.71581,0.7388,1296123.06
2021-08-03,0.7388,0.74427,0.70099,0.71278,1575494.91
2021-08-04,0.71278,0.73925,0.69648,0.73109,1585633.81
2021-08-05,0.73109,0.73854,0.70161,0.73323,2001754.73
2021-08-06,0.73323,0.75249,0.72293,0.74675,1227739.35
2021-08-07,0.74675,0.81856,0.74196,0.81603,2068137.79
2021-08-08,0.81603,0.84047,0.77192,0.7787,1332677.85
2021-08-09,0.7787,0.82732,0.7605,0.81743,1339450.79
2021-08-10,0.81743,0.86164,0.80025,0.85109,1391532.52
2021-08-11,0.85109,1.08827,0.84856,1.01242,4486203.0
2021-08-12,1.01242,1.04453,0.92485,0.96328,14471347.48
2021-08-13,0.96328,1.09629,0.95076,1.09015,4024587.71
2021-08-14,1.09015,1.30933,1.07021,1.28126,4770558.21
2021-08-15,1.28126,1.34819,1.22678,1.28689,4125276.17
2021-08-16,1.28689,1.32769,1.14477,1.18498,3888188.87
2021-08-17,1.18498,1.22229,1.08652,1.09874,5795172.11
2021-08-18,1.09874,1.19439,1.05129,1.14474,5781113.56
2021-08-19,1.14474,1.23526,1.09096,1.23442,11632515.43
2021-08-20,1.23442,1.28829,1.19914,1.26281,13531978.79
2021-08-21,1.26281,1.283,1.20388,1.21641,13130334.01
2021-08-22,1.21641,1.2552,1.18137,1.22578,14341107.87
2021-08-23,1.22578,1.30448,1.20875,1.2472,22837935.31
2021-08-24,1.2472,1.2648,1.12413,1.13685,29292253.1
2021-08-25,1.13685,1.17781,1.10891,1.17411,16432228.33
2021-08-26,1.17411,1.1864,1.06529,1.0716,21128321.7
2021-08-27,1.0716,1.19073,1.05059,1.19046,15097474.24
2021-08-28,1.19046,1.19746,1.13317,1.14492,7577544.05
2021-08-29,1.14492,1.16809,1.11293,1.14079,8918476.49
2021-08-30,1.14079,1.14852,1.09611,1.10098,5643592.1
2021-08-31,1.10098,1.24289,1.09181,1.18606,6046088.32
2021-09-01,1.18606,1.23679,1.15879,1.23647,1884426.46
2021-09-02,1.23647,1.29451,1.22196,1.25359,1326094.43
2021-09-03,1.25359,1.32085,1.22079,1.28965,1333626.93
2021-09-04,1.28965,1.29619,1.23826,1.25441,1093251.65
2021-09-05,1.25441,1.31211,1.2365,1.30697,1434270.04
2021-09-06,1.30697,1.415,1.30697,1.38968,1954281.77
2021-09-07,1.38968,1.39161,0.91707,1.12286,9295861.44
2021-09-08,1.12286,1.1478,1.01475,1.0982,8179478.01
2021-09-09,1.0982,1.13748,1.07419,1.08659,5387158.4
2021-09-10,1.08659,1.24272,1.03037,1.05494,7835903.09
2021-09-11,1.05494,1.11231,1.05073,1.07722,2749301.18
2021-09-12,1.07722,1.12723,1.05813,1.11928,2867607.99
2021-09-13,1.11928,1.12642,1.02599,1.06408,3805185.18
2021-09-14,1.06408,1.09715,1.05827,1.09598,2082830.99
2021-09-15,1.09598,1.12977,1.07983,1.12096,2047374.22
2021-09-16,1.12096,1.12976,1.06682,1.09078,2749981.21
2021-09-17,1.09078,1.10221,1.05158,1.06584,2097848.98
2021-09-18,1.06584,1.09433,1.05685,1.07566,1133754.65
2021-09-19,1.07566,1.08346,1.03878,1.048,1077341.94
2021-09-20,1.048,1.04953,0.8759,0.92165,3825130.08
2021-09-21,0.92165,0.95906,0.85889,0.87274,2787896.35
2021-09-22,0.87274,1.00872,0.86813,1.00393,2640024.89
2021-09-23,1.00393,1.01665,0.96773,1.00153,1640733.39
2021-09-24,1.00153,1.00247,0.88675,0.94396,2811126.1
2021-09-25,0.94396,0.95694,0.9165,0.94001,1704394.29
2021-09-26,0.94001,0.95661,0.89178,0.94479,1686440.46
2021-09-27,0.94479,0.98109,0.91967,0.92126,2260196.56
2021-09-28,0.92126,0.94278,0.89045,0.8931,1889468.89
2021-09-29,0.8931,0.99208,0.8864,0.92638,2612879.4
2021-09-30,0.92638,0.96362,0.92178,0.95339,1408251.71
2021-10-01,0.95339,1.0675,0.94443,1.04148,2300073.18
2021-10-02,1.04148,1.07233,1.00829,1.03629,1485494.86
2021-10-03,1.03629,1.08796,1.02127,1.05497,1558741.49
2021-10-04,1.05497,1.05911,1.00705,1.04174,1464065.03
2021-10-05,1.04174,1.0874,1.03825,1.08459,1385816.27
2021-10-06,1.08459,1.10735,1.01753,1.07639,2230774.92
2021-10-07,1.07639,1.09395,1.04393,1.06748,2431800.6
2021-10-08,1.06748,1.09194,1.05438,1.06225,1591676.74
2021-10-09,1.06225,1.20846,1.05707,1.16004,3507844.53
2021-10-10,1.16004,1.22926,1.12784,1.13551,4855638.15
2021-10-11,1.13551,1.18131,1.10327,1.13627,2477478.28
2021-10-12,1.13627,1.13635,1.06477,1.10145,5070722.91
2021-10-13,1.10145,1.13823,1.07562,1.12731,7707054.94
2021-10-14,1.12731,1.15743,1.11784,1.13314,8834791.25
2021-10-15,1.13314,1.16488,1.09351,1.14127,13055419.94
2021-10-16,1.14127,1.18592,1.13034,1.13448,10247969.8
2021-10-17,1.13448,1.13914,1.01,1.09404,13664621.25
2021-10-18,1.09404,1.10594,1.0649,1.08305,9872930.17
2021-10-19,1.08305,1.1,1.06799,1.09134,5997574.41
2021-10-20,1.09134,1.15263,1.08698,1.14504,7934401.23
2021-10-21,1.14504,1.1636,1.086,1.08857,14178753.07
2021-10-22,1.08857,1.12826,1.07568,1.08905,10735219.62
2021-10-23,1.08905,1.10172,1.07669,1.09336,4110573.16
2021-10-24,1.09336,1.09548,1.05364,1.08234,5812420.3
2021-10-25,1.08234,1.10305,1.07822,1.09501,4262758.94
2021-10-26,1.09501,1.15933,1.09179,1.10691,17382835.98
2021-10-27,1.10691,1.1248,0.93196,0.99471,28398819.8
2021-10-28,0.99471,1.08117,0.98278,1.05796,32098674.39
2021-10-29,1.05796,1.09004,1.05431,1.08136,8296710.02
2021-10-30,1.08136,1.11621,1.06208,1.08535,7064190.22
2021-10-31,1.08535,1.15325,1.06913,1.11245,15738706.04
2021-11-01,1.11245,1.13105,1.0703,1.09164,7140576.57
2021-11-02,1.09164,1.14641,1.08517,1.13545,9197014.15
2021-11-03,1.13545,1.23559,1.12593,1.20986,32051277.78
2021-11-04,1.20986,1.2565,1.16261,1.20108,14405765.68
2021-11-05,1.20108,1.20118,1.13342,1.1581,8116431.05
2021-11-06,1.1581,1.17498,1.10037,1.15051,6759182.62
2021-11-07,1.15051,1.23652,1.14542,1.219,6429795.41
2021-11-08,1.219,1.29561,1.219,1.28179,11352974.19
2021-11-09,1.28179,1.28791,1.22659,1.25687,11252618.39
2021-11-10,1.25687,1.34778,1.11948,1.19049,28938787.11
2021-11-11,1.19049,1.25398,1.17697,1.21483,12333905.08
2021-11-12,1.21483,1.23272,1.15522,1.18813,12264893.85
2021-11-13,1.18813,1.20344,1.16755,1.18932,4729720.7
2021-11-14,1.18932,1.19904,1.1679,1.18779,3566075.09
2021-11-15,1.18779,1.21954,1.16651,1.17187,5201111.27
2021-11-16,1.17187,1.17259,1.04265,1.08852,17794533.58
2021-11-17,1.08852,1.11273,1.05914,1.0953,12098309.31
2021-11-18,1.0953,1.16121,1.01654,1.04046,23666498.35
2021-11-19,1.04046,1.10218,1.01769,1.08934,10206632.89
2021-11-20,1.08934,1.10132,1.05976,1.0963,5720340.96
2021-11-21,1.0963,1.09717,1.05476,1.05753,4597908.83
2021-11-22,1.05753,1.06826,1.02525,1.03517,9095556.68
2021-11-23,1.03517,1.07131,1.02031,1.06595,6867754.98
2021-11-24,1.06595,1.07291,1.00795,1.03276,7433654.22
2021-11-25,1.03276,1.06397,1.02208,1.04298,5474055.82
2021-11-26,1.04298,1.04646,0.89465,0.93889,11323555.46
2021-11-27,0.93889,0.96683,0.93377,0.94565,6701394.61
2021-11-28,0.94565,0.96916,0.88452,0.96912,15388535.82
2021-11-29,0.96912,1.00151,0.96313,0.98939,7455259.82
2021-11-30,0.98939,1.02929,0.97039,0.99707,10473130.78
2021-12-01,0.99707,1.01746,0.98,0.98992,7775612.88
2021-12-02,0.98992,0.98994,0.95655,0.97219,4976818.18
2021-12-03,0.97219,0.98337,0.89178,0.92161,7924385.59
2021-12-04,0.92161,0.92439,0.57338,0.84562,50390859.36
2021-12-05,0.84562,0.86123,0.76968,0.80413,23089684.78
2021-12-06,0.80413,0.83005,0.74968,0.8262,21457908.65
2021-12-07,0.8262,0.84468,0.80429,0.81525,9026207.62
2021-12-08,0.81525,0.88341,0.80371,0.86171,13205314.59
2021-12-09,0.86171,0.93266,0.83254,0.85844,24108398.36
2021-12-10,0.85844,0.88247,0.7922,0.79931,18404332.8
2021-12-11,0.79931,0.84391,0.78483,0.83811,9466666.82
2021-12-12,0.83811,0.85622,0.80914,0.83974,5215338.42
2021-12-13,0.83974,0.84415,0.76133,0.78175,14144973.88
2021-12-14,0.78175,0.82097,0.77283,0.81074,18827923.43
2021-12-15,0.81074,0.8397,0.77717,0.82643,11700639.76
2021-12-16,0.82643,0.83625,0.80331,0.80491,5005228.49
2021-12-17,0.80491,0.83151,0.77614,0.79743,8086237.47
2021-12-18,0.79743,0.83413,0.7912,0.82633,5242264.23
2021-12-19,0.82633,0.84809,0.81933,0.83486,4439297.85
2021-12-20,0.83486,0.91407,0.8245,0.87857,18107871.88
2021-12-21,0.87857,0.96052,0.85303,0.94685,13606012.46
2021-12-22,0.94685,0.97354,0.92379,0.95394,10581965.27
2021-12-23,0.95394,1.01642,0.93742,0.99385,12853575.93
2021-12-24,0.99385,0.99649,0.8973,0.91012,13215463.9
2021-12-25,0.91012,0.93388,0.89859,0.92518,5194149.1
2021-12-26,0.92518,0.93322,0.90538,0.91964,3701670.44
2021-12-27,0.91964,0.95539,0.91471,0.92677,4650461.05
2021-12-28,0.92677,0.92677,0.8458,0.85129,9261210.17
2021-12-29,0.85129,0.86405,0.81092,0.81699,9333809.92
2021-12-30,0.81699,0.85888,0.80295,0.83867,7643848.7
2021-12-31,0.83867,0.85358,0.80307,0.8299,6725324.34
2022-01-01,0.8299,0.85549,0.8298,0.8501,3650493.59
2022-01-02,0.8501,0.8639,0.8376,0.85883,3161869.38
2022-01-03,0.85883,0.85884,0.82175,0.8321,3475886.23
2022-01-04,0.8321,0.84527,0.81534,0.8228,4574151.01
2022-01-05,0.8228,0.83697,0.71067,0.7713,12114570.22
2022-01-06,0.7713,0.79091,0.73881,0.77976,12176034.1
2022-01-07,0.77976,0.78086,0.7293,0.76293,14181595.46
2022-01-08,0.76293,0.77642,0.72268,0.74518,11202981.82
2022-01-09,0.74518,0.7665,0.7389,0.7527,2891438.55
2022-01-10,0.7527,0.75864,0.70022,0.73997,9834380.33
2022-01-11,0.73997,0.7764,0.73098,0.77007,6878100.26
2022-01-12,0.77007,0.80701,0.75741,0.79766,7833333.09
2022-01-13,0.79766,0.80217,0.76075,0.76643,5347126.91
2022-01-14,0.76644,0.7999,0.75001,0.77299,6650885.89
2022-01-15,0.77299,0.78967,0.76832,0.77918,3634314.69
2022-01-16,0.77918,0.7844,0.76847,0.7782,3176718.0
2022-01-17,0.7782,0.7801,0.75039,0.76184,4824648.35
2022-01-18,0.76184,0.76849,0.736,0.75106,5395193.36
2022-01-19,0.75106,0.75304,0.72372,0.73814,5344246.51
2022-01-20,0.73814,0.76188,0.71631,0.72027,5777497.24
2022-01-21,0.72027,0.72826,0.61205,0.63719,25067105.6
2022-01-22,0.63719,0.65264,0.54954,0.5968,42479449.73
2022-01-23,0.5968,0.63493,0.59009,0.62856,15162867.49
2022-01-24,0.62856,0.62856,0.55392,0.61183,26505045.95
2022-01-25,0.61183,0.62363,0.58732,0.61734,11032373.23
2022-01-26,0.61734,0.65812,0.6051,0.61879,15586647.34
2022-01-27,0.61879,0.62398,0.5896,0.60888,12450509.01
2022-01-28,0.60888,0.61368,0.59193,0.61124,7701679.83
2022-01-29,0.61124,0.62451,0.60858,0.6172,5204067.77
2022-01-30,0.6172,0.62298,0.59749,0.60151,6707295.52
2022-01-31,0.60151,0.62367,0.58065,0.61743,6160874.09
2022-02-01,0.61743,0.63045,0.6111,0.62816,4393861.09
2022-02-02,0.62816,0.6312,0.59578,0.60081,5030371.4
2022-02-03,0.60081,0.6101,0.58892,0.60963,5119267.69
2022-02-04,0.60963,0.65812,0.60422,0.65582,6041127.58
2022-02-05,0.65582,0.68663,0.65006,0.66558,7466135.52
2022-02-06,0.66558,0.68707,0.65922,0.68255,4566315.92
2022-02-07,0.68255,0.83825,0.67188,0.83086,22248480.54
2022-02-08,0.83086,0.91326,0.80358,0.8758,34497220.81
2022-02-09,0.8758,0.91239,0.84405,0.86971,22827280.07
2022-02-10,0.86971,0.89732,0.82266,0.82552,11853694.61
2022-02-11,0.82552,0.83355,0.75032,0.75884,12884027.75
2022-02-12,0.75884,0.85193,0.74748,0.82228,15341890.45
2022-02-13,0.82228,0.84699,0.79237,0.80549,10118196.96
2022-02-14,0.80549,0.81192,0.78012,0.80102,9513320.98
2022-02-15,0.80102,0.8595,0.79616,0.85104,7988201.8
2022-02-16,0.85104,0.85233,0.80933,0.83674,7463802.29
2022-02-17,0.83674,0.84489,0.75392,0.76724,11893368.04
2022-02-18,0.76724,0.80444,0.75644,0.78433,11966058.21
2022-02-19,0.78433,0.85325,0.7704,0.8214,12296673.22
2022-02-20,0.8214,0.82254,0.76621,0.77662,13914918.87
2022-02-21,0.77662,0.80144,0.69655,0.70139,18851555.47
2022-02-22,0.70139,0.72663,0.67124,0.72085,18350491.91
2022-02-23,0.72085,0.74383,0.69257,0.69654,14764414.91
2022-02-24,0.69654,0.72,0.62181,0.69522,41597007.15
2022-02-25,0.69522,0.77911,0.68165,0.77003,22573266.68
2022-02-26,0.77003,0.79201,0.74078,0.75181,17154009.47
2022-02-27,0.75181,0.76647,0.70392,0.72123,14146818.65
2022-02-28,0.72123,0.79284,0.70847,0.78153,13149603.36
2022-03-01,0.78153,0.80402,0.75792,0.78401,11173364.88
2022-03-02,0.78401,0.78415,0.75678,0.7681,10519303.88
2022-03-03,0.7681,0.7889,0.7349,0.75222,14355967.76
2022-03-04,0.75222,0.75396,0.69589,0.71201,35455569.84
2022-03-05,0.71201,0.76823,0.7051,0.7542,91343043.13
2022-03-06,0.7542,0.75813,0.72193,0.7255,29372667.95
2022-03-07,0.7255,0.75317,0.7042,0.72124,61331802.58
2022-03-08,0.72124,0.72986,0.71347,0.72032,33690360.72
2022-03-09,0.72032,0.77362,0.72001,0.76608,22197724.59
2022-03-10,0.76608,0.77843,0.72114,0.73519,15256842.4
2022-03-11,0.73519,0.8125,0.72545,0.80295,39975376.49
2022-03-12,0.80295,0.84801,0.77869,0.78543,34761372.47
2022-03-13,0.78543,0.80456,0.75256,0.75987,32675183.71
2022-03-14,0.75987,0.77731,0.74595,0.77472,40784624.13
2022-03-15,0.77472,0.7764,0.7421,0.76629,26337553.08
2022-03-16,0.76629,0.7944,0.75731,0.79205,50738985.95
2022-03-17,0.79205,0.80124,0.7825,0.79304,17248203.58
2022-03-18,0.79304,0.80038,0.77659,0.79701,40241173.58
2022-03-19,0.79701,0.82647,0.79162,0.81952,69991676.98
2022-03-20,0.81952,0.82266,0.79608,0.80553,57337794.95
2022-03-21,0.80553,0.85457,0.78867,0.83782,113584089.13
2022-03-22,0.83782,0.8655,0.82807,0.83683,77625209.92
2022-03-23,0.83683,0.84563,0.81804,0.83759,153773218.31
2022-03-24,0.83759,0.85,0.82693,0.84209,183640785.62
2022-03-25,0.84209,0.84723,0.81946,0.82401,92829350.26
2022-03-26,0.82401,0.83479,0.82052,0.83272,49064505.45
2022-03-27,0.83272,0.85808,0.82808,0.85799,118488928.57
2022-03-28,0.85799,0.91194,0.85323,0.86426,446279150.31
2022-03-29,0.86426,0.8852,0.8439,0.85795,139497989.67
2022-03-30,0.85795,0.87186,0.84626,0.86079,129500643.57
2022-03-31,0.86079,0.87289,0.77161,0.81502,232784210.61
2022-04-01,0.81502,0.834,0.80749,0.82746,124984982.06
2022-04-02,0.82746,0.84954,0.81951,0.82343,103429949.42
2022-04-03,0.82343,0.85106,0.8149,0.84286,63714369.35
2022-04-04,0.84286,0.8432,0.80497,0.82636,113399037.82
2022-04-05,0.82636,0.83638,0.815,0.81683,70168413.76
2022-04-06,0.81683,0.8181,0.75729,0.75904,251967147.78
2022-04-07,0.75904,0.79073,0.75237,0.7877,90791237.03
2022-04-08,0.7877,0.79377,0.74664,0.75503,73964585.88
2022-04-09,0.75503,0.76626,0.75315,0.7622,28558563.75
2022-04-10,0.7622,0.77287,0.75217,0.75386,24287536.28
2022-04-11,0.75386,0.75566,0.6813,0.69407,122599760.85
2022-04-12,0.69407,0.72506,0.69265,0.71461,83484603.02
2022-04-13,0.71461,0.72499,0.70202,0.72293,49996867.46
2022-04-14,0.72293,0.74137,0.70824,0.72638,26435091.67
2022-04-15,0.72638,0.79788,0.72607,0.78532,65033131.11
2022-04-16,0.78532,0.79959,0.7652,0.78078,18766586.44
2022-04-17,0.78078,0.78596,0.74816,0.75242,14562572.91
2022-04-18,0.75242,0.7697,0.72761,0.76922,34749336.28
2022-04-19,0.76922,0.78166,0.75879,0.7743,17300215.75
2022-04-20,0.7743,0.77565,0.74195,0.75176,24037612.02
2022-04-21,0.75176,0.76864,0.71887,0.73244,35164670.89
2022-04-22,0.73244,0.73836,0.71438,0.7177,27879107.46
2022-04-23,0.7177,0.72638,0.70253,0.70494,11302852.75
2022-04-24,0.70494,0.71196,0.69416,0.69806,13983507.97
2022-04-25,0.69806,0.69926,0.64523,0.69315,50081849.88
2022-04-26,0.69315,0.70681,0.62809,0.64253,49995882.56
2022-04-27,0.64253,0.66295,0.63619,0.65205,37165689.52
2022-04-28,0.65205,0.65744,0.63307,0.64202,18348306.54
2022-04-29,0.64202,0.64624,0.5995,0.61151,25421802.65
2022-04-30,0.61151,0.62865,0.56503,0.58489,49621056.23
2022-05-01,0.58489,0.61292,0.57625,0.6067,42547009.87
2022-05-02,0.6067,0.63065,0.5983,0.61423,42707166.17
2022-05-03,0.61423,0.62826,0.59606,0.6046,20642041.18
2022-05-04,0.6046,0.64973,0.60377,0.64578,34978410.02
2022-05-05,0.64578,0.65755,0.58,0.59863,90254986.64
2022-05-06,0.59863,0.61643,0.58779,0.6019,76369721.74
2022-05-07,0.6019,0.60417,0.5694,0.58067,17204960.96
2022-05-08,0.58067,0.58321,0.55793,0.56594,29124387.62
2022-05-09,0.56594,0.57854,0.47212,0.48691,170081037.9
2022-05-10,0.48691,0.53654,0.47277,0.51324,208275207.56
2022-05-11,0.51324,0.52281,0.3639,0.41654,488246664.08
2022-05-12,0.41654,0.42933,0.33612,0.3851,600534816.31
2022-05-13,0.3851,0.46565,0.3801,0.42287,196028820.55
2022-05-14,0.42287,0.44117,0.39595,0.42575,57943789.86
2022-05-15,0.42575,0.44993,0.415,0.44763,23060730.6
2022-05-16,0.44763,0.4479,0.4089,0.42283,34091053.65
2022-05-17,0.42283,0.43979,0.41748,0.43742,18475439.65
2022-05-18,0.43742,0.44243,0.40377,0.40593,23364600.04
2022-05-19,0.40593,0.42396,0.39107,0.42027,24426994.82
2022-05-20,0.42027,0.44012,0.40154,0.41009,20512448.54
2022-05-21,0.41009,0.41787,0.40315,0.41434,7957378.67
2022-05-22,0.41434,0.425,0.41,0.42175,5686845.84
2022-05-23,0.42175,0.42858,0.40003,0.40459,12803743.07
2022-05-24,0.40459,0.41362,0.3907,0.40848,14964244.39
2022-05-25,0.40848,0.41349,0.395,0.40597,19224376.06
2022-05-26,0.40597,0.41106,0.37604,0.39248,26506570.5
2022-05-27,0.39248,0.40298,0.37658,0.38168,27657770.41
2022-05-28,0.38168,0.38874,0.38047,0.38627,9660523.75
2022-05-29,0.38627,0.3901,0.37944,0.38918,7861244.47
2022-05-30,0.38918,0.41957,0.3867,0.41832,14991379.71
2022-05-31,0.41832,0.43568,0.40672,0.42132,22616800.37
2022-06-01,0.42132,0.42648,0.38907,0.39801,19373603.01
2022-06-02,0.39801,0.40704,0.39062,0.40512,13070668.62
2022-06-03,0.40512,0.41021,0.38405,0.3903,14507133.06
2022-06-04,0.3903,0.39405,0.38461,0.39251,35547467.88
2022-06-05,0.39251,0.39959,0.38938,0.39532,62382250.83
2022-06-06,0.39532,0.40912,0.394,0.40297,18210903.22
2022-06-07,0.40297,0.41731,0.38451,0.40762,26298082.26
2022-06-08,0.40762,0.41029,0.3909,0.4006,16186698.11
2022-06-09,0.4006,0.40399,0.39659,0.40013,10646083.17
2022-06-10,0.40013,0.41129,0.37642,0.38127,21430690.23
2022-06-11,0.38127,0.38851,0.35577,0.35915,40201399.42
2022-06-12,0.35915,0.36576,0.33901,0.34311,73879685.36
2022-06-13,0.34311,0.35133,0.30103,0.31219,206367607.51
2022-06-14,0.31219,0.32633,0.29341,0.32121,99230252.98
2022-06-15,0.32121,0.34651,0.2982,0.34305,106403372.77
2022-06-16,0.34305,0.34713,0.30732,0.31304,66643760.11
2022-06-17,0.31304,0.3395,0.31036,0.32107,61462844.52
2022-06-18,0.32107,0.32634,0.28726,0.30724,81621108.69
2022-06-19,0.30724,0.33218,0.29812,0.32625,59927566.14
2022-06-20,0.32625,0.32895,0.3136,0.32268,52188203.12
2022-06-21,0.32268,0.33751,0.31864,0.32899,84428941.51
2022-06-22,0.32899,0.32966,0.31876,0.32221,46395988.35
2022-06-23,0.32221,0.33676,0.32129,0.33555,21657257.28
2022-06-24,0.33555,0.38672,0.33483,0.36674,89377733.6
2022-06-25,0.36674,0.37409,0.35403,0.36775,41271223.13
2022-06-26,0.36775,0.37463,0.3576,0.35925,40339802.58
2022-06-27,0.35925,0.36686,0.34821,0.35335,36482605.54
2022-06-28,0.35335,0.35594,0.33532,0.33756,42893811.5
2022-06-29,0.33756,0.34162,0.32018,0.32941,43041230.3
2022-06-30,0.32941,0.33304,0.30603,0.33121,71005090.27
2022-07-01,0.33121,0.33586,0.30983,0.31385,52054679.05
2022-07-02,0.31385,0.31806,0.30951,0.31541,14947432.31
2022-07-03,0.31541,0.32587,0.30869,0.3214,135672563.04
2022-07-04,0.3214,0.32976,0.31457,0.32871,164364652.01
2022-07-05,0.32871,0.33072,0.31314,0.32518,62346911.67
2022-07-06,0.32518,0.33399,0.32,0.33234,52206512.81
2022-07-07,0.33234,0.34502,0.32675,0.34255,188245934.83
2022-07-08,0.34255,0.35971,0.33601,0.34055,75929155.84
2022-07-09,0.34055,0.34756,0.33944,0.34517,6673604.54
2022-07-10,0.34517,0.34517,0.31938,0.32542,329417860.18
2022-07-11,0.32542,0.32899,0.31069,0.31504,243232095.28
2022-07-12,0.31504,0.31791,0.30713,0.31169,128281361.22
2022-07-13,0.31169,0.32612,0.30247,0.32371,71336831.08
2022-07-14,0.32371,0.33389,0.31235,0.33356,8061656.5
2022-07-15,0.33356,0.3489,0.32753,0.33416,11193687.73
2022-07-16,0.33416,0.35595,0.33154,0.35035,297276411.31
2022-07-17,0.35035,0.36104,0.34225,0.34319,254048679.42
2022-07-18,0.34319,0.36998,0.34305,0.36541,122273697.65
2022-07-19,0.36541,0.37658,0.35152,0.37301,100971487.03
2022-07-20,0.37301,0.38163,0.35746,0.36329,125338123.48
2022-07-21,0.36329,0.36835,0.34875,0.36689,12985618.55
2022-07-22,0.36689,0.37155,0.35426,0.35782,154515120.28
2022-07-23,0.35782,0.36265,0.35007,0.35925,245597301.11
2022-07-24,0.35925,0.36665,0.35575,0.35862,291972770.1
2022-07-25,0.35862,0.36009,0.33493,0.33577,265007981.81
2022-07-26,0.33577,0.33847,0.32546,0.33717,10092909.46
2022-07-27,0.33717,0.35961,0.33044,0.35951,32886815.93
2022-07-28,0.35951,0.37898,0.34913,0.37369,446776348.75
2022-07-29,0.37369,0.37979,0.35932,0.36753,202771536.71
2022-07-30,0.36753,0.41,0.36292,0.38799,240849451.06
2022-07-31,0.38799,0.39879,0.37811,0.37917,346953163.3
2022-08-01,0.37917,0.386,0.37107,0.37911,212124534.84
2022-08-02,0.37911,0.39423,0.36664,0.37136,8106589.87
2022-08-03,0.37136,0.37735,0.36316,0.36956,7129140.87
2022-08-04,0.36956,0.37491,0.36421,0.37075,5822972.47
2022-08-05,0.37075,0.37837,0.36742,0.37615,6688735.36
2022-08-06,0.37615,0.378,0.37052,0.37139,4310501.06
2022-08-07,0.37139,0.37703,0.36802,0.3723,7325351.77
2022-08-08,0.3723,0.38461,0.37142,0.3787,14490452.9
2022-08-09,0.3787,0.3813,0.36064,0.36725,18996023.66
2022-08-10,0.36725,0.38149,0.35843,0.38133,27559821.69
2022-08-11,0.38133,0.38576,0.37702,0.38013,15421113.61
2022-08-12,0.38013,0.38046,0.37001,0.37942,14332147.87
2022-08-13,0.37942,0.38722,0.37631,0.37774,14587705.5
2022-08-14,0.37774,0.39218,0.37368,0.37567,19173182.99
2022-08-15,0.37567,0.38494,0.36607,0.37517,15140626.61
2022-08-16,0.37517,0.37807,0.36656,0.37684,19620640.41
2022-08-17,0.37684,0.39226,0.36807,0.37935,49362374.6
2022-08-18,0.37935,0.38129,0.36937,0.37013,34144088.02
2022-08-19,0.37013,0.37052,0.33027,0.33423,115677262.85
2022-08-20,0.33423,0.34264,0.33201,0.33676,40055157.91
2022-08-21,0.33676,0.34841,0.33538,0.34478,37406319.56
2022-08-22,0.34478,0.34511,0.33138,0.34393,27919360.85
2022-08-23,0.34393,0.34791,0.33271,0.34717,21958704.6
2022-08-24,0.34717,0.3525,0.33887,0.34554,22148974.48
2022-08-25,0.34554,0.3521,0.34342,0.34892,19440731.39
2022-08-26,0.34892,0.37106,0.33244,0.3392,67237362.98
2022-08-27,0.3392,0.3445,0.3284,0.3346,33519921.64
2022-08-28,0.3346,0.33712,0.32138,0.32241,24440123.81
2022-08-29,0.32241,0.33412,0.3186,0.33379,27859606.89
2022-08-30,0.33379,0.33568,0.3201,0.32668,20537620.27
2022-08-31,0.32668,0.33385,0.32301,0.3277,20360005.93
2022-09-01,0.3277,0.33333,0.32156,0.33312,16630374.59
2022-09-02,0.33312,0.33539,0.32529,0.33145,19625928.86
2022-09-03,0.33145,0.33527,0.3266,0.3296,22604548.05
2022-09-04,0.3296,0.33269,0.32761,0.33171,20656450.0
2022-09-05,0.33171,0.33362,0.32263,0.33277,24615255.55
2022-09-06,0.33277,0.34309,0.31797,0.3211,70634663.16
2022-09-07,0.3211,0.33848,0.31274,0.3369,42539211.88
2022-09-08,0.3369,0.34319,0.32845,0.33967,41162344.37
2022-09-09,0.33967,0.35946,0.33944,0.35705,60156442.06
2022-09-10,0.35705,0.36174,0.35134,0.35719,37683663.21
2022-09-11,0.35719,0.36018,0.34893,0.35526,26018562.27
2022-09-12,0.35526,0.35998,0.3477,0.35976,26440377.33
2022-09-13,0.35976,0.36018,0.33076,0.33262,56976746.73
2022-09-14,0.33262,0.3441,0.33135,0.34165,26664040.01
2022-09-15,0.34165,0.34273,0.32408,0.32616,42596462.26
2022-09-16,0.32616,0.35814,0.32161,0.35522,51439247.3
2022-09-17,0.35522,0.38048,0.34633,0.376,81843819.09
2022-09-18,0.376,0.39815,0.35581,0.35772,238001321.12
2022-09-19,0.35772,0.39296,0.34015,0.38475,254466838.46
2022-09-20,0.38475,0.42423,0.37029,0.41394,372094797.02
2022-09-21,0.41394,0.434,0.38084,0.39358,306110230.64
2022-09-22,0.39358,0.49958,0.39339,0.48601,234643430.53
2022-09-23,0.48601,0.55865,0.45624,0.50652,376376306.24
2022-09-24,0.50652,0.51918,0.47162,0.48787,135916257.45
2022-09-25,0.48787,0.52081,0.47595,0.49194,111134720.79
2022-09-26,0.49194,0.50162,0.45757,0.46824,75809044.68
2022-09-27,0.46824,0.4877,0.43579,0.44564,74205599.6
2022-09-28,0.44564,0.45563,0.41711,0.44885,102480479.67
2022-09-29,0.44885,0.51,0.42682,0.48699,134125015.47
2022-09-30,0.48699,0.49911,0.46923,0.47982,114993115.95
2022-10-01,0.47982,0.48625,0.46699,0.47531,23496537.62
2022-10-02,0.47531,0.47831,0.44462,0.44843,28142359.73
2022-10-03,0.44843,0.46967,0.43765,0.46205,32017480.02
2022-10-04,0.46205,0.48599,0.45148,0.47952,31180220.44
2022-10-05,0.47952,0.50201,0.47182,0.48867,48281125.99
2022-10-06,0.48867,0.50578,0.48832,0.49342,23572303.7
2022-10-07,0.49342,0.53278,0.4818,0.5178,45236144.32
2022-10-08,0.5178,0.52908,0.51114,0.51708,23086668.56
2022-10-09,0.51708,0.54799,0.50609,0.53228,23714010.43
2022-10-10,0.53228,0.53822,0.49341,0.49361,30205622.16
2022-10-11,0.49361,0.50232,0.47729,0.48603,34217226.17
2022-10-12,0.48603,0.49574,0.48209,0.488,16753634.08
2022-10-13,0.488,0.48952,0.44,0.479,65346459.3
2022-10-14,0.479,0.5124,0.47817,0.48823,30805390.78
2022-10-15,0.48823,0.49014,0.47774,0.48202,10141208.1
2022-10-16,0.48202,0.48754,0.46817,0.47644,21360078.09
2022-10-17,0.47644,0.48216,0.46257,0.48039,19403302.78
2022-10-18,0.48039,0.48421,0.45717,0.46572,18296403.14
2022-10-19,0.46572,0.46663,0.44716,0.45044,19897834.44
2022-10-20,0.45044,0.46449,0.42268,0.44632,57982601.43
2022-10-21,0.44632,0.46167,0.43501,0.46135,43058893.01
2022-10-22,0.46135,0.47088,0.45603,0.46523,8732568.14
2022-10-23,0.46523,0.47236,0.45169,0.46895,11587546.64
2022-10-24,0.46895,0.47283,0.44821,0.45283,10101177.7
2022-10-25,0.45283,0.4727,0.44343,0.46063,14751997.39
2022-10-26,0.46063,0.47131,0.4563,0.46903,13392352.2
2022-10-27,0.46903,0.48244,0.45889,0.46147,21458109.81
2022-10-28,0.46147,0.47536,0.4565,0.47431,13451595.02
2022-10-29,0.47431,0.48351,0.46633,0.47023,23278858.45
2022-10-30,0.47023,0.47338,0.45386,0.45813,12878751.68
2022-10-31,0.45813,0.46734,0.4476,0.4641,16495047.8
2022-11-01,0.4641,0.46697,0.45435,0.46363,11183178.57
2022-11-02,0.46363,0.46585,0.44537,0.44994,28245336.27
2022-11-03,0.44994,0.45973,0.44876,0.45505,14700815.21
2022-11-04,0.45505,0.50806,0.45346,0.50644,136635901.41
2022-11-05,0.50644,0.5098,0.48933,0.49291,38002978.37
2022-11-06,0.49291,0.49446,0.46837,0.47092,30712676.54
2022-11-07,0.47092,0.47992,0.45863,0.4647,49380013.22
2022-11-08,0.4647,0.46688,0.33667,0.40592,512378271.74
2022-11-09,0.40592,0.41092,0.31667,0.33297,904436221.59
2022-11-10,0.33297,0.40246,0.33042,0.3942,573875723.86
2022-11-11,0.3942,0.3988,0.36645,0.38411,91435469.26
2022-11-12,0.38411,0.38439,0.35974,0.36295,29082049.47
2022-11-13,0.36295,0.3694,0.33251,0.34036,34184942.91
2022-11-14,0.34036,0.38,0.32131,0.37793,80263538.41
2022-11-15,0.37793,0.39724,0.36706,0.38875,37728577.09
2022-11-16,0.38875,0.39123,0.36194,0.37521,15299624.78
2022-11-17,0.37521,0.38719,0.36883,0.38172,17697782.07
2022-11-18,0.38172,0.38741,0.37447,0.38274,8708676.03
2022-11-19,0.38274,0.3882,0.37533,0.38413,5392997.77
2022-11-20,0.38413,0.39645,0.35901,0.36087,14269528.58
2022-11-21,0.36087,0.3688,0.34664,0.36444,28417885.09
2022-11-22,0.36444,0.37833,0.35146,0.3757,16067105.23
2022-11-23,0.3757,0.38259,0.36823,0.38162,12730982.99
2022-11-24,0.38162,0.40496,0.37425,0.40172,23219661.78
2022-11-25,0.40172,0.4185,0.38869,0.40956,21231216.81
2022-11-26,0.40956,0.41416,0.39283,0.39601,17786585.89
2022-11-27,0.39601,0.4093,0.3942,0.3958,16939109.26
2022-11-28,0.3958,0.39878,0.37295,0.38916,33373233.59
2022-11-29,0.38916,0.40369,0.38295,0.39789,37902160.89
2022-11-30,0.39789,0.41146,0.39336,0.4079,43766142.09
2022-12-01,0.4079,0.40917,0.39459,0.39676,25166913.31
2022-12-02,0.39676,0.3975,0.38409,0.39625,42474289.54
2022-12-03,0.39625,0.397,0.38546,0.38717,58867060.26
2022-12-04,0.38717,0.39299,0.38612,0.38961,44416558.36
2022-12-05,0.38961,0.3953,0.38075,0.38931,59060035.8
2022-12-06,0.38931,0.3927,0.38041,0.39148,48850118.37
2022-12-07,0.39148,0.39241,0.374,0.38338,61897667.24
2022-12-08,0.38338,0.396,0.383,0.39427,73575361.89
2022-12-09,0.39427,0.39498,0.38494,0.3887,30039220.0
2022-12-10,0.3887,0.38918,0.38511,0.38652,20608944.55
2022-12-11,0.38652,0.38856,0.37848,0.38101,14221916.56
2022-12-12,0.38101,0.38971,0.371,0.38733,39591627.22
2022-12-13,0.38733,0.39671,0.37848,0.39511,40136298.32
2022-12-14,0.39511,0.39518,0.37778,0.38518,26970365.62
2022-12-15,0.38518,0.38668,0.37401,0.37796,17911117.71
2022-12-16,0.37796,0.3798,0.34443,0.3511,60640705.92
2022-12-17,0.3511,0.35748,0.34688,0.3546,37432208.47
2022-12-18,0.3546,0.35541,0.34734,0.34982,16098881.28
2022-12-19,0.34982,0.35288,0.33251,0.33886,56144664.74
2022-12-20,0.33886,0.35307,0.33592,0.34802,28124665.29
2022-12-21,0.34802,0.35029,0.338,0.34462,16752354.94
2022-12-22,0.34462,0.35015,0.34132,0.34924,11006836.94
2022-12-23,0.34924,0.3548,0.3467,0.35431,10537121.76
2022-12-24,0.35431,0.35431,0.35064,0.35183,3857608.61
2022-12-25,0.35183,0.35216,0.34413,0.34577,7860207.66
2022-12-26,0.34577,0.36972,0.3455,0.36585,13781329.98
2022-12-27,0.36585,0.37259,0.35866,0.36742,11619687.62
2022-12-28,0.36742,0.36858,0.35454,0.35575,8356510.93
2022-12-29,0.35575,0.35772,0.3371,0.34213,9643159.9
2022-12-30,0.34213,0.34569,0.33372,0.34515,7488179.82
2022-12-31,0.34515,0.34516,0.33868,0.33874,3453931.66
2023-01-01,0.33874,0.3398,0.33542,0.33853,3038861.67
2023-01-02,0.33853,0.35466,0.30009,0.34819,16799515.16
2023-01-03,0.34819,0.35194,0.34055,0.34364,7352694.98
2023-01-04,0.34364,0.3522,0.341,0.34731,7819593.36
2023-01-05,0.34731,0.34872,0.3346,0.33788,5774587.45
2023-01-06,0.33788,0.34583,0.33152,0.34419,6551290.69
2023-01-07,0.34419,0.34546,0.34149,0.34403,3804245.65
2023-01-08,0.34403,0.34643,0.3362,0.34497,7249765.89
2023-01-09,0.34497,0.35738,0.34335,0.34899,20512430.83
2023-01-10,0.34899,0.35398,0.34329,0.35068,8747850.12
2023-01-11,0.35068,0.37757,0.34745,0.37295,22316195.09
2023-01-12,0.37295,0.38179,0.36178,0.37477,8596017.93
2023-01-13,0.37477,0.38665,0.36858,0.38583,5759930.69
2023-01-14,0.38583,0.40863,0.37795,0.3952,12717455.85
2023-01-15,0.3952,0.39656,0.37986,0.38461,5544897.55
2023-01-16,0.38461,0.40661,0.37851,0.38562,6741373.42
2023-01-17,0.38562,0.39844,0.3792,0.38663,7570647.46
2023-01-18,0.38663,0.39601,0.3669,0.37814,13827960.33
2023-01-19,0.37814,0.396,0.37651,0.39294,7985523.62
2023-01-20,0.39294,0.41392,0.38615,0.41302,7704669.42
2023-01-21,0.41302,0.41636,0.39715,0.4032,6511691.07
2023-01-22,0.4032,0.41197,0.3962,0.40041,5739491.89
2023-01-23,0.40041,0.43294,0.39959,0.42317,10531653.46
2023-01-24,0.42317,0.43089,0.40299,0.40767,7862107.57
2023-01-25,0.40767,0.42405,0.39711,0.41668,6275950.22
2023-01-26,0.41668,0.4175,0.40577,0.40949,6448958.66
2023-01-27,0.40949,0.41313,0.39911,0.41253,4374551.35
2023-01-28,0.41253,0.41635,0.40549,0.40754,4540614.67
2023-01-29,0.40754,0.41696,0.40638,0.41331,5247765.0
2023-01-30,0.41331,0.42191,0.38597,0.39331,10741902.21
2023-01-31,0.39331,0.41102,0.38761,0.40564,8648109.27
2023-02-01,0.40564,0.41559,0.39662,0.41307,9614384.81
2023-02-02,0.41307,0.41932,0.40834,0.40974,8135587.27
2023-02-03,0.40974,0.41347,0.40564,0.4114,6264580.48
2023-02-04,0.4114,0.42014,0.40767,0.41049,7132479.04
2023-02-05,0.41049,0.41181,0.39481,0.39843,11270595.94
2023-02-06,0.39843,0.40385,0.39092,0.39196,11036624.92
2023-02-07,0.39196,0.4046,0.39007,0.40356,10433436.2
2023-02-08,0.40356,0.40577,0.39377,0.39743,9187655.86
2023-02-09,0.39743,0.4092,0.37288,0.3816,24414070.53
2023-02-10,0.3816,0.38769,0.37719,0.38187,12360444.6
2023-02-11,0.38187,0.3839,0.38001,0.38325,7062168.0
2023-02-12,0.38325,0.38479,0.37203,0.37478,7638976.48
2023-02-13,0.37478,0.37794,0.36129,0.37031,17309995.73
2023-02-14,0.37031,0.38403,0.36447,0.38212,14794671.62
2023-02-15,0.38212,0.40219,0.3765,0.40098,12468535.46
2023-02-16,0.40098,0.4049,0.38406,0.38407,16307838.6
2023-02-17,0.38407,0.40016,0.38082,0.39463,11758198.7
2023-02-18,0.39463,0.39731,0.39103,0.39411,7247696.96
2023-02-19,0.39411,0.39772,0.38514,0.38631,8777607.78
2023-02-20,0.38631,0.4086,0.3776,0.39843,7072305.18
2023-02-21,0.39843,0.40211,0.38722,0.39182,4935358.87
2023-02-22,0.39182,0.39769,0.38267,0.3948,4752166.71
2023-02-23,0.3948,0.39758,0.38557,0.38814,3405966.57
2023-02-24,0.38814,0.39069,0.37255,0.37843,5306904.53
2023-02-25,0.37843,0.37922,0.36951,0.37779,3980076.83
2023-02-26,0.37779,0.38057,0.37482,0.37776,2562635.05
2023-02-27,0.3777,0.38,0.3709,0.3786,11743819.92
2023-02-28,0.3786,0.3824,0.372,0.3762,12438334.75
2023-03-01,0.3762,0.3845,0.3727,0.3837,12988008.98
2023-03-02,0.3837,0.3845,0.3738,0.3771,11153796.17
2023-03-03,0.3771,0.3805,0.3544,0.3774,20728386.13
2023-03-04,0.3774,0.38,0.3682,0.3736,6905596.14
2023-03-05,0.3736,0.3773,0.3655,0.3667,7307090.02
2023-03-06,0.3667,0.374,0.3592,0.3701,12616740.72
2023-03-07,0.3701,0.3844,0.367,0.3802,17373386.92
2023-03-08,0.3802,0.4012,0.3724,0.3886,32101013.48
2023-03-09,0.3886,0.3975,0.3641,0.3711,32273814.81
2023-03-10,0.3711,0.3751,0.3575,0.3699,28993581.12
2023-03-11,0.3699,0.3738,0.3583,0.3637,17785658.46
2023-03-12,0.3637,0.3714,0.3475,0.3713,19571436.33
2023-03-13,0.3713,0.3798,0.356,0.3723,55530562.59
2023-03-14,0.3723,0.3868,0.3649,0.3724,57262185.29
2023-03-15,0.3724,0.3756,0.3561,0.359,37662443.96
2023-03-16,0.359,0.3667,0.3566,0.3648,11362038.21
2023-03-17,0.3648,0.3823,0.3622,0.3798,11060365.16
2023-03-18,0.3798,0.3894,0.3693,0.3738,10550974.39
2023-03-19,0.3738,0.3999,0.3738,0.3856,12798209.91
2023-03-20,0.3856,0.3911,0.3711,0.3733,10740004.64
2023-03-21,0.3733,0.4927,0.373,0.4682,30731262.41
2023-03-22,0.4682,0.4749,0.4078,0.4211,26591793.15
2023-03-23,0.4211,0.4552,0.4118,0.444,12763080.63
2023-03-24,0.444,0.444,0.4145,0.4254,7061381.99
2023-03-25,0.4254,0.4643,0.4227,0.4432,17543294.17
2023-03-26,0.4432,0.4632,0.4409,0.4479,9879391.1
2023-03-27,0.4479,0.4884,0.4426,0.4793,28115354.98
2023-03-28,0.4793,0.5335,0.4673,0.5145,34699612.86
2023-03-29,0.5145,0.5846,0.5145,0.5425,46757144.94
2023-03-30,0.5425,0.5573,0.522,0.5322,156107217.66
2023-03-31,0.5322,0.562,0.5265,0.5379,247041349.39
2023-04-01,0.5379,0.5379,0.4989,0.5094,198492524.05
2023-04-02,0.5094,0.5288,0.5016,0.518,73671432.14
2023-04-03,0.518,0.5245,0.482,0.4958,76767209.97
2023-04-04,0.4958,0.5077,0.4872,0.5026,101448127.64
2023-04-05,0.5026,0.527,0.4987,0.5056,121667123.33
2023-04-06,0.5056,0.5096,0.4916,0.503,103811383.88
2023-04-07,0.503,0.5155,0.4975,0.513,99554481.03
2023-04-08,0.513,0.513,0.5015,0.5049,85087423.41
2023-04-09,0.5049,0.5092,0.499,0.5053,82653556.76
2023-04-10,0.5053,0.5199,0.5,0.5177,95302065.79
2023-04-11,0.5177,0.528,0.5116,0.5169,110704045.31
2023-04-12,0.5169,0.5179,0.4988,0.5048,112925415.17
2023-04-13,0.5048,0.5156,0.5014,0.5125,111474833.97
2023-04-14,0.5125,0.5457,0.5111,0.5227,120491197.68
2023-04-15,0.5227,0.5261,0.5166,0.5192,85603541.28
2023-04-16,0.5192,0.5243,0.5152,0.5208,86114204.91
2023-04-17,0.5208,0.521,0.5067,0.5109,109461594.25
2023-04-18,0.5109,0.5388,0.5093,0.5325,119083414.96
2023-04-19,0.5325,0.5362,0.4735,0.4912,143273414.5
2023-04-20,0.4912,0.4992,0.4654,0.4751,140645375.85
2023-04-21,0.4751,0.4791,0.4405,0.4491,132574496.99
2023-04-22,0.4491,0.4759,0.4455,0.472,119992230.13
2023-04-23,0.472,0.472,0.4529,0.4647,101265233.6
2023-04-24,0.4647,0.4856,0.4477,0.4609,121400823.25
2023-04-25,0.4609,0.4722,0.4507,0.4696,123002918.29
2023-04-26,0.4696,0.483,0.4339,0.4618,132192744.9
2023-04-27,0.4618,0.4698,0.4558,0.4666,115371942.88
2023-04-28,0.4666,0.483,0.4638,0.4795,111717058.71
2023-04-29,0.4795,0.4867,0.471,0.4779,98294495.72
2023-04-30,0.4779,0.4818,0.4688,0.4704,125458489.77
2023-05-01,0.4704,0.4723,0.4548,0.4648,154620721.53
2023-05-02,0.4648,0.4659,0.4576,0.4645,141500852.1
2023-05-03,0.4645,0.4653,0.45,0.4632,142974598.17
2023-05-04,0.4632,0.465,0.4547,0.4608,143881829.03
2023-05-05,0.4608,0.4704,0.4545,0.467,70124841.82
2023-05-06,0.467,0.4695,0.4514,0.4583,35256394.81
2023-05-07,0.4583,0.4601,0.4458,0.4489,25669259.39
2023-05-08,0.4489,0.4513,0.4103,0.4283,86769580.92
2023-05-09,0.4283,0.4308,0.4203,0.4289,75285825.93
2023-05-10,0.4289,0.434,0.412,0.4303,65500675.58
2023-05-11,0.4303,0.4305,0.4114,0.4208,62798983.91
2023-05-12,0.4208,0.4445,0.4157,0.4305,77178005.78
2023-05-13,0.4305,0.4305,0.4228,0.4239,23745151.4
2023-05-14,0.4239,0.4318,0.421,0.4253,21393668.52
2023-05-15,0.4253,0.4304,0.4216,0.4273,58647475.32
2023-05-16,0.4273,0.4429,0.4186,0.4425,70385560.32
2023-05-17,0.4425,0.4613,0.4376,0.4484,96008090.45
2023-05-18,0.4484,0.4725,0.443,0.4596,76465253.35
2023-05-19,0.4596,0.4754,0.4573,0.4675,64707762.62
2023-05-20,0.4675,0.4715,0.4618,0.4685,29468533.83
2023-05-21,0.4685,0.4705,0.455,0.4575,31976329.12
2023-05-22,0.4575,0.4672,0.4498,0.4618,64396577.68
2023-05-23,0.4618,0.4673,0.4586,0.4652,61127128.42
2023-05-24,0.4652,0.4652,0.4459,0.4531,65236537.56
2023-05-25,0.4531,0.4548,0.4431,0.4538,41111349.61
2023-05-26,0.4538,0.4699,0.4524,0.4684,61006430.51
2023-05-27,0.4684,0.479,0.4653,0.4715,32879305.39
2023-05-28,0.4715,0.4861,0.4699,0.482,34622563.65
2023-05-29,0.482,0.4953,0.4762,0.4946,69516886.73
2023-05-30,0.4946,0.529,0.4893,0.5206,93972520.46
2023-05-31,0.5206,0.5279,0.501,0.5166,72740364.29
2023-06-01,0.5166,0.5166,0.5018,0.5064,52148059.74
2023-06-02,0.5064,0.5271,0.5035,0.5245,51855945.7
2023-06-03,0.5245,0.5331,0.5145,0.5187,29748779.89
2023-06-04,0.5187,0.5469,0.5153,0.5358,39714997.15
2023-06-05,0.5358,0.5431,0.487,0.5088,81335183.41
2023-06-06,0.5088,0.5326,0.4962,0.53,75343987.03
2023-06-07,0.53,0.5383,0.507,0.5182,75785316.23
2023-06-08,0.5182,0.5277,0.5156,0.5237,47875271.76
2023-06-09,0.5237,0.5415,0.5205,0.5381,56160068.56
2023-06-10,0.5381,0.5388,0.473,0.5066,79694046.61
2023-06-11,0.5066,0.5288,0.503,0.5208,41274384.95
2023-06-12,0.5208,0.5281,0.5088,0.5251,64032598.15
2023-06-13,0.5251,0.5652,0.5057,0.5193,82370124.2
2023-06-14,0.5193,0.5205,0.4617,0.4801,73790722.42
2023-06-15,0.4801,0.4857,0.467,0.4801,58900094.25
2023-06-16,0.4801,0.4833,0.4562,0.4759,56038702.43
2023-06-17,0.4759,0.4867,0.4694,0.4795,30594032.19
2023-06-18,0.4795,0.4977,0.475,0.4869,37447808.15
2023-06-19,0.4869,0.499,0.4812,0.4935,51681366.18
2023-06-20,0.4935,0.4965,0.4719,0.4928,60943517.54
2023-06-21,0.4928,0.5034,0.4891,0.5,66653643.34
2023-06-22,0.5,0.527,0.484,0.4938,63039787.7
2023-06-23,0.4938,0.5022,0.4841,0.496,54327041.32
2023-06-24,0.496,0.4962,0.4781,0.4866,31157208.18
2023-06-25,0.4866,0.4976,0.4829,0.4903,32877156.07
2023-06-26,0.4903,0.4918,0.4705,0.479,33104776.07
2023-06-27,0.479,0.4851,0.4762,0.4838,29563741.6
2023-06-28,0.4838,0.4844,0.4493,0.4648,29740379.9
2023-06-29,0.4648,0.4773,0.4611,0.4747,24792079.87
2023-06-30,0.4747,0.4826,0.45,0.473,36127482.65
2023-07-01,0.473,0.4761,0.4643,0.4731,23007030.23
2023-07-02,0.4731,0.4961,0.4697,0.4844,32706650.83
2023-07-03,0.4844,0.4914,0.4786,0.489,36379388.24
2023-07-04,0.489,0.4935,0.4817,0.4871,29788200.47
2023-07-05,0.4871,0.4919,0.4696,0.4778,29077655.9
2023-07-06,0.4778,0.4842,0.4613,0.4621,31565479.1
2023-07-07,0.4621,0.4707,0.458,0.4686,23107030.03
2023-07-08,0.4686,0.4748,0.4649,0.4704,14160816.88
2023-07-09,0.4704,0.4717,0.4665,0.468,10160990.04
2023-07-10,0.468,0.4801,0.4631,0.478,34792032.55
2023-07-11,0.478,0.4784,0.471,0.4752,24142056.7
2023-07-12,0.4752,0.4772,0.465,0.471,22157254.13
2023-07-13,0.471,0.9323,0.4695,0.8159,66463646.68
2023-07-14,0.8159,0.8245,0.67,0.7179,88681279.06
2023-07-15,0.7179,0.7354,0.6928,0.7144,63287863.22
2023-07-16,0.7144,0.7897,0.7036,0.7468,69220013.0
2023-07-17,0.7468,0.7654,0.7126,0.7374,55209082.65
2023-07-18,0.7374,0.7826,0.731,0.778,55946791.29
2023-07-19,0.778,0.8532,0.7696,0.8198,76062714.27
2023-07-20,0.8198,0.8488,0.7714,0.7943,61662518.51
2023-07-21,0.7943,0.7987,0.7604,0.7714,43047196.67
2023-07-22,0.7714,0.7799,0.7222,0.733,31277975.8
2023-07-23,0.733,0.7517,0.7157,0.7384,31120825.87
2023-07-24,0.7384,0.7428,0.682,0.7021,50651011.48
2023-07-25,0.7021,0.7159,0.675,0.709,42724113.37
2023-07-26,0.709,0.7316,0.6937,0.7161,39112902.96
2023-07-27,0.7161,0.7325,0.7067,0.7139,32965418.38
2023-07-28,0.7139,0.7189,0.7026,0.7122,21995787.63
2023-07-29,0.7122,0.7155,0.7045,0.7122,11913948.3
2023-07-30,0.7122,0.7355,0.683,0.7047,22300998.63
2023-07-31,0.7047,0.7206,0.6855,0.6975,34730191.54
2023-08-01,0.6975,0.7082,0.6736,0.7068,39141926.06
2023-08-02,0.7068,0.708,0.6768,0.685,25861187.91
2023-08-03,0.685,0.6875,0.6549,0.6631,33286728.07
2023-08-04,0.6631,0.6678,0.6264,0.6357,31232350.3
2023-08-05,0.6357,0.6357,0.611,0.6288,29984804.05
2023-08-06,0.6288,0.6389,0.6215,0.624,22552813.28
2023-08-07,0.624,0.6298,0.5978,0.6236,43710975.1
2023-08-08,0.6236,0.648,0.6141,0.6419,42540254.85
2023-08-09,0.6419,0.6659,0.6316,0.6434,42219362.25
2023-08-10,0.6434,0.6446,0.6244,0.6331,32225832.01
2023-08-11,0.6331,0.6413,0.626,0.6317,25677667.94
2023-08-12,0.6317,0.6335,0.6222,0.6275,9064532.73
2023-08-13,0.6275,0.6384,0.6236,0.6255,14458934.48
2023-08-14,0.6255,0.6369,0.6242,0.6343,27785857.71
2023-08-15,0.6343,0.6349,0.5808,0.6105,30975755.75
2023-08-16,0.6105,0.6165,0.572,0.5889,48891882.65
2023-08-17,0.5889,0.5949,0.425,0.5064,54540972.03
2023-08-18,0.5064,0.522,0.4832,0.5061,73448550.3
2023-08-19,0.5061,0.5243,0.5008,0.52,31016603.36
2023-08-20,0.52,0.558,0.516,0.5385,44732375.18
2023-08-21,0.5385,0.5397,0.5032,0.5245,48029518.91
2023-08-22,0.5245,0.5257,0.5035,0.5211,41595505.12
2023-08-23,0.5211,0.5367,0.5157,0.5302,31039078.52
2023-08-24,0.5302,0.5319,0.5115,0.5186,30366312.49
2023-08-25,0.5186,0.5319,0.508,0.5256,38960628.07
2023-08-26,0.5256,0.5282,0.5177,0.5231,21281371.6
2023-08-27,0.5231,0.5302,0.5173,0.5235,30523946.28
2023-08-28,0.5235,0.525,0.5107,0.5232,63230241.44
2023-08-29,0.5232,0.5497,0.5132,0.5399,47842592.18
2023-08-30,0.5399,0.5404,0.5216,0.5285,30296350.28
2023-08-31,0.5285,0.5287,0.4958,0.511,36033780.37
2023-09-01,0.511,0.5118,0.4868,0.498,48160616.45
2023-09-02,0.498,0.5028,0.4943,0.4988,20364887.63
2023-09-03,0.4988,0.5107,0.4971,0.5047,27772890.97
2023-09-04,0.5047,0.5128,0.4965,0.5086,28686275.06
2023-09-05,0.5086,0.5088,0.4991,0.5056,27104204.54
2023-09-06,0.5056,0.506,0.4915,0.5033,23853596.55
2023-09-07,0.5033,0.507,0.4965,0.5051,21627161.39
2023-09-08,0.5051,0.5076,0.4944,0.505,22967744.55
2023-09-09,0.505,0.505,0.5015,0.5039,7687111.3
2023-09-10,0.5039,0.5039,0.4926,0.4969,14132084.62
2023-09-11,0.4969,0.4982,0.4594,0.4744,43364459.49
2023-09-12,0.4744,0.4863,0.47,0.4804,52795920.48
2023-09-13,0.4804,0.4893,0.4731,0.4832,46838649.44
2023-09-14,0.4832,0.4939,0.4799,0.4892,21337873.25
2023-09-15,0.4892,0.5081,0.4876,0.5004,32492157.81
2023-09-16,0.5004,0.5035,0.4971,0.4998,14650940.43
2023-09-17,0.4998,0.5004,0.4898,0.4925,15293410.25
2023-09-18,0.4925,0.5075,0.4863,0.503,37779170.79
2023-09-19,0.503,0.5165,0.5006,0.514,39285096.83
2023-09-20,0.514,0.5252,0.507,0.5211,38590841.88
2023-09-21,0.5211,0.5215,0.5005,0.5072,37841585.87
2023-09-22,0.5072,0.517,0.5037,0.5123,32989166.58
2023-09-23,0.5123,0.5138,0.5054,0.5075,14159827.8
2023-09-24,0.5075,0.5116,0.4995,0.502,14879230.53
2023-09-25,0.502,0.5072,0.4913,0.5057,41221915.91
2023-09-26,0.5057,0.5076,0.4965,0.502,37612681.37
2023-09-27,0.502,0.5071,0.4967,0.4992,31544884.36
2023-09-28,0.4992,0.5102,0.4952,0.5097,33909394.79
2023-09-29,0.5097,0.5492,0.506,0.5214,57426356.85
2023-09-30,0.5214,0.5218,0.5137,0.5148,19740018.05
2023-10-01,0.5148,0.526,0.5136,0.5241,21640509.49
2023-10-02,0.5241,0.5265,0.508,0.5122,40415670.93
2023-10-03,0.5122,0.5479,0.506,0.5391,40664118.43
2023-10-04,0.5391,0.5426,0.52,0.5327,50825866.51
2023-10-05,0.5327,0.5327,0.5161,0.5227,29696472.94
2023-10-06,0.5227,0.5293,0.5171,0.5254,30561708.3
2023-10-07,0.5254,0.5258,0.5197,0.5216,8967250.25
2023-10-08,0.5216,0.5234,0.5156,0.5174,11220435.15
2023-10-09,0.5174,0.5201,0.4876,0.5028,63176525.45
2023-10-10,0.5028,0.5028,0.4918,0.4965,59662795.04
2023-10-11,0.4965,0.4977,0.479,0.4888,69659594.91
2023-10-12,0.4888,0.4889,0.4735,0.483,89556785.02
2023-10-13,0.483,0.4908,0.4786,0.4852,100573633.38
2023-10-14,0.4852,0.4883,0.4835,0.4865,40914287.35
2023-10-15,0.4865,0.4902,0.485,0.4874,42511796.08
2023-10-16,0.4874,0.5105,0.4851,0.4977,122080650.74
2023-10-17,0.4977,0.4981,0.4848,0.4911,98870046.15
2023-10-18,0.4911,0.4924,0.4858,0.4878,91848015.78
2023-10-19,0.4878,0.5241,0.4775,0.5197,112692264.85
2023-10-20,0.5197,0.5302,0.5084,0.5149,147266009.06
2023-10-21,0.5149,0.532,0.5108,0.521,74401731.15
2023-10-22,0.521,0.5242,0.5122,0.5226,69699184.18
2023-10-23,0.5226,0.5529,0.5199,0.5472,149453311.04
2023-10-24,0.5472,0.5861,0.5357,0.5589,162561881.38
2023-10-25,0.5589,0.5637,0.5406,0.5552,132945521.1
2023-10-26,0.5552,0.5691,0.5424,0.5533,125582920.96
2023-10-27,0.5533,0.5587,0.5336,0.543,123228147.29
2023-10-28,0.543,0.5506,0.5405,0.5446,57197942.81
2023-10-29,0.5446,0.5614,0.5408,0.5561,76886409.84
2023-10-30,0.5561,0.5842,0.5495,0.5781,137743846.3
2023-10-31,0.5781,0.6202,0.563,0.5995,140810213.82
2023-11-01,0.5995,0.6161,0.5805,0.6085,135092059.97
2023-11-02,0.6085,0.626,0.5868,0.6054,128414652.24
2023-11-03,0.6054,0.615,0.5914,0.612,129129212.4
2023-11-04,0.612,0.6181,0.6084,0.6149,70135314.58
2023-11-05,0.6149,0.6627,0.6137,0.6606,116161701.31
2023-11-06,0.6606,0.7321,0.6586,0.7147,137687114.7
2023-11-07,0.7147,0.7152,0.652,0.6851,130292892.97
2023-11-08,0.6851,0.6985,0.6725,0.687,119619205.23
2023-11-09,0.687,0.7068,0.6302,0.6666,123730546.37
2023-11-10,0.6666,0.6711,0.637,0.6594,126828954.63
2023-11-11,0.6594,0.6877,0.641,0.6626,107790439.25
2023-11-12,0.6626,0.6709,0.646,0.6613,84175172.68
2023-11-13,0.6613,0.75,0.64,0.67,119921694.2
2023-11-14,0.67,0.672,0.5978,0.6295,138274626.2
2023-11-15,0.6295,0.6503,0.6251,0.6482,125125186.16
2023-11-16,0.6482,0.6524,0.6035,0.6119,124800309.2
2023-11-17,0.6119,0.6243,0.586,0.6132,130289757.71
2023-11-18,0.6132,0.6144,0.5895,0.6107,94652309.01
2023-11-19,0.6107,0.6286,0.6012,0.6253,94583592.48
2023-11-20,0.6253,0.6282,0.6065,0.6121,122400041.38
2023-11-21,0.6121,0.6178,0.573,0.5787,137551780.44
2023-11-22,0.5787,0.6162,0.5779,0.6109,122769447.22
2023-11-23,0.6109,0.6236,0.606,0.6208,116934228.9
2023-11-24,0.6208,0.6256,0.6156,0.6211,118189317.9
2023-11-25,0.6211,0.6235,0.6158,0.6228,62859872.89
2023-11-26,0.6228,0.6373,0.607,0.6157,88818418.42
2023-11-27,0.6157,0.6169,0.594,0.604,125474094.61
2023-11-28,0.604,0.6139,0.5957,0.6107,117912248.48
2023-11-29,0.6107,0.6169,0.604,0.609,97876610.34
2023-11-30,0.609,0.6099,0.5985,0.6063,96630979.07
2023-12-01,0.6063,0.6143,0.6031,0.6125,115046420.49
2023-12-02,0.6125,0.6229,0.611,0.6208,66010672.27
2023-12-03,0.6208,0.6342,0.6168,0.623,89541736.92
2023-12-04,0.623,0.6437,0.58,0.6246,137249260.42
2023-12-05,0.6246,0.6307,0.6081,0.621,136670953.68
2023-12-06,0.621,0.6436,0.611,0.6404,139888123.25
2023-12-07,0.6404,0.6542,0.62,0.6431,133134350.92
2023-12-08,0.6431,0.6755,0.6374,0.6726,137391708.99
2023-12-09,0.6726,0.6999,0.6525,0.6585,123347111.0
2023-12-10,0.6585,0.6716,0.6469,0.6617,103883436.12
2023-12-11,0.6617,0.6628,0.6,0.6186,140996027.53
2023-12-12,0.6186,0.6263,0.6067,0.6191,135666798.03
2023-12-13,0.6191,0.6348,0.5938,0.6275,133757583.83
2023-12-14,0.6275,0.6378,0.6069,0.6316,124700622.52
2023-12-15,0.6316,0.6439,0.6129,0.6156,129162827.15
2023-12-16,0.6156,0.6258,0.6104,0.6203,78410606.43
2023-12-17,0.6203,0.6231,0.6083,0.6104,82309541.52
2023-12-18,0.6104,0.6145,0.5785,0.6126,136215336.22
2023-12-19,0.6126,0.6168,0.5972,0.6047,126520506.97
2023-12-20,0.6047,0.6264,0.601,0.6171,129115799.84
2023-12-21,0.6171,0.6249,0.6104,0.624,114456981.27
2023-12-22,0.624,0.6313,0.6155,0.6243,131673190.61
2023-12-23,0.6243,0.6249,0.6106,0.6196,82671739.7
2023-12-24,0.6196,0.6291,0.6044,0.6122,115289834.41
2023-12-25,0.6122,0.6489,0.6082,0.6461,126118753.98
2023-12-26,0.6461,0.6471,0.6004,0.622,127275856.38
2023-12-27,0.622,0.642,0.6129,0.634,126001297.2
2023-12-28,0.634,0.6579,0.6248,0.6345,128044747.43
2023-12-29,0.6345,0.6362,0.6125,0.623,119009505.22
2023-12-30,0.623,0.6297,0.6157,0.6208,75550172.94
2023-12-31,0.6208,0.6284,0.6057,0.6156,69916561.02
2024-01-01,0.6156,0.6309,0.6083,0.6295,79071801.49
2024-01-02,0.6295,0.64,0.6215,0.6245,122665482.88
2024-01-03,0.6245,0.6395,0.5029,0.5823,141426292.13
2024-01-04,0.5823,0.5938,0.5696,0.5867,135792033.88
2024-01-05,0.5867,0.5886,0.5535,0.5758,132768983.37
2024-01-06,0.5758,0.5758,0.5568,0.568,79832402.23
2024-01-07,0.568,0.573,0.5457,0.5514,88718057.38
2024-01-08,0.5514,0.5816,0.5445,0.5776,144959588.25
2024-01-09,0.5776,0.5792,0.5534,0.567,137181868.71
2024-01-10,0.567,0.6137,0.55,0.6005,138065573.43
2024-01-11,0.6005,0.6239,0.5858,0.6018,139837987.37
2024-01-12,0.6018,0.6035,0.552,0.5699,144245148.74
2024-01-13,0.5699,0.5775,0.5632,0.5746,76488280.86
2024-01-14,0.5746,0.5932,0.5717,0.5763,82575394.41
2024-01-15,0.5763,0.5894,0.5687,0.5757,115095495.31
2024-01-16,0.5757,0.5798,0.5661,0.5757,111527370.41
2024-01-17,0.5757,0.5763,0.5613,0.5685,99220782.38
2024-01-18,0.5685,0.569,0.5432,0.5519,107909089.42
2024-01-19,0.5519,0.5538,0.5218,0.5443,128748083.93
2024-01-20,0.5443,0.555,0.539,0.5537,81076890.92
2024-01-21,0.5537,0.5552,0.5456,0.5464,58240811.82
2024-01-22,0.5464,0.5497,0.5177,0.5274,134090451.05
2024-01-23,0.5274,0.5318,0.4966,0.5182,151127537.0
2024-01-24,0.5182,0.5193,0.5096,0.5181,110115453.28
2024-01-25,0.5181,0.5181,0.5039,0.5139,112737992.42
2024-01-26,0.5139,0.5367,0.5084,0.5323,138517885.81
2024-01-27,0.5323,0.5348,0.5263,0.5304,58719162.14
2024-01-28,0.5304,0.5355,0.5211,0.5241,68440623.03
2024-01-29,0.5241,0.54,0.5195,0.5352,128511594.04
2024-01-30,0.5352,0.5392,0.5074,0.5106,147292431.36
2024-01-31,0.5106,0.5143,0.4859,0.5033,139809242.96
2024-02-01,0.5033,0.5107,0.4901,0.5057,130933121.25
2024-02-02,0.5057,0.5141,0.4989,0.5105,138557498.52
2024-02-03,0.5105,0.5268,0.506,0.5187,86978826.8
2024-02-04,0.5187,0.5192,0.5007,0.5031,73504264.28
2024-02-05,0.5031,0.5141,0.497,0.5069,63240216.55
2024-02-06,0.5069,0.5112,0.4988,0.505,6670099.1
2024-02-07,0.505,0.5155,0.4993,0.5138,8970810.48
2024-02-08,0.5138,0.5193,0.5101,0.5146,10219192.94
2024-02-09,0.5146,0.5282,0.514,0.5261,10443774.17
2024-02-10,0.5261,0.5282,0.5187,0.5238,6078219.61
2024-02-11,0.5238,0.5359,0.5216,0.5262,6691619.39
2024-02-12,0.5262,0.5379,0.5144,0.5314,8728864.89
2024-02-13,0.5314,0.5338,0.5144,0.5246,8187378.01
2024-02-14,0.5246,0.5418,0.5203,0.5377,11916017.88
2024-02-15,0.5377,0.5766,0.5373,0.5621,17844038.87
2024-02-16,0.5621,0.579,0.5523,0.5642,11712169.56
2024-02-17,0.5642,0.5655,0.5396,0.5496,8708417.07
2024-02-18,0.5496,0.5624,0.5471,0.557,9203174.54
2024-02-19,0.557,0.5679,0.5539,0.5626,12213680.9
2024-02-20,0.5626,0.575,0.544,0.5622,18317064.12
2024-02-21,0.5622,0.5629,0.5328,0.549,8985978.61
2024-02-22,0.549,0.5515,0.5366,0.5411,10148402.24
2024-02-23,0.5411,0.5437,0.5253,0.5341,9452625.42
2024-02-24,0.5341,0.5481,0.5314,0.5449,7718320.35
2024-02-25,0.5449,0.5487,0.542,0.5424,10588494.49
2024-02-26,0.5424,0.5527,0.5288,0.5508,13346781.44
2024-02-27,0.5508,0.5971,0.5477,0.586,29176922.82
2024-02-28,0.586,0.6059,0.5253,0.5749,26338017.71
2024-02-29,0.5749,0.6257,0.5675,0.5858,25985601.0
2024-03-01,0.5858,0.6033,0.5831,0.6011,15125455.77
2024-03-02,0.6011,0.65,0.5995,0.6442,21069825.77
2024-03-03,0.6442,0.6444,0.5901,0.6269,18027081.17
2024-03-04,0.6269,0.6657,0.616,0.6477,25228844.73
2024-03-05,0.6477,0.6681,0.5271,0.5918,32583963.19
2024-03-06,0.5918,0.6236,0.5756,0.6121,20181017.75
2024-03-07,0.6121,0.6389,0.6065,0.6271,19826789.76
2024-03-08,0.6271,0.6338,0.6009,0.6199,19576154.22
2024-03-09,0.6199,0.6322,0.616,0.6198,18009663.41
2024-03-10,0.6198,0.6277,0.5966,0.6079,19613643.6
2024-03-11,0.6079,0.744,0.5839,0.7227,55379045.2
2024-03-12,0.7227,0.7325,0.6586,0.6879,35545263.76
2024-03-13,0.6879,0.7026,0.6685,0.6888,29228094.42
2024-03-14,0.6888,0.7076,0.6384,0.6691,36513505.6
2024-03-15,0.6691,0.6755,0.596,0.6339,44691164.63
2024-03-16,0.6339,0.6476,0.5928,0.6031,29781755.01
2024-03-17,0.6031,0.6249,0.587,0.6191,28997780.18
2024-03-18,0.6191,0.6685,0.5949,0.645,47160794.94
2024-03-19,0.645,0.6488,0.5712,0.5845,64926429.63
2024-03-20,0.5845,0.6187,0.5685,0.6107,50287068.53
2024-03-21,0.6107,0.6545,0.5977,0.6402,47325827.08
2024-03-22,0.6402,0.6454,0.5984,0.6115,45390660.68
2024-03-23,0.6115,0.6329,0.6034,0.6168,24806681.43
2024-03-24,0.6168,0.6358,0.6133,0.6325,26888533.34
2024-03-25,0.6325,0.6629,0.6265,0.6406,41337261.5
2024-03-26,0.6406,0.653,0.6254,0.6318,34969150.3
2024-03-27,0.6318,0.6347,0.6058,0.6119,41676767.59
2024-03-28,0.6119,0.6377,0.6035,0.6243,33774727.94
2024-03-29,0.6243,0.6453,0.6088,0.6301,37178991.67
2024-03-30,0.6301,0.6371,0.6178,0.6212,20719321.78
2024-03-31,0.6212,0.6301,0.6204,0.6292,14170065.17
2024-04-01,0.6292,0.6335,0.5948,0.611,35596659.49
2024-04-02,0.611,0.6184,0.5792,0.5854,45302356.43
2024-04-03,0.5854,0.5929,0.5664,0.5742,35330104.61
2024-04-04,0.5742,0.617,0.5622,0.5935,40476162.62
2024-04-05,0.5935,0.5939,0.5688,0.5871,28352711.01
2024-04-06,0.5871,0.5987,0.5853,0.5929,12005712.52
2024-04-07,0.5929,0.6024,0.5896,0.5946,14938670.19
2024-04-08,0.5946,0.6264,0.5881,0.6147,35786707.73
2024-04-09,0.6147,0.643,0.6013,0.614,40449493.9
2024-04-10,0.614,0.6203,0.593,0.6171,31732692.15
2024-04-11,0.6171,0.6214,0.603,0.6086,22893472.23
2024-04-12,0.6086,0.6159,0.516,0.5468,42412712.51
2024-04-13,0.5468,0.549,0.42,0.4789,50328424.64
2024-04-14,0.4789,0.5073,0.4638,0.5033,44182451.86
2024-04-15,0.5033,0.5187,0.4812,0.4978,60846728.77
2024-04-16,0.4978,0.502,0.476,0.4965,48072597.16
2024-04-17,0.4965,0.5081,0.4717,0.4951,45039375.23
2024-04-18,0.4951,0.5057,0.4856,0.5025,39758511.66
2024-04-19,0.5025,0.5108,0.4666,0.5029,59095351.82
2024-04-20,0.5029,0.53,0.4982,0.5289,30510215.11
2024-04-21,0.5289,0.5367,0.5183,0.5246,20008285.78
2024-04-22,0.5246,0.5713,0.5222,0.5559,42761559.58
2024-04-23,0.5559,0.5576,0.5415,0.5446,37088754.73
2024-04-24,0.5446,0.5519,0.5213,0.5275,40480201.63
2024-04-25,0.5275,0.5326,0.5137,0.5255,33395333.88
2024-04-26,0.5255,0.536,0.5147,0.5261,21064518.51
2024-04-27,0.5261,0.5264,0.5081,0.5178,8585860.99
2024-04-28,0.5178,0.5253,0.5088,0.5102,6229444.92
2024-04-29,0.5102,0.5175,0.4986,0.515,21792010.05
2024-04-30,0.515,0.5198,0.4878,0.5006,25932460.0
2024-05-01,0.5006,0.5214,0.479,0.5176,30299210.93
2024-05-02,0.5176,0.5245,0.5067,0.5179,22716668.67
2024-05-03,0.5179,0.5365,0.5145,0.5317,16173264.95
2024-05-04,0.5317,0.5408,0.5274,0.5303,7083727.28
2024-05-05,0.5303,0.5333,0.5241,0.5295,6058050.74
2024-05-06,0.5295,0.57,0.5247,0.5401,33423876.51
2024-05-07,0.5401,0.5442,0.5217,0.5245,22059479.91
2024-05-08,0.5245,0.5295,0.5153,0.517,22663534.58
2024-05-09,0.517,0.5238,0.5087,0.521,19618330.77
2024-05-10,0.521,0.521,0.497,0.5021,11240395.82
2024-05-11,0.5021,0.5075,0.5005,0.5059,5077826.7
2024-05-12,0.5059,0.5087,0.496,0.4992,5055024.31
2024-05-13,0.4992,0.512,0.4868,0.5052,16594028.66
2024-05-14,0.5052,0.5131,0.4974,0.5001,13852607.29
2024-05-15,0.5001,0.5196,0.497,0.5188,12039758.63
2024-05-16,0.5188,0.5228,0.5124,0.5157,15325727.49
2024-05-17,0.5157,0.5291,0.5136,0.5235,13155316.46
2024-05-18,0.5235,0.5256,0.5189,0.5213,6778942.0
2024-05-19,0.5213,0.5235,0.5065,0.5096,10162004.38
2024-05-20,0.5096,0.5379,0.5064,0.5376,11636626.31
2024-05-21,0.5376,0.5571,0.532,0.5372,23164276.54
2024-05-22,0.5372,0.5383,0.523,0.5269,14415449.65
2024-05-23,0.5269,0.5486,0.5037,0.5287,22604431.29
2024-05-24,0.5287,0.5375,0.5168,0.536,15322817.3
2024-05-25,0.536,0.5426,0.5334,0.5416,6171823.94
2024-05-26,0.5416,0.5419,0.5257,0.5282,6391657.5
2024-05-27,0.5282,0.5409,0.5237,0.5339,10015328.32
2024-05-28,0.5339,0.5355,0.5213,0.5286,12846993.68
2024-05-29,0.5286,0.5334,0.52,0.5238,14991112.55
2024-05-30,0.5238,0.5283,0.5128,0.5186,16772638.51
2024-05-31,0.5186,0.5252,0.512,0.5176,12447185.23
2024-06-01,0.5176,0.5219,0.5174,0.5186,5372480.42
2024-06-02,0.5186,0.5206,0.5081,0.5135,5360583.14
2024-06-03,0.5135,0.523,0.5119,0.5199,21164875.76
2024-06-04,0.5199,0.5303,0.5183,0.5258,22607309.62
2024-06-05,0.5258,0.5324,0.524,0.5257,22781892.71
2024-06-06,0.5257,0.528,0.5164,0.5215,25846248.43
2024-06-07,0.5215,0.528,0.457,0.499,18352376.22
2024-06-08,0.499,0.5008,0.4899,0.4926,6261549.34
2024-06-09,0.4926,0.4992,0.4912,0.4987,5120533.46
2024-06-10,0.4987,0.506,0.4934,0.4968,15795402.67
2024-06-11,0.4968,0.4969,0.4709,0.4802,31544946.4
2024-06-12,0.4802,0.4978,0.4742,0.4916,19945780.61
2024-06-13,0.4916,0.4916,0.4755,0.477,13673806.68
2024-06-14,0.477,0.4813,0.4605,0.4746,16829137.39
2024-06-15,0.4746,0.505,0.474,0.4907,11399927.39
2024-06-16,0.4907,0.4997,0.4878,0.4891,8642670.09
2024-06-17,0.4891,0.521,0.4839,0.5048,35446477.26
2024-06-18,0.5048,0.5096,0.47,0.4909,35196214.98
2024-06-19,0.4909,0.4996,0.4868,0.4932,16291742.82
2024-06-20,0.4932,0.5022,0.4882,0.4887,21061763.42
2024-06-21,0.4887,0.4957,0.4797,0.489,11601772.91
2024-06-22,0.489,0.4897,0.4842,0.4866,4127303.72
2024-06-23,0.4866,0.4892,0.4748,0.4798,3885465.51
2024-06-24,0.4798,0.4825,0.4619,0.4741,32405312.2
2024-06-25,0.4741,0.4803,0.473,0.4758,20466333.9
2024-06-26,0.4758,0.4783,0.4654,0.4697,22281956.19
2024-06-27,0.4697,0.4772,0.4657,0.4752,22914548.73
2024-06-28,0.4752,0.4811,0.4695,0.4716,24517667.08
2024-06-29,0.4716,0.4768,0.4716,0.4727,5617497.37
2024-06-30,0.4727,0.4784,0.4701,0.4762,7952618.44
2024-07-01,0.4762,0.485,0.4755,0.477,19491980.7
2024-07-02,0.477,0.4889,0.476,0.4853,20446904.13
2024-07-03,0.4853,0.487,0.4615,0.4671,28824099.12
2024-07-04,0.4671,0.4697,0.4314,0.4328,38963130.11
2024-07-05,0.4328,0.4335,0.381,0.4251,36510581.6
2024-07-06,0.4251,0.4497,0.4235,0.4489,5700993.12
2024-07-07,0.4489,0.4489,0.4184,0.4194,7365822.54
2024-07-08,0.4194,0.4434,0.4034,0.4317,51370756.94
2024-07-09,0.4317,0.4381,0.4271,0.4357,39774570.68
2024-07-10,0.4357,0.4426,0.4314,0.4388,40796635.69
2024-07-11,0.4388,0.4541,0.4363,0.449,47087115.66
2024-07-12,0.449,0.4779,0.4446,0.4745,60810135.78
2024-07-13,0.4745,0.566,0.4737,0.5257,85794088.14
2024-07-14,0.5257,0.5399,0.5137,0.52,46490238.48
2024-07-15,0.52,0.5402,0.52,0.5373,57181572.55
2024-07-16,0.5373,0.594,0.5325,0.5792,88442596.16
2024-07-17,0.5792,0.6378,0.5783,0.626,92319071.33
2024-07-18,0.626,0.6368,0.5575,0.5696,76843842.33
2024-07-19,0.5696,0.5864,0.5407,0.5732,68179375.06
2024-07-20,0.5732,0.6046,0.5707,0.5937,41925827.64
2024-07-21,0.5937,0.6079,0.5731,0.5985,38626227.0
2024-07-22,0.5985,0.6229,0.5855,0.6079,63695594.7
2024-07-23,0.6079,0.617,0.58,0.5976,62267699.66
2024-07-24,0.5976,0.6326,0.5915,0.618,76247706.95
2024-07-25,0.618,0.6257,0.5847,0.5995,85553627.1
2024-07-26,0.5995,0.6093,0.5863,0.6034,42690523.27
2024-07-27,0.6034,0.6091,0.5834,0.5957,30455245.52
2024-07-28,0.5957,0.6145,0.5911,0.6012,43414722.37
2024-07-29,0.6012,2.0,0.5921,0.6019,19364237.51
2024-07-30,0.6019,0.6377,0.5953,0.6278,36856359.52
2024-07-31,0.6278,0.6586,0.622,0.6231,41838338.15
2024-08-01,0.6231,0.6302,0.5681,0.5964,37407927.21
2024-08-02,0.5964,0.5969,0.5465,0.5606,38610492.01
2024-08-03,0.5606,0.5776,0.5406,0.556,22936091.82
2024-08-04,0.556,0.559,0.5139,0.5228,21723958.25
2024-08-05,0.5228,0.5257,0.4319,0.4889,112846436.98
2024-08-06,0.4889,0.5186,0.4878,0.5061,38261895.55
2024-08-07,0.5061,0.645,0.4923,0.5998,62798837.72
2024-08-08,0.5998,0.6422,0.5786,0.6164,62370525.51
2024-08-09,0.6164,0.6244,0.5668,0.5805,38617216.23
2024-08-10,0.5805,0.6019,0.5779,0.5836,20337895.1
2024-08-11,0.5836,0.5932,0.5454,0.5529,14213087.29
2024-08-12,0.5529,0.5792,0.5501,0.5685,12315776.37
2024-08-13,0.5685,0.5831,0.5626,0.5769,10468389.18
2024-08-14,0.5769,0.5823,0.5646,0.5686,8935177.71
2024-08-15,0.5686,0.5741,0.551,0.5608,5681374.03
2024-08-16,0.5608,0.5708,0.554,0.5637,6061992.43
2024-08-17,0.5637,0.5709,0.5611,0.5664,3850084.83
2024-08-18,0.5664,0.5842,0.563,0.5631,4771288.08
2024-08-19,0.5631,0.609,0.5611,0.5983,11824586.21
2024-08-20,0.5983,0.615,0.5876,0.594,11154885.94
2024-08-21,0.594,0.6055,0.585,0.6001,8419749.13
2024-08-22,0.6001,0.6041,0.5925,0.5976,6716928.23
2024-08-23,0.5976,0.6158,0.591,0.6108,10261501.55
2024-08-24,0.6108,0.6308,0.6046,0.6128,11097288.24
2024-08-25,0.6128,0.6139,0.5955,0.6,6409044.04
2024-08-26,0.6,0.6021,0.5788,0.5874,6150393.57
2024-08-27,0.5874,0.6002,0.5532,0.5668,8845678.26
2024-08-28,0.5668,0.5844,0.556,0.5692,9138432.04
2024-08-29,0.5692,0.5766,0.5577,0.562,4929532.61
2024-08-30,0.562,0.5676,0.5463,0.5666,5676810.07
2024-08-31,0.5666,0.5721,0.5626,0.5662,3329487.35
2024-09-01,0.5662,0.5667,0.5436,0.5474,4791523.74
2024-09-02,0.5474,0.5685,0.5446,0.5677,4843252.17
2024-09-03,0.5677,0.5724,0.5566,0.5572,9362088.65
2024-09-04,0.5572,0.5648,0.533,0.558,31020958.14
2024-09-05,0.558,0.5598,0.54,0.5445,21994612.72
2024-09-06,0.5445,0.5473,0.5027,0.521,22899964.11
2024-09-07,0.521,0.5328,0.5197,0.5248,12893754.59
2024-09-08,0.5248,0.5315,0.5209,0.5294,16967593.22
2024-09-09,0.5294,0.5428,0.5271,0.5394,24024124.69
2024-09-10,0.5394,0.5428,0.5338,0.5407,13782551.58
2024-09-11,0.5407,0.5412,0.5232,0.5348,22643567.1
2024-09-12,0.5348,0.588,0.5334,0.5626,22116267.71
2024-09-13,0.5626,0.5744,0.5558,0.5728,27640935.29
2024-09-14,0.5728,0.5992,0.5704,0.5955,34339115.94
2024-09-15,0.5955,0.5958,0.5686,0.5706,26452517.5
2024-09-16,0.5706,0.5916,0.5598,0.5865,57748290.06
2024-09-17,0.5865,0.5934,0.5789,0.5838,33820397.51
2024-09-18,0.5838,0.5858,0.5621,0.5852,39979611.83
2024-09-19,0.5852,0.5945,0.581,0.5867,52376135.8
2024-09-20,0.5867,0.5929,0.5763,0.5851,46694712.97
2024-09-21,0.5851,0.6128,0.58,0.5977,21295327.35
2024-09-22,0.5977,0.6053,0.578,0.5872,22547876.94
2024-09-23,0.5872,0.596,0.5787,0.5847,39581228.15
2024-09-24,0.5847,0.5927,0.5813,0.591,45350981.85
2024-09-25,0.591,0.5957,0.5824,0.5831,41217408.52
2024-09-26,0.5831,0.5963,0.574,0.5905,48621063.73
2024-09-27,0.5905,0.5973,0.5824,0.5888,54060553.08
2024-09-28,0.5888,0.6259,0.5856,0.6138,91363114.6
2024-09-29,0.6138,0.6649,0.6075,0.6412,101072731.36
2024-09-30,0.6412,0.6546,0.6088,0.6113,78243207.34
2024-10-01,0.6113,0.6342,0.5782,0.5968,85738769.91
2024-10-02,0.5968,0.6068,0.527,0.5383,69833562.84
2024-10-03,0.5383,0.5446,0.507,0.5217,42393964.96
2024-10-04,0.5217,0.539,0.5105,0.5339,28026773.46
2024-10-05,0.5339,0.5352,0.5259,0.5293,12259670.09
2024-10-06,0.5293,0.5373,0.5279,0.5335,11650367.74
2024-10-07,0.5335,0.5459,0.5287,0.5288,29295748.2
2024-10-08,0.5288,0.5356,0.5211,0.531,16763637.48
2024-10-09,0.531,0.5346,0.5211,0.5245,14525364.19
2024-10-10,0.5245,0.545,0.5228,0.5304,20709948.59
2024-10-11,0.5304,0.5418,0.5296,0.5387,17306680.14
2024-10-12,0.5387,0.5432,0.5353,0.5393,11702863.53
2024-10-13,0.5393,0.5395,0.5253,0.532,9538265.06
2024-10-14,0.532,0.5524,0.5282,0.5483,19193917.44
2024-10-15,0.5483,0.5556,0.5316,0.5417,22218015.61
2024-10-16,0.5417,0.5538,0.5375,0.5482,20042265.88
2024-10-17,0.5482,0.5666,0.5418,0.5441,22031711.07
2024-10-18,0.5441,0.5532,0.5397,0.5466,17092774.3
2024-10-19,0.5466,0.55,0.5406,0.5439,8345269.02
2024-10-20,0.5439,0.5489,0.5369,0.5483,10344218.37
2024-10-21,0.5483,0.5608,0.541,0.545,21463784.46
2024-10-22,0.545,0.5498,0.5291,0.5338,18653602.89
2024-10-23,0.5338,0.5341,0.5118,0.5259,16588078.29
2024-10-24,0.5259,0.5338,0.5241,0.532,14122127.28
2024-10-25,0.532,0.5322,0.487,0.5022,23419767.6
2024-10-26,0.5022,0.5154,0.4989,0.5135,10666538.75
2024-10-27,0.5135,0.518,0.5107,0.5169,5927530.56
2024-10-28,0.5169,0.5217,0.5113,0.5195,12915570.47
2024-10-29,0.5195,0.5306,0.5185,0.5284,15065143.45
2024-10-30,0.5284,0.5285,0.5194,0.5229,11222191.91
2024-10-31,0.5229,0.5238,0.503,0.5095,13320381.02
2024-11-01,0.5095,0.5244,0.5027,0.513,16334083.53
2024-11-02,0.513,0.516,0.5063,0.5103,6584853.63
2024-11-03,0.5103,0.5111,0.4917,0.5029,9860444.14
2024-11-04,0.5029,0.5147,0.4958,0.5034,11702021.33
2024-11-05,0.5034,0.5191,0.5018,0.514,14161284.55
2024-11-06,0.514,0.5468,0.514,0.5419,31132591.24
2024-11-07,0.5419,0.5784,0.5378,0.5556,34063830.16
2024-11-08,0.5556,0.56,0.5414,0.5537,49641998.74
2024-11-09,0.5537,0.5618,0.5437,0.5592,35831564.96
2024-11-10,0.5592,0.6185,0.5555,0.5885,506834978.86
2024-11-11,0.5885,0.6329,0.5702,0.6207,154233710.84
2024-11-12,0.6207,0.7393,0.597,0.7039,190223686.21
2024-11-13,0.7039,0.7474,0.6406,0.6898,141506172.65
2024-11-14,0.6898,0.847,0.6822,0.773,134698186.32
2024-11-15,0.773,0.9268,0.7706,0.8918,128852958.02
2024-11-16,0.8918,1.2655,0.8779,1.1206,162039679.61
2024-11-17,1.1206,1.1601,1.0033,1.0542,114697421.12
2024-11-18,1.0542,1.1861,1.0542,1.1142,79869793.02
2024-11-19,1.1142,1.1472,1.0688,1.1,69047122.25
2024-11-20,1.1,1.1501,1.0562,1.1043,82936333.9
2024-11-21,1.1043,1.2634,1.0778,1.2473,197093815.72
2024-11-22,1.2473,1.4993,1.2473,1.4728,249328027.31
2024-11-23,1.4728,1.6292,1.3998,1.4685,225214746.54
2024-11-24,1.4685,1.5126,1.2873,1.432,197007140.78
2024-11-25,1.432,1.5388,1.3551,1.4147,250146709.89
2024-11-26,1.4147,1.4588,1.2834,1.3984,187593433.62
2024-11-27,1.3984,1.5211,1.353,1.4697,147587987.79
2024-11-28,1.4697,1.5462,1.43,1.5432,82103059.01
2024-11-29,1.5432,1.8149,1.5233,1.8008,250106061.82
2024-11-30,1.8008,1.9573,1.764,1.9516,299376750.96
2024-12-01,1.9516,2.3512,1.8484,2.2945,194790541.06
2024-12-02,2.2945,2.87,2.213,2.7249,378541612.44
2024-12-03,2.7249,2.9092,2.24,2.51,271731837.4
2024-12-04,2.51,2.6795,2.2816,2.3572,183390151.69
2024-12-05,2.3572,2.4942,2.1751,2.2452,162480669.18
2024-12-06,2.2452,2.4638,2.2264,2.4254,154041488.95
2024-12-07,2.4254,2.71,2.385,2.6102,144586016.35
2024-12-08,2.6102,2.6471,2.4846,2.6013,117884349.78
2024-12-09,2.6013,2.6066,2.0,2.2122,170993090.06
2024-12-10,2.2122,2.4183,1.9007,2.3705,293056117.93
2024-12-11,2.3705,2.47,2.2314,2.3938,142591496.59
2024-12-12,2.3938,2.4846,2.3087,2.3373,130719311.41
2024-12-13,2.3373,2.479,2.2858,2.4221,95844455.33
2024-12-14,2.4221,2.5317,2.355,2.4003,91881680.22
2024-12-15,2.4003,2.4733,2.3677,2.4463,54563260.53
2024-12-16,2.4463,2.5874,2.3331,2.4845,111144858.51
2024-12-17,2.4845,2.7267,2.44,2.5681,187252188.91
2024-12-18,2.5681,2.5917,2.2514,2.3096,205409879.83
2024-12-19,2.3096,2.4312,2.16,2.2387,228074081.27
2024-12-20,2.2387,2.3554,1.9612,2.2786,324459634.22
2024-12-21,2.2786,2.3859,2.1925,2.2373,157607697.57
2024-12-22,2.2373,2.2935,2.1601,2.2025,94531165.0
2024-12-23,2.2025,2.2791,2.1311,2.2607,114995506.56
2024-12-24,2.2607,2.3503,2.2136,2.3237,67077120.69
2024-12-25,2.3237,2.3329,2.2617,2.2968,41924070.33
2024-12-26,2.2968,2.3163,2.1284,2.1558,76389017.06
2024-12-27,2.1558,2.2381,2.1149,2.1457,67919455.31
2024-12-28,2.1457,2.2066,2.1337,2.1849,30143828.46
2024-12-29,2.1849,2.1976,2.0709,2.0944,30318887.71
2024-12-30,2.0944,2.1522,1.9969,2.0577,115694461.62
2024-12-31,2.0577,2.149,2.0127,2.0828,79257236.96
2025-01-01,2.0828,2.3553,2.0809,2.3325,102640237.1
2025-01-02,2.3325,2.4511,2.33,2.402,82649588.02
2025-01-03,2.402,2.4804,2.3965,2.4539,58553747.84
2025-01-04,2.4539,2.509,2.4009,2.4198,40080694.62
2025-01-05,2.4198,2.4283,2.3278,2.4001,42932103.7
2025-01-06,2.4001,2.4585,2.3675,2.4195,41835089.87
2025-01-07,2.4195,2.4684,2.2581,2.2707,78219470.77
2025-01-08,2.2707,2.3984,2.2,2.3734,116668504.5
2025-01-09,2.3734,2.3953,2.2353,2.2715,63669767.2
2025-01-10,2.2715,2.37,2.2466,2.3415,52403120.74
2025-01-11,2.3415,2.6033,2.325,2.5772,72663089.81
2025-01-12,2.5772,2.5831,2.4701,2.504,47650205.33
2025-01-13,2.504,2.5641,2.3325,2.5229,126506773.14
2025-01-14,2.5229,2.6999,2.513,2.6677,46822849.51
2025-01-15,2.6677,3.2,2.649,3.1435,87293080.81
2025-01-16,3.1435,3.3986,2.924,3.2441,101029546.52
2025-01-17,3.2441,3.3536,3.1758,3.2921,45435110.72
2025-01-18,3.2921,3.2987,3.06,3.2705,40972702.98
2025-01-19,3.2705,3.2922,2.8331,2.9581,74780796.12
2025-01-20,2.9581,3.3696,2.9121,3.105,155083754.38
2025-01-21,3.105,3.2408,3.0141,3.174,83920279.94
2025-01-22,3.174,3.2849,3.13,3.1797,47339669.54
2025-01-23,3.1797,3.183,3.0374,3.1192,59756761.53
2025-01-24,3.1192,3.2033,3.055,3.1011,35775465.2
2025-01-25,3.1011,3.1445,3.078,3.1082,15874293.56
2025-01-26,3.1082,3.144,3.012,3.0229,20676893.94
2025-01-27,3.0229,3.0591,2.6608,3.055,293563800.0
2025-01-28,3.055,3.2141,3.0061,3.058,78007617.71
2025-01-29,3.058,3.1367,2.9665,3.0682,105695144.28
2025-01-30,3.0682,3.1548,3.0469,3.1272,28225542.83
2025-01-31,3.1272,3.1336,3.0027,3.0363,25773088.29
2025-02-01,3.0363,3.0721,2.828,2.8782,37244723.4
2025-02-02,2.8782,2.9556,2.464,2.5792,344129414.91
2025-02-03,2.5792,2.7814,1.7644,2.7024,552640390.06
2025-02-04,2.7024,2.7878,2.422,2.527,99261408.41
2025-02-05,2.527,2.5698,2.3431,2.382,56052987.88
2025-02-06,2.382,2.4699,2.2783,2.3233,47723574.17
2025-02-07,2.3233,2.5414,2.262,2.3976,67644677.21
2025-02-08,2.3976,2.4391,2.35,2.4173,22711810.42
2025-02-09,2.4173,2.5074,2.3117,2.3935,30767192.49
2025-02-10,2.3935,2.4735,2.3241,2.4237,26665787.03
2025-02-11,2.4237,2.5285,2.3716,2.4136,35547306.6
2025-02-12,2.4136,2.4961,2.3331,2.4727,37851685.71
2025-02-13,2.4727,2.6068,2.416,2.5603,27027959.87
2025-02-14,2.5603,2.836,2.5298,2.7394,52758783.24
2025-02-15,2.7394,2.8342,2.714,2.7622,21662977.21
2025-02-16,2.7622,2.8053,2.6892,2.7278,19938675.75
2025-02-17,2.7278,2.7647,2.6078,2.66,25364960.56
2025-02-18,2.66,2.6696,2.4689,2.5631,27615259.55
2025-02-19,2.5631,2.7469,2.5121,2.7385,27027375.0
2025-02-20,2.7385,2.7485,2.6677,2.6877,22517159.73
2025-02-21,2.6877,2.715,2.5075,2.5718,35537689.57
2025-02-22,2.5718,2.6097,2.5517,2.574,13661979.41
2025-02-23,2.574,2.6017,2.5203,2.5768,11737592.28
2025-02-24,2.5768,2.6077,2.2337,2.2787,47441823.95
2025-02-25,2.2787,2.3661,2.0644,2.3221,103401028.39
2025-02-26,2.3221,2.3317,2.1515,2.1983,55547020.27
2025-02-27,2.1983,2.2575,2.1454,2.1981,39930497.8
2025-02-28,2.1981,2.2015,1.9521,2.1451,64711741.69
2025-03-01,2.1451,2.2203,2.1215,2.1914,20439366.7
2025-03-02,2.1914,3.0,2.1742,2.9398,95354121.87
2025-03-03,2.9398,2.967,2.2985,2.3875,97719141.56
2025-03-04,2.3875,2.608,2.2132,2.4545,80889271.48
2025-03-05,2.4545,2.541,2.4088,2.5003,40813934.25
2025-03-06,2.5003,2.6461,2.4706,2.6004,49764534.97
2025-03-07,2.6004,2.6216,2.3448,2.3866,65519739.61
2025-03-08,2.3866,2.4103,2.3015,2.3269,26049986.13
2025-03-09,2.3269,2.3507,2.0821,2.1382,59878045.86
2025-03-10,2.1382,2.281,1.993,2.0206,67424574.83
2025-03-11,2.0206,2.2138,1.9004,2.171,61141304.02
2025-03-12,2.171,2.29,2.1332,2.2396,74304549.97
2025-03-13,2.2396,2.3477,2.2128,2.252,67817048.49
2025-03-14,2.252,2.3893,2.2371,2.3562,39046599.17
2025-03-15,2.3562,2.4758,2.3528,2.3904,33319285.88
2025-03-16,2.3904,2.4105,2.2677,2.2936,31808847.27
2025-03-17,2.2936,2.3797,2.2912,2.3381,28659370.94
2025-03-18,2.3381,2.3407,2.2225,2.2854,33482513.89
2025-03-19,2.2854,2.59,2.2651,2.5474,81969576.17
2025-03-20,2.5474,2.5632,2.3886,2.436,75726253.46
2025-03-21,2.436,2.4663,2.356,2.3803,29073966.38
2025-03-22,2.3803,2.4168,2.3588,2.3709,15710913.48
2025-03-23,2.3709,2.4421,2.365,2.4388,12234499.45
2025-03-24,2.4388,2.5051,2.4139,2.4505,19803496.23
2025-03-25,2.4505,2.4787,2.406,2.4486,17791572.09
2025-03-26,2.4486,2.4789,2.328,2.3497,18163610.62
2025-03-27,2.3497,2.3899,2.3017,2.3408,18510542.01
2025-03-28,2.3408,2.3434,2.1534,2.2076,62232874.08
2025-03-29,2.2076,2.2253,2.0605,2.1345,39782383.34
2025-03-30,2.1345,2.2147,2.107,2.1364,30903614.77
2025-03-31,2.1364,2.1408,2.024,2.0895,65638662.83
2025-04-01,2.0895,2.1993,2.065,2.1385,65244727.18
2025-04-02,2.1385,2.28,1.9843,2.0241,52121108.59
2025-04-03,2.0241,2.082,1.9594,2.0648,56594243.54
2025-04-04,2.0648,2.1613,2.0163,2.131,48138421.18
2025-04-05,2.131,2.177,2.1138,2.1434,16981172.16
2025-04-06,2.1434,2.1585,1.8626,1.922,45722579.14
2025-04-07,1.922,2.0933,1.6121,1.8994,146689674.31
2025-04-08,1.8994,1.9765,1.7768,1.7963,62557528.09
2025-04-09,1.7963,2.1,1.7213,2.0531,92021597.43
2025-04-10,2.0531,2.057,1.9222,1.9657,47252621.15
2025-04-11,1.9657,2.0653,1.948,2.0217,33939389.31
2025-04-12,2.0217,2.1863,2.0044,2.1593,31216965.48
2025-04-13,2.1593,2.2467,2.0809,2.1185,34617456.33
2025-04-14,2.1185,2.1795,2.1039,2.1275,31233982.76
2025-04-15,2.1275,2.1853,2.0836,2.0836,27182444.95
2025-04-16,2.0836,2.1278,2.0353,2.0827,33895762.54
2025-04-17,2.0827,2.1139,2.0528,2.067,31597183.01
2025-04-18,2.067,2.0892,2.0434,2.0621,12125423.36
2025-04-19,2.0621,2.0968,2.0588,2.0873,8938226.72
2025-04-20,2.0873,2.0937,2.0386,2.0779,13263069.37
2025-04-21,2.0779,2.1404,2.06,2.0854,53031676.95
2025-04-22,2.0854,2.25,2.0644,2.2138,77020094.3
2025-04-23,2.2138,2.3006,2.1903,2.2183,76956146.49
2025-04-24,2.2183,2.2345,2.1179,2.2054,69881094.65
2025-04-25,2.2054,2.2189,2.1636,2.1806,55223121.69
2025-04-26,2.1806,2.2493,2.1792,2.1915,47191160.21
2025-04-27,2.1915,2.2946,2.1592,2.2522,56366609.48
2025-04-28,2.2522,2.3614,2.2183,2.2949,85211093.99
2025-04-29,2.2949,2.3148,2.2215,2.2372,48136519.04
2025-04-30,2.2372,2.2597,2.1237,2.1913,58683128.16
2025-05-01,2.1913,2.2562,2.1874,2.2122,36306215.97
2025-05-02,2.2122,2.2404,2.1919,2.2092,30674069.52
2025-05-03,2.2092,2.22,2.1755,2.1872,18193865.3
2025-05-04,2.1872,2.218,2.1511,2.1562,22307808.34
2025-05-05,2.1562,2.1996,2.1068,2.1306,47476204.54
2025-05-06,2.1306,2.1604,2.0782,2.155,39572920.13
2025-05-07,2.155,2.1717,2.1037,2.1262,34249184.68
2025-05-08,2.1262,2.3294,2.1176,2.3273,76199773.27
2025-05-09,2.3273,2.429,2.2857,2.3436,90688113.55
2025-05-10,2.3436,2.4769,2.3351,2.471,59351241.37
2025-05-11,2.471,2.4838,2.3284,2.3671,54001881.52
2025-05-12,2.3671,2.6561,2.3514,2.5435,157642371.71
2025-05-13,2.5435,2.6053,2.4212,2.5825,76549192.91
2025-05-14,2.5825,2.6511,2.519,2.5504,69607013.32
2025-05-15,2.5504,2.5718,2.3528,2.3856,70159394.84
2025-05-16,2.3856,2.4401,2.3469,2.3796,48101669.9
2025-05-17,2.3796,2.3893,2.2979,2.353,51527368.19
2025-05-18,2.353,2.4498,2.3326,2.4284,38166018.02
2025-05-19,2.4284,2.4421,2.2831,2.3802,54510068.17
2025-05-20,2.3802,2.4088,2.3142,2.3559,44208160.88
2025-05-21,2.3559,2.4289,2.3307,2.395,60756016.49
2025-05-22,2.395,2.4557,2.3887,2.431,48388306.08
2025-05-23,2.431,2.4795,2.2843,2.2972,65899346.51
2025-05-24,2.2972,2.3596,2.2862,2.3304,20464054.84
2025-05-25,2.3304,2.3437,2.2655,2.341,29457060.44
2025-05-26,2.341,2.3587,2.2952,2.311,29164610.82
2025-05-27,2.311,2.3536,2.2678,2.3166,34367090.26
2025-05-28,2.3166,2.3233,2.2265,2.2742,36970724.21
2025-05-29,2.2742,2.3124,2.2385,2.2441,35882471.02
2025-05-30,2.2441,2.2528,2.1293,2.1398,61320827.68
2025-05-31,2.1398,2.206,2.0788,2.1739,40335358.54
2025-06-01,2.1739,2.188,2.1231,2.1791,24523061.04
2025-06-02,2.1791,2.2045,2.1356,2.1963,35787053.46
2025-06-03,2.1963,2.2821,2.1838,2.2444,38259791.49
2025-06-04,2.2444,2.2659,2.1956,2.2007,30863229.88
2025-06-05,2.2007,2.227,2.059,2.0933,72530207.41
2025-06-06,2.0933,2.19,2.0805,2.1597,38107540.42
2025-06-07,2.1597,2.1908,2.1475,2.1768,19894711.38
2025-06-08,2.1768,2.2976,2.1663,2.2674,57755983.78
2025-06-09,2.2674,2.3289,2.2227,2.3213,54166228.17
2025-06-10,2.3213,2.327,2.2603,2.3072,42446788.73
2025-06-11,2.3072,2.3384,2.2529,2.2712,40075246.83
2025-06-12,2.2712,2.2734,2.1706,2.19,50084579.91
2025-06-13,2.19,2.1919,2.0828,2.147,89323923.57
2025-06-14,2.147,2.1813,2.1093,2.1395,34806281.49
2025-06-15,2.1395,2.1755,2.1373,2.1654,24975457.69
2025-06-16,2.1654,2.3368,2.1512,2.2376,83384875.95
2025-06-17,2.2376,2.257,2.1421,2.159,74449805.56
2025-06-18,2.159,2.1808,2.118,2.1707,54458523.86
2025-06-19,2.1707,2.1863,2.144,2.165,31566719.95
2025-06-20,2.165,2.1793,2.0852,2.1195,53585943.18
2025-06-21,2.1195,2.1446,2.0003,2.0634,43473017.22
2025-06-22,2.0634,2.0894,1.9081,2.0178,104284922.41
2025-06-23,2.0178,2.17,1.9611,2.1588,92426596.49
2025-06-24,2.1588,2.2166,2.1315,2.189,69535664.53
2025-06-25,2.189,2.2291,2.1697,2.1859,48039855.77
2025-06-26,2.1859,2.2128,2.0951,2.1062,62638119.62
2025-06-27,2.1062,2.1559,2.0669,2.142,64987824.08
2025-06-28,2.142,2.2079,2.1331,2.185,36787283.66
2025-06-29,2.185,2.2196,2.1753,2.2054,25536723.17
2025-06-30,2.2054,2.3271,2.1649,2.2356,74541636.31
2025-07-01,2.2356,2.2536,2.1467,2.1715,62378271.18
2025-07-02,2.1715,2.291,2.1566,2.2327,70597270.81
2025-07-03,2.2327,2.3125,2.2244,2.2564,68740000.63
2025-07-04,2.2564,2.2682,2.1961,2.2205,38432280.38
2025-07-05,2.2205,2.2336,2.2013,2.2177,19702385.73
2025-07-06,2.2177,2.2893,2.2082,2.2703,45153065.99
2025-07-07,2.2703,2.3537,2.2547,2.2711,79713239.37
2025-07-08,2.2711,2.3221,2.2491,2.3105,52483212.4
2025-07-09,2.3105,2.4275,2.2969,2.4032,80681161.92
2025-07-10,2.4032,2.5678,2.3939,2.5472,94125925.77
2025-07-11,2.5472,2.974,2.5115,2.7323,164044446.16
2025-07-12,2.7323,2.8492,2.6629,2.739,81685853.25
2025-07-13,2.739,2.8932,2.7229,2.8361,55173425.45
2025-07-14,2.8361,3.0336,2.8206,2.9576,85305402.95
2025-07-15,2.9576,2.9579,2.8041,2.9185,101409409.58
2025-07-16,2.9185,3.1,2.8767,3.0374,113148073.13
2025-07-17,3.0374,3.5499,2.9877,3.4798,124107613.68
2025-07-18,3.4798,3.6642,3.3435,3.413,112483533.14
2025-07-19,3.413,3.4851,3.354,3.4246,48350198.29
2025-07-20,3.4246,3.5575,3.3868,3.4542,62130769.62
2025-07-21,3.4542,3.6494,3.408,3.5498,59023335.86
2025-07-22,3.5498,3.579,3.42,3.5499,54235172.85
2025-07-23,3.5499,3.5514,3.0493,3.1844,72230521.29
2025-07-24,3.1844,3.2656,2.9547,3.1458,77428305.55
2025-07-25,3.1458,3.1621,3.0,3.142,67284615.89
2025-07-26,3.142,3.2174,3.1079,3.1652,32574622.5
2025-07-27,3.1652,3.2506,3.1553,3.2385,41420225.7
2025-07-28,3.2385,3.3301,3.1076,3.1227,67834802.41
2025-07-29,3.1227,3.185,3.0533,3.1279,48333786.59
2025-07-30,3.1279,3.1613,3.0018,3.0966,46885487.91
2025-07-31,3.0966,3.177,3.0107,3.0227,39783138.63
2025-08-01,3.0227,3.0587,2.8938,2.9615,76601139.74
2025-08-02,2.9615,3.0212,2.7405,2.77,58037568.39
2025-08-03,2.77,2.9628,2.7279,2.9482,53487963.62
2025-08-04,2.9482,3.0897,2.8385,3.0711,45431003.38
2025-08-05,3.0711,3.1088,2.916,2.9612,38719613.29
2025-08-06,2.9612,3.0186,2.9014,2.9909,31677706.2
2025-08-07,2.9909,3.3341,2.9634,3.3197,49311914.9
2025-08-08,3.3197,3.3827,3.2061,3.2859,64138221.51
2025-08-09,3.2859,3.3466,3.21,3.2266,32331699.89
2025-08-10,3.2266,3.2787,3.1523,3.1873,30257288.5
2025-08-11,3.1873,3.3333,3.1164,3.1289,52046886.63
2025-08-12,3.1289,3.3057,3.1054,3.2668,39959189.14
2025-08-13,3.2668,3.3342,3.2022,3.2735,46463150.68
2025-08-14,3.2735,3.35,3.0,3.0793,63049865.26
2025-08-15,3.0793,3.1424,3.0024,3.0778,34050220.51
2025-08-16,3.0778,3.1563,3.0713,3.1053,17664991.16
2025-08-17,3.1053,3.1468,3.0776,3.0879,18289555.05
2025-08-18,3.0879,3.0973,2.9406,3.061,40082758.16
2025-08-19,3.061,3.0801,2.85,2.861,35960940.47
2025-08-20,2.861,2.989,2.8187,2.9512,37416883.01
2025-08-21,2.9512,2.9586,2.8418,2.8517,25216471.61
2025-08-22,2.8517,3.105,2.7816,3.074,49311202.43
2025-08-23,3.074,3.0745,2.9687,3.0481,25570215.8
2025-08-24,3.0481,3.1282,2.9876,3.0252,34862705.02
2025-08-25,3.0252,3.0526,2.8219,2.8588,43120209.47
2025-08-26,2.8588,3.0814,2.8461,3.0114,42474625.82
2025-08-27,3.0114,3.0446,2.9625,2.9689,34059915.07
2025-08-28,2.9689,3.025,2.9427,2.9665,32055497.49
2025-08-29,2.9665,2.977,2.7732,2.8193,46418235.95
2025-08-30,2.8193,2.8356,2.7608,2.8173,20541220.64
2025-08-31,2.8173,2.8683,2.7695,2.7752,18821839.12
2025-09-01,2.7752,2.8384,2.6965,2.7593,46168281.34
2025-09-02,2.7593,2.8644,2.7484,2.8619,48945360.5
2025-09-03,2.8619,2.8865,2.8103,2.8445,49737948.15
2025-09-04,2.8445,2.8623,2.7844,2.7943,52714584.85
2025-09-05,2.7943,2.8847,2.7779,2.814,60552875.84
2025-09-06,2.814,2.8288,2.7916,2.8093,19278031.62
2025-09-07,2.8093,2.9275,2.8087,2.8761,37516412.01
2025-09-08,2.8761,2.9967,2.8623,2.9693,74192035.66
2025-09-09,2.9693,3.0367,2.9335,2.9477,72619694.7
2025-09-10,2.9477,3.0236,2.9356,2.9835,44330519.74
2025-09-11,2.9835,3.0487,2.9501,3.0396,46506090.13
2025-09-12,3.0396,3.1371,3.0183,3.1056,50243055.58
2025-09-13,3.1056,3.1853,3.0891,3.1187,44170192.21
2025-09-14,3.1187,3.1275,3.01,3.0283,32834319.54
2025-09-15,3.0283,3.0669,2.953,2.9969,67101914.25
2025-09-16,2.9969,3.0583,2.9645,3.0378,52648208.41
2025-09-17,3.0378,3.1087,2.9823,3.0838,79756859.68
2025-09-18,3.0838,3.139,3.055,3.0742,78016681.44
2025-09-19,3.0742,3.0933,2.9783,2.9897,62986878.4
2025-09-20,2.9897,3.0093,2.965,2.9749,32879693.33
2025-09-21,2.9749,3.0129,2.9523,2.9703,26740630.04
2025-09-22,2.9703,2.9754,2.7,2.8526,113323315.27
2025-09-23,2.8526,2.8962,2.7984,2.8242,62103583.73
2025-09-24,2.8242,2.9954,2.7888,2.9253,74749943.25
2025-09-25,2.9253,2.9443,2.7243,2.7429,108575449.41
2025-09-26,2.7429,2.8093,2.6978,2.7828,90063022.05
2025-09-27,2.7828,2.829,2.7614,2.8047,28619698.4
2025-09-28,2.8047,2.867,2.766,2.8668,37548352.83
2025-09-29,2.8668,2.9286,2.8443,2.8793,67955058.33
2025-09-30,2.8793,2.9069,2.8136,2.8464,60826755.59
2025-10-01,2.8464,2.9613,2.814,2.9476,77239884.95
2025-10-02,2.9476,3.0999,2.94,3.0381,75534785.7
2025-10-03,3.0381,3.0948,3.0037,3.04,71684952.48
2025-10-04,3.04,3.0519,2.939,2.9678,42264945.66
2025-10-05,2.9678,3.0711,2.9464,2.9699,61368060.36
2025-10-06,2.9699,3.0499,2.955,2.9885,66033952.52
2025-10-07,2.9885,3.002,2.8493,2.8522,80458329.55
2025-10-08,2.8522,2.9242,2.8305,2.8792,50418285.17
2025-10-09,2.8792,2.8801,2.7713,2.8027,63989882.32
2025-10-10,2.8027,2.8369,1.2585,2.3698,132258430.33
2025-10-11,2.3698,2.5063,2.302,2.3819,200163377.02
2025-10-12,2.3819,2.5843,2.3126,2.5283,130272119.35
2025-10-13,2.5283,2.6453,2.5122,2.6055,118129129.86
2025-10-14,2.6055,2.6213,2.389,2.5028,128784211.66
2025-10-15,2.5028,2.548,2.376,2.4107,88140618.89
2025-10-16,2.4107,2.4657,2.2845,2.3278,112638985.34
2025-10-17,2.3278,2.3993,2.1906,2.2933,130741739.0
2025-10-18,2.2933,2.3912,2.2892,2.3606,40878279.94
2025-10-19,2.3606,2.4193,2.3183,2.3905,51817509.2
2025-10-20,2.3905,2.5533,2.3547,2.4955,72559995.9
2025-10-21,2.4955,2.5318,2.4004,2.4231,77067959.41
2025-10-22,2.4231,2.4381,2.3262,2.3642,71888453.95
2025-10-23,2.3642,2.4258,2.3615,2.3951,48153513.45
2025-10-24,2.3951,2.5158,2.386,2.5106,64395979.65
2025-10-25,2.5106,2.6542,2.5024,2.5953,56421718.22
2025-10-26,2.5953,2.6631,2.5914,2.6455,52702462.0
2025-10-27,2.6455,2.6979,2.601,2.635,69089855.81
2025-10-28,2.635,2.6887,2.569,2.6036,69634105.41
2025-10-29,2.6036,2.6638,2.5377,2.5507,62218234.95
2025-10-30,2.5507,2.5943,2.3771,2.44,77154703.52
2025-10-31,2.44,2.5542,2.433,2.5091,64486604.99
2025-11-01,2.5091,2.5239,2.4757,2.505,22057208.84
2025-11-02,2.505,2.5546,2.4776,2.5264,26465772.98
2025-11-03,2.5264,2.532,2.263,2.3098,72827102.23
2025-11-04,2.3098,2.3648,2.0675,2.2058,166780059.87
