timestamp,open,high,low,close,volume
2019-06-24,0.687,1.25174,0.687,1.16404,703241.97
2019-06-25,1.16404,1.18648,1.10778,1.11209,739320.76
2019-06-26,1.11209,1.18301,1.04753,1.1392,3039678.07
2019-06-27,1.1392,1.13921,0.9264,0.97827,3353154.51
2019-06-28,0.97827,1.08434,0.96175,1.01145,5479881.35
2019-06-29,1.01145,1.03683,0.95574,1.03051,5693936.03
2019-06-30,1.03051,1.0495,0.90784,0.9321,4860169.71
2019-07-01,0.9321,0.95847,0.85866,0.91711,5779390.91
2019-07-02,0.91711,1.08538,0.85345,1.00912,5742244.58
2019-07-03,1.00912,1.29538,1.00906,1.22344,5477468.24
2019-07-04,1.22344,1.295,1.14658,1.20835,6115838.59
2019-07-05,1.20835,1.28008,1.18921,1.27979,5776285.3
2019-07-06,1.27979,1.28638,1.18413,1.20705,4287344.27
2019-07-07,1.20705,1.225,1.13625,1.18509,4965024.64
2019-07-08,1.18509,1.22637,1.15236,1.22003,4812655.78
2019-07-09,1.22003,1.24618,1.1561,1.21165,5407869.74
2019-07-10,1.21165,1.24785,1.14101,1.17234,5470024.41
2019-07-11,1.17234,1.18748,1.02005,1.02345,4355977.48
2019-07-12,1.02345,1.07545,1.01474,1.06806,4862361.94
2019-07-13,1.06806,1.089,0.97419,0.99104,5502917.72
2019-07-14,0.99105,1.01037,0.91644,0.92385,5403400.23
2019-07-15,0.92386,0.991,0.88131,0.95532,5836893.13
2019-07-16,0.95534,0.96889,0.82399,0.85713,6216054.72
2019-07-17,0.85711,0.9378,0.82284,0.91568,6027567.67
2019-07-18,0.91567,0.98179,0.90099,0.96892,5751777.28
2019-07-19,0.96888,0.97608,0.91627,0.97546,6924320.39
2019-07-20,0.97544,1.05208,0.96762,1.03523,6348011.62
2019-07-21,1.03528,1.1,0.9749,1.07381,7157100.94
2019-07-22,1.07384,1.15255,1.07111,1.11664,5727193.86
2019-07-23,1.11665,1.1167,0.9979,1.07002,6277287.39
2019-07-24,1.07001,1.12761,0.97018,1.00607,6696229.49
2019-07-25,1.00611,1.05695,0.98908,1.02847,6635007.74
2019-07-26,1.02846,1.03621,0.99869,1.02832,6709290.65
2019-07-27,1.02836,1.05349,0.98247,1.00832,6381503.36
2019-07-28,1.00831,1.01722,0.97536,1.01177,6322388.77
2019-07-29,1.01176,1.04269,1.00243,1.01011,6591573.63
2019-07-30,1.01009,1.2518,0.99592,1.22422,6192496.7
2019-07-31,1.22425,1.29558,1.20602,1.25707,5802705.97
2019-08-01,1.25707,1.44786,1.23644,1.39766,5890198.7
2019-08-02,1.39766,1.46514,1.34139,1.43084,6574745.3
2019-08-03,1.43084,1.46328,1.36153,1.42615,6585578.91
2019-08-04,1.42615,1.48873,1.38918,1.43304,4933083.98
2019-08-05,1.43304,1.50622,1.33122,1.45376,2930803.28
2019-08-06,1.45376,1.59999,1.3585,1.49918,3378677.51
2019-08-07,1.49918,1.49942,1.33904,1.35188,3429533.53
2019-08-08,1.35188,1.5733,1.33861,1.54998,3513807.78
2019-08-09,1.54998,1.55679,1.36755,1.42403,3475146.77
2019-08-10,1.42403,1.43941,1.35324,1.39236,3366379.54
2019-08-11,1.39236,1.42018,1.3657,1.38341,3398731.11
2019-08-12,1.38341,1.39644,1.36501,1.36576,3365656.88
2019-08-13,1.36576,1.37484,1.25735,1.258,3396770.85
2019-08-14,1.258,1.29742,1.14145,1.14394,3394740.04
2019-08-15,1.14394,1.26342,1.02792,1.21436,3411405.23
2019-08-16,1.21436,1.23324,1.13455,1.21257,3421758.22
2019-08-17,1.21257,1.22449,1.1674,1.18712,3539936.68
2019-08-18,1.18712,1.24435,1.17411,1.19888,3515308.24
2019-08-19,1.19888,1.24498,1.19014,1.2177,3542683.92
2019-08-20,1.2177,1.22056,1.15251,1.1563,3563729.33
2019-08-21,1.1563,1.16229,1.09746,1.12324,4204751.27
2019-08-22,1.12324,1.15522,1.09342,1.13886,2768512.69
2019-08-23,1.13886,1.20163,1.13071,1.16436,2709862.05
2019-08-24,1.16436,1.1805,1.12134,1.14885,2972800.01
2019-08-25,1.14885,1.16263,1.1345,1.1356,2414427.19
2019-08-26,1.1356,1.18931,1.13493,1.16688,2952103.83
2019-08-27,1.16688,1.17839,1.12187,1.12823,1847554.42
2019-08-28,1.12823,1.13336,1.02557,1.05456,2565414.71
2019-08-29,1.05456,1.06928,0.98492,0.99769,8058102.27
2019-08-30,0.99769,1.06937,0.98262,1.06759,3595608.9
2019-08-31,1.06759,1.08731,0.99339,1.03766,4643081.02
2019-09-01,1.03766,1.05924,1.01081,1.03321,3142778.51
2019-09-02,1.03321,1.07967,1.02389,1.05172,3750946.0
2019-09-03,1.05172,1.06849,1.0455,1.06367,1018644.0
2019-09-04,1.06367,1.06388,1.01085,1.02861,2925363.44
2019-09-05,1.02861,1.04832,1.0007,1.01226,2775346.68
2019-09-06,1.01226,1.02851,0.98831,0.99885,5062328.85
2019-09-07,0.99885,1.04984,0.97017,1.02269,4999716.99
2019-09-08,1.02269,1.06855,1.01578,1.06242,2993260.56
2019-09-09,1.06242,1.10148,1.02377,1.04039,3091337.68
2019-09-10,1.04039,1.04454,1.01204,1.01942,1535252.66
2019-09-11,1.01942,1.02629,0.99441,1.00461,2124222.21
2019-09-12,1.00461,1.01659,0.98859,1.00783,2813028.37
2019-09-13,1.00783,1.01235,0.96008,0.97646,2671320.11
2019-09-14,0.97646,1.01153,0.95805,0.99771,2565664.42
2019-09-15,0.99771,1.01848,0.97458,1.00058,3637719.21
2019-09-16,1.00058,1.00648,0.97968,1.00132,2137898.61
2019-09-17,1.00132,1.1123,0.994,1.10163,1907167.07
2019-09-18,1.10163,1.14375,1.09007,1.09007,3027762.77
2019-09-19,1.09007,1.11446,1.03,1.09989,3858480.51
2019-09-20,1.09989,1.11191,1.04935,1.06,2425862.67
2019-09-21,1.06,1.07,1.05786,1.06602,1065133.1
2019-09-22,1.06602,1.07,1.05324,1.05338,1079644.86
2019-09-23,1.05338,1.15799,1.02045,1.06076,2121764.88
2019-09-24,1.06076,1.09068,0.7939,0.88631,3925689.22
2019-09-25,0.88631,0.99136,0.81685,0.84735,6774466.13
2019-09-26,0.84735,0.90168,0.8145,0.84243,2986206.47
2019-09-27,0.84243,0.89211,0.80996,0.88333,3409114.54
2019-09-28,0.88333,0.90563,0.85816,0.89116,2456433.39
2019-09-29,0.89116,0.89586,0.86028,0.87716,1661729.13
2019-09-30,0.87716,0.90983,0.84879,0.89578,2906376.13
2019-10-01,0.89578,0.98736,0.89123,0.94897,2763491.78
2019-10-02,0.94897,0.95064,0.88674,0.94153,2684693.41
2019-10-03,0.94153,0.95981,0.91257,0.92903,2659295.01
2019-10-04,0.92903,0.92967,0.89934,0.9182,1919421.59
2019-10-05,0.9182,0.9193,0.90263,0.90824,1507623.88
2019-10-06,0.90824,0.91015,0.86273,0.86545,2127059.89
2019-10-07,0.86545,0.92118,0.85699,0.90091,2338625.18
2019-10-08,0.90091,0.90749,0.89111,0.89324,1722850.16
2019-10-09,0.89324,0.95343,0.8911,0.93885,2796869.78
2019-10-10,0.93885,0.94295,0.91264,0.91584,2835793.0
2019-10-11,0.91584,0.91605,0.87372,0.90179,2898778.85
2019-10-12,0.90179,0.90986,0.89098,0.8911,2086321.31
2019-10-13,0.8911,0.93255,0.88514,0.9027,2722553.95
2019-10-14,0.9027,0.93643,0.90064,0.93545,2806283.06
2019-10-15,0.93545,0.9376,0.89792,0.90529,2882370.04
2019-10-16,0.90529,0.90574,0.85521,0.86807,3558313.07
2019-10-17,0.86807,0.89553,0.86463,0.89341,3666771.48
2019-10-18,0.89341,0.8945,0.8611,0.87589,3713549.51
2019-10-19,0.87589,0.88676,0.85248,0.85804,3085703.56
2019-10-20,0.85804,0.88341,0.85247,0.87517,3148593.3
2019-10-21,0.87517,0.8856,0.85806,0.86698,3713784.86
2019-10-22,0.86698,0.87681,0.82538,0.83498,4059917.2
2019-10-23,0.83498,0.83781,0.7468,0.75524,5375806.85
2019-10-24,0.75524,0.77338,0.74807,0.7589,3535575.22
2019-10-25,0.7589,0.83763,0.75874,0.83159,4928091.34
2019-10-26,0.83159,0.91685,0.8125,0.83052,6820377.95
2019-10-27,0.83052,0.87254,0.80473,0.86122,4425153.22
2019-10-28,0.86122,0.88888,0.84655,0.85192,4423900.6
2019-10-29,0.85192,0.86486,0.82432,0.83914,3470055.92
2019-10-30,0.83914,0.92071,0.82408,0.87773,5299084.5
2019-10-31,0.87773,0.92065,0.86409,0.87924,3952512.7
2019-11-01,0.87924,0.88652,0.86266,0.87456,2650723.94
2019-11-02,0.87456,0.87722,0.85325,0.85893,2499976.72
2019-11-03,0.85893,0.86611,0.84586,0.86467,2924530.1
2019-11-04,0.86467,0.90214,0.86185,0.88772,3595907.22
2019-11-05,0.88772,0.92689,0.87755,0.92429,3160866.56
2019-11-06,0.92429,1.04557,0.90103,1.01224,4812183.01
2019-11-07,1.01224,1.4232,1.01218,1.21147,10530146.26
2019-11-08,1.21147,1.29019,1.12502,1.16523,6577143.1
2019-11-09,1.16523,1.27198,1.14804,1.26514,5493077.87
2019-11-10,1.26514,1.26518,1.18446,1.21829,5417807.11
2019-11-11,1.21829,1.24323,1.1691,1.17082,4440593.35
2019-11-12,1.17082,1.19829,1.14701,1.16528,4395714.39
2019-11-13,1.16528,1.16802,1.11239,1.12852,4318289.03
2019-11-14,1.12852,1.2906,1.09647,1.21441,5794138.71
2019-11-15,1.21441,1.25728,1.12974,1.17009,6034518.47
2019-11-16,1.17009,1.17304,1.14716,1.15703,4311386.36
2019-11-17,1.15703,1.17095,1.14601,1.15357,3847713.23
2019-11-18,1.15357,1.25486,1.15182,1.21298,5247229.46
2019-11-19,1.21298,1.23917,1.14271,1.20315,5008431.18
2019-11-20,1.20315,1.24126,1.15954,1.21275,5006057.73
2019-11-21,1.21275,1.2996,1.17657,1.21491,7000224.48
2019-11-22,1.21491,1.27628,1.07443,1.21739,8534289.87
2019-11-23,1.21739,1.425,1.21735,1.38308,8068722.85
2019-11-24,1.38308,1.40308,1.28778,1.31097,6212972.72
2019-11-25,1.31097,1.31639,1.20317,1.23084,6902875.71
2019-11-26,1.23084,1.28128,1.21686,1.23674,5275643.66
2019-11-27,1.23674,1.27624,1.14618,1.25281,6372567.02
2019-11-28,1.25281,1.34646,1.20924,1.27486,5780783.63
2019-11-29,1.27486,1.34202,1.2704,1.30766,5378269.81
2019-11-30,1.30766,1.35611,1.30504,1.33079,5110222.85
2019-12-01,1.33079,1.33371,1.24373,1.25015,5191004.48
2019-12-02,1.25015,1.25426,1.19966,1.24131,4736239.99
2019-12-03,1.24131,1.30594,1.20268,1.2892,5249928.33
2019-12-04,1.2892,1.3242,1.23733,1.23944,6488780.51
2019-12-05,1.23944,1.29449,1.23122,1.28815,4483516.86
2019-12-06,1.28815,1.4219,1.27082,1.37475,4678106.88
2019-12-07,1.37475,1.47433,1.36402,1.43926,7392491.08
2019-12-08,1.43926,1.61391,1.43907,1.59969,7503006.18
2019-12-09,1.59969,1.64786,1.52561,1.55241,7551080.65
2019-12-10,1.55241,1.55246,1.39189,1.47548,8163002.93
2019-12-11,1.47548,1.59387,1.46456,1.57687,8061261.31
2019-12-12,1.57687,1.77827,1.511,1.76026,8796662.6
2019-12-13,1.76026,1.83927,1.66186,1.76816,10763313.35
2019-12-14,1.76816,1.78084,1.62179,1.67777,8605138.9
2019-12-15,1.67777,1.7407,1.59606,1.66999,6868217.59
2019-12-16,1.66999,1.70823,1.59822,1.66719,8085974.45
2019-12-17,1.66719,1.76525,1.51648,1.5358,9775758.99
2019-12-18,1.5358,1.64361,1.43133,1.58006,10022293.79
2019-12-19,1.58006,1.61478,1.46193,1.50207,7654913.49
2019-12-20,1.50207,1.60272,1.47475,1.60272,7401671.64
2019-12-21,1.60272,1.60412,1.46239,1.46899,5954925.59
2019-12-22,1.46899,1.52109,1.44101,1.46634,6746839.3
2019-12-23,1.46634,1.57722,1.45998,1.51618,6579252.2
2019-12-24,1.51618,1.51819,1.47275,1.48401,5205515.44
2019-12-25,1.48401,1.4882,1.3913,1.40127,5144550.11
2019-12-26,1.40127,1.42718,1.34535,1.36684,6180971.11
2019-12-27,1.36684,1.40801,1.35368,1.37914,5485430.61
2019-12-28,1.37914,1.38529,1.31888,1.32715,5694597.14
2019-12-29,1.32715,1.33996,1.28059,1.31113,5760339.78
2019-12-30,1.31113,1.35663,1.29053,1.32638,6336642.37
2019-12-31,1.32638,1.39573,1.30352,1.35322,6543503.54
2020-01-01,1.35322,1.3746,1.32297,1.37102,5428009.67
2020-01-02,1.37102,1.37868,1.22937,1.24232,5703540.15
2020-01-03,1.24232,1.30542,1.23237,1.27916,6098229.49
2020-01-04,1.27916,1.28706,1.22282,1.25448,4451296.21
2020-01-05,1.25448,1.28075,1.2361,1.25538,4192119.56
2020-01-06,1.25538,1.33936,1.25421,1.30326,5253438.16
2020-01-07,1.30326,1.33085,1.25279,1.29637,6103098.42
2020-01-08,1.29637,1.39448,1.27735,1.32908,7111369.56
2020-01-09,1.32908,1.36522,1.26285,1.28002,5734101.63
2020-01-10,1.28002,1.34516,1.2558,1.30508,5801283.55
2020-01-11,1.30508,1.34958,1.29615,1.30496,5171962.86
2020-01-12,1.30496,1.32036,1.2947,1.30613,4069357.49
2020-01-13,1.30613,1.30824,1.26175,1.27502,4986435.94
2020-01-14,1.27502,1.34622,1.27345,1.32599,7262906.41
2020-01-15,1.32599,1.40507,1.28164,1.34685,8283523.48
2020-01-16,1.34685,1.53538,1.30073,1.49106,6594786.13
2020-01-17,1.49106,1.5402,1.42557,1.47666,8035785.18
2020-01-18,1.47666,1.54715,1.41819,1.48145,6456265.83
2020-01-19,1.48145,1.52616,1.36015,1.42608,7360820.25
2020-01-20,1.42608,1.59371,1.40833,1.5911,7315050.19
2020-01-21,1.5911,1.6172,1.49767,1.53493,7086578.54
2020-01-22,1.53493,1.64317,1.52843,1.59479,6735967.66
2020-01-23,1.59479,1.62479,1.49883,1.55861,7984567.3
2020-01-24,1.55861,1.56881,1.49941,1.5134,6297290.11
2020-01-25,1.5134,1.51348,1.45968,1.49343,4832284.14
2020-01-26,1.49343,1.52864,1.46923,1.52451,4832653.2
2020-01-27,1.52451,1.54628,1.48616,1.52319,5554617.36
2020-01-28,1.52319,1.57779,1.50927,1.55007,6276231.84
2020-01-29,1.55007,1.68397,1.54187,1.56702,6989361.1
2020-01-30,1.56702,1.70735,1.55802,1.68095,7144679.71
2020-01-31,1.68095,1.72067,1.64695,1.65781,5997430.79
2020-02-01,1.65781,1.74902,1.65437,1.74902,4670247.46
2020-02-02,1.74902,1.99874,1.69601,1.91991,8449138.85
2020-02-03,1.91991,2.0913,1.86932,1.99885,8789243.79
2020-02-04,1.99885,2.03669,1.89,1.92323,8649760.39
2020-02-05,1.92323,2.22683,1.91,2.13993,9564711.49
2020-02-06,2.13993,2.24869,2.11547,2.16671,8275503.05
2020-02-07,2.16671,2.26156,2.16668,2.19362,7029123.78
2020-02-08,2.19362,2.31701,2.01427,2.29355,7706602.49
2020-02-09,2.29355,2.74019,2.28026,2.6422,10736322.34
2020-02-10,2.6422,2.73521,2.46019,2.62607,10549107.5
2020-02-11,2.62607,2.9555,2.55932,2.91099,9542889.17
2020-02-12,2.91099,3.58666,2.91097,3.30191,12983471.67
2020-02-13,3.30191,3.38761,2.92493,3.12557,13402541.33
2020-02-14,3.12557,3.55463,3.04614,3.47831,11526497.54
2020-02-15,3.47831,3.54509,3.01404,3.20002,11945236.44
2020-02-16,3.20002,3.29932,2.75446,3.24032,12900703.88
2020-02-17,3.24032,3.24036,2.75135,3.15729,13673781.0
2020-02-18,3.15729,3.55545,3.08929,3.43627,11365401.2
2020-02-19,3.43627,3.97008,3.33785,3.54118,10861052.78
2020-02-20,3.54118,3.89619,3.44009,3.61116,14398382.04
2020-02-21,3.61116,3.75478,3.38615,3.48169,10118234.28
2020-02-22,3.48169,3.53308,3.24191,3.29937,17350296.25
2020-02-23,3.29937,3.58723,3.2942,3.52303,20362652.11
2020-02-24,3.52303,3.52373,2.95568,3.18478,23064996.66
2020-02-25,3.18478,3.19639,2.71144,2.80185,26744055.02
2020-02-26,2.80185,2.98794,2.52822,2.75873,33701093.68
2020-02-27,2.75873,2.9904,2.52404,2.7949,32180215.33
2020-02-28,2.7949,2.90426,2.62451,2.77879,19825529.77
2020-02-29,2.77879,2.98389,2.71905,2.71905,17823984.08
2020-03-01,2.71905,2.83254,2.56693,2.61801,11198073.12
2020-03-02,2.61801,2.87596,2.56001,2.78475,16035437.51
2020-03-03,2.78475,2.80705,2.62718,2.76027,11776974.36
2020-03-04,2.76027,3.08249,2.72633,3.08226,16880222.49
2020-03-05,3.08226,3.30542,2.99496,3.07178,23189476.04
2020-03-06,3.07178,3.21247,2.95968,3.15853,10935125.14
2020-03-07,3.15853,3.24282,2.98826,2.99017,10909557.23
2020-03-08,2.99017,2.99018,2.5581,2.57054,19308676.17
2020-03-09,2.57054,2.64981,2.26699,2.5332,29928200.5
2020-03-10,2.5332,2.7326,2.47341,2.57828,22059881.62
2020-03-11,2.57828,2.66716,2.29093,2.51024,18006896.61
2020-03-12,2.51024,2.51031,1.30011,1.3235,55387992.15
2020-03-13,1.3235,1.91555,0.96096,1.75899,79705735.45
2020-03-14,1.75899,1.82017,1.53306,1.5771,27905204.29
2020-03-15,1.5771,1.74336,1.42295,1.536,21626437.82
2020-03-16,1.536,1.536,1.11637,1.31461,39807016.06
2020-03-17,1.31461,1.47596,1.23749,1.37211,33172708.31
2020-03-18,1.37211,1.41082,1.29089,1.3927,23131582.79
2020-03-19,1.3927,1.72434,1.35273,1.63483,28035717.69
2020-03-20,1.63483,1.86477,1.48278,1.67706,33442854.5
2020-03-21,1.67706,1.74612,1.58834,1.64861,16241283.42
2020-03-22,1.64861,1.70803,1.44957,1.47965,14310550.06
2020-03-23,1.47965,1.67974,1.42976,1.67465,27469176.09
2020-03-24,1.67465,1.77728,1.62059,1.7598,28804894.79
2020-03-25,1.7598,1.78783,1.6454,1.71219,26960529.93
2020-03-26,1.71219,1.75848,1.7016,1.75632,14255050.86
2020-03-27,1.75632,1.77735,1.57053,1.58696,13394110.73
2020-03-28,1.58696,1.61142,1.50472,1.56084,16765973.44
2020-03-29,1.56084,1.57745,1.46411,1.46463,13818503.81
2020-03-30,1.46463,1.65767,1.46162,1.60544,21384220.84
2020-03-31,1.60544,1.63518,1.55114,1.60902,16506993.42
2020-04-01,1.60902,1.62813,1.52211,1.60633,20300416.13
2020-04-02,1.60633,1.79652,1.59463,1.66759,24705431.74
2020-04-03,1.66759,1.7762,1.6478,1.67571,21394056.18
2020-04-04,1.67571,1.72267,1.65471,1.69476,17044280.42
2020-04-05,1.69476,1.70501,1.66169,1.66322,11495422.27
2020-04-06,1.66322,1.90823,1.66032,1.90822,21662364.27
2020-04-07,1.90822,2.0959,1.85313,1.95671,36774248.42
2020-04-08,1.95671,2.17382,1.92211,2.14243,29278590.63
2020-04-09,2.14243,2.17691,1.99077,2.10755,26366098.0
2020-04-10,2.10755,2.1144,1.82027,1.90578,28728001.09
2020-04-11,1.90578,2.03982,1.88647,1.97025,36609855.78
2020-04-12,1.97025,2.06001,1.88743,1.99954,29758621.4
2020-04-13,1.99954,1.99962,1.87379,1.9328,24520826.84
2020-04-14,1.9328,1.99373,1.90607,1.94431,14792052.74
2020-04-15,1.94431,1.97598,1.89098,1.89991,14625098.22
2020-04-16,1.89991,2.13346,1.83853,2.10964,19400024.05
2020-04-17,2.10964,2.15618,2.05921,2.08563,19693082.01
2020-04-18,2.08563,2.37277,2.08546,2.32829,23583424.95
2020-04-19,2.32829,2.36441,2.20793,2.24765,22190260.6
2020-04-20,2.24765,2.3511,2.06099,2.1246,29554867.38
2020-04-21,2.1246,2.20102,2.07861,2.14299,25516849.26
2020-04-22,2.14299,2.3418,2.13707,2.33533,21479827.76
2020-04-23,2.33533,2.58491,2.30523,2.49621,19485946.8
2020-04-24,2.49621,2.76552,2.49621,2.7091,16882309.15
2020-04-25,2.7091,2.88913,2.63764,2.85686,14580382.49
2020-04-26,2.85686,2.85686,2.73048,2.76319,14110109.23
2020-04-27,2.76319,2.78719,2.54856,2.74225,14227482.09
2020-04-28,2.74225,2.80279,2.65744,2.74515,12777555.26
2020-04-29,2.74515,2.98305,2.74229,2.93483,14790886.69
2020-04-30,2.93483,3.03253,2.67212,2.75127,18396745.28
2020-05-01,2.75127,2.94594,2.71256,2.7917,13185661.14
2020-05-02,2.7917,2.85857,2.77168,2.83278,11290721.77
2020-05-03,2.83278,2.86778,2.67803,2.7374,12426028.17
2020-05-04,2.7374,2.84176,2.58885,2.77391,14713870.26
2020-05-05,2.77391,2.83396,2.69639,2.74676,11940910.19
2020-05-06,2.74676,2.79846,2.64095,2.65268,9154464.25
2020-05-07,2.65268,2.86549,2.60931,2.71182,12614432.97
2020-05-08,2.71182,2.81195,2.67397,2.74945,11893968.21
2020-05-09,2.74945,2.95782,2.71262,2.81391,13934622.91
2020-05-10,2.81391,2.81395,2.21163,2.55539,15256686.75
2020-05-11,2.55539,2.58777,2.27674,2.42007,16387859.0
2020-05-12,2.42007,2.57638,2.33357,2.50403,8653099.52
2020-05-13,2.50403,2.58316,2.48615,2.56972,7013999.8
2020-05-14,2.56972,2.61041,2.4963,2.53797,6868131.52
2020-05-15,2.53797,2.54305,2.44481,2.48364,4395922.98
2020-05-16,2.48364,2.6488,2.4762,2.62835,3810709.6
2020-05-17,2.62835,2.68758,2.60201,2.61968,4268578.68
2020-05-18,2.61968,2.76579,2.61951,2.74961,3818517.85
2020-05-19,2.74961,2.83357,2.63248,2.82858,1086687.47
2020-05-20,2.82858,2.89084,2.71446,2.82126,1087450.35
2020-05-21,2.82126,2.85581,2.57195,2.63853,1172596.59
2020-05-22,2.63853,2.85959,2.60211,2.79674,1974365.1
2020-05-23,2.79674,2.82584,2.72525,2.7537,1984639.39
2020-05-24,2.7537,2.82862,2.64881,2.64886,2182187.3
2020-05-25,2.64886,2.74096,2.62804,2.73316,2065057.48
2020-05-26,2.73316,2.75745,2.65477,2.69609,1654104.93
2020-05-27,2.69609,2.7482,2.67933,2.70657,1614295.86
2020-05-28,2.70657,2.84537,2.67787,2.82929,1629111.98
2020-05-29,2.82929,2.90085,2.79105,2.86869,1730210.99
2020-05-30,2.86869,2.96513,2.81486,2.92199,2228283.0
2020-05-31,2.92199,2.95974,2.77138,2.80523,2024302.45
2020-06-01,2.80523,2.99558,2.7776,2.96085,2341765.77
2020-06-02,2.96085,3.12978,2.72498,2.89563,2601152.98
2020-06-03,2.89563,3.06994,2.83807,3.03946,2210608.2
2020-06-04,3.03946,3.07959,2.90792,2.99696,2452380.0
2020-06-05,2.99696,3.02015,2.91549,2.93438,1974629.7
2020-06-06,2.93438,2.96856,2.90549,2.92379,1493189.81
2020-06-07,2.92379,2.9345,2.80895,2.88419,1672440.21
2020-06-08,2.88419,2.9482,2.86251,2.94187,1624515.54
2020-06-09,2.94187,2.95924,2.86964,2.90074,1612899.77
2020-06-10,2.90074,2.92264,2.85368,2.88537,1674206.82
2020-06-11,2.88537,2.90505,2.50849,2.61088,2101937.1
2020-06-12,2.61088,2.76044,2.58979,2.66467,2334385.18
2020-06-13,2.66467,2.72121,2.63804,2.69423,1641585.11
2020-06-14,2.69423,2.69534,2.55505,2.58536,1516425.64
2020-06-15,2.58536,2.68096,2.43495,2.62575,2548508.13
2020-06-16,2.62575,2.66787,2.56799,2.61318,1977531.49
2020-06-17,2.61318,2.69208,2.54776,2.67273,1766207.67
2020-06-18,2.67273,2.77931,2.5585,2.66325,2107930.87
2020-06-19,2.66325,2.71492,2.61136,2.62444,2151998.88
2020-06-20,2.62444,2.65313,2.54577,2.61471,1670576.66
2020-06-21,2.61471,2.62609,2.5765,2.58723,1499046.54
2020-06-22,2.58723,2.69963,2.57562,2.68115,2035852.4
2020-06-23,2.68115,2.79279,2.63562,2.78276,2049948.6338071998
2020-06-24,2.78276,2.85729,2.58185,2.62275,2335083.2406824706
2020-06-25,2.62275,2.64833,2.52345,2.57796,1911575.26
2020-06-26,2.57796,2.5791,2.44787,2.48496,2237047.79
2020-06-27,2.48496,2.49489,2.2554,2.31287,2060526.95
2020-06-28,2.31287,2.43067,2.28598,2.37154,1858203.8
2020-06-29,2.37154,2.44151,2.34427,2.41047,1654314.53
2020-06-30,2.41047,2.41618,2.3541,2.35783,1410953.94
2020-07-01,2.35783,2.44419,2.33481,2.3995,1507169.01
2020-07-02,2.3995,2.40447,2.27491,2.33355,1624941.33
2020-07-03,2.33355,2.34828,2.27148,2.27538,1527666.73
2020-07-04,2.27538,2.35232,2.27069,2.32821,1375053.64
2020-07-05,2.32821,2.32877,2.21453,2.28829,1437212.45
2020-07-06,2.28829,2.46253,2.26591,2.43809,1631989.99
2020-07-07,2.43809,2.58567,2.40466,2.51098,1869477.82
2020-07-08,2.51098,2.69307,2.48178,2.65091,2103241.62
2020-07-09,2.65091,2.6536,2.46735,2.52994,2113256.43
2020-07-10,2.52994,2.58674,2.41264,2.54196,1421736.71
2020-07-11,2.54196,2.72673,2.50925,2.68481,1566445.5
2020-07-12,2.68481,2.84004,2.58057,2.81859,1805344.45
2020-07-13,2.81859,3.16411,2.755,2.89835,5293415.75
2020-07-14,2.89835,3.05181,2.66825,2.9624,1128235.21
2020-07-15,2.9624,3.2188,2.85784,3.21221,773320.58
2020-07-16,3.21221,3.31483,2.9448,3.09951,453511.15
2020-07-17,3.09951,3.22743,3.00648,3.16832,264671.18
2020-07-18,3.16832,3.16935,2.9566,3.00803,219377.64
2020-07-19,3.00803,3.05555,2.87683,2.98363,237725.39
2020-07-20,2.98363,3.01987,2.74036,2.76726,275843.75
2020-07-21,2.76726,3.07364,2.74319,3.02361,222316.75
2020-07-22,3.02361,3.12862,2.91934,3.1054,163570.33
2020-07-23,3.1054,3.23113,3.04309,3.18824,200613.53
2020-07-24,3.18824,3.19556,3.00003,3.01817,171308.25
2020-07-25,3.01817,3.11202,3.01294,3.06231,166653.43
2020-07-26,3.06231,3.10988,2.90721,2.98729,168756.78
2020-07-27,2.98729,2.98733,2.64409,2.82162,242692.03
2020-07-28,2.82162,2.8931,2.71717,2.83318,193223.82
2020-07-29,2.83318,2.94816,2.75158,2.78255,161845.0
2020-07-30,2.78255,2.85062,2.7322,2.8055,124132.36
2020-07-31,2.8055,2.9005,2.78442,2.84129,138962.14
2020-08-01,2.84129,3.07534,2.82124,3.03902,194661.92
2020-08-02,3.03902,3.13674,2.64973,2.89289,328330.73
2020-08-03,2.89289,3.15595,2.8396,3.07193,246795.32
2020-08-04,3.07193,3.32387,3.07192,3.24789,352960.46
2020-08-05,3.24789,3.26739,3.07943,3.11099,229672.23
2020-08-06,3.11099,3.37887,3.09804,3.22671,265592.43
2020-08-07,3.22671,3.33518,2.95004,3.07999,221843.67
2020-08-08,3.07999,3.48342,3.02634,3.38444,244458.02
2020-08-09,3.38444,3.77772,3.27941,3.69089,375401.48
2020-08-10,3.69089,4.31326,3.50003,4.23524,449016.46
2020-08-11,4.23524,4.42592,3.75156,3.93183,670862.07
2020-08-12,3.93183,4.51841,3.63483,4.36918,519068.85
2020-08-13,4.36918,4.48598,3.95312,4.1358,452081.19
2020-08-14,4.1358,4.23078,4.01378,4.1126,1052677.87
2020-08-15,4.1126,4.31853,3.9072,4.06568,1229033.23
2020-08-16,4.06568,4.37927,4.00608,4.23945,1028772.92
2020-08-17,4.23945,4.25374,4.01628,4.03524,462238.92
2020-08-18,4.03524,4.1655,3.69479,3.83541,898034.33
2020-08-19,3.83541,3.92759,3.46365,3.63529,1597763.64
2020-08-20,3.63529,3.93784,3.50651,3.85821,1051640.98
2020-08-21,3.85821,3.91361,3.33398,3.38654,1170066.17
2020-08-22,3.38654,3.6124,3.26187,3.57786,1180834.85
2020-08-23,3.57786,3.62176,3.359,3.51695,816795.49
2020-08-24,3.51695,3.80191,3.44341,3.67928,932663.89
2020-08-25,3.67928,3.7029,3.29419,3.43687,965336.23
2020-08-26,3.43687,3.50754,3.29844,3.36697,809197.2
2020-08-27,3.36697,3.41258,3.1006,3.22198,816560.3
2020-08-28,3.22198,3.31101,3.13526,3.26292,548394.28
2020-08-29,3.26292,3.43341,3.21026,3.35426,486910.01
2020-08-30,3.35426,3.43277,3.3262,3.38786,401840.19
2020-08-31,3.38786,3.46587,3.2392,3.2427,410581.56
2020-09-01,3.2427,3.51553,3.1913,3.44266,465558.85
2020-09-02,3.44266,3.47214,2.88749,3.13591,501737.51
2020-09-03,3.13591,3.13742,2.45671,2.55448,567623.49
2020-09-04,2.55448,2.85004,2.40641,2.74233,822074.41
2020-09-05,2.74233,2.8259,2.32364,2.47762,1190112.33
2020-09-06,2.47762,2.62566,2.33847,2.5497,573992.2
2020-09-07,2.5497,2.59004,2.35739,2.55818,482325.02
2020-09-08,2.55818,2.64307,2.40296,2.50063,543181.5
2020-09-09,2.50063,2.59894,2.41353,2.52849,319591.01
2020-09-10,2.52849,2.6606,2.52782,2.57553,400612.4
2020-09-11,2.57553,2.62774,2.46722,2.57256,316966.2
2020-09-12,2.57256,2.63731,2.4921,2.60102,355327.04
2020-09-13,2.60102,2.74251,2.52876,2.62329,519346.99
2020-09-14,2.62329,2.6975,2.53759,2.61305,294169.2
2020-09-15,2.61305,2.67653,2.50037,2.50163,381935.66
2020-09-16,2.50163,2.53404,2.41455,2.47164,272292.99
2020-09-17,2.47164,2.55956,2.44327,2.47252,141318.57
2020-09-18,2.47252,2.51661,2.32612,2.38794,137723.7
2020-09-19,2.38794,2.39093,2.26749,2.31941,136931.43
2020-09-20,2.31941,2.38404,2.16208,2.21986,154528.25
2020-09-21,2.21986,2.26777,1.91531,1.97338,344307.56
2020-09-22,1.97338,2.18312,1.96246,2.10851,253680.57
2020-09-23,2.10851,2.15131,1.91719,1.95258,309274.34
2020-09-24,1.95258,2.17855,1.93739,2.15374,272617.16
2020-09-25,2.15374,2.27726,2.10059,2.20901,263034.92
2020-09-26,2.20901,2.24011,2.14057,2.16928,230272.68
2020-09-27,2.16928,2.22411,2.09746,2.17601,226537.61
2020-09-28,2.17601,2.36382,2.17475,2.24528,254334.02
2020-09-29,2.24528,2.28113,2.13584,2.22954,240996.72
2020-09-30,2.22954,2.2374,2.13736,2.19949,188332.37
2020-10-01,2.19949,2.29724,1.95346,2.19081,195506.46
2020-10-02,2.19081,2.20835,2.021,2.08595,176150.96
2020-10-03,2.08595,2.14274,2.07118,2.11286,128136.52
2020-10-04,2.11286,2.14948,2.08567,2.11306,124140.69
2020-10-05,2.11306,2.16569,2.07929,2.14175,124542.63
2020-10-06,2.14175,2.24434,2.03864,2.06207,183332.12
2020-10-07,2.06207,2.127,2.035,2.06751,172894.48
2020-10-08,2.06751,2.14662,2.00234,2.11014,168184.11
2020-10-09,2.11014,2.23774,2.07525,2.19521,162551.04
2020-10-10,2.19521,2.28481,2.19148,2.20742,151363.64
2020-10-11,2.20742,2.31417,2.1903,2.24937,137436.24
2020-10-12,2.24937,2.38613,2.23104,2.34294,157144.01
2020-10-13,2.34294,2.45251,2.32011,2.39977,162812.24
2020-10-14,2.39977,2.42129,2.23517,2.27319,149477.28
2020-10-15,2.27319,2.30507,2.21079,2.23781,158987.65
2020-10-16,2.23781,2.27458,2.15757,2.1654,163960.78
2020-10-17,2.1654,2.21839,2.1526,2.18535,130476.64
2020-10-18,2.18535,2.23893,2.18126,2.22513,112196.33
2020-10-19,2.22513,2.24527,2.17496,2.18811,185493.13
2020-10-20,2.18811,2.1901,2.03957,2.05184,261740.49
2020-10-21,2.05184,2.1745,2.04189,2.12555,257114.59
2020-10-22,2.12555,2.24184,2.12339,2.19309,265141.3
2020-10-23,2.19309,2.26526,2.16697,2.21716,258334.18
2020-10-24,2.21716,2.23927,2.19209,2.21911,189812.72
2020-10-25,2.21911,2.24951,2.15445,2.16541,212228.4
2020-10-26,2.16541,2.18039,2.0586,2.08966,256182.87
2020-10-27,2.08966,2.15055,2.06279,2.08202,245441.99
2020-10-28,2.08202,2.11525,1.9388,1.99874,333534.06
2020-10-29,1.99874,2.04915,1.8949,1.93183,277503.36
2020-10-30,1.93183,1.96315,1.79481,1.90147,421631.92
2020-10-31,1.90147,2.01818,1.89271,1.97465,315618.89
2020-11-01,1.97465,2.00906,1.93302,1.99262,244531.84
2020-11-02,1.99262,2.06569,1.87901,1.89342,338771.53
2020-11-03,1.89342,1.91214,1.80677,1.86697,340120.61
2020-11-04,1.86697,1.90463,1.78383,1.87341,437968.9
2020-11-05,1.87341,1.96889,1.81602,1.88115,560654.77
2020-11-06,1.88115,2.09598,1.8743,2.08702,995594.18
2020-11-07,2.08702,2.21258,1.95747,2.01575,1626240.06
2020-11-08,2.01575,2.1526,1.9745,2.08623,606793.59
2020-11-09,2.08623,2.15474,1.98755,2.11432,508452.05
2020-11-10,2.11432,2.18878,2.09334,2.15087,410673.18
2020-11-11,2.15087,2.19736,2.10914,2.12251,304609.85
2020-11-12,2.12251,2.15114,2.04136,2.07054,321142.98
2020-11-13,2.07054,2.1521,2.06195,2.15019,249274.62
2020-11-14,2.15019,2.15888,2.05002,2.09779,258312.27
2020-11-15,2.09779,2.10916,1.9783,2.01269,307125.77
2020-11-16,2.01269,2.09635,1.99438,2.0798,258512.42
2020-11-17,2.0798,2.15262,2.07184,2.14239,334319.09
2020-11-18,2.14239,2.18442,2.01122,2.08313,536376.68
2020-11-19,2.08313,2.14137,2.01957,2.07492,354299.68
2020-11-20,2.07492,2.14915,2.06231,2.10462,321684.86
2020-11-21,2.10462,2.3963,2.05625,2.39269,1052784.45
2020-11-22,2.39269,2.43549,2.1609,2.27814,1179624.77
2020-11-23,2.27814,2.65811,2.27208,2.61874,1030288.94
2020-11-24,2.61874,2.82776,2.48512,2.66912,1572803.2
2020-11-25,2.66912,2.96009,2.48489,2.59652,1577372.11
2020-11-26,2.59652,2.65724,2.09725,2.24355,3613525.71
2020-11-27,2.24355,2.33527,2.15808,2.24942,1217030.23
2020-11-28,2.24942,2.42907,2.20408,2.31918,534314.44
2020-11-29,2.31918,2.4369,2.27109,2.35703,454651.17
2020-11-30,2.35703,2.55233,2.33168,2.49098,709855.16
2020-12-01,2.49098,2.55016,2.20506,2.32005,1163444.51
2020-12-02,2.32005,2.41378,2.2892,2.38942,322922.63
2020-12-03,2.38942,2.44661,2.37428,2.40327,228266.12
2020-12-04,2.40327,2.42811,2.22452,2.27396,352676.7
2020-12-05,2.27396,2.33014,2.23968,2.32142,176388.54
2020-12-06,2.32142,2.33754,2.2537,2.32148,147625.62
2020-12-07,2.32148,2.32582,2.22622,2.27365,107870.45
2020-12-08,2.27365,2.36127,2.10052,2.1518,372695.53
2020-12-09,2.1518,2.19742,2.04448,2.17175,418307.45
2020-12-10,2.17175,2.18165,2.0772,2.10222,126514.68
2020-12-11,2.10222,2.11174,2.04391,2.07548,201858.75
2020-12-12,2.07548,2.15722,2.07284,2.134,100088.85
2020-12-13,2.134,2.27063,2.12432,2.23096,137879.67
2020-12-14,2.23096,2.26663,2.17482,2.22238,121984.3
2020-12-15,2.22238,2.25781,2.18352,2.22933,83851.88
2020-12-16,2.22933,2.36936,2.20079,2.36936,148414.19
2020-12-17,2.36936,2.43156,2.2751,2.29568,354504.75
2020-12-18,2.29568,2.34248,2.25907,2.32331,176753.22
2020-12-19,2.32331,2.38562,2.29945,2.32162,95795.72
2020-12-20,2.32162,2.35385,2.23501,2.26711,151482.55
2020-12-21,2.26711,2.30976,2.08504,2.18286,335762.5
2020-12-22,2.18286,2.19274,2.07897,2.18527,226307.59
2020-12-23,2.18527,2.199,1.58103,1.82096,843548.06
2020-12-24,1.82096,2.08624,1.78303,2.0595,656815.49
2020-12-25,2.0595,2.11327,1.97975,2.02892,485755.46
2020-12-26,2.02892,2.03861,1.92773,1.9782,325606.93
2020-12-27,1.9782,2.14218,1.88419,2.00303,563172.3
2020-12-28,2.00303,2.23184,1.99073,2.12061,758132.52
2020-12-29,2.12061,2.17548,1.98236,2.04512,1247338.91
2020-12-30,2.04512,2.07686,1.96172,1.98692,386301.58
2020-12-31,1.98692,2.02069,1.93988,2.01149,306761.73
2021-01-01,2.01149,2.12812,1.97555,2.00519,395910.48
2021-01-02,2.00519,2.05935,1.94878,1.99928,439643.98
2021-01-03,1.99928,2.22581,1.95342,2.1297,567220.11
2021-01-04,2.1297,2.35152,2.02185,2.32752,1007848.71
2021-01-05,2.32752,2.45907,2.14138,2.37476,901948.7
2021-01-06,2.37476,2.73041,2.29811,2.63323,744444.62
2021-01-07,2.63323,2.78418,2.40312,2.53829,846107.84
2021-01-08,2.53829,2.56641,2.25144,2.46012,1021689.38
2021-01-09,2.46012,2.68417,2.4209,2.62988,449536.03
2021-01-10,2.62988,2.94641,2.42002,2.7654,1137119.04
2021-01-11,2.7654,2.76668,2.10908,2.32812,1782974.32
2021-01-12,2.32812,2.44677,2.19994,2.28796,1028395.9
2021-01-13,2.28796,2.50044,2.23515,2.49898,692026.19
2021-01-14,2.49898,2.61459,2.4046,2.55136,643326.24
2021-01-15,2.55136,2.9012,2.4939,2.72731,1446692.89
2021-01-16,2.72731,3.18271,2.70765,2.85919,1616960.2
2021-01-17,2.85919,3.10863,2.69072,2.97264,1206761.4
2021-01-18,2.97264,3.10286,2.84887,3.02809,907124.57
2021-01-19,3.02809,3.21108,2.87444,2.88451,838880.18
2021-01-20,2.88451,2.94759,2.65437,2.911,1019969.94
2021-01-21,2.911,2.92756,2.43623,2.46335,1164960.52
2021-01-22,2.46335,3.10729,2.31008,2.91832,1378741.98
2021-01-23,2.91832,3.39883,2.83527,3.1638,1418490.01
2021-01-24,3.1638,3.35,2.91186,3.04078,769221.11
2021-01-25,3.04078,3.17752,2.83405,2.84,669213.72
2021-01-26,2.84,3.00194,2.75597,2.90682,637384.21
2021-01-27,2.90682,2.93095,2.6345,2.80094,953987.27
2021-01-28,2.80094,3.08,2.72261,3.00339,854123.07
2021-01-29,3.00339,3.05735,2.81346,2.91239,839959.74
2021-01-30,2.91239,3.01618,2.81468,2.89492,611988.18
2021-01-31,2.89492,2.94491,2.73375,2.84097,582591.32
2021-02-01,2.84097,2.93177,2.7582,2.9157,649667.94
2021-02-02,2.9157,2.95726,2.83268,2.90838,595980.06
2021-02-03,2.90838,3.17547,2.88809,3.04927,564832.08
2021-02-04,3.04927,3.15502,2.87,2.92954,442430.2
2021-02-05,2.92954,3.51,2.8805,3.4612,480941.16
2021-02-06,3.4612,3.51434,3.08687,3.17031,343768.3
2021-02-07,3.17031,3.45234,3.06919,3.30637,413953.59
2021-02-08,3.30637,3.43531,3.04176,3.34829,329236.98
2021-02-09,3.34829,3.86707,3.20286,3.76362,362285.12
2021-02-10,3.76362,3.88812,3.46364,3.83875,591069.2
2021-02-11,3.83875,4.31248,3.80213,4.1153,488902.92
2021-02-12,4.1153,5.3951,4.02338,5.00405,708471.06
2021-02-13,5.00405,5.37299,4.59754,5.36372,704012.72
2021-02-14,5.36372,5.62446,4.73968,4.86739,529200.47
2021-02-15,4.86739,4.96847,3.84647,4.53933,881970.14
2021-02-16,4.53933,4.87617,4.31826,4.53677,342463.34
2021-02-17,4.53677,4.75763,4.1932,4.60714,268141.19
2021-02-18,4.60714,4.98874,4.51198,4.83882,235199.08
2021-02-19,4.83882,5.1029,4.58875,4.96972,210304.54
2021-02-20,4.96972,5.13898,4.37789,4.63705,396775.37
2021-02-21,4.63705,5.0,4.51246,4.67849,170690.34
2021-02-22,4.67849,4.83456,3.73579,4.37768,129478.3
2021-02-23,4.37768,4.37768,2.94469,3.54784,1804325.96
2021-02-24,3.54784,3.89032,3.37066,3.53754,433558.44
2021-02-25,3.53754,3.83268,3.30498,3.32315,373215.81
2021-02-26,3.32315,3.8179,3.19438,3.48992,229363.32
2021-02-27,3.48992,3.84866,3.48877,3.63388,202202.66
2021-02-28,3.63388,3.66908,3.19775,3.41225,228088.53
2021-03-01,3.41225,3.67944,3.39875,3.63408,118236.83
2021-03-02,3.63408,3.79942,3.49416,3.67844,163383.71
2021-03-03,3.67844,3.99472,3.67201,3.85085,126855.43
2021-03-04,3.85085,3.96306,3.56666,3.66306,161901.68
2021-03-05,3.66306,3.85374,3.44788,3.7715,152283.62
2021-03-06,3.7715,4.00206,3.72079,3.86833,106091.47
2021-03-07,3.86833,4.20828,3.82726,4.19375,84745.7
2021-03-08,4.19375,4.48077,4.05532,4.39105,136434.58
2021-03-09,4.39105,4.57964,4.35029,4.46267,94031.53
2021-03-10,4.46267,4.47089,4.07515,4.14846,92131.52
2021-03-11,4.14846,4.18768,3.95773,4.11294,76650.38
2021-03-12,4.11294,4.14065,3.82156,3.97065,117313.17
2021-03-13,3.97065,4.22809,3.80788,4.17443,75937.48
2021-03-14,4.17443,4.18976,3.9558,3.96467,68831.11
2021-03-15,3.96467,4.05131,3.75975,3.83282,102625.28
2021-03-16,3.83282,4.04434,3.69627,4.02744,95332.07
2021-03-17,4.02744,4.43485,3.85,4.40376,120120.08
2021-03-18,4.40376,4.7,4.23471,4.26336,117277.64
2021-03-19,4.26336,4.4,4.13175,4.26504,61791.33
2021-03-20,4.26504,4.6002,4.2234,4.36483,48697.04
2021-03-21,4.36483,4.40824,4.09171,4.23537,44337.03
2021-03-22,4.23537,4.48669,4.02877,4.04227,66125.76
2021-03-23,4.04227,4.25113,3.88778,4.10916,37696.92
2021-03-24,4.10916,4.52404,3.9,3.97026,59103.36
2021-03-25,3.97026,4.12969,3.68264,3.94874,62980.01
2021-03-26,3.94874,4.18804,3.92932,4.17063,28474.87
2021-03-27,4.17063,4.21498,4.03708,4.13567,30830.25
2021-03-28,4.13567,4.34274,4.0515,4.2544,34323.11
2021-03-29,4.2544,4.60146,4.17015,4.57886,60883.91
2021-03-30,4.57886,4.77984,4.54927,4.55668,47104.38
2021-03-31,4.55668,4.87367,4.23234,4.8222,70193.24
2021-04-01,4.8222,5.34434,4.74857,5.11399,109055.99
2021-04-02,5.11399,5.3709,4.97338,5.29848,73189.63
2021-04-03,5.29848,5.40302,4.74715,4.76359,84084.22
2021-04-04,4.76359,5.19417,4.68495,5.12188,60234.67
2021-04-05,5.12188,6.44823,4.9855,6.07965,159093.46
2021-04-06,6.07965,6.78189,5.86979,6.14772,230472.32
2021-04-07,6.14772,6.46543,5.37671,5.51673,174757.38
2021-04-08,5.51673,6.22648,5.47599,6.15681,97516.69
2021-04-09,6.15681,6.8855,6.01009,6.82362,136791.14
2021-04-10,6.82362,7.20452,6.25419,6.56018,148723.18
2021-04-11,6.56018,6.67349,6.2959,6.44801,65205.81
2021-04-12,6.44801,6.46835,6.10148,6.27738,57527.64
2021-04-13,6.27738,6.67945,6.10382,6.5474,57270.37
2021-04-14,6.5474,6.9097,6.1669,6.57184,103432.83
2021-04-15,6.57184,6.90801,6.38089,6.79459,68585.03
2021-04-16,6.79459,7.47074,6.55981,7.20096,160517.35
2021-04-17,7.20096,7.66108,6.97898,7.05956,114478.1
2021-04-18,7.05956,7.16168,5.19381,6.17987,258154.2
2021-04-19,6.17987,6.41051,5.32282,5.45405,116405.67
2021-04-20,5.45405,5.71525,4.95756,5.69856,155775.79
2021-04-21,5.69856,5.82798,5.31884,5.3363,117867.0
2021-04-22,5.3363,5.75071,4.85126,4.93895,92567.19
2021-04-23,4.93895,5.06324,4.03348,4.81116,409757.24
2021-04-24,4.81116,4.81708,4.40654,4.44029,66190.1
2021-04-25,4.44029,4.78573,4.23642,4.44411,52886.85
2021-04-26,4.44411,5.34001,4.39625,5.22344,72832.27
2021-04-27,5.22344,5.4835,5.15337,5.42884,46310.2
2021-04-28,5.42884,5.54341,5.07878,5.24746,45764.26
2021-04-29,5.24746,5.42493,5.10471,5.23689,38271.65
2021-04-30,5.23689,5.64451,5.12911,5.60888,36973.65
2021-05-01,5.60888,5.88463,5.49187,5.8171,29109.64
2021-05-02,5.8171,5.85137,5.46173,5.60575,32220.63
2021-05-03,5.60575,6.09459,5.59429,6.00039,32019.2
2021-05-04,6.00039,6.05224,5.43912,5.49378,71904.93
2021-05-05,5.49378,6.69845,5.41614,6.6028,76674.13
2021-05-06,6.6028,8.0451,6.45434,7.57233,110369.88
2021-05-07,7.57233,8.42548,6.77694,7.09564,164857.78
2021-05-08,7.09564,7.28782,6.8232,6.96819,104691.1
2021-05-09,6.96819,7.15142,6.50491,7.09393,48587.52
2021-05-10,7.09393,7.2461,5.90817,6.18778,70265.83
2021-05-11,6.18778,7.24695,5.92877,7.10899,102371.71
2021-05-12,7.10899,7.3277,5.86536,5.91631,85321.32
2021-05-13,5.91631,6.40573,5.7186,6.12641,99227.09
2021-05-14,6.12641,6.50422,6.04181,6.47346,57552.15
2021-05-15,6.47346,6.50766,5.74333,5.77396,63720.41
2021-05-16,5.77396,6.21743,5.36004,5.67856,69165.37
2021-05-17,5.67856,5.67856,5.04623,5.17711,83362.67
2021-05-18,5.17711,5.94223,5.10546,5.73429,63135.24
2021-05-19,5.73429,5.82883,2.84281,3.60595,253198.15
2021-05-20,3.60595,4.46638,3.16679,4.18584,123377.23
2021-05-21,4.18584,4.38914,3.12347,3.67295,68949.42
2021-05-22,3.67295,3.73701,3.22847,3.43075,42403.24
2021-05-23,3.43075,3.59766,2.44131,2.9123,42189.04
2021-05-24,2.9123,3.61017,2.83376,3.53437,26880.96
2021-05-25,3.53437,3.74385,3.25086,3.66051,24925.26
2021-05-26,3.66051,3.96987,3.58218,3.91952,21712.14
2021-05-27,3.91952,4.16122,3.58279,3.8633,27165.38
2021-05-28,3.8633,3.92628,3.25729,3.39429,30808.5
2021-05-29,3.39429,3.56576,3.04172,3.2056,25641.02
2021-05-30,3.2056,3.44436,3.02543,3.29144,21752.19
2021-05-31,3.29144,3.60577,3.15091,3.60328,23430.38
2021-06-01,3.60328,3.69451,3.44215,3.66964,18125.64
2021-06-02,3.66964,3.87004,3.58025,3.81463,18338.0
2021-06-03,3.81463,3.98192,3.73179,3.87607,16339.0
2021-06-04,3.87607,3.89862,3.37403,3.55486,22868.97
2021-06-05,3.55486,3.68521,3.27161,3.42646,17745.29
2021-06-06,3.42646,3.89586,3.4097,3.84087,25831.0
2021-06-07,3.84087,4.13078,3.43845,3.4813,26586.57
2021-06-08,3.4813,3.57354,3.08282,3.45046,18788.24
2021-06-09,3.45046,3.52528,3.23163,3.50684,24255.59
2021-06-10,3.50684,3.53981,3.19743,3.27083,21303.11
2021-06-11,3.27083,3.3676,3.08728,3.13168,23149.68
2021-06-12,3.13168,3.21974,2.92322,3.13465,25624.41
2021-06-13,3.13465,3.31822,3.00348,3.31059,21427.41
2021-06-14,3.31059,3.35174,3.19101,3.34899,21801.78
2021-06-15,3.34899,3.38876,3.21929,3.27363,22839.73
2021-06-16,3.27363,3.3247,3.09299,3.11546,29851.81
2021-06-17,3.11546,3.43272,3.11546,3.37167,44316.42
2021-06-18,3.37167,3.38153,2.99848,3.09347,29253.82
2021-06-19,3.09347,3.17314,3.02321,3.03336,24679.02
2021-06-20,3.03336,3.11271,2.87896,3.07654,25334.07
2021-06-21,3.07654,3.09324,2.48325,2.48777,27154.1
2021-06-22,2.48777,2.65197,2.12666,2.36658,38327.19
2021-06-23,2.36658,2.78024,2.27929,2.68453,26827.94
2021-06-24,2.68453,2.8438,2.57556,2.82598,24263.41
2021-06-25,2.82598,2.87473,2.48816,2.52901,24920.34
2021-06-26,2.52901,2.6168,2.39094,2.53801,39044.96
2021-06-27,2.53801,2.62438,2.45499,2.62126,31074.2
2021-06-28,2.62126,2.73522,2.56545,2.69952,27162.82
2021-06-29,2.69952,2.98756,2.69952,2.96026,26932.98
2021-06-30,2.96026,3.04215,2.7552,3.04215,22721.72
2021-07-01,3.04215,3.0603,2.84418,2.94362,22039.84
2021-07-02,2.94362,2.97634,2.7522,2.95132,25244.13
2021-07-03,2.95132,3.02329,2.87388,3.02315,27619.01
2021-07-04,3.02315,3.10982,2.91341,3.04394,26895.4
2021-07-05,3.04394,3.04394,2.79598,2.82984,26707.63
2021-07-06,2.82984,2.97971,2.80452,2.86567,29295.23
2021-07-07,2.86567,2.96099,2.8175,2.87407,28983.77
2021-07-08,2.87407,2.89405,2.6252,2.69695,27253.89
2021-07-09,2.69695,2.79683,2.58209,2.75265,29655.74
2021-07-10,2.75265,2.83486,2.69895,2.78369,25579.08
2021-07-11,2.78369,2.88648,2.73546,2.84019,34500.09
2021-07-12,2.84019,2.95298,2.76271,2.81238,26491.24
2021-07-13,2.81238,2.9146,2.76697,2.80638,26326.64
2021-07-14,2.80638,2.81484,2.54113,2.71507,26584.32
2021-07-15,2.71507,2.7471,2.52951,2.57997,26117.85
2021-07-16,2.57997,2.63901,2.40321,2.40911,32764.94
2021-07-17,2.40911,2.48071,2.37364,2.40536,33440.4
2021-07-18,2.40536,2.49148,2.38777,2.42937,56246.48
2021-07-19,2.42937,2.44699,2.26544,2.28575,113523.79
2021-07-20,2.28575,2.33165,2.1024,2.15181,139131.0
2021-07-21,2.15181,2.43386,2.10455,2.3956,106198.75
2021-07-22,2.3956,2.50682,2.33723,2.50285,62335.03
2021-07-23,2.50285,2.69093,2.49677,2.68562,64231.46
2021-07-24,2.68562,2.81678,2.6512,2.81576,91556.19
2021-07-25,2.81576,2.90289,2.7218,2.88691,103935.85
2021-07-26,2.88691,3.11316,2.8268,2.83998,172039.01
2021-07-27,2.83998,2.92647,2.74135,2.86122,107175.2
2021-07-28,2.86122,2.8979,2.76123,2.80638,86113.67
2021-07-29,2.80638,2.86229,2.74032,2.84845,60463.76
2021-07-30,2.84845,2.96799,2.76814,2.96799,78339.24
2021-07-31,2.96799,3.10274,2.92796,3.04149,70175.49
2021-08-01,3.04149,3.17597,2.90935,2.95482,127605.81
2021-08-02,2.95482,3.30404,2.8942,3.12844,108691.51
2021-08-03,3.12844,3.1987,2.97681,3.05374,99102.25
2021-08-04,3.05374,3.18998,2.99625,3.17806,60331.7
2021-08-05,3.17806,3.2671,3.08202,3.21961,97182.75
2021-08-06,3.21961,3.36176,3.15295,3.35495,59698.29
2021-08-07,3.35495,3.53384,3.30768,3.42207,107548.4
2021-08-08,3.42207,3.48685,3.15926,3.18539,95868.54
2021-08-09,3.18539,3.34476,3.10741,3.28546,86493.29
2021-08-10,3.28546,3.34673,3.18634,3.2636,85114.89
2021-08-11,3.2636,3.55648,3.26137,3.45296,100704.79
2021-08-12,3.45296,3.60658,3.2213,3.34738,147336.43
2021-08-13,3.34738,3.59329,3.3013,3.58961,104881.19
2021-08-14,3.58961,3.7157,3.46962,3.69702,135927.24
2021-08-15,3.69702,3.75769,3.55326,3.73687,97633.03
2021-08-16,3.73687,3.88875,3.61234,3.63457,104439.26
2021-08-17,3.63457,3.80044,3.38172,3.40433,147109.89
2021-08-18,3.40433,3.4672,3.23627,3.34118,157947.64
2021-08-19,3.34118,3.64585,3.28878,3.6373,272163.08
2021-08-20,3.6373,3.73016,3.58439,3.72429,306726.29
2021-08-21,3.72429,3.82995,3.6173,3.6927,368190.93
2021-08-22,3.6927,3.88194,3.67267,3.79835,294178.52
2021-08-23,3.79835,4.34167,3.77686,4.30878,473781.07
2021-08-24,4.30878,4.46934,3.89308,3.96194,618509.95
2021-08-25,3.96194,5.40954,3.96051,5.10012,1222498.71
2021-08-26,5.10012,5.10918,4.31749,4.43689,927560.25
2021-08-27,4.43689,5.51194,4.25722,5.23142,949610.77
2021-08-28,5.23142,5.6831,5.02052,5.62872,643642.65
2021-08-29,5.62872,6.12617,5.39786,5.89138,1122041.48
2021-08-30,5.89138,5.99935,5.29338,5.38379,916353.04
2021-08-31,5.38379,5.59417,5.00999,5.16307,605096.19
2021-09-01,5.16307,5.49996,5.01368,5.42308,278618.88
2021-09-02,5.42308,5.43536,5.20984,5.2959,139749.1
2021-09-03,5.2959,5.47416,5.12172,5.31141,154171.18
2021-09-04,5.31141,5.59124,5.24824,5.40097,189369.57
2021-09-05,5.40097,5.58812,5.26955,5.56364,197612.02
2021-09-06,5.56364,5.7638,5.40214,5.59417,289663.14
2021-09-07,5.59417,5.7126,3.91941,4.39742,647440.19
2021-09-08,4.39742,4.50384,3.91021,4.3344,419091.14
2021-09-09,4.3344,5.68207,4.27184,5.58278,562591.41
2021-09-10,5.58278,6.85632,5.32486,6.17121,1295098.58
2021-09-11,6.17121,6.94295,6.05832,6.11943,711793.15
2021-09-12,6.11943,7.22981,5.91499,7.0366,586642.06
2021-09-13,7.0366,7.88178,6.30106,7.17448,1198113.78
2021-09-14,7.17448,8.0101,6.83915,7.10699,465838.72
2021-09-15,7.10699,7.63316,6.73803,6.88842,170295.67
2021-09-16,6.88842,7.03551,6.46951,6.95379,144785.46
2021-09-17,6.95379,6.96144,6.05635,6.11258,146948.94
2021-09-18,6.11258,6.71913,5.92818,6.4023,127453.52
2021-09-19,6.4023,6.91864,6.12413,6.50513,190581.68
2021-09-20,6.50513,6.54157,5.06515,5.28378,307760.19
2021-09-21,5.28378,5.51,4.49105,4.6685,258239.16
2021-09-22,4.6685,5.61988,4.52085,5.58234,195803.63
2021-09-23,5.58234,6.58155,5.5132,6.20816,230377.75
2021-09-24,6.20816,7.39273,5.81507,7.00644,390907.13
2021-09-25,7.00644,7.49106,6.79,6.82531,243002.72
2021-09-26,6.82531,7.06293,6.43486,6.51726,232721.69
2021-09-27,6.51726,6.65472,6.01,6.0328,158052.34
2021-09-28,6.0328,6.25873,5.44493,5.47268,180872.54
2021-09-29,5.47268,6.07086,5.3562,5.64145,173964.87
2021-09-30,5.64145,6.0781,5.59887,6.0747,153044.94
2021-10-01,6.0747,6.80488,6.01863,6.68905,161973.8
2021-10-02,6.68905,7.77577,6.53384,7.35651,226511.37
2021-10-03,7.35651,8.92411,7.34949,8.70588,322164.24
2021-10-04,8.70588,9.17021,8.15,8.32968,436197.31
2021-10-05,8.32968,8.53035,7.66052,7.94115,141958.05
2021-10-06,7.94115,8.51071,7.15288,7.75091,220998.78
2021-10-07,7.75091,8.05162,7.3877,7.6,186091.66
2021-10-08,7.6,7.79047,7.23419,7.2898,100405.74
2021-10-09,7.2898,7.62832,7.20871,7.6211,63050.16
2021-10-10,7.6211,8.0776,6.94064,6.9798,128188.13
2021-10-11,6.9798,7.38562,6.6456,6.90334,97543.54
2021-10-12,6.90334,7.26433,6.61528,7.09595,166968.89
2021-10-13,7.09595,7.31312,6.84897,7.30191,85804.93
2021-10-14,7.30191,7.40443,7.06436,7.13399,57427.09
2021-10-15,7.13399,7.14271,6.74315,6.84134,62525.07
2021-10-16,6.84134,7.13299,6.84014,6.89679,47366.02
2021-10-17,6.89679,6.9805,6.36245,6.62195,48492.49
2021-10-18,6.62195,6.66859,6.38246,6.54906,44811.92
2021-10-19,6.54906,6.88968,6.51315,6.75174,62736.62
2021-10-20,6.75174,7.12248,6.57578,7.01274,51725.28
2021-10-21,7.01274,7.13542,6.61535,6.64581,67206.0
2021-10-22,6.64581,6.89381,6.56653,6.69984,45900.84
2021-10-23,6.69984,6.8156,6.63761,6.73314,32312.57
2021-10-24,6.73314,6.73944,6.2815,6.47993,63603.5
2021-10-25,6.47993,6.71503,6.42539,6.6315,82123.35
2021-10-26,6.6315,7.17205,6.6218,6.81974,242882.75
2021-10-27,6.81974,6.88563,5.3707,5.88828,297958.01
2021-10-28,5.88828,6.25831,5.81147,6.13993,284641.75
2021-10-29,6.13993,6.73863,6.07664,6.56463,209824.85
2021-10-30,6.56463,6.78743,6.18376,6.30684,205541.44
2021-10-31,6.30684,6.54743,6.01851,6.3516,212183.31
2021-11-01,6.3516,6.3719,6.05157,6.24477,144575.15
2021-11-02,6.24477,6.35696,6.14062,6.2549,86662.98
2021-11-03,6.2549,6.4867,6.05782,6.30611,226958.97
2021-11-04,6.30611,6.47619,6.101,6.33662,118819.64
2021-11-05,6.33662,6.86116,6.23099,6.47508,255232.35
2021-11-06,6.47508,6.8166,6.2446,6.43004,158583.98
2021-11-07,6.43004,6.45977,6.30682,6.36826,52777.51
2021-11-08,6.36826,6.56059,6.28652,6.5,84287.9
2021-11-09,6.5,6.61695,6.24868,6.29847,134007.4
2021-11-10,6.29847,6.46743,5.32294,5.77845,328504.51
2021-11-11,5.77845,6.05139,5.70163,5.86558,192615.62
2021-11-12,5.86558,5.98654,5.5621,5.76876,172512.69
2021-11-13,5.76876,5.98971,5.66603,5.89244,106591.25
2021-11-14,5.89244,6.06257,5.69318,5.82806,72070.75
2021-11-15,5.82806,5.96085,5.67901,5.71662,81002.58
2021-11-16,5.71662,5.71749,4.96963,5.20926,428762.3
2021-11-17,5.20926,5.32288,4.98157,5.24513,277576.43
2021-11-18,5.24513,5.27178,4.64688,4.77963,351948.54
2021-11-19,4.77963,5.31822,4.68405,5.27266,248926.69
2021-11-20,5.27266,5.59803,5.27035,5.52031,184583.78
2021-11-21,5.52031,5.55639,5.211,5.22303,117242.09
2021-11-22,5.22303,5.23077,4.90435,5.01555,220309.55
2021-11-23,5.01555,5.20841,4.93207,5.10569,154738.15
2021-11-24,5.10569,5.1622,4.79133,4.8884,166949.75
2021-11-25,4.8884,5.17427,4.82822,5.0649,126218.16
2021-11-26,5.0649,5.20218,4.51306,4.64308,217057.66
2021-11-27,4.64308,4.77143,4.56953,4.61704,108436.3
2021-11-28,4.61704,4.65382,4.27404,4.64991,199935.29
2021-11-29,4.64991,5.76328,4.63172,5.61511,403247.82
2021-11-30,5.61511,5.92329,5.24233,5.47634,590400.54
2021-12-01,5.47634,5.51165,5.12864,5.21744,251741.68
2021-12-02,5.21744,5.31878,5.01354,5.09599,218001.35
2021-12-03,5.09599,5.35734,4.66757,4.79858,327397.48
2021-12-04,4.79858,4.80816,3.2742,4.1412,966401.08
2021-12-05,4.1412,4.23859,3.75393,3.86461,501220.47
2021-12-06,3.86461,4.19542,3.682,4.16701,724650.67
2021-12-07,4.16701,5.68208,4.06363,5.66717,899837.12
2021-12-08,5.66717,6.0,5.14504,5.67119,1122729.36
2021-12-09,5.67119,6.17697,4.8286,4.83712,752851.32
2021-12-10,4.83712,4.96943,4.31579,4.34979,511352.31
2021-12-11,4.34979,4.61123,4.25175,4.50159,325400.8
2021-12-12,4.50159,4.67219,4.32488,4.51158,191359.54
2021-12-13,4.51158,4.52677,3.92817,4.04883,395777.5
2021-12-14,4.04883,4.59873,4.03633,4.50539,609375.1
2021-12-15,4.50539,4.54595,4.05894,4.50057,394962.29
2021-12-16,4.50057,4.69656,4.3053,4.30825,181574.96
2021-12-17,4.30825,4.37475,4.07449,4.15502,127613.12
2021-12-18,4.15502,4.32992,4.0823,4.23933,90115.31
2021-12-19,4.23933,4.30447,4.12,4.12788,62926.07
2021-12-20,4.12788,4.24065,3.87426,4.08602,128322.42
2021-12-21,4.08602,4.2543,4.05719,4.23108,49850.41
2021-12-22,4.23108,4.67444,4.23108,4.52099,105906.66
2021-12-23,4.52099,4.8107,4.45593,4.7658,132969.96
2021-12-24,4.7658,4.80331,4.44547,4.47589,124541.32
2021-12-25,4.47589,4.70092,4.45287,4.59863,69513.16
2021-12-26,4.59863,4.90204,4.46009,4.85135,113983.88
2021-12-27,4.85135,5.16037,4.76919,5.08822,100844.01
2021-12-28,5.08822,5.08896,4.43018,4.4701,176201.07
2021-12-29,4.4701,4.53749,4.22356,4.34844,107025.32
2021-12-30,4.34844,4.51483,4.2279,4.3456,114227.96
2021-12-31,4.3456,4.50512,4.19779,4.35003,96341.83
2022-01-01,4.35003,4.74692,4.34486,4.73755,107894.81
2022-01-02,4.73755,4.78073,4.59012,4.66634,56266.37
2022-01-03,4.66634,5.02658,4.5117,4.79812,123396.16
2022-01-04,4.79812,5.35828,4.58905,5.00539,201274.16
2022-01-05,5.00539,5.2933,4.28294,4.5031,232298.95
2022-01-06,4.5031,4.53132,4.21597,4.45253,192622.53
2022-01-07,4.45253,4.46978,4.0658,4.25481,214185.35
2022-01-08,4.25481,4.36213,3.87838,4.00498,112218.02
2022-01-09,4.00498,4.28838,3.97,4.2212,28022.1
2022-01-10,4.2212,4.24812,3.79622,4.02676,114810.68
2022-01-11,4.02676,4.21679,3.94241,4.16931,59635.05
2022-01-12,4.16931,4.42143,4.15348,4.38317,77801.38
2022-01-13,4.38317,4.41578,4.09759,4.14303,77490.78
2022-01-14,4.10911,4.31352,4.09021,4.28682,81103.79
2022-01-15,4.28682,4.35617,4.2324,4.27996,34681.82
2022-01-16,4.27996,4.3387,4.20226,4.29133,45113.3
2022-01-17,4.29133,4.30682,4.00821,4.05129,67908.13
2022-01-18,4.05129,4.20324,3.94092,4.1061,96627.39
2022-01-19,4.1061,4.12586,3.81311,3.87965,82044.66
2022-01-20,3.87965,4.08165,3.68483,3.69829,67558.0
2022-01-21,3.69829,3.76352,3.2732,3.3406,287009.46
2022-01-22,3.3406,3.43195,2.71021,2.95343,473117.65
2022-01-23,2.95343,3.15262,2.84203,3.07439,187892.51
2022-01-24,3.07439,3.07532,2.54757,2.96591,308942.53
2022-01-25,2.96591,3.0,2.85079,2.91682,160860.48
2022-01-26,2.91682,3.22256,2.85761,2.9434,170540.23
2022-01-27,2.9434,3.04961,2.74099,2.90552,172409.86
2022-01-28,2.90552,3.04499,2.83738,3.02663,175660.33
2022-01-29,3.02663,3.12487,3.01357,3.08986,80702.19
2022-01-30,3.08986,3.48708,3.08902,3.26928,189348.95
2022-01-31,3.26928,3.51766,3.11302,3.48959,140922.57
2022-02-01,3.48959,3.7625,3.48385,3.7473,119348.24
2022-02-02,3.7473,3.87919,3.58048,3.7476,218963.88
2022-02-03,3.7476,3.96288,3.62732,3.83253,234088.77
2022-02-04,3.83253,4.02065,3.67746,4.01183,142047.21
2022-02-05,4.01183,4.07422,3.86759,3.93871,110557.67
2022-02-06,3.93871,3.99624,3.77128,3.92122,86575.19
2022-02-07,3.92122,4.16556,3.84038,4.13133,103614.29
2022-02-08,4.13133,4.45196,4.01612,4.38933,225512.62
2022-02-09,4.38933,4.59146,4.335,4.44061,134371.52
2022-02-10,4.44061,4.56952,4.11407,4.12865,100675.64
2022-02-11,4.12865,4.46065,4.02723,4.31406,271019.0
2022-02-12,4.31406,4.42424,4.05437,4.10028,263491.22
2022-02-13,4.10028,4.12335,3.81743,3.85295,58050.28
2022-02-14,3.85295,3.98544,3.73388,3.94719,119053.73
2022-02-15,3.94719,4.1791,3.9016,4.14655,81557.31
2022-02-16,4.14655,4.17874,3.95018,4.03612,78106.21
2022-02-17,4.03612,4.04938,3.61688,3.66962,131003.75
2022-02-18,3.66962,3.85525,3.59245,3.62621,109214.35
2022-02-19,3.62621,3.69398,3.48446,3.6054,72284.22
2022-02-20,3.6054,3.6054,3.22147,3.26694,98689.15
2022-02-21,3.26694,3.47389,2.96393,2.97105,209226.31
2022-02-22,2.97105,3.06944,2.81381,3.06679,230760.02
2022-02-23,3.06679,3.22178,2.93573,2.93574,167008.99
2022-02-24,2.93574,3.06473,2.56647,3.03029,506480.67
2022-02-25,3.03029,3.24709,2.96249,3.20361,227176.41
2022-02-26,3.20361,3.48265,3.20167,3.40917,194763.41
2022-02-27,3.40917,3.4442,3.05999,3.11417,193421.35
2022-02-28,3.11417,3.55906,3.04,3.54073,141447.04
2022-03-01,3.54073,3.663,3.42731,3.49077,164157.89
2022-03-02,3.49077,3.64433,3.37639,3.48775,174216.17
2022-03-03,3.48775,3.52334,3.30979,3.39346,132309.33
2022-03-04,3.39346,3.39426,3.04499,3.0768,131563.87
2022-03-05,3.0768,3.16447,2.98541,3.14465,89902.31
2022-03-06,3.14465,3.17187,2.96394,2.96777,86039.65
2022-03-07,2.96777,3.07422,2.84555,2.92637,118112.76
2022-03-08,2.92637,3.04038,2.91309,3.01038,117118.51
2022-03-09,3.01038,3.18399,3.01038,3.17563,74937.46
2022-03-10,3.17563,3.23012,2.96651,3.05214,128342.39
2022-03-11,3.05214,3.10249,2.96249,2.98649,128474.0
2022-03-12,2.98649,3.07841,2.98275,3.02443,71762.27
2022-03-13,3.02443,3.0813,2.9049,2.90791,169412.7
2022-03-14,2.90791,3.0124,2.86286,2.99946,231318.34
2022-03-15,2.99946,3.01109,2.88605,2.96841,207071.02
2022-03-16,2.96841,3.10252,2.92509,3.10146,506295.39
2022-03-17,3.10146,3.1565,3.06386,3.08214,61922.32
2022-03-18,3.08214,3.17201,3.01879,3.15344,103594.87
2022-03-19,3.15344,3.29701,3.15141,3.257,117893.49
2022-03-20,3.257,3.42914,3.20664,3.3339,281950.37
2022-03-21,3.3339,3.33599,3.19751,3.24061,127561.28
2022-03-22,3.24061,3.38718,3.22518,3.29758,148473.31
2022-03-23,3.29758,3.56839,3.29372,3.45365,229148.89
2022-03-24,3.45365,3.56494,3.41516,3.53262,149313.37
2022-03-25,3.53262,3.58052,3.4358,3.51576,154041.26
2022-03-26,3.51576,3.78591,3.47763,3.65655,207767.43
2022-03-27,3.65655,3.86598,3.6418,3.85953,154159.98
2022-03-28,3.85953,3.98082,3.68649,3.70898,201793.72
2022-03-29,3.70898,3.92272,3.70501,3.796,199669.41
2022-03-30,3.796,3.88092,3.65562,3.83047,111739.09
2022-03-31,3.83047,4.02102,3.66592,3.72028,187286.04
2022-04-01,3.72028,3.97352,3.54167,3.90417,96122.24
2022-04-02,3.90417,4.12677,3.88767,3.90963,224072.99
2022-04-03,3.90963,4.06326,3.88957,4.04378,73214.36
2022-04-04,4.04378,4.04378,3.71804,3.89955,80335.43
2022-04-05,3.89955,3.92699,3.65778,3.67441,49485.81
2022-04-06,3.67441,3.67486,3.23695,3.28937,153659.68
2022-04-07,3.28937,3.43103,3.24064,3.38282,123043.07
2022-04-08,3.38282,3.42097,3.13361,3.16889,112892.08
2022-04-09,3.16889,3.20812,3.07535,3.2071,72009.79
2022-04-10,3.2071,3.29818,3.11032,3.12113,57029.94
2022-04-11,3.12113,3.14187,2.94617,2.95858,146540.07
2022-04-12,2.95858,3.19836,2.94608,3.06394,90128.65
2022-04-13,3.06394,3.19593,3.03558,3.17504,37706.93
2022-04-14,3.17504,3.27787,3.06858,3.09478,56732.96
2022-04-15,3.09478,3.23818,3.09233,3.19445,120636.5
2022-04-16,3.19445,3.29095,3.16173,3.28125,45714.96
2022-04-17,3.28125,3.29142,3.07879,3.08609,50763.47
2022-04-18,3.08609,3.18461,2.93316,3.1746,108505.52
2022-04-19,3.1746,3.2613,3.12937,3.23171,37136.26
2022-04-20,3.23171,3.27006,3.09859,3.14472,98125.49
2022-04-21,3.14472,3.23489,2.97693,3.03192,90493.28
2022-04-22,3.03192,3.156,2.98377,3.08204,85876.3
2022-04-23,3.08204,3.09328,2.99125,3.00348,50578.6
2022-04-24,3.00348,3.04063,2.93226,2.96123,47514.5
2022-04-25,2.96123,2.96627,2.79606,2.95224,122466.96
2022-04-26,2.95224,2.96862,2.74835,2.74835,123106.4
2022-04-27,2.74835,2.85061,2.70677,2.81854,105347.21
2022-04-28,2.81854,2.85501,2.74095,2.80249,69987.33
2022-04-29,2.80249,2.81815,2.64273,2.68726,74775.83
2022-04-30,2.68726,2.74657,2.43356,2.53432,140857.45
2022-05-01,2.53432,2.60315,2.46738,2.57089,112561.5
2022-05-02,2.57089,2.60682,2.39604,2.49683,94616.32
2022-05-03,2.49683,2.5832,2.42446,2.48935,71749.66
2022-05-04,2.48935,2.74176,2.47588,2.70076,93779.39
2022-05-05,2.70076,2.87568,2.41549,2.48964,372116.1
2022-05-06,2.48964,2.52514,2.40367,2.50926,218207.77
2022-05-07,2.50926,2.64316,2.42162,2.51243,321080.14
2022-05-08,2.51243,2.6373,2.51212,2.55738,286123.26
2022-05-09,2.55738,2.66021,2.0054,2.01202,346940.08
2022-05-10,2.01202,2.2905,1.99726,2.11161,813758.41
2022-05-11,2.11161,2.18123,1.70276,1.78559,1237850.25
2022-05-12,1.78559,1.88746,1.46334,1.67673,1201749.94
2022-05-13,1.67673,1.93239,1.65961,1.76777,323567.9
2022-05-14,1.76777,1.86941,1.65495,1.82715,171130.71
2022-05-15,1.82715,1.92339,1.77679,1.91005,177029.85
2022-05-16,1.91005,1.91749,1.72236,1.77351,199281.48
2022-05-17,1.77351,1.87169,1.75235,1.85871,108881.04
2022-05-18,1.85871,1.88871,1.66781,1.67923,240015.81
2022-05-19,1.67923,1.77451,1.61536,1.74665,304284.16
2022-05-20,1.74665,1.80015,1.67589,1.74106,221188.24
2022-05-21,1.74106,1.86139,1.69998,1.82092,392036.15
2022-05-22,1.82092,2.0106,1.78377,1.97503,243789.58
2022-05-23,1.97503,2.063,1.86714,1.87413,261625.4
2022-05-24,1.87413,2.1566,1.85667,2.12156,446755.16
2022-05-25,2.12156,2.1451,1.99296,2.13051,246716.7
2022-05-26,2.13051,2.26019,1.818,1.86426,427087.22
2022-05-27,1.86426,1.89583,1.75984,1.8156,343704.05
2022-05-28,1.8156,1.9784,1.8075,1.97052,208947.44
2022-05-29,1.97052,2.0292,1.91703,1.98489,205343.05
2022-05-30,1.98489,2.20258,1.97175,2.13724,180056.99
2022-05-31,2.13724,2.19826,2.02255,2.09103,217954.27
2022-06-01,2.09103,2.12899,1.91494,1.94677,300912.21
2022-06-02,1.94677,2.01311,1.8637,1.98276,350072.05
2022-06-03,1.98276,1.98924,1.87251,1.90457,314401.82
2022-06-04,1.90457,1.92483,1.84339,1.9122,241821.95
2022-06-05,1.9122,1.99147,1.87064,1.95525,187053.16
2022-06-06,1.95525,2.17395,1.94873,2.06185,269913.59
2022-06-07,2.06185,2.20788,1.95161,2.06587,692538.91
2022-06-08,2.06587,2.16047,1.99192,2.09236,548426.1
2022-06-09,2.09236,2.26792,2.05608,2.22827,572600.08
2022-06-10,2.22827,2.35415,1.95382,1.96829,698080.14
2022-06-11,1.96829,2.06632,1.78876,1.79662,805459.73
2022-06-12,1.79662,1.85732,1.62681,1.6338,911695.57
2022-06-13,1.6338,1.65182,1.33953,1.39707,1484614.71
2022-06-14,1.39707,1.46855,1.28353,1.44886,1337951.83
2022-06-15,1.44886,1.53449,1.30029,1.53197,1319555.93
2022-06-16,1.53197,1.54958,1.3284,1.35993,891286.49
2022-06-17,1.35993,1.46906,1.34234,1.38921,671869.28
2022-06-18,1.38921,1.41629,1.19548,1.28612,709845.8
2022-06-19,1.28612,1.4135,1.20928,1.39074,674132.0
2022-06-20,1.39074,1.46421,1.3185,1.44378,535895.17
2022-06-21,1.44378,1.52617,1.38921,1.42934,283040.58
2022-06-22,1.42934,1.42934,1.33081,1.34071,214757.45
2022-06-23,1.34071,1.45154,1.33074,1.43856,136548.98
2022-06-24,1.43856,1.57911,1.43697,1.53417,150642.88
2022-06-25,1.53417,1.57862,1.45106,1.54562,151189.0
2022-06-26,1.54562,1.59602,1.43869,1.44374,138734.48
2022-06-27,1.44374,1.64224,1.43762,1.59681,290722.91
2022-06-28,1.59681,1.68228,1.50533,1.51205,251407.05
2022-06-29,1.51205,1.56513,1.45998,1.47771,213188.06
2022-06-30,1.47771,1.48418,1.34651,1.42811,262225.73
2022-07-01,1.42811,1.46912,1.33125,1.37547,232498.66
2022-07-02,1.37547,1.50902,1.35776,1.45378,320708.98
2022-07-03,1.45378,1.47285,1.39752,1.44782,198098.94
2022-07-04,1.44782,1.56374,1.43707,1.53573,228614.7
2022-07-05,1.53573,1.55726,1.42988,1.46974,205406.86
2022-07-06,1.46974,1.58416,1.45943,1.54481,232447.76
2022-07-07,1.54481,1.59369,1.53573,1.56878,171584.73
2022-07-08,1.56878,1.59987,1.50066,1.52902,132631.7
2022-07-09,1.52902,1.65344,1.52696,1.62284,215977.78
2022-07-10,1.62284,1.6645,1.53818,1.62583,243338.75
2022-07-11,1.62583,1.70825,1.56336,1.57328,393289.1
2022-07-12,1.57328,1.62342,1.42372,1.43409,238502.64
2022-07-13,1.43409,1.52078,1.4,1.52058,291338.85
2022-07-14,1.52058,1.58258,1.46137,1.56485,175414.76
2022-07-15,1.56485,1.61918,1.54821,1.57251,167154.52
2022-07-16,1.57251,1.63328,1.5392,1.60274,134145.46
2022-07-17,1.60274,1.64046,1.56521,1.57426,184030.03
2022-07-18,1.57426,1.74744,1.56705,1.73116,186973.65
2022-07-19,1.73116,1.7942,1.65779,1.74419,227472.53
2022-07-20,1.74419,1.77787,1.6024,1.62125,207040.95
2022-07-21,1.62125,1.6866,1.56174,1.67284,188570.86
2022-07-22,1.67284,1.7413,1.61179,1.63325,313502.51
2022-07-23,1.63325,1.68306,1.60176,1.65071,286232.04
2022-07-24,1.65071,1.72043,1.64972,1.68298,270033.22
2022-07-25,1.68298,1.68632,1.50676,1.50898,399167.5
2022-07-26,1.50898,1.55627,1.47485,1.55573,584389.95
2022-07-27,1.55573,1.64573,1.52757,1.64318,524732.56
2022-07-28,1.64318,1.74954,1.59925,1.71701,498127.0
2022-07-29,1.71701,1.77764,1.66298,1.70792,335202.73
2022-07-30,1.70792,1.86156,1.70792,1.81919,450766.76
2022-07-31,1.81919,1.8542,1.73269,1.73981,259892.65
2022-08-01,1.73981,1.85237,1.72348,1.80949,193408.73
2022-08-02,1.80949,1.83231,1.6766,1.71411,332738.54
2022-08-03,1.71411,1.78631,1.66615,1.71802,88950.85
2022-08-04,1.71802,1.85715,1.71429,1.81449,258879.36
2022-08-05,1.81449,1.888,1.80634,1.86322,123945.03
2022-08-06,1.86322,1.89998,1.84226,1.87887,92893.56
2022-08-07,1.87887,1.93314,1.84014,1.88833,79657.34
2022-08-08,1.88833,1.94692,1.86576,1.89359,101898.53
2022-08-09,1.89359,1.92189,1.7568,1.80227,99760.79
2022-08-10,1.80227,1.87617,1.74475,1.87394,120438.03
2022-08-11,1.87394,1.95619,1.87177,1.89931,92276.1
2022-08-12,1.89931,1.92417,1.85636,1.92381,89359.88
2022-08-13,1.92381,1.94358,1.89,1.91015,75692.08
2022-08-14,1.91015,1.95694,1.79738,1.81827,103117.82
2022-08-15,1.81827,1.8662,1.77484,1.81885,100211.85
2022-08-16,1.81885,1.90823,1.78075,1.88681,123579.79
2022-08-17,1.88681,2.03548,1.84665,1.88376,271398.65
2022-08-18,1.88376,1.88924,1.77781,1.78814,123709.93
2022-08-19,1.78814,1.78824,1.55105,1.57584,447502.05
2022-08-20,1.57584,1.63725,1.52262,1.55977,157215.09
2022-08-21,1.55977,1.64745,1.55067,1.63304,182267.15
2022-08-22,1.63304,1.63571,1.51963,1.58793,160343.18
2022-08-23,1.58793,1.60634,1.53757,1.59285,176826.75
2022-08-24,1.59285,1.64185,1.55526,1.59962,177797.98
2022-08-25,1.59962,1.68022,1.59613,1.66833,175796.53
2022-08-26,1.66833,1.67189,1.463,1.48273,350593.94
2022-08-27,1.48273,1.48909,1.43117,1.46222,152495.38
2022-08-28,1.46222,1.49283,1.42253,1.42713,138681.71
2022-08-29,1.42713,1.53509,1.41718,1.53015,126986.41
2022-08-30,1.53015,1.55016,1.4498,1.49526,165666.12
2022-08-31,1.49526,1.57936,1.4911,1.51011,203250.72
2022-09-01,1.51011,1.54024,1.47388,1.53996,118463.86
2022-09-02,1.53996,1.56367,1.46703,1.48934,109808.31
2022-09-03,1.48934,1.5272,1.46846,1.5222,132238.0
2022-09-04,1.5222,1.55733,1.51035,1.5565,74384.98
2022-09-05,1.5565,1.56576,1.50242,1.54539,107444.75
2022-09-06,1.54539,1.59149,1.42542,1.42591,234837.4
2022-09-07,1.42591,1.50323,1.40084,1.4877,153044.18
2022-09-08,1.4877,1.60112,1.47032,1.58609,257959.26
2022-09-09,1.58609,1.66416,1.58383,1.64307,224419.52
2022-09-10,1.64307,1.67911,1.62576,1.66242,205759.62
2022-09-11,1.66242,1.75661,1.64497,1.68327,272732.2
2022-09-12,1.68327,1.72404,1.6141,1.65544,220120.94
2022-09-13,1.65544,1.68817,1.52057,1.52939,382342.38
2022-09-14,1.52939,1.62139,1.51372,1.60452,300359.18
2022-09-15,1.60452,1.61237,1.50749,1.51973,352534.09
2022-09-16,1.51973,1.55572,1.49948,1.52023,175681.27
2022-09-17,1.52023,1.56624,1.52023,1.55114,62055.66
2022-09-18,1.55114,1.57028,1.4258,1.43773,174763.82
2022-09-19,1.43773,1.50651,1.40971,1.48232,222441.42
2022-09-20,1.48232,1.52334,1.45384,1.46316,187693.29
2022-09-21,1.46316,1.52251,1.38619,1.40782,486538.53
2022-09-22,1.40782,1.52487,1.40732,1.50766,222764.37
2022-09-23,1.50766,1.55089,1.42879,1.51573,262769.12
2022-09-24,1.51573,1.55561,1.46777,1.47538,168983.42
2022-09-25,1.47538,1.50755,1.43885,1.45715,142983.72
2022-09-26,1.45715,1.4773,1.42374,1.47424,190869.56
2022-09-27,1.47424,1.54149,1.42272,1.44186,339643.18
2022-09-28,1.44186,1.45501,1.3896,1.44107,585867.18
2022-09-29,1.44107,1.44846,1.40677,1.43877,278511.56
2022-09-30,1.43877,1.46286,1.40854,1.4227,574339.03
2022-10-01,1.4227,1.43468,1.39819,1.40931,260519.79
2022-10-02,1.40931,1.41932,1.36583,1.37587,463142.07
2022-10-03,1.37587,1.45247,1.35751,1.43726,416483.28
2022-10-04,1.43726,1.46919,1.42627,1.45717,357774.93
2022-10-05,1.45717,1.45945,1.40516,1.43085,266222.08
2022-10-06,1.43085,1.45444,1.41683,1.42748,344810.47
2022-10-07,1.42748,1.4344,1.39063,1.40924,277728.38
2022-10-08,1.40924,1.42615,1.39776,1.40665,188863.45
2022-10-09,1.40665,1.42911,1.40279,1.42746,190417.84
2022-10-10,1.42746,1.44168,1.36457,1.36958,373581.38
2022-10-11,1.36958,1.36958,1.32881,1.34216,502265.44
2022-10-12,1.34216,1.36391,1.33993,1.35181,339091.29
2022-10-13,1.35181,1.4221,1.26209,1.38361,1629918.93
2022-10-14,1.38361,1.43612,1.35459,1.36745,609724.44
2022-10-15,1.36745,1.38327,1.34364,1.35518,294423.83
2022-10-16,1.35518,1.37152,1.34031,1.35586,330456.37
2022-10-17,1.35586,1.39655,1.3434,1.38876,388606.38
2022-10-18,1.38876,1.40932,1.35113,1.37474,636930.47
2022-10-19,1.37474,1.38235,1.31769,1.32618,645357.43
2022-10-20,1.32618,1.35724,1.30883,1.32122,283307.83
2022-10-21,1.32122,1.35267,1.29387,1.3429,94717.27
2022-10-22,1.3429,1.35058,1.32771,1.34006,57890.01
2022-10-23,1.34006,1.38165,1.33007,1.37382,40246.7
2022-10-24,1.37382,1.40033,1.33765,1.35222,128984.53
2022-10-25,1.35222,1.41702,1.34574,1.3868,54527.7
2022-10-26,1.3868,1.4577,1.3867,1.43415,63637.53
2022-10-27,1.43415,1.48986,1.40267,1.4118,63758.49
2022-10-28,1.4118,1.46241,1.39468,1.44029,63239.54
2022-10-29,1.44029,1.48154,1.42671,1.44282,68034.6
2022-10-30,1.44282,1.48232,1.39704,1.42245,56915.8
2022-10-31,1.42245,1.47354,1.41144,1.4265,68929.28
2022-11-01,1.4265,1.43725,1.40189,1.41546,69149.9
2022-11-02,1.41546,1.42629,1.35052,1.38286,83270.03
2022-11-03,1.38286,1.42429,1.35683,1.36993,66377.13
2022-11-04,1.36993,1.44728,1.36031,1.44725,108425.34
2022-11-05,1.44725,1.47769,1.41956,1.44615,98283.53
2022-11-06,1.44615,1.45419,1.36695,1.3718,97137.38
2022-11-07,1.3718,1.40033,1.3346,1.36264,63102.61
2022-11-08,1.36264,1.38175,1.0664,1.17133,328266.97
2022-11-09,1.17133,1.18425,0.97853,1.01909,587278.51
2022-11-10,1.01909,1.15724,1.00563,1.14223,240125.45
2022-11-11,1.14223,1.15125,1.03474,1.06871,161554.97
2022-11-12,1.06871,1.07357,1.01501,1.03952,105083.78
2022-11-13,1.03952,1.06296,0.99274,1.00916,168289.19
2022-11-14,1.00916,1.03149,0.93723,1.01589,153176.57
2022-11-15,1.01589,1.04863,0.99897,1.02434,75275.04
2022-11-16,1.02434,1.03317,0.96821,0.98695,110565.35
2022-11-17,0.98695,0.99023,0.96226,0.97446,58007.3
2022-11-18,0.97446,0.99606,0.96466,0.98104,66022.68
2022-11-19,0.98104,1.00835,0.96374,0.99876,77146.15
2022-11-20,0.99876,1.01812,0.96982,0.97373,87299.71
2022-11-21,0.97373,0.97619,0.92502,0.93844,91383.53
2022-11-22,0.93844,0.96861,0.91389,0.96813,109334.65
2022-11-23,0.96813,1.00421,0.96378,1.00115,54063.45
2022-11-24,1.00115,1.02206,0.98791,1.00377,107879.38
2022-11-25,1.00377,1.00611,0.97436,0.98722,68792.74
2022-11-26,0.98722,1.01918,0.97572,0.98813,113418.25
2022-11-27,0.98813,1.01141,0.98062,0.98841,55199.88
2022-11-28,0.98841,1.00008,0.9475,0.97678,72972.61
2022-11-29,0.97678,0.99374,0.96967,0.9767,118534.11
2022-11-30,0.9767,1.02348,0.9767,1.01984,69300.64
2022-12-01,1.01984,1.02379,0.99211,1.00229,71234.23
2022-12-02,1.00229,1.04,0.99081,1.02812,71645.84
2022-12-03,1.02812,1.03135,0.99258,0.99424,48402.95
2022-12-04,0.99424,1.00738,0.99154,1.00521,48494.62
2022-12-05,1.00521,1.02939,0.99945,1.00483,49776.56
2022-12-06,1.00483,1.02621,1.00464,1.01256,49947.61
2022-12-07,1.01256,1.01838,0.96886,0.98416,68299.71
2022-12-08,0.98416,1.005,0.97282,1.00144,50734.89
2022-12-09,1.00144,1.0032,0.97967,0.98369,63875.67
2022-12-10,0.98369,1.00384,0.98332,0.9976,51826.31
2022-12-11,0.9976,1.00817,0.98773,0.98788,49009.25
2022-12-12,0.98788,0.98878,0.94806,0.95853,73535.39
2022-12-13,0.95853,0.98023,0.91676,0.9704,71802.6
2022-12-14,0.9704,0.98252,0.94613,0.94978,61729.65
2022-12-15,0.94978,0.9744,0.92329,0.95627,136213.75
2022-12-16,0.95627,0.96253,0.8243,0.83819,110055.31
2022-12-17,0.83819,0.86491,0.82538,0.84379,109605.85
2022-12-18,0.84379,0.84885,0.82582,0.8353,67582.95
2022-12-19,0.8353,0.84566,0.76045,0.77527,78338.72
2022-12-20,0.77527,0.81066,0.77485,0.80572,91125.29
2022-12-21,0.80572,0.8083,0.78875,0.80624,77153.78
2022-12-22,0.80624,0.81025,0.77773,0.80538,66472.58
2022-12-23,0.80538,0.81707,0.79576,0.8032,63565.86
2022-12-24,0.8032,0.80776,0.79732,0.79976,58189.04
2022-12-25,0.79976,0.80038,0.77363,0.78423,77224.32
2022-12-26,0.78423,0.79672,0.7819,0.79654,64521.43
2022-12-27,0.79654,0.79735,0.76518,0.77238,71621.98
2022-12-28,0.77238,0.77387,0.73,0.73627,93055.11
2022-12-29,0.73627,0.74322,0.70931,0.72519,92998.2
2022-12-30,0.72519,0.73205,0.69953,0.72207,82144.05
2022-12-31,0.72207,0.72769,0.71309,0.71584,67289.12
2023-01-01,0.71584,0.72108,0.70462,0.71934,71981.31
2023-01-02,0.71934,0.74514,0.70768,0.73935,90040.2
2023-01-03,0.73935,0.7595,0.73576,0.75442,101437.96
2023-01-04,0.75442,0.77602,0.74944,0.76735,86443.23
2023-01-05,0.76735,0.77776,0.74719,0.76243,91429.03
2023-01-06,0.76243,0.77238,0.74599,0.77164,113220.91
2023-01-07,0.77164,0.79574,0.77153,0.79143,63743.2
2023-01-08,0.79143,0.82619,0.78162,0.82208,79134.66
2023-01-09,0.82208,0.85359,0.81785,0.83071,87784.05
2023-01-10,0.83071,0.84524,0.8178,0.83177,90562.9
2023-01-11,0.83177,0.85921,0.8078,0.8585,82545.62
2023-01-12,0.8585,0.89345,0.83368,0.88919,137610.55
2023-01-13,0.88919,0.92894,0.87495,0.91712,81432.3
2023-01-14,0.91712,1.03954,0.91707,1.00725,150439.02
2023-01-15,1.00725,1.08397,0.97924,1.02485,135965.12
2023-01-16,1.02485,1.0479,0.99332,1.00812,125851.67
2023-01-17,1.00812,1.06368,0.98718,1.01573,155919.65
2023-01-18,1.01573,1.03826,0.94247,0.95372,107138.27
2023-01-19,0.95372,1.06751,0.95275,0.99182,82405.75
2023-01-20,0.99182,1.06883,0.9728,1.06468,80018.22
2023-01-21,1.06468,1.1853,1.05349,1.0991,133555.94
2023-01-22,1.0991,1.13838,1.08143,1.10948,112626.06
2023-01-23,1.10948,1.13038,1.09405,1.11216,66760.77
2023-01-24,1.11216,1.14999,1.04486,1.05651,77075.99
2023-01-25,1.05651,1.1172,1.0231,1.09322,83519.49
2023-01-26,1.09322,1.1153,1.07552,1.09212,69301.92
2023-01-27,1.09212,1.12617,1.06391,1.12456,57069.72
2023-01-28,1.12456,1.14497,1.08599,1.09637,69207.55
2023-01-29,1.09637,1.18472,1.08294,1.15963,181732.34
2023-01-30,1.15963,1.16165,1.039,1.0569,91963.75
2023-01-31,1.0569,1.07877,1.04585,1.05773,68482.26
2023-02-01,1.05773,1.09844,1.01447,1.09327,73647.99
2023-02-02,1.09327,1.13998,1.0792,1.08826,102943.48
2023-02-03,1.08826,1.15786,1.08638,1.14365,74424.78
2023-02-04,1.14365,1.17726,1.12637,1.1607,74820.64
2023-02-05,1.1607,1.23674,1.14194,1.1826,168976.96
2023-02-06,1.1826,1.18717,1.13626,1.14324,55567.1
2023-02-07,1.14324,1.22243,1.13566,1.21583,70382.61
2023-02-08,1.21583,1.26287,1.18271,1.22463,66538.1
2023-02-09,1.22463,1.23222,1.05345,1.07723,100807.84
2023-02-10,1.07723,1.10695,1.05833,1.08826,59892.21
2023-02-11,1.08826,1.09603,1.06474,1.08417,46124.81
2023-02-12,1.08417,1.11404,1.06033,1.07819,78154.84
2023-02-13,1.07819,1.08048,1.00451,1.03829,74147.36
2023-02-14,1.03829,1.0632,1.01793,1.0615,55230.1
2023-02-15,1.0615,1.15198,1.05001,1.14675,63201.72
2023-02-16,1.14675,1.17433,1.08588,1.09288,67379.13
2023-02-17,1.09288,1.16598,1.0888,1.15387,73928.63
2023-02-18,1.15387,1.19187,1.14519,1.1755,60142.58
2023-02-19,1.1755,1.21686,1.15936,1.18993,108715.56
2023-02-20,1.18993,1.27835,1.16243,1.25759,150245.1
2023-02-21,1.25759,1.29921,1.19439,1.21854,212520.69
2023-02-22,1.21854,1.46265,1.21662,1.43819,1264525.71
2023-02-23,1.43819,1.48259,1.33035,1.34915,273332.34
2023-02-24,1.34915,1.34925,1.21642,1.23572,97845.91
2023-02-25,1.23572,1.24569,1.15451,1.19492,68529.63
2023-02-26,1.19492,1.21928,1.18742,1.21377,45663.81
2023-02-27,1.21377,1.22343,1.16389,1.18453,49356.73
2023-02-28,1.18453,1.19214,1.13114,1.13741,85172.06
2023-03-01,1.13741,1.2029,1.13175,1.20204,115593.72
2023-03-02,1.20204,1.203,1.13831,1.17716,104217.28
2023-03-03,1.17716,1.17824,1.06,1.14426,205443.69
2023-03-04,1.14426,1.14926,1.08846,1.11194,111999.39
2023-03-05,1.11194,1.14568,1.10478,1.11526,91935.25
2023-03-06,1.11526,1.14504,1.09707,1.13627,128442.45
2023-03-07,1.13627,1.14561,1.08865,1.10745,187565.77
2023-03-08,1.10745,1.11267,1.019,1.02647,209600.33
2023-03-09,1.02647,1.06189,0.96617,0.98932,339864.36
2023-03-10,0.98932,1.01648,0.95743,1.0106,326954.28
2023-03-11,1.0106,1.02742,0.95306,0.98185,193423.18
2023-03-12,0.98185,1.05225,0.95968,1.04942,206058.68
2023-03-13,1.04942,1.10047,1.02522,1.08721,301532.01
2023-03-14,1.08721,1.24315,1.0646,1.19285,818248.77
2023-03-15,1.19285,1.23755,1.12,1.14584,441418.8
2023-03-16,1.14584,1.20341,1.12804,1.18575,317104.54
2023-03-17,1.18575,1.25266,1.17125,1.25266,302017.98
2023-03-18,1.25266,1.26009,1.1849,1.18731,227846.42
2023-03-19,1.18731,1.25931,1.18538,1.23864,225103.42
2023-03-20,1.23864,1.26588,1.16002,1.16231,319907.19
2023-03-21,1.16231,1.19451,1.13454,1.18633,314122.71
2023-03-22,1.18633,1.18745,1.0831,1.11281,327884.37
2023-03-23,1.11281,1.18621,1.11065,1.16391,222109.1
2023-03-24,1.16391,1.17738,1.11276,1.12913,200016.74
2023-03-25,1.12913,1.14228,1.09516,1.10916,121717.04
2023-03-26,1.10916,1.15096,1.10337,1.13837,144109.92
2023-03-27,1.13837,1.15266,1.05882,1.07727,197885.94
2023-03-28,1.07727,1.095,1.06283,1.08773,163354.42
2023-03-29,1.08773,1.14782,1.0868,1.13654,154453.63
2023-03-30,1.13654,1.15243,1.09234,1.10713,201890.94
2023-03-31,1.10713,1.13332,1.09079,1.11869,155573.05
2023-04-01,1.11869,1.13187,1.10944,1.12615,104962.51
2023-04-02,1.12615,1.13441,1.08702,1.09938,126943.62
2023-04-03,1.09938,1.12636,1.0749,1.11329,235389.28
2023-04-04,1.11329,1.12901,1.09754,1.11298,127710.91
2023-04-05,1.11298,1.15042,1.10783,1.13489,258975.17
2023-04-06,1.13489,1.1754,1.11553,1.13248,291319.8
2023-04-07,1.13248,1.13692,1.08295,1.10192,271371.41
2023-04-08,1.10192,1.10822,1.09547,1.09803,80647.11
2023-04-09,1.09803,1.10746,1.07619,1.10179,81148.72
2023-04-10,1.10179,1.12613,1.0872,1.11983,230743.13
2023-04-11,1.11983,1.12819,1.10536,1.11504,132289.64
2023-04-12,1.11504,1.11671,1.07815,1.09469,290444.81
2023-04-13,1.09469,1.12618,1.08437,1.12367,103836.42
2023-04-14,1.12367,1.16046,1.123,1.15274,189990.27
2023-04-15,1.15274,1.16267,1.13424,1.15728,127408.13
2023-04-16,1.15728,1.19061,1.14209,1.1789,249011.82
2023-04-17,1.1789,1.17976,1.13217,1.14096,151619.22
2023-04-18,1.14096,1.175,1.13185,1.16122,111447.36
2023-04-19,1.16122,1.16159,1.03907,1.05903,252671.97
2023-04-20,1.05903,1.06687,1.02286,1.02709,238643.8
2023-04-21,1.02709,1.04698,0.99225,1.0004,203569.83
2023-04-22,1.0004,1.03198,0.99849,1.02917,105359.76
2023-04-23,1.02917,1.03219,0.99582,1.01607,142913.16
2023-04-24,1.01607,1.03199,0.99293,1.00261,153164.39
2023-04-25,1.00261,1.02536,0.97491,1.0194,182940.51
2023-04-26,1.0194,1.05395,0.96,1.00489,215343.15
2023-04-27,1.00489,1.04197,1.00088,1.0319,267257.78
2023-04-28,1.0319,1.03221,1.00456,1.01222,293188.97
2023-04-29,1.01222,1.03029,1.00824,1.02653,106250.64
2023-04-30,1.02653,1.0322,0.99927,1.00235,109799.44
2023-05-01,1.00235,1.0117,0.97083,0.98434,156767.0
2023-05-02,0.98434,0.99473,0.97808,0.99043,123947.44
2023-05-03,0.99043,1.00285,0.96206,0.99677,136073.81
2023-05-04,0.99677,1.0058,0.98544,0.99263,124322.82
2023-05-05,0.99263,1.03209,0.98934,1.02101,214198.23
2023-05-06,1.02101,1.02697,0.97808,0.98159,154212.38
2023-05-07,0.98159,0.98387,0.96122,0.96393,128195.19
2023-05-08,0.96393,0.97061,0.88451,0.91159,248876.11
2023-05-09,0.91159,0.92172,0.89675,0.90642,141858.52
2023-05-10,0.90642,0.92404,0.87277,0.91828,209362.33
2023-05-11,0.91828,0.91828,0.86774,0.89387,32190.65
2023-05-12,0.89387,0.89623,0.85997,0.89547,29019.7
2023-05-13,0.89547,0.89623,0.88169,0.88414,30749.34
2023-05-14,0.88414,0.89687,0.87434,0.88844,24256.51
2023-05-15,0.88844,0.90503,0.87544,0.89164,32811.01
2023-05-16,0.89164,0.90246,0.87787,0.89941,39928.54
2023-05-17,0.89941,0.91954,0.88218,0.90969,33125.91
2023-05-18,0.90969,0.91706,0.89078,0.89956,25586.15
2023-05-19,0.89956,0.90503,0.88638,0.89367,21129.52
2023-05-20,0.89367,0.90499,0.8849,0.90363,20037.63
2023-05-21,0.90363,0.90503,0.89223,0.897,22685.25
2023-05-22,0.897,0.90071,0.88337,0.88997,23361.2
2023-05-23,0.88997,0.91021,0.88554,0.89612,25260.87
2023-05-24,0.89612,0.89628,0.85514,0.8707,27121.45
2023-05-25,0.8707,0.87491,0.85397,0.87172,30026.59
2023-05-26,0.87172,0.88541,0.86879,0.88323,37990.71
2023-05-27,0.88323,0.89679,0.87934,0.89581,25064.6
2023-05-28,0.89581,0.93158,0.89223,0.9272,39996.74
2023-05-29,0.9272,0.94181,0.92377,0.9338,36021.75
2023-05-30,0.9338,0.94855,0.92613,0.93207,20012.84
2023-05-31,0.93207,0.93583,0.89226,0.90489,28755.91
2023-06-01,0.90489,0.9081,0.88514,0.88869,27836.29
2023-06-02,0.88869,0.91075,0.87918,0.91038,25678.13
2023-06-03,0.91038,0.92051,0.90141,0.91574,23682.06
2023-06-04,0.91574,0.92473,0.90918,0.91413,40830.36
2023-06-05,0.91413,0.91533,0.825,0.85771,31058.82
2023-06-06,0.85771,0.88647,0.84211,0.88191,28290.97
2023-06-07,0.88191,0.88191,0.84171,0.84561,24451.1
2023-06-08,0.84561,0.84995,0.83359,0.84147,30198.43
2023-06-09,0.84147,0.84316,0.81994,0.82675,33081.71
2023-06-10,0.82675,0.82704,0.65325,0.7305,102416.83
2023-06-11,0.7305,0.73452,0.71253,0.72076,49315.54
2023-06-12,0.72076,0.72643,0.70642,0.72216,34264.44
2023-06-13,0.72216,0.75083,0.71722,0.72134,28476.35
2023-06-14,0.72134,0.79938,0.71156,0.72754,59666.03
2023-06-15,0.72754,0.76199,0.70368,0.72153,40047.19
2023-06-16,0.72153,0.72905,0.70393,0.71853,25380.95
2023-06-17,0.71853,0.73596,0.71293,0.72899,23794.87
2023-06-18,0.72899,0.74156,0.71664,0.71846,37574.25
2023-06-19,0.71846,0.73367,0.70916,0.72681,24560.51
2023-06-20,0.72681,0.73927,0.70847,0.73913,32954.3
2023-06-21,0.73913,0.77808,0.73814,0.77505,33240.98
2023-06-22,0.77505,0.79805,0.76293,0.76358,24389.04
2023-06-23,0.76358,0.80939,0.76323,0.79663,35415.49
2023-06-24,0.79663,0.82679,0.79326,0.82521,23858.83
2023-06-25,0.82521,0.85241,0.81762,0.82158,30558.71
2023-06-26,0.82158,0.8272,0.7887,0.79811,36376.5
2023-06-27,0.79811,0.81144,0.79435,0.80618,32781.92
2023-06-28,0.80618,0.80625,0.73909,0.76174,25682.22
2023-06-29,0.76174,0.7795,0.75705,0.76818,54651.25
2023-06-30,0.76818,0.82662,0.76171,0.8053,29593.82
2023-07-01,0.8053,0.83128,0.79867,0.82643,29375.34
2023-07-02,0.82643,0.83697,0.80657,0.8348,29387.59
2023-07-03,0.8348,0.86204,0.82962,0.84874,95043.85
2023-07-04,0.84874,0.86167,0.81874,0.82585,28327.25
2023-07-05,0.82585,0.83988,0.79609,0.80409,33205.7
2023-07-06,0.80409,0.82793,0.77668,0.78052,25283.26
2023-07-07,0.78052,0.79755,0.77413,0.79448,25269.41
2023-07-08,0.79448,0.81536,0.78866,0.81479,23780.46
2023-07-09,0.81479,0.82367,0.80846,0.81127,22134.79
2023-07-10,0.81127,0.82965,0.79706,0.81164,22335.87
2023-07-11,0.81164,0.83439,0.81042,0.82782,24490.99
2023-07-12,0.82782,0.84473,0.81435,0.82394,25057.0
2023-07-13,0.82394,0.90935,0.81845,0.90551,40618.93
2023-07-14,0.90551,0.92149,0.853,0.87652,31850.69
2023-07-15,0.87652,0.89904,0.86815,0.88074,51889.13
2023-07-16,0.88074,0.88435,0.85731,0.85944,32519.68
2023-07-17,0.85944,0.88631,0.84248,0.86354,34826.79
2023-07-18,0.86354,0.87088,0.82055,0.8267,43560.22
2023-07-19,0.8267,0.85141,0.82219,0.83969,25105.8
2023-07-20,0.83969,0.92833,0.83863,0.86697,89325.13
2023-07-21,0.86697,0.86764,0.84021,0.8503,26304.66
2023-07-22,0.8503,0.85673,0.83226,0.83705,94966.71
2023-07-23,0.83705,0.8852,0.83418,0.87559,53013.58
2023-07-24,0.87559,0.89099,0.80086,0.81004,53788.32
2023-07-25,0.81004,0.81773,0.80318,0.81366,30904.14
2023-07-26,0.81366,0.82416,0.80048,0.81557,37042.36
2023-07-27,0.81557,0.82771,0.79805,0.80884,56090.33
2023-07-28,0.80884,0.83055,0.80568,0.82798,34829.12
2023-07-29,0.82798,0.84295,0.82718,0.84288,21774.7
2023-07-30,0.84288,0.84637,0.81888,0.83494,24159.41
2023-07-31,0.83494,0.84845,0.8197,0.8253,25362.3
2023-08-01,0.8253,0.84225,0.79184,0.84194,40490.14
2023-08-02,0.84194,0.8588,0.8316,0.83649,26901.38
2023-08-03,0.83649,0.84508,0.8121,0.81702,58552.19
2023-08-04,0.81702,0.82018,0.80024,0.80934,26103.02
2023-08-05,0.80934,0.81198,0.79805,0.80702,24902.21
2023-08-06,0.80702,0.81589,0.80193,0.80591,21624.38
2023-08-07,0.80591,0.81091,0.77656,0.79179,29587.22
2023-08-08,0.79179,0.80749,0.78896,0.80176,35930.0
2023-08-09,0.80176,0.80601,0.78782,0.79442,44711.45
2023-08-10,0.79442,0.79912,0.78369,0.79143,25135.03
2023-08-11,0.79143,0.79765,0.78534,0.79427,27520.78
2023-08-12,0.79427,0.8047,0.78892,0.79233,25351.08
2023-08-13,0.79233,0.80098,0.78892,0.79205,28059.61
2023-08-14,0.79205,0.80775,0.78916,0.80021,48635.78
2023-08-15,0.80021,0.80021,0.7337,0.76426,45683.34
2023-08-16,0.76426,0.76795,0.72158,0.731,50240.86
2023-08-17,0.731,0.73755,0.62233,0.68273,45306.74
2023-08-18,0.68273,0.70501,0.68212,0.6994,44416.01
2023-08-19,0.6994,0.71199,0.69517,0.70825,27470.07
2023-08-20,0.70825,0.71251,0.69866,0.71122,24375.88
2023-08-21,0.71122,0.71327,0.67897,0.69796,37790.55
2023-08-22,0.69796,0.7022,0.66608,0.68891,53469.18
2023-08-23,0.68891,0.71369,0.68891,0.70834,33004.85
2023-08-24,0.70834,0.71148,0.69007,0.69552,36760.64
2023-08-25,0.69552,0.7024,0.68034,0.69757,55716.52
2023-08-26,0.69757,0.71211,0.67887,0.68009,39153.4
2023-08-27,0.68009,0.70093,0.6776,0.69955,31468.75
2023-08-28,0.69955,0.7087,0.69186,0.70651,31172.63
2023-08-29,0.70651,0.73859,0.68871,0.72863,44884.32
2023-08-30,0.72863,0.73065,0.71098,0.71433,26664.47
2023-08-31,0.71433,0.71949,0.68,0.68534,32179.13
2023-09-01,0.68534,0.69083,0.66699,0.68257,38973.83
2023-09-02,0.68257,0.6932,0.67888,0.68887,26366.12
2023-09-03,0.68887,0.69877,0.68201,0.68854,47930.89
2023-09-04,0.68854,0.7022,0.68766,0.69664,48091.79
2023-09-05,0.69664,0.70857,0.68645,0.69902,38241.1
2023-09-06,0.69902,0.7032,0.68554,0.69127,36354.06
2023-09-07,0.69127,0.69797,0.6824,0.69529,42697.33
2023-09-08,0.69529,0.7032,0.68558,0.69563,31501.68
2023-09-09,0.69563,0.69855,0.68814,0.69541,44619.89
2023-09-10,0.69541,0.69603,0.66806,0.67529,74165.71
2023-09-11,0.67529,0.67686,0.63873,0.64229,41525.96
2023-09-12,0.64229,0.66027,0.63182,0.63703,73389.64
2023-09-13,0.63703,0.65309,0.62917,0.64561,64991.3
2023-09-14,0.64561,0.65515,0.63746,0.65489,57727.11
2023-09-15,0.65489,0.67847,0.65239,0.67585,33608.37
2023-09-16,0.67585,0.69553,0.67472,0.68122,35233.08
2023-09-17,0.68122,0.68168,0.65122,0.65828,50814.23
2023-09-18,0.658,0.683,0.655,0.67,64166.07
2023-09-19,0.67,0.682,0.666,0.682,54309.13
2023-09-20,0.682,0.687,0.667,0.675,61697.19
2023-09-21,0.675,0.683,0.652,0.658,41300.43
2023-09-22,0.658,0.668,0.651,0.668,74106.79
2023-09-23,0.668,0.672,0.656,0.665,59964.34
2023-09-24,0.665,0.667,0.649,0.65,48372.53
2023-09-25,0.65,0.665,0.643,0.659,79006.63
2023-09-26,0.659,0.662,0.647,0.655,44747.79
2023-09-27,0.655,0.667,0.646,0.652,52419.28
2023-09-28,0.652,0.669,0.651,0.668,86102.34
2023-09-29,0.668,0.681,0.665,0.68,57733.91
2023-09-30,0.68,0.687,0.677,0.681,55401.34
2023-10-01,0.681,0.71,0.68,0.706,47378.19
2023-10-02,0.706,0.713,0.671,0.676,53207.24
2023-10-03,0.676,0.689,0.667,0.671,53613.73
2023-10-04,0.671,0.684,0.654,0.682,54811.41
2023-10-05,0.682,0.686,0.667,0.668,46476.82
2023-10-06,0.668,0.681,0.662,0.678,57658.11
2023-10-07,0.678,0.685,0.67,0.675,52535.83
2023-10-08,0.675,0.681,0.67,0.676,42117.3
2023-10-09,0.676,0.679,0.638,0.649,81579.52
2023-10-10,0.649,0.74,0.649,0.69,596143.24
2023-10-11,0.69,0.69,0.651,0.655,64812.54
2023-10-12,0.655,0.658,0.633,0.642,63287.37
2023-10-13,0.642,0.662,0.641,0.652,90616.17
2023-10-14,0.652,0.669,0.648,0.657,46919.59
2023-10-15,0.657,0.661,0.646,0.652,77226.57
2023-10-16,0.652,0.676,0.65,0.659,56363.39
2023-10-17,0.659,0.661,0.638,0.651,65276.12
2023-10-18,0.651,0.655,0.627,0.631,50097.74
2023-10-19,0.631,0.633,0.616,0.625,75175.58
2023-10-20,0.625,0.652,0.625,0.645,64914.88
2023-10-21,0.645,0.67,0.642,0.67,55927.61
2023-10-22,0.67,0.681,0.653,0.674,43770.79
2023-10-23,0.674,0.711,0.666,0.707,57887.84
2023-10-24,0.707,0.725,0.687,0.71,61441.48
2023-10-25,0.71,0.724,0.692,0.713,43918.14
2023-10-26,0.713,0.731,0.688,0.711,56729.4
2023-10-27,0.711,0.714,0.689,0.708,56968.04
2023-10-28,0.708,0.736,0.707,0.73,46092.38
2023-10-29,0.73,0.753,0.718,0.745,56201.29
2023-10-30,0.745,0.761,0.731,0.753,71275.1
2023-10-31,0.753,0.763,0.72,0.755,96030.22
2023-11-01,0.755,0.794,0.739,0.786,78307.29
2023-11-02,0.786,0.805,0.771,0.8,52778.7
2023-11-03,0.8,0.8,0.765,0.782,38791.52
2023-11-04,0.782,0.791,0.769,0.79,55434.83
2023-11-05,0.79,0.827,0.783,0.809,79511.56
2023-11-06,0.809,0.833,0.793,0.833,68254.55
2023-11-07,0.833,0.85,0.813,0.837,89058.97
2023-11-08,0.837,0.901,0.837,0.868,99504.3
2023-11-09,0.868,0.887,0.76,0.853,93924.71
2023-11-10,0.853,0.9,0.842,0.897,61378.74
2023-11-11,0.897,0.918,0.861,0.913,59524.68
2023-11-12,0.913,0.941,0.89,0.932,72090.77
2023-11-13,0.932,0.948,0.886,0.888,78610.37
2023-11-14,0.888,0.95,0.82,0.851,79343.38
2023-11-15,0.851,0.888,0.838,0.887,115711.93
2023-11-16,0.887,0.902,0.83,0.837,63462.2
2023-11-17,0.837,0.857,0.812,0.852,78567.59
2023-11-18,0.852,0.852,0.805,0.84,66281.03
2023-11-19,0.84,0.862,0.821,0.859,65315.65
2023-11-20,0.859,0.867,0.836,0.842,69743.75
2023-11-21,0.842,0.852,0.765,0.766,65886.98
2023-11-22,0.766,0.811,0.762,0.807,473958.3
2023-11-23,0.807,0.819,0.797,0.813,101212.74
2023-11-24,0.813,0.828,0.81,0.822,182974.67
2023-11-25,0.822,0.852,0.817,0.846,122428.3
2023-11-26,0.846,0.849,0.818,0.841,67586.89
2023-11-27,0.841,0.845,0.786,0.807,65034.65
2023-11-28,0.807,0.823,0.785,0.813,63920.19
2023-11-29,0.813,0.844,0.81,0.824,84542.1
2023-11-30,0.824,0.834,0.811,0.834,69831.06
2023-12-01,0.834,0.846,0.825,0.843,109792.24
2023-12-02,0.843,0.874,0.841,0.869,83774.78
2023-12-03,0.869,0.872,0.837,0.855,55954.87
2023-12-04,0.855,0.88,0.841,0.876,105606.48
2023-12-05,0.876,0.896,0.857,0.894,89707.39
2023-12-06,0.894,0.905,0.866,0.881,87563.35
2023-12-07,0.881,0.925,0.879,0.908,187476.02
2023-12-08,0.908,0.946,0.902,0.945,111118.27
2023-12-09,0.945,0.997,0.945,0.974,134452.25
2023-12-10,0.974,0.988,0.941,0.962,82250.13
2023-12-11,0.962,0.968,0.82,0.873,92386.92
2023-12-12,0.873,0.932,0.871,0.929,92158.84
2023-12-13,0.929,0.933,0.87,0.918,83468.66
2023-12-14,0.918,0.98,0.918,0.979,132036.02
2023-12-15,0.979,0.98,0.912,0.916,96995.53
2023-12-16,0.916,0.951,0.902,0.944,152052.41
2023-12-17,0.944,0.946,0.905,0.909,52192.54
2023-12-18,0.909,0.916,0.84,0.893,51475.75
2023-12-19,0.893,0.912,0.859,0.863,130024.92
2023-12-20,0.863,0.907,0.857,0.883,137899.27
2023-12-21,0.883,0.933,0.881,0.929,72919.18
2023-12-22,0.929,1.011,0.925,0.991,90036.98
2023-12-23,0.991,1.04,0.95,0.988,119498.7
2023-12-24,0.988,1.011,0.966,0.981,201486.94
2023-12-25,0.981,1.048,0.974,1.041,216003.99
2023-12-26,1.041,1.068,0.974,1.048,138871.08
2023-12-27,1.048,1.135,1.018,1.114,266277.18
2023-12-28,1.114,1.129,1.04,1.053,113542.99
2023-12-29,1.053,1.07,1.008,1.029,46033.97
2023-12-30,1.029,1.057,1.008,1.019,46117.74
2023-12-31,1.019,1.042,0.994,1.007,73033.22
2024-01-01,1.007,1.113,1.007,1.102,129526.79
2024-01-02,1.102,1.111,1.053,1.068,104435.04
2024-01-03,1.068,1.125,0.87,0.975,254529.91
2024-01-04,0.975,0.987,0.946,0.971,69332.07
2024-01-05,0.971,0.982,0.901,0.935,119845.69
2024-01-06,0.935,0.94,0.884,0.921,64897.52
2024-01-07,0.921,0.937,0.864,0.87,57569.71
2024-01-08,0.87,0.943,0.815,0.936,84692.42
2024-01-09,0.936,0.939,0.857,0.89,106213.02
2024-01-10,0.89,0.968,0.851,0.942,84558.23
2024-01-11,0.942,1.202,0.938,1.084,245913.52
2024-01-12,1.084,1.114,0.994,1.022,79202.73
2024-01-13,1.022,1.09,0.991,1.08,167784.01
2024-01-14,1.08,1.18,1.053,1.108,170364.58
2024-01-15,1.108,1.243,1.108,1.163,96834.08
2024-01-16,1.163,1.19,1.103,1.124,82166.89
2024-01-17,1.124,1.143,1.068,1.096,84570.49
2024-01-18,1.096,1.099,1.016,1.037,41182.93
2024-01-19,1.037,1.046,0.965,1.021,51755.89
2024-01-20,1.021,1.044,1.004,1.031,32423.63
2024-01-21,1.031,1.046,1.013,1.017,41027.86
2024-01-22,1.017,1.03,0.945,0.956,46176.31
2024-01-23,0.956,0.979,0.895,0.941,58536.01
2024-01-24,0.941,0.96,0.928,0.95,35069.29
2024-01-25,0.95,0.953,0.908,0.934,48004.36
2024-01-26,0.934,0.973,0.92,0.97,39364.31
2024-01-27,0.97,1.003,0.963,1.0,41894.3
2024-01-28,1.0,1.014,0.963,0.978,44241.47
2024-01-29,0.978,1.008,0.958,1.003,44494.44
2024-01-30,1.003,1.025,0.972,0.977,78192.52
2024-01-31,0.977,0.99,0.951,0.966,46381.62
2024-02-01,0.966,0.984,0.935,0.98,31699.53
2024-02-02,0.98,1.02,0.977,1.013,59299.42
2024-02-03,1.013,1.03,0.987,0.994,46397.98
2024-02-04,0.994,0.997,0.953,0.957,42678.31
2024-02-05,0.957,0.985,0.94,0.964,39960.74
2024-02-06,0.964,0.988,0.961,0.978,65487.88
2024-02-07,0.978,1.007,0.961,1.005,48570.73
2024-02-08,1.005,1.015,0.991,1.01,51594.04
2024-02-09,1.01,1.045,1.004,1.036,76724.51
2024-02-10,1.036,1.045,1.016,1.037,31423.92
2024-02-11,1.037,1.045,1.021,1.029,42046.11
2024-02-12,1.029,1.049,1.006,1.042,51212.11
2024-02-13,1.042,1.058,1.016,1.043,58468.2
2024-02-14,1.043,1.069,1.025,1.065,56871.87
2024-02-15,1.065,1.098,1.054,1.074,67077.23
2024-02-16,1.074,1.092,1.037,1.08,55312.81
2024-02-17,1.08,1.084,1.027,1.06,101961.93
2024-02-18,1.06,1.08,1.055,1.072,59887.21
2024-02-19,1.072,1.098,1.065,1.089,71971.2
2024-02-20,1.089,1.137,1.053,1.109,110763.85
2024-02-21,1.109,1.113,1.045,1.087,52900.17
2024-02-22,1.087,1.142,1.059,1.109,141281.73
2024-02-23,1.109,1.117,1.064,1.088,58448.07
2024-02-24,1.088,1.13,1.051,1.127,133983.86
2024-02-25,1.127,1.133,1.103,1.117,80428.29
2024-02-26,1.117,1.149,1.084,1.143,53594.87
2024-02-27,1.143,1.162,1.112,1.14,180309.45
2024-02-28,1.14,1.22,1.124,1.2,102542.31
2024-02-29,1.2,1.369,1.191,1.237,138741.78
2024-03-01,1.237,1.284,1.221,1.284,78543.04
2024-03-02,1.284,1.433,1.25,1.424,149027.63
2024-03-03,1.424,1.424,1.294,1.373,117711.3
2024-03-04,1.373,1.485,1.354,1.418,140612.14
2024-03-05,1.418,1.502,1.187,1.305,190283.6
2024-03-06,1.305,1.4,1.261,1.4,125511.99
2024-03-07,1.4,1.523,1.394,1.479,157707.67
2024-03-08,1.479,1.494,1.36,1.438,85866.66
2024-03-09,1.438,1.458,1.42,1.439,97842.95
2024-03-10,1.439,1.46,1.381,1.422,130753.37
2024-03-11,1.422,1.534,1.349,1.526,261822.31
2024-03-12,1.526,1.579,1.416,1.558,154308.53
2024-03-13,1.558,1.595,1.478,1.538,153056.22
2024-03-14,1.538,1.542,1.409,1.49,152357.31
2024-03-15,1.49,1.504,1.29,1.396,210801.73
2024-03-16,1.396,1.431,1.264,1.291,63492.96
2024-03-17,1.291,1.357,1.232,1.341,94124.02
2024-03-18,1.341,1.36,1.249,1.27,159093.52
2024-03-19,1.27,1.285,1.117,1.143,95883.21
2024-03-20,1.143,1.267,1.103,1.261,126958.68
2024-03-21,1.261,1.281,1.217,1.246,110318.7
2024-03-22,1.246,1.266,1.182,1.227,93772.79
2024-03-23,1.227,1.275,1.214,1.238,73585.32
2024-03-24,1.238,1.299,1.236,1.294,61497.69
2024-03-25,1.294,1.365,1.285,1.349,55651.59
2024-03-26,1.349,1.384,1.329,1.378,60773.79
2024-03-27,1.378,1.45,1.33,1.393,76783.5
2024-03-28,1.393,1.418,1.338,1.414,75869.24
2024-03-29,1.414,1.445,1.39,1.418,69519.02
2024-03-30,1.418,1.424,1.361,1.37,59602.58
2024-03-31,1.37,1.41,1.363,1.401,81853.62
2024-04-01,1.401,1.414,1.312,1.349,53921.25
2024-04-02,1.349,1.351,1.216,1.233,55968.3
2024-04-03,1.233,1.261,1.19,1.216,62089.06
2024-04-04,1.216,1.296,1.19,1.27,51729.43
2024-04-05,1.27,1.275,1.201,1.25,42048.78
2024-04-06,1.25,1.273,1.245,1.264,34879.69
2024-04-07,1.264,1.281,1.253,1.271,74020.48
2024-04-08,1.271,1.332,1.244,1.327,135567.25
2024-04-09,1.327,1.337,1.262,1.265,33380.51
2024-04-10,1.265,1.281,1.208,1.276,173513.45
2024-04-11,1.276,1.315,1.255,1.283,167073.02
2024-04-12,1.283,1.302,0.975,1.1,105028.08
2024-04-13,1.1,1.115,0.878,0.987,65161.0
2024-04-14,0.987,1.057,0.947,1.048,48566.92
2024-04-15,1.048,1.117,0.967,0.999,45053.13
2024-04-16,0.999,1.033,0.962,1.002,55734.08
2024-04-17,1.002,1.008,0.926,0.945,45250.75
2024-04-18,0.945,0.983,0.921,0.975,45280.97
2024-04-19,0.975,0.998,0.899,0.985,79945.3
2024-04-20,0.985,1.087,0.97,1.081,66699.86
2024-04-21,1.081,1.084,1.025,1.042,34154.5
2024-04-22,1.042,1.074,1.031,1.063,43082.57
2024-04-23,1.063,1.072,1.04,1.05,30484.96
2024-04-24,1.05,1.103,0.999,1.009,74243.38
2024-04-25,1.009,1.034,0.989,1.014,47490.13
2024-04-26,1.014,1.023,0.987,1.0,45171.39
2024-04-27,1.0,1.021,0.966,1.008,36770.28
2024-04-28,1.008,1.026,0.991,0.996,33746.41
2024-04-29,0.996,1.017,0.962,0.985,31326.46
2024-04-30,0.985,0.994,0.882,0.915,38392.85
2024-05-01,0.915,0.933,0.87,0.925,94657.03
2024-05-02,0.925,0.948,0.897,0.937,66825.0
2024-05-03,0.937,0.984,0.925,0.976,137455.58
2024-05-04,0.976,0.982,0.962,0.966,55246.51
2024-05-05,0.966,0.981,0.947,0.965,49546.16
2024-05-06,0.965,0.991,0.935,0.94,56165.52
2024-05-07,0.94,0.951,0.92,0.923,55112.43
2024-05-08,0.923,0.947,0.911,0.922,39198.1
2024-05-09,0.922,0.945,0.901,0.939,41996.13
2024-05-10,0.939,0.967,0.895,0.909,37129.75
2024-05-11,0.909,0.926,0.905,0.908,35313.25
2024-05-12,0.908,0.911,0.884,0.89,54814.97
2024-05-13,0.89,0.914,0.859,0.885,90735.75
2024-05-14,0.885,0.898,0.866,0.869,61075.72
2024-05-15,0.869,0.921,0.858,0.917,91468.51
2024-05-16,0.917,0.928,0.9,0.924,53747.88
2024-05-17,0.924,0.955,0.918,0.941,50595.31
2024-05-18,0.941,0.953,0.931,0.947,32686.45
2024-05-19,0.947,0.954,0.902,0.911,78800.13
2024-05-20,0.911,0.986,0.899,0.986,34274.15
2024-05-21,0.986,1.012,0.98,0.989,65223.45
2024-05-22,0.989,1.001,0.956,0.969,126562.81
2024-05-23,0.969,0.99,0.904,0.947,54008.58
2024-05-24,0.947,0.986,0.929,0.984,46230.73
2024-05-25,0.984,1.006,0.975,0.995,59154.39
2024-05-26,0.995,0.996,0.954,0.959,48745.92
2024-05-27,0.959,1.01,0.949,0.995,45933.43
2024-05-28,0.995,0.996,0.958,0.972,52448.09
2024-05-29,0.972,0.993,0.944,0.947,44896.36
2024-05-30,0.947,0.978,0.926,0.959,49255.52
2024-05-31,0.959,0.971,0.934,0.958,48597.31
2024-06-01,0.958,0.96,0.938,0.939,45757.35
2024-06-02,0.939,0.95,0.919,0.926,70129.94
2024-06-03,0.926,0.949,0.918,0.927,52645.35
2024-06-04,0.927,0.95,0.913,0.948,47476.25
2024-06-05,0.948,0.96,0.943,0.957,35087.46
2024-06-06,0.957,0.96,0.929,0.938,41764.97
2024-06-07,0.938,0.952,0.8,0.875,85897.65
2024-06-08,0.875,0.879,0.825,0.83,62523.89
2024-06-09,0.83,0.856,0.827,0.852,48582.97
2024-06-10,0.852,0.866,0.836,0.847,41588.38
2024-06-11,0.847,0.856,0.797,0.816,47555.88
2024-06-12,0.816,0.862,0.798,0.847,96582.25
2024-06-13,0.847,0.855,0.807,0.814,44709.94
2024-06-14,0.814,0.85,0.797,0.814,53719.2
2024-06-15,0.814,0.824,0.807,0.817,44417.94
2024-06-16,0.817,0.821,0.805,0.817,44559.21
2024-06-17,0.817,0.822,0.744,0.762,77453.17
2024-06-18,0.762,0.763,0.68,0.753,89512.64
2024-06-19,0.753,0.785,0.748,0.776,75389.87
2024-06-20,0.776,0.802,0.772,0.778,69028.44
2024-06-21,0.778,0.796,0.766,0.778,43207.95
2024-06-22,0.778,0.783,0.769,0.772,36823.34
2024-06-23,0.772,0.783,0.765,0.775,37254.44
2024-06-24,0.775,0.781,0.74,0.777,105093.45
2024-06-25,0.777,0.804,0.774,0.793,57652.79
2024-06-26,0.793,0.802,0.769,0.771,47068.04
2024-06-27,0.771,0.791,0.759,0.777,95089.23
2024-06-28,0.777,0.782,0.758,0.759,59726.22
2024-06-29,0.759,0.788,0.758,0.768,42393.8
2024-06-30,0.768,0.797,0.757,0.794,41917.58
2024-07-01,0.794,0.807,0.784,0.786,37327.21
2024-07-02,0.786,0.808,0.782,0.803,47742.7
2024-07-03,0.803,0.804,0.758,0.768,112172.51
2024-07-04,0.768,0.772,0.68,0.681,51561.83
2024-07-05,0.681,0.742,0.619,0.728,120226.46
2024-07-06,0.728,0.755,0.717,0.747,45702.77
2024-07-07,0.747,0.75,0.688,0.691,94597.62
2024-07-08,0.691,0.734,0.667,0.716,96121.09
2024-07-09,0.716,0.755,0.708,0.752,44252.46
2024-07-10,0.752,0.768,0.739,0.746,39416.07
2024-07-11,0.746,0.776,0.74,0.749,38858.95
2024-07-12,0.749,0.771,0.736,0.77,49179.57
2024-07-13,0.77,0.795,0.768,0.786,42054.15
2024-07-14,0.786,0.796,0.776,0.793,45033.28
2024-07-15,0.793,0.823,0.79,0.823,38253.56
2024-07-16,0.823,0.831,0.787,0.822,35699.86
2024-07-17,0.822,0.837,0.803,0.805,35495.29
2024-07-18,0.805,0.824,0.784,0.8,35072.11
2024-07-19,0.8,0.829,0.786,0.809,44137.15
2024-07-20,0.809,0.815,0.789,0.804,40277.78
2024-07-21,0.804,0.811,0.77,0.806,74432.41
2024-07-22,0.806,0.811,0.768,0.772,68152.62
2024-07-23,0.772,0.788,0.743,0.76,38323.25
2024-07-24,0.76,0.775,0.739,0.743,69030.36
2024-07-25,0.743,0.749,0.717,0.744,46707.84
2024-07-26,0.744,0.781,0.743,0.778,51944.54
2024-07-27,0.778,0.789,0.766,0.778,65370.64
2024-07-28,0.778,0.782,0.763,0.773,69788.87
2024-07-29,0.773,0.798,0.753,0.756,44601.25
2024-07-30,0.756,0.769,0.739,0.752,45362.08
2024-07-31,0.752,0.758,0.73,0.732,40422.1
2024-08-01,0.732,0.738,0.69,0.727,43767.15
2024-08-02,0.727,0.73,0.681,0.689,133197.18
2024-08-03,0.689,0.708,0.665,0.685,63005.02
2024-08-04,0.685,0.695,0.639,0.661,63552.56
2024-08-05,0.661,0.665,0.547,0.615,79988.28
2024-08-06,0.615,0.658,0.614,0.645,52377.71
2024-08-07,0.645,0.682,0.631,0.64,50884.86
2024-08-08,0.64,0.707,0.63,0.704,60488.35
2024-08-09,0.704,0.706,0.677,0.686,58632.91
2024-08-10,0.686,0.693,0.674,0.688,54870.87
2024-08-11,0.688,0.695,0.651,0.651,41085.02
2024-08-12,0.651,0.687,0.651,0.678,44083.27
2024-08-13,0.678,0.697,0.662,0.683,43434.56
2024-08-14,0.683,0.686,0.652,0.655,42358.62
2024-08-15,0.655,0.67,0.633,0.645,51742.0
2024-08-16,0.645,0.657,0.631,0.65,46829.31
2024-08-17,0.65,0.658,0.642,0.657,42912.63
2024-08-18,0.657,0.669,0.645,0.647,53843.39
2024-08-19,0.647,0.662,0.644,0.66,65853.36
2024-08-20,0.66,0.678,0.65,0.666,46171.08
2024-08-21,0.666,0.704,0.659,0.694,45870.21
2024-08-22,0.694,0.705,0.684,0.695,59306.12
2024-08-23,0.695,0.747,0.693,0.743,47524.54
2024-08-24,0.743,0.756,0.732,0.75,37980.3
2024-08-25,0.75,0.751,0.72,0.74,38176.12
2024-08-26,0.74,0.751,0.705,0.707,51176.5
2024-08-27,0.707,0.722,0.659,0.676,44806.77
2024-08-28,0.676,0.691,0.648,0.67,42870.79
2024-08-29,0.67,0.691,0.662,0.673,43649.48
2024-08-30,0.673,0.682,0.65,0.674,57205.34
2024-08-31,0.674,0.679,0.654,0.66,42436.82
2024-09-01,0.66,0.662,0.625,0.628,43464.67
2024-09-02,0.628,0.661,0.628,0.657,49070.14
2024-09-03,0.657,0.665,0.622,0.623,22614.37
2024-09-04,0.623,0.653,0.597,0.64,17118.08
2024-09-05,0.64,0.643,0.612,0.618,12826.12
2024-09-06,0.618,0.63,0.578,0.597,23800.69
2024-09-07,0.597,0.617,0.593,0.607,24710.6
2024-09-08,0.607,0.624,0.603,0.618,96940.13
2024-09-09,0.618,0.647,0.615,0.643,21063.68
2024-09-10,0.643,0.651,0.633,0.643,18011.83
2024-09-11,0.643,0.645,0.617,0.632,19612.05
2024-09-12,0.632,0.647,0.628,0.644,15135.84
2024-09-13,0.644,0.661,0.641,0.658,8945.99
2024-09-14,0.658,0.658,0.644,0.65,8280.78
2024-09-15,0.65,0.655,0.625,0.629,10493.8
2024-09-16,0.629,0.637,0.618,0.629,6945.7
2024-09-17,0.629,0.645,0.622,0.636,12549.2
2024-09-18,0.636,0.651,0.617,0.65,30461.76
2024-09-19,0.65,0.685,0.65,0.679,12783.02
2024-09-20,0.679,0.698,0.672,0.694,11584.18
2024-09-21,0.694,0.707,0.691,0.705,32921.63
2024-09-22,0.705,0.706,0.673,0.693,6778.95
2024-09-23,0.693,0.71,0.682,0.698,27812.06
2024-09-24,0.698,0.712,0.684,0.71,10572.8
2024-09-25,0.71,0.718,0.699,0.707,41762.84
2024-09-26,0.707,0.742,0.699,0.739,14903.59
2024-09-27,0.739,0.757,0.737,0.755,23270.77
2024-09-28,0.755,0.764,0.731,0.741,14494.7
2024-09-29,0.741,0.758,0.728,0.746,90727.96
2024-09-30,0.746,0.748,0.7,0.706,20369.69
2024-10-01,0.706,0.719,0.643,0.66,37478.11
2024-10-02,0.66,0.68,0.634,0.644,51457.91
2024-10-03,0.644,0.652,0.621,0.639,18507.91
2024-10-04,0.639,0.661,0.634,0.656,61357.64
2024-10-05,0.656,0.668,0.65,0.665,30882.74
2024-10-06,0.665,0.679,0.66,0.677,21922.53
2024-10-07,0.677,0.687,0.661,0.663,13577.75
2024-10-08,0.663,0.67,0.65,0.656,32375.26
2024-10-09,0.656,0.664,0.635,0.649,27632.89
2024-10-10,0.649,0.66,0.629,0.65,23843.95
2024-10-11,0.65,0.684,0.649,0.683,10329.04
2024-10-12,0.683,0.704,0.683,0.693,13677.45
2024-10-13,0.693,0.698,0.677,0.688,17342.62
2024-10-14,0.688,0.713,0.683,0.708,26082.37
2024-10-15,0.708,0.714,0.681,0.701,122285.2
2024-10-16,0.701,0.704,0.686,0.691,102548.47
2024-10-17,0.691,0.697,0.67,0.677,94623.35
2024-10-18,0.677,0.695,0.674,0.693,87522.0
2024-10-19,0.693,0.703,0.686,0.693,97403.33
2024-10-20,0.693,0.712,0.685,0.711,106287.31
2024-10-21,0.711,0.715,0.687,0.694,87037.74
2024-10-22,0.694,0.703,0.678,0.684,88598.33
2024-10-23,0.684,0.686,0.646,0.663,87109.97
2024-10-24,0.663,0.676,0.659,0.669,153579.62
2024-10-25,0.669,0.674,0.618,0.628,100678.33
2024-10-26,0.628,0.64,0.618,0.631,90610.81
2024-10-27,0.631,0.645,0.629,0.639,87405.67
2024-10-28,0.639,0.654,0.627,0.648,126501.13
2024-10-29,0.648,0.68,0.648,0.677,88822.83
2024-10-30,0.677,0.68,0.66,0.662,98376.03
2024-10-31,0.662,0.665,0.627,0.629,92639.96
2024-11-01,0.629,0.642,0.616,0.629,100433.4
2024-11-02,0.629,0.636,0.615,0.623,103717.47
2024-11-03,0.623,0.625,0.595,0.599,99453.84
2024-11-04,0.599,0.608,0.578,0.592,99829.29
2024-11-05,0.592,0.618,0.59,0.615,104729.54
2024-11-06,0.615,0.659,0.614,0.652,102748.24
2024-11-07,0.652,0.663,0.638,0.657,121095.47
2024-11-08,0.657,0.672,0.642,0.672,176304.44
2024-11-09,0.672,0.689,0.659,0.688,108525.99
2024-11-10,0.688,0.744,0.682,0.72,215308.09
2024-11-11,0.72,0.755,0.703,0.754,198215.0
2024-11-12,0.754,0.77,0.693,0.74,137365.71
2024-11-13,0.74,0.752,0.688,0.732,530566.48
2024-11-14,0.732,0.756,0.695,0.709,166900.82
2024-11-15,0.709,0.752,0.685,0.746,93165.17
2024-11-16,0.746,0.888,0.745,0.868,207305.07
2024-11-17,0.868,0.88,0.771,0.793,163925.08
2024-11-18,0.793,1.4,0.782,1.176,3459387.09
2024-11-19,1.176,1.2418,1.0245,1.0542,2168777.74
2024-11-20,1.0542,1.169,0.9989,1.0581,1586796.94
2024-11-21,1.0581,1.1149,1.0085,1.0571,600852.27
2024-11-22,1.0571,1.1496,1.0287,1.1268,472980.13
2024-11-23,1.1268,1.2234,1.111,1.1506,5214902.78
2024-11-24,1.1506,1.6144,1.1408,1.4133,3221511.18
2024-11-25,1.4133,1.4133,1.2247,1.2434,1115359.04
2024-11-26,1.2434,1.2704,1.1343,1.2003,978913.67
2024-11-27,1.2003,1.312,1.1708,1.2694,320591.12
2024-11-28,1.2694,1.2904,1.2264,1.2786,203916.02
2024-11-29,1.2786,1.3957,1.2371,1.3674,321849.07
2024-11-30,1.3674,1.8625,1.3085,1.6749,2582042.2
2024-12-01,1.6749,1.7988,1.5463,1.6624,2577597.38
2024-12-02,1.6624,1.7481,1.5436,1.6405,1474759.68
2024-12-03,1.6405,1.7426,1.505,1.7174,1234839.55
2024-12-04,1.7174,1.8541,1.63,1.7214,1615117.73
2024-12-05,1.7214,1.7451,1.6183,1.6496,848058.92
2024-12-06,1.6496,1.7863,1.6132,1.7564,615764.56
2024-12-07,1.7564,1.9075,1.7263,1.792,1058464.24
2024-12-08,1.792,1.8444,1.7224,1.7545,80796.37
2024-12-09,1.7545,1.7545,1.2482,1.439,351703.93
2024-12-10,1.439,1.478,1.2716,1.4212,676646.34
2024-12-11,1.4212,1.5137,1.3596,1.4788,262202.69
2024-12-12,1.4788,1.5539,1.4528,1.4784,116377.38
2024-12-13,1.4784,1.4945,1.4293,1.4767,136667.91
2024-12-14,1.4767,1.4935,1.3786,1.409,71216.79
2024-12-15,1.409,1.5547,1.37,1.5032,191164.36
2024-12-16,1.5032,1.5357,1.4011,1.4589,230191.2
2024-12-17,1.4589,1.5529,1.43,1.4448,300624.86
2024-12-18,1.4448,1.5074,1.3146,1.3314,399951.93
2024-12-19,1.3314,1.3543,1.1492,1.2038,379717.6
2024-12-20,1.2038,1.2774,1.0825,1.2482,417485.27
2024-12-21,1.2482,1.4523,1.2415,1.2976,1002930.57
2024-12-22,1.2976,1.298,1.2044,1.2533,200842.34
2024-12-23,1.2533,1.3645,1.2178,1.3564,123937.86
2024-12-24,1.3564,1.462,1.3223,1.4297,132203.35
2024-12-25,1.4297,1.4478,1.3937,1.4419,93028.59
2024-12-26,1.4419,1.4608,1.3273,1.3477,165239.92
2024-12-27,1.3477,1.4011,1.3112,1.342,189027.8
2024-12-28,1.342,1.4669,1.3181,1.4305,122804.91
2024-12-29,1.4305,1.4408,1.3302,1.3388,133550.53
2024-12-30,1.3388,1.4109,1.2732,1.3537,205784.46
2024-12-31,1.3537,1.3679,1.2807,1.2879,244379.57
2025-01-01,1.2879,1.3839,1.2641,1.3666,156165.8
2025-01-02,1.3666,1.4327,1.3533,1.3679,393498.88
2025-01-03,1.3679,1.4419,1.3501,1.4363,146424.42
2025-01-04,1.4363,1.4649,1.4024,1.4177,141138.92
2025-01-05,1.4177,1.4521,1.4006,1.4472,204880.45
2025-01-06,1.4472,1.4894,1.4235,1.4487,239833.71
2025-01-07,1.4487,1.4718,1.3064,1.3088,517118.97
2025-01-08,1.3088,1.3444,1.2602,1.3244,763438.0
2025-01-09,1.3244,1.5601,1.2376,1.2726,2853547.27
2025-01-10,1.2726,1.2948,1.2321,1.2844,598531.88
2025-01-11,1.2844,1.3084,1.2554,1.2793,183436.86
2025-01-12,1.2793,1.3035,1.2435,1.2567,289572.47
2025-01-13,1.2567,1.2878,1.1637,1.2351,533140.22
2025-01-14,1.2351,1.2777,1.2262,1.2723,247942.84
2025-01-15,1.2723,1.3538,1.2547,1.3495,213854.05
2025-01-16,1.3495,1.4014,1.3243,1.3538,189034.2
2025-01-17,1.3538,1.4256,1.3538,1.4179,291046.1
2025-01-18,1.4179,1.4282,1.3063,1.3302,303137.68
2025-01-19,1.3302,1.3597,1.1967,1.2217,734923.98
2025-01-20,1.2217,1.3328,1.1908,1.2385,1768817.97
2025-01-21,1.2385,1.2498,1.1823,1.2232,1064457.09
2025-01-22,1.2232,1.2278,1.1753,1.1804,439986.77
2025-01-23,1.1804,1.198,1.135,1.1705,369946.93
2025-01-24,1.1705,1.1989,1.1356,1.1453,293876.22
2025-01-25,1.1453,1.1749,1.1307,1.1547,169527.99
2025-01-26,1.1547,1.1756,1.1174,1.1174,212047.2
2025-01-27,1.1174,1.1238,1.0118,1.1003,3311272.1
2025-01-28,1.1003,1.1131,1.0375,1.0457,1246996.7
2025-01-29,1.0457,1.0926,1.0281,1.0604,2025673.52
2025-01-30,1.0604,1.1218,1.0524,1.0918,1249621.0
2025-01-31,1.0918,1.1364,1.0729,1.0935,1462724.49
2025-02-01,1.0935,1.1037,1.0007,1.0067,1610424.84
2025-02-02,1.0067,1.027,0.8447,0.8869,5923083.48
2025-02-03,0.8869,0.9498,0.7201,0.9385,12038712.87
2025-02-04,0.9385,0.9493,0.8413,0.8783,5020923.97
2025-02-05,0.8783,0.9128,0.8539,0.8646,2695479.95
2025-02-06,0.8646,0.8844,0.8213,0.8324,2900367.52
2025-02-07,0.8324,0.8807,0.8108,0.8382,3256099.11
2025-02-08,0.8382,0.8795,0.8265,0.8774,1641546.7
2025-02-09,0.8774,0.9215,0.8451,0.8804,1991440.54
2025-02-10,0.8804,0.9019,0.8513,0.8925,2066801.05
2025-02-11,0.8925,0.9272,0.8555,0.864,2226325.28
2025-02-12,0.864,0.9239,0.8444,0.918,1925728.67
2025-02-13,0.918,0.9247,0.8741,0.8983,1138324.77
2025-02-14,0.8983,0.9292,0.8885,0.9145,1365065.61
2025-02-15,0.9145,0.9257,0.8781,0.887,1913526.12
2025-02-16,0.887,0.91,0.8722,0.8986,1991341.9
2025-02-17,0.8986,0.923,0.8746,0.8905,1198827.77
2025-02-18,0.8905,0.897,0.8245,0.8547,1991381.37
2025-02-19,0.8547,0.877,0.8402,0.8725,989549.39
2025-02-20,0.8725,0.8976,0.8632,0.8957,1309117.72
2025-02-21,0.8957,0.9185,0.8533,0.8705,1777637.2
2025-02-22,0.8705,0.8982,0.8701,0.8932,1335722.41
2025-02-23,0.8932,0.8948,0.8601,0.8661,912859.15
2025-02-24,0.8661,0.8666,0.7677,0.7745,2875964.11
2025-02-25,0.7745,0.7908,0.7295,0.7779,3838869.5
2025-02-26,0.7779,0.7892,0.7434,0.7596,2409765.56
2025-02-27,0.7596,0.786,0.7416,0.7615,1632024.01
2025-02-28,0.7615,0.773,0.6994,0.7669,3258174.53
2025-03-01,0.7669,0.7729,0.7354,0.7638,1262154.79
2025-03-02,0.7638,0.861,0.7507,0.8575,2906132.99
2025-03-03,0.8575,0.8689,0.7337,0.7427,3073565.82
2025-03-04,0.7427,0.7453,0.6821,0.7366,3708118.64
2025-03-05,0.7366,0.7791,0.7333,0.7767,2050157.63
2025-03-06,0.7767,0.7977,0.7591,0.7662,1593173.19
2025-03-07,0.7662,0.7965,0.7224,0.7606,2063506.46
2025-03-08,0.7606,0.7634,0.7328,0.7399,956311.1
2025-03-09,0.7399,0.7442,0.6728,0.6772,1395028.8
2025-03-10,0.6772,0.725,0.6367,0.6387,4034456.67
2025-03-11,0.6387,0.692,0.6116,0.6726,3564590.58
2025-03-12,0.6726,0.7063,0.6593,0.6865,1910371.54
2025-03-13,0.6865,0.6994,0.6628,0.6757,1826324.17
2025-03-14,0.6757,0.7146,0.6747,0.7082,1402136.21
2025-03-15,0.7082,0.7168,0.7003,0.7119,712410.48
2025-03-16,0.7119,0.7182,0.6766,0.6809,1128501.61
2025-03-17,0.6809,0.7168,0.6808,0.7157,1142315.0
2025-03-18,0.7157,0.7221,0.68,0.7078,1127235.8
2025-03-19,0.7078,0.7296,0.7078,0.7287,1757154.53
2025-03-20,0.7287,0.7317,0.7031,0.708,1268792.69
2025-03-21,0.708,0.7119,0.6821,0.6849,1037218.61
2025-03-22,0.6849,0.7106,0.6792,0.6915,1274274.99
2025-03-23,0.6915,0.7005,0.6802,0.6944,769564.64
2025-03-24,0.6944,0.7305,0.6824,0.7225,1179564.39
2025-03-25,0.7225,0.7317,0.7114,0.7307,961303.31
2025-03-26,0.7307,0.7498,0.7136,0.7225,1468425.43
2025-03-27,0.7225,0.7387,0.7157,0.7292,798142.55
2025-03-28,0.7292,0.7325,0.6723,0.6775,892317.89
2025-03-29,0.6775,0.6836,0.6442,0.6515,2177608.39
2025-03-30,0.6515,0.6629,0.6433,0.6536,572641.16
2025-03-31,0.6536,0.6653,0.6314,0.6532,1280012.01
2025-04-01,0.6532,0.6789,0.6481,0.6629,687536.89
2025-04-02,0.6629,0.6934,0.6374,0.6374,2222877.74
2025-04-03,0.6374,0.6795,0.6214,0.6502,3888586.56
2025-04-04,0.6502,0.6601,0.6314,0.6544,1454794.12
2025-04-05,0.6544,0.6652,0.6496,0.6563,476251.7
2025-04-06,0.6563,0.6569,0.5704,0.5824,1346768.49
2025-04-07,0.5824,0.6107,0.5322,0.5945,7020836.65
2025-04-08,0.5945,0.6134,0.5696,0.5744,1609102.25
2025-04-09,0.5744,0.6198,0.5524,0.6046,3818000.87
2025-04-10,0.6046,0.6051,0.5305,0.5427,5350912.56
2025-04-11,0.5427,0.5564,0.5335,0.5426,4800466.59
2025-04-12,0.5426,0.5588,0.5329,0.5573,3367977.8
2025-04-13,0.5573,0.5606,0.497,0.5041,4637238.24
2025-04-14,0.5041,0.5137,0.4914,0.4945,4124300.96
2025-04-15,0.4945,0.5242,0.4893,0.4946,36381069.82
2025-04-16,0.4946,0.5149,0.4903,0.491,41906811.8
2025-04-17,0.491,0.5058,0.4859,0.4966,40091202.64
2025-04-18,0.4966,0.5046,0.4899,0.5005,1093665.22
2025-04-19,0.5005,0.5066,0.4983,0.5045,2425136.61
2025-04-20,0.5045,0.5113,0.4855,0.4955,1081285.21
2025-04-21,0.4955,0.5175,0.4935,0.5014,2037424.78
2025-04-22,0.5014,0.5395,0.4926,0.5345,2229889.69
2025-04-23,0.5345,0.5496,0.5278,0.5414,2127832.05
2025-04-24,0.5414,0.5545,0.5194,0.5524,3639892.89
2025-04-25,0.5524,0.5662,0.5466,0.5653,1844345.36
2025-04-26,0.5653,0.5894,0.5554,0.5716,1349251.22
2025-04-27,0.5716,0.5767,0.5442,0.5504,1460366.36
2025-04-28,0.5504,0.5665,0.5344,0.5546,1620867.2
2025-04-29,0.5546,0.5695,0.5475,0.5545,1449140.24
2025-04-30,0.5545,0.5626,0.5327,0.5515,2350700.79
2025-05-01,0.5515,0.5705,0.5505,0.5646,1887968.32
2025-05-02,0.5646,0.5727,0.5569,0.5706,1668951.14
2025-05-03,0.5706,0.5752,0.5446,0.5565,1461071.45
2025-05-04,0.5565,0.5605,0.5344,0.5364,1808247.9
2025-05-05,0.5364,0.5444,0.5292,0.5406,1559601.24
2025-05-06,0.5406,0.5437,0.5135,0.5353,1892257.95
2025-05-07,0.5353,0.5466,0.5274,0.5415,1290770.07
2025-05-08,0.5415,0.6015,0.5384,0.5966,1431255.45
2025-05-09,0.5966,0.6355,0.591,0.6306,1227880.06
2025-05-10,0.6306,0.6901,0.6251,0.6899,1337371.45
2025-05-11,0.6899,0.6967,0.6511,0.6677,900152.3
2025-05-12,0.6677,0.7015,0.6424,0.6834,1870759.17
2025-05-13,0.6834,0.7018,0.6473,0.6937,1140555.89
2025-05-14,0.6937,0.7013,0.6625,0.6717,948127.94
2025-05-15,0.6717,0.6788,0.6242,0.6394,1265243.1
2025-05-16,0.6394,0.6695,0.6302,0.6353,1203395.31
2025-05-17,0.6353,0.6378,0.6045,0.612,964751.65
2025-05-18,0.612,0.6446,0.5984,0.636,788011.77
2025-05-19,0.636,0.6375,0.5911,0.6153,908313.45
2025-05-20,0.6153,0.6337,0.6011,0.6243,1386856.46
2025-05-21,0.6243,0.6457,0.612,0.6355,2022432.37
2025-05-22,0.6355,0.6613,0.6343,0.6571,1386682.68
2025-05-23,0.6571,0.6746,0.6137,0.6165,1719804.76
2025-05-24,0.6165,0.6342,0.613,0.6155,1024234.27
2025-05-25,0.6155,0.6195,0.5951,0.6192,1156341.41
2025-05-26,0.6192,0.6255,0.6048,0.6112,590084.67
2025-05-27,0.6112,0.6284,0.5966,0.6215,819630.1
2025-05-28,0.6215,0.6457,0.6139,0.6444,1062685.56
2025-05-29,0.6444,0.6577,0.6126,0.6164,1523062.83
2025-05-30,0.6164,0.6213,0.5603,0.5632,1533887.79
2025-05-31,0.5632,0.5751,0.5457,0.5712,1005110.5
2025-06-01,0.5712,0.5757,0.5561,0.5711,540778.0
2025-06-02,0.5711,0.5814,0.5587,0.5804,775295.42
2025-06-03,0.5804,0.5963,0.5795,0.5863,636776.25
2025-06-04,0.5863,0.5939,0.5691,0.5754,454927.22
2025-06-05,0.5754,0.5827,0.5332,0.5401,946293.83
2025-06-06,0.5401,0.5653,0.5386,0.5552,610819.12
2025-06-07,0.5552,0.5725,0.5537,0.5706,416716.83
2025-06-08,0.5706,0.5816,0.5632,0.5718,701888.15
2025-06-09,0.5718,0.5939,0.5572,0.5931,942225.83
2025-06-10,0.5931,0.6251,0.5904,0.6225,1231998.12
2025-06-11,0.6225,0.6379,0.6029,0.6127,1557806.6
2025-06-12,0.6127,0.6154,0.587,0.5878,2062071.74
2025-06-13,0.5878,0.5878,0.5487,0.5714,1292291.55
2025-06-14,0.5714,0.5739,0.5521,0.5596,528316.07
2025-06-15,0.5596,0.5639,0.5468,0.5612,406015.92
2025-06-16,0.5612,0.5829,0.5536,0.5628,837049.28
2025-06-17,0.5628,0.5689,0.5323,0.5395,632329.22
2025-06-18,0.5395,0.5459,0.5214,0.5369,774378.7
2025-06-19,0.5369,0.5427,0.5246,0.5324,610110.63
2025-06-20,0.5324,0.5388,0.5049,0.5169,875033.61
2025-06-21,0.5169,0.5254,0.4912,0.5054,704401.2
2025-06-22,0.5054,0.5091,0.4721,0.4954,1288542.2
2025-06-23,0.4954,0.5345,0.4884,0.5327,1188355.87
2025-06-24,0.5327,0.5409,0.5276,0.5362,1105392.55
2025-06-25,0.5362,0.5435,0.5231,0.5277,910631.42
2025-06-26,0.5277,0.5398,0.5165,0.5233,581669.22
2025-06-27,0.5233,0.537,0.5198,0.5281,610040.69
2025-06-28,0.5281,0.5366,0.5216,0.5353,337734.06
2025-06-29,0.5353,0.5505,0.528,0.5497,511066.47
2025-06-30,0.5497,0.5507,0.5301,0.5384,569689.26
2025-07-01,0.5384,0.5422,0.513,0.5162,731114.87
2025-07-02,0.5162,0.5558,0.5139,0.5509,796607.17
2025-07-03,0.5509,0.56,0.5476,0.5517,672452.47
2025-07-04,0.5517,0.555,0.5244,0.5303,624921.8
2025-07-05,0.5303,0.5339,0.5175,0.527,485685.39
2025-07-06,0.527,0.5369,0.5178,0.5294,532345.98
2025-07-07,0.5294,0.5356,0.5143,0.5228,465120.13
2025-07-08,0.5228,0.5386,0.5177,0.5354,761772.24
2025-07-09,0.5354,0.5633,0.5325,0.56,871302.8
2025-07-10,0.56,0.5929,0.5557,0.5926,1060645.11
2025-07-11,0.5926,0.6209,0.5846,0.5991,1571731.99
2025-07-12,0.5991,0.6467,0.5911,0.6231,2625072.21
2025-07-13,0.6231,0.6524,0.6157,0.6441,1372869.48
2025-07-14,0.6441,0.6641,0.6274,0.6386,1559302.1
2025-07-15,0.6386,0.6544,0.6187,0.6513,1005219.9
2025-07-16,0.6513,0.672,0.6402,0.6565,932160.74
2025-07-17,0.6565,0.6769,0.6384,0.6705,1815780.1
2025-07-18,0.6705,0.7583,0.6641,0.6967,4868453.08
2025-07-19,0.6967,1.1685,0.6833,1.034,32699141.52
2025-07-20,1.034,1.2274,0.958,1.0726,36543384.71
2025-07-21,1.0726,1.099,0.9908,0.9927,7250706.48
2025-07-22,0.9927,1.0006,0.9305,0.9674,4656579.07
2025-07-23,0.9674,1.0228,0.866,0.879,5334693.6
2025-07-24,0.879,1.0257,0.8429,0.875,6389768.48
2025-07-25,0.875,0.9499,0.8377,0.8955,3419573.66
2025-07-26,0.8955,0.9172,0.8763,0.8992,2023127.08
2025-07-27,0.8992,0.9065,0.8768,0.9026,1261944.8
2025-07-28,0.9026,0.928,0.855,0.8616,1939456.9
2025-07-29,0.8616,0.9194,0.8301,0.8512,3231040.38
2025-07-30,0.8512,0.8623,0.7908,0.8309,1517033.13
2025-07-31,0.8309,0.8402,0.7725,0.7775,1097554.08
2025-08-01,0.7775,0.7847,0.7337,0.7546,1696931.66
2025-08-02,0.7546,0.7612,0.719,0.7389,973894.24
2025-08-03,0.7389,0.7667,0.7244,0.7605,921365.44
2025-08-04,0.7605,0.7928,0.754,0.7878,750589.03
2025-08-05,0.7878,0.8296,0.7564,0.7676,2513428.82
2025-08-06,0.7676,0.792,0.747,0.78,847814.0
2025-08-07,0.78,0.8096,0.7742,0.8081,1034893.71
2025-08-08,0.8081,0.8348,0.7953,0.823,1939721.57
2025-08-09,0.823,0.9979,0.8217,0.9061,6995361.68
2025-08-10,0.9061,0.9075,0.8601,0.8811,2113436.04
2025-08-11,0.8811,0.8972,0.8074,0.8169,1962239.85
2025-08-12,0.8169,0.9648,0.8055,0.866,6026973.38
2025-08-13,0.866,0.8909,0.85,0.8874,2071701.37
2025-08-14,0.8874,0.9002,0.8235,0.8344,2220874.96
2025-08-15,0.8344,0.8579,0.8052,0.833,1002872.13
2025-08-16,0.833,0.8818,0.8278,0.8483,1520167.16
2025-08-17,0.8483,0.8786,0.8449,0.8572,869258.38
2025-08-18,0.8572,0.8586,0.806,0.8195,928968.09
2025-08-19,0.8195,0.8332,0.7804,0.7817,1111660.97
2025-08-20,0.7817,0.8236,0.7774,0.8196,658233.64
2025-08-21,0.8196,0.8531,0.7966,0.7997,1421578.31
2025-08-22,0.7997,0.8736,0.7746,0.8676,1404041.18
2025-08-23,0.8676,0.8789,0.8476,0.8576,686600.91
2025-08-24,0.8576,0.8675,0.8188,0.8303,910709.63
2025-08-25,0.8303,0.843,0.7667,0.7811,1266492.46
2025-08-26,0.7811,0.7998,0.776,0.7937,791325.94
2025-08-27,0.7937,0.8037,0.7822,0.7873,671988.27
2025-08-28,0.7873,0.8038,0.7748,0.7842,766030.49
2025-08-29,0.7842,0.7845,0.7166,0.7334,2015739.17
2025-08-30,0.7334,0.7448,0.7249,0.737,769143.34
2025-08-31,0.737,0.7491,0.7172,0.7199,625283.0
2025-09-01,0.7199,0.7428,0.692,0.7064,1267286.73
2025-09-02,0.7064,0.7289,0.7036,0.7263,808384.46
2025-09-03,0.7263,0.7391,0.7229,0.7268,473495.59
2025-09-04,0.7268,0.7302,0.6994,0.706,577259.76
2025-09-05,0.706,0.7311,0.7051,0.7154,625515.8
2025-09-06,0.7154,0.7177,0.7038,0.7074,347045.82
2025-09-07,0.7074,0.7142,0.7049,0.7099,497427.44
2025-09-08,0.7099,0.7296,0.7059,0.7276,721897.35
2025-09-09,0.7276,0.7461,0.7142,0.7209,704915.61
2025-09-10,0.7209,0.7427,0.7151,0.7391,591633.57
2025-09-11,0.7391,0.7582,0.7142,0.756,741804.23
2025-09-12,0.756,0.8,0.7538,0.7764,1877568.56
2025-09-13,0.7764,0.8117,0.769,0.7974,1314270.63
2025-09-14,0.7974,0.8022,0.7541,0.7688,683600.22
2025-09-15,0.7688,0.7776,0.7484,0.7552,863891.3
2025-09-16,0.7552,0.7959,0.7506,0.7689,1350432.87
2025-09-17,0.7689,0.7939,0.7563,0.7886,913931.48
2025-09-18,0.7886,0.8053,0.7749,0.7917,692786.93
2025-09-19,0.7917,0.8312,0.7498,0.7554,1628405.85
2025-09-20,0.7554,0.7717,0.7496,0.7604,318846.65
2025-09-21,0.7604,0.7628,0.7483,0.7493,262069.89
2025-09-22,0.7493,0.7523,0.6773,0.6987,1174110.51
2025-09-23,0.6987,0.7092,0.6856,0.6995,588101.3
2025-09-24,0.6995,0.7205,0.6948,0.698,465710.91
2025-09-25,0.698,0.6998,0.6423,0.6581,919923.38
2025-09-26,0.6581,0.686,0.6547,0.6801,600184.69
2025-09-27,0.6801,0.6801,0.6665,0.6705,306841.38
2025-09-28,0.6705,0.6757,0.6513,0.6741,399436.1
2025-09-29,0.6741,0.6773,0.6514,0.6693,458504.45
2025-09-30,0.6693,0.6724,0.6488,0.6684,435215.62
2025-10-01,0.6684,0.7029,0.6684,0.7025,835020.57
2025-10-02,0.7025,0.7175,0.6896,0.7121,864732.69
2025-10-03,0.7121,0.7352,0.703,0.7188,692592.31
2025-10-04,0.7188,0.7205,0.6803,0.693,494593.22
2025-10-05,0.693,0.7782,0.6882,0.7147,2118716.26
2025-10-06,0.7147,0.7318,0.7006,0.7175,1001227.31
2025-10-07,0.7175,0.7182,0.6703,0.6791,1239122.54
2025-10-08,0.6791,0.7006,0.6696,0.6858,570175.52
2025-10-09,0.6858,0.6865,0.6577,0.6775,586022.49
2025-10-10,0.6775,0.6902,0.4358,0.5632,3049894.18
2025-10-11,0.5632,0.607,0.5548,0.5796,1757142.52
2025-10-12,0.5796,0.6414,0.5713,0.6312,896994.43
2025-10-13,0.6312,0.6607,0.6229,0.6569,934029.26
2025-10-14,0.6569,0.6597,0.59,0.6286,1108685.64
2025-10-15,0.6286,0.6412,0.5966,0.6082,1022997.03
2025-10-16,0.6082,0.6253,0.585,0.5964,541595.32
2025-10-17,0.5964,0.6067,0.5553,0.5776,781142.95
2025-10-18,0.5776,0.5924,0.5763,0.5868,630720.14
2025-10-19,0.5868,0.6055,0.5766,0.5967,607381.41
2025-10-20,0.5967,0.6138,0.587,0.5983,527549.96
2025-10-21,0.5983,0.6198,0.5776,0.587,734948.21
2025-10-22,0.587,0.6129,0.5667,0.5827,1469327.8
2025-10-23,0.5827,0.602,0.5795,0.5945,318611.54
2025-10-24,0.5945,0.607,0.5885,0.6032,442825.01
2025-10-25,0.6032,0.6098,0.5951,0.606,328255.24
2025-10-26,0.606,0.6213,0.6001,0.614,434311.96
2025-10-27,0.614,0.623,0.5969,0.6004,481163.35
2025-10-28,0.6004,0.6212,0.5808,0.5916,567426.82
2025-10-29,0.5916,0.6023,0.5744,0.5898,507546.38
2025-10-30,0.5898,0.5965,0.5466,0.5647,831895.94
2025-10-31,0.5647,0.5865,0.5624,0.5804,848879.64
2025-11-01,0.5804,0.5878,0.5744,0.5784,465538.74
2025-11-02,0.5784,0.583,0.5612,0.5804,624467.59
2025-11-03,0.5804,0.5804,0.5155,0.533,1030080.49
2025-11-04,0.533,0.5409,0.4961,0.5185,1330676.45
